customer_id,customer_unique_key,customer_city,customer_state,region,signup_date
1,bdd640fb-0667-4ad1-9c80-317fa3b1799d,da Cruz de Goiás,SC,South,2023-01-26
2,ad3c2d6d-1a3d-4fa7-bc89-60a923b8c1e9,Pastor,BA,Northeast,2023-09-08
3,17fc695a-07a0-4a6e-8822-e8f36c031199,da Conceição,SP,Southeast,2023-04-15
4,8fadc1a6-06cb-4fb3-9a1d-e644815ef6d1,Silva,RS,South,2024-07-12
5,6b65a6a4-8b81-48f6-b38a-088ca65ed389,Machado,SP,Southeast,2024-03-08
6,de8a774b-cf36-458b-8737-819096da1dac,Teixeira,SP,Southeast,2023-04-06
7,6c307511-b2b9-437a-a8df-6ec4ce4a2bbd,da Mota Grande,SP,Southeast,2024-06-01
8,562b0f79-c374-49ee-b50b-ea63371ecd7b,Borges,PR,South,2024-07-28
9,d8f56413-5be6-428e-98c2-67976142ea7d,Pereira Paulista,SP,Southeast,2024-10-27
10,759cde66-bacf-43d0-8b1f-9163ce9ff57f,Garcia,RS,South,2024-03-05
11,d453dd32-4b0d-4b41-8d52-88f1142c3fe8,Oliveira do Oeste,SP,Southeast,2024-08-26
12,a9488d99-0bbb-4599-91ce-5dd2b45ed1f0,Vargas,RJ,Southeast,2023-01-07
13,daf61a26-146d-4f31-bc37-7a4c4a15544d,Brito,BA,Northeast,2023-06-13
14,a2bc372f-7412-4293-8729-4739614ff3d7,Castro da Praia,RS,South,2023-12-15
15,4458a885-ab90-49a4-b5a2-40ae5af30553,Pereira,RJ,Southeast,2023-08-09
16,baa80dd4-88bd-4407-abcf-be01a28defe3,Castro,GO,Central-West,2023-12-11
17,fd5166e6-451b-4cf3-a123-fdf77656af72,Rodrigues,SP,Southeast,2024-01-25
18,c6a7ee39-c4b0-42cc-97c5-24a55304317f,da Conceição,SP,Southeast,2023-12-19
19,50c187fc-ce17-4b4e-8837-b8a3d261a7ab,da Mata de Minas,PR,South,2023-02-14
20,9132b63e-f162-47e4-a9c3-49e03602f8ac,Cunha do Amparo,RS,South,2024-07-03
21,a491f0b2-ea1f-4a65-a27a-984d654821d0,Casa Grande de da Luz,SP,Southeast,2024-01-23
22,8fb5d27b-beb7-4919-bf22-faf823bed01d,Souza Verde,SP,Southeast,2023-10-28
23,663f1c97-9562-49f0-a5d7-b8756dadd6c7,Câmara Grande,PE,Northeast,2024-09-25
24,c17af08a-1745-46d8-be57-0ddf827050a8,Camargo,CE,Northeast,2024-01-06
25,cac5b68c-28f4-4481-a0a0-4dc427209bdf,Peixoto de Minas,PR,South,2023-03-13
26,ff01cf99-988c-44c9-a1b1-cd2262801c45,Moura de da Cunha,SP,Southeast,2023-08-22
27,f143262f-dc5c-4eed-8da0-365bf89897b9,Rodrigues,BA,Northeast,2023-03-23
28,e2817efd-ae84-4217-9d53-434bb88139b9,Vargas Alegre,CE,Northeast,2023-04-14
29,287d06ca-6f4c-469a-8b22-d3081c8eaee9,Abreu de Silveira,RJ,Southeast,2024-04-09
30,f8cda88b-436d-46e2-b83c-fe0be037e5ed,Montenegro,SC,South,2024-01-09
31,a013ac6e-deda-4e16-9b3d-bd5ce9a1fa6f,Porto do Galho,SP,Southeast,2023-12-30
32,5fb8d16c-2720-497d-b2eb-d6899be578c7,Nogueira,SP,Southeast,2023-10-01
33,87c5421e-ec24-43c5-8754-108ff4188f3f,Peixoto,RS,South,2024-11-30
34,1ca35cfb-04fc-4d82-bd15-438552fbe43b,das Neves de Goiás,SC,South,2024-09-15
35,913e4de2-e0c5-4cb8-bda9-c2a90ed42f1a,Barros,SC,South,2024-06-30
36,11b7e948-d0e6-4660-bc69-dee1bb5e4bcf,Cardoso,RS,South,2023-06-17
37,8cbfedb0-f264-4ccc-b9ac-1b1ea8e56e0c,da Luz,MG,Southeast,2023-10-04
38,6c52c49f-9b49-4d26-9f57-c59a8715a103,Nogueira,AM,North,2024-10-17
39,337ea2df-b09b-4a5c-badc-c32ac1590f53,Guerra da Praia,RS,South,2023-08-13
40,7394988f-847f-49b4-a64d-1bcb702753a1,da Cruz,RS,South,2023-02-27
41,05628059-568c-469b-9064-005c3985c3cf,Pastor,SP,Southeast,2023-02-02
42,b535106e-122c-4a56-81d7-425638602ab6,da Conceição,PE,Northeast,2024-02-15
43,dc1110c1-080a-4dfb-a7c9-9b26114125c6,Barbosa do Galho,SP,Southeast,2023-08-05
44,7c441fe7-ab42-40a7-874a-493b3ceddf2d,Nogueira,DF,Central-West,2024-08-03
45,e1e3db63-ef7d-4c76-b92d-a22b21df306f,da Cruz de Viana,CE,Northeast,2023-11-19
46,30beb45f-6835-44f2-8eb8-1f9d7914c120,Brito,SP,Southeast,2024-05-26
47,6c6fa611-5ab3-4edf-ae59-5ed3a8b317fa,Martins do Norte,RJ,Southeast,2024-10-20
48,a56c0941-fbf2-4050-a748-dbcfac619e63,Araújo,MG,Southeast,2023-09-29
49,ccf3a171-56dc-4907-ba6c-34ab6712303a,da Cruz,SP,Southeast,2024-07-28
50,72d8567d-894a-45e4-b0b1-87ef310c0c00,Lima,PR,South,2024-08-21
51,3ff350bf-766e-4b15-874e-bc192ef91276,Macedo,MG,Southeast,2024-08-20
52,8ce21ea3-db20-456e-9c81-5fe7ceda8bbb,Aragão,MG,Southeast,2023-08-13
53,d605e770-8a63-4881-bfd0-f9d5a6f2f7b8,Borges,PA,North,2023-05-22
54,3c835dc0-d944-4fa5-80e9-ab30ed2662e9,Jesus,ES,Southeast,2023-04-04
55,dd59ba71-36b8-4481-bb3a-4e3e7c52fa17,Araújo da Serra,BA,Northeast,2023-04-23
56,63f2ae24-fc3d-4348-808d-4127610461e3,Viana dos Dourados,SP,Southeast,2023-06-13
57,f512c4c3-b253-4218-ac4a-37ea490617f2,Cassiano de Correia,BA,Northeast,2024-03-08
58,0ef8c2d6-f7fd-4646-b7bb-3eec4bf50b52,Souza,PR,South,2024-01-30
59,958ca9ba-0cd6-40c2-8ea2-622b504867ba,Montenegro de Moura,RJ,Southeast,2024-04-24
60,82010c62-f5f5-4b22-8e8f-a8e0284d82e5,Cirino,PR,South,2024-07-20
61,acdabacc-1165-4210-9854-3881118a9d29,Guerra,CE,Northeast,2023-01-12
62,91d63f78-e3e9-4e99-b10c-718b1eb0e38a,Pacheco,RS,South,2023-04-28
63,14fcdd54-9e8f-4965-8a2c-827e98326856,Ribeiro Verde,RS,South,2024-07-03
64,ef48e8d5-50fd-4d3f-85d5-169590b2b633,Costela Alegre,BA,Northeast,2024-10-18
65,21813d25-6552-48a6-83ff-50113d1a85dd,Marques Alegre,RJ,Southeast,2023-10-28
66,12922f83-ef8c-485b-807a-30f2edd4253b,Marques,MG,Southeast,2024-04-09
67,ff002d4d-9020-49e4-bf9a-b5c29f044aed,Barbosa,SP,Southeast,2023-09-27
68,43e42caf-8181-48cc-b691-47eb89a2688b,Ferreira,MT,Central-West,2023-07-02
69,3e896c64-e117-4ac3-919c-4ea3e1805081,da Paz da Serra,ES,Southeast,2023-04-19
70,b41b3143-8b10-450c-9570-4f32702cdd20,Pimenta do Galho,CE,Northeast,2023-11-02
71,8dfa6a56-d12d-4c9a-aaf9-15310200b1f0,Ribeiro do Campo,PE,Northeast,2024-06-03
72,43b409ef-2260-470f-a0cc-edc5f05db76e,Caldeira,SC,South,2023-06-06
73,45b89cd9-27cb-4f2a-8da0-1097be0f051b,Pereira do Oeste,RJ,Southeast,2023-06-15
74,afffcfd2-341e-440b-97c7-00aab7b56ea7,Montenegro do Amparo,PR,South,2024-06-27
75,d89a40c0-e87d-4c78-a7c4-21c740497b71,Borges,DF,Central-West,2024-09-05
76,46d483f3-d450-481c-ac6f-7633a2607723,Abreu,RJ,Southeast,2023-01-20
77,a319dcb4-217d-45a0-8568-11cd5563f616,Castro dos Dourados,SP,Southeast,2024-01-07
78,8f9797b0-6d7c-43c9-b4a6-9f3c8d3aed99,Camargo,CE,Northeast,2023-11-11
79,b0e6a969-e213-42b0-b1ee-dba313432e61,Nogueira,SP,Southeast,2023-09-04
80,951f58d0-5e84-4058-95a8-04eb093923de,Lopes,CE,Northeast,2023-03-22
81,5d59cd2a-4eea-44e7-8ab5-4bde20a04502,Fogaça,SP,Southeast,2024-05-12
82,aabc25fa-3fe1-4e47-ae9b-ec3635c7936c,Fogaça,PE,Northeast,2024-06-29
83,dfed2c43-e256-46dc-8f54-86b7c7b5b2bc,Pinto Grande,BA,Northeast,2023-05-12
84,dd56cc94-3c9a-414c-ae0c-aeb5ecfedb99,Cavalcanti,SC,South,2024-07-16
85,2dea9493-0658-463a-a98c-206fe1a47e10,Viana das Pedras,SP,Southeast,2024-06-24
86,bc2cbb0d-dd33-4cc7-ab7f-089acd5f4822,da Mata,CE,Northeast,2024-03-09
87,1bac27a7-b386-47a4-8991-603f28c13091,Andrade do Amparo,MT,Central-West,2024-07-06
88,eb1fa9f2-d10b-41d0-b317-347038f16a81,Ferreira de das Neves,BA,Northeast,2023-07-25
89,3a43b2ba-df0f-46cb-8b9b-c326d20eac17,Alves,RS,South,2024-02-13
90,5408f9ac-6601-4dd0-b170-f437a8f7ef5a,Azevedo Paulista,PA,North,2024-10-27
91,6651529e-8268-490b-a438-25b559e4b671,Alves do Campo,RJ,Southeast,2024-06-13
92,2db69edb-42de-4fcc-b86c-2ca2e08596db,Andrade do Campo,MG,Southeast,2023-09-11
93,ba81edd9-587e-4344-af3f-920c98b8e4cc,Lopes do Galho,SP,Southeast,2023-12-13
94,939b462d-e645-4129-a29c-2ae31d9af659,da Cunha,SP,Southeast,2024-07-21
95,006ed6e3-6fa1-4735-b572-f3d00b5cea6a,Fonseca,SP,Southeast,2023-08-14
96,aa0b7b14-f2e9-402d-91e9-cdaa6e6981a3,Pinto Alegre,SP,Southeast,2024-10-08
97,b841d0a0-1fe7-41d6-9917-8793a9d3c2e6,Montenegro da Mata,SP,Southeast,2023-03-11
98,6703b636-5380-4904-a88c-7015aab97e49,Novaes Grande,DF,Central-West,2023-12-05
99,f0bbac67-aa38-40a1-aba2-5efe311c6eb6,Rocha da Serra,SP,Southeast,2023-09-01
100,67f48ad5-4d0b-4d1a-91b0-e1d99d9262af,da Rosa,RJ,Southeast,2024-05-12
101,c9277d9b-6e0d-4648-b5ce-884149732d6c,Martins dos Dourados,SP,Southeast,2023-05-16
102,82dc4c8e-36b5-429a-acf5-e81e71316269,Vieira de Vieira,RS,South,2024-08-07
103,15b52908-a8aa-4158-ab70-e525bc67f831,Moraes Alegre,PR,South,2023-09-06
104,c04a96c4-f3b6-4fe1-9184-332417e8392a,Rocha,BA,Northeast,2024-02-21
105,32fa2de8-ce7a-47f6-b982-0cff4f77a665,Alves,SP,Southeast,2023-04-10
106,79a28903-fbe3-4b24-beae-00320bd4a990,Marques,SC,South,2023-12-29
107,935f2b0a-a138-4ddc-a2d9-de5d6a18ce4c,Silva,MG,Southeast,2024-04-23
108,664fa663-7e8f-4095-a24c-69b6b24445a7,Casa Grande,CE,Northeast,2023-02-25
109,e4855aa1-016b-4287-b008-05cca7f36ae9,Vasconcelos,RS,South,2024-10-23
110,cdda24ba-2d06-48cf-b805-f9076cd66193,Aragão de Novais,SP,Southeast,2024-02-17
111,1f115b76-d92c-4227-aadf-50853fcb7546,Carvalho de Martins,RS,South,2023-04-22
112,8f15ba58-fce6-4504-87f8-424daae65fc1,Sá dos Dourados,SP,Southeast,2023-07-14
113,e45b712e-b822-4688-90a4-44329cd6c852,Novaes dos Dourados,PR,South,2023-05-24
114,dc8aee30-be60-43f7-a8be-9288e5af6e39,Machado de da Luz,MG,Southeast,2023-10-13
115,a33dc7af-d701-410d-bf4b-1a70c074718e,Vargas do Galho,MG,Southeast,2023-03-19
116,464c04af-3d3f-4799-a072-95e97c0e8cd8,Barbosa de Silva,MG,Southeast,2024-07-17
117,55fa1ab8-458f-4f19-bc07-c57449257af1,Nogueira de Minas,SP,Southeast,2024-10-29
118,620e99d3-3b33-43d8-a69c-d696236c7b87,Santos,PA,North,2023-01-16
119,68586eba-6a34-4854-9071-4d5136c59dac,Nogueira dos Dourados,MT,Central-West,2023-08-31
120,d5385b0e-34f3-493c-8ff0-a55c6a702e2f,Gomes Verde,SP,Southeast,2024-05-12
121,db52ca58-0500-4bc6-b20d-cb6ef2311f17,Mendes do Sul,MG,Southeast,2024-02-15
122,c0e3befd-4c71-40fe-9a0c-dd7cf1578470,Leão da Prata,DF,Central-West,2023-06-18
123,ccc42903-8bcf-43a1-bc10-fa52bf5d2fdf,Mendonça,RJ,Southeast,2024-02-04
124,7c5308bf-6f92-425e-85df-16b6382c043f,Gomes,SP,Southeast,2024-04-10
125,cc530e36-addc-4e13-ab3b-4d37560c95ee,Silveira da Serra,RJ,Southeast,2024-07-23
126,20ac3703-eb67-446a-b7a6-e17cd72b6108,Gonçalves,SC,South,2024-05-13
127,06f028ff-a9ba-4a27-907b-fe36978648f8,Ramos,SP,Southeast,2023-10-31
128,7631de9d-dde9-4863-a2bd-33886db99102,Aragão,SP,Southeast,2023-03-01
129,362f5e5c-53cd-4268-a10c-f37342999aa4,Duarte de Fernandes,PR,South,2024-07-09
130,473bd358-610e-4a64-a130-1617c2dff335,da Cunha de Minas,SP,Southeast,2023-11-18
131,8a175dfe-bfc0-4dc8-84f6-4d8678660765,Ferreira,SP,Southeast,2024-08-21
132,c7fee39f-1190-4938-a66f-d7f739669fa7,Sá,MG,Southeast,2024-06-27
133,33094d35-3f4d-4561-b319-c12507f194f9,Pinto,SP,Southeast,2024-06-04
134,793b4c32-2050-4494-bd11-48022702878b,Nunes,SP,Southeast,2023-07-10
135,b31022f0-770c-4798-b7cc-863bf2a03459,Vargas da Praia,SP,Southeast,2023-03-11
136,f6b751f7-9b74-4245-9b1b-c8952af43ab7,Vasconcelos,RS,South,2023-08-29
137,4fa03f26-f6f7-40cc-a9ec-8e49d1bdb8c0,Pacheco,MG,Southeast,2024-08-06
138,93676a02-4fdc-4e1b-adcb-8cb60692dc63,Gonçalves do Oeste,SP,Southeast,2024-08-31
139,d4a057a7-b0cc-4b3b-9793-b9b413748146,Caldeira,SP,Southeast,2023-03-25
140,d9acd158-4d34-45c5-85c1-4eb4b27b3d90,Vieira,MG,Southeast,2024-08-20
141,0a8381be-c85a-4a46-90e0-f4a0fbdd3933,Nascimento das Pedras,PR,South,2023-11-20
142,8186a576-11a7-4609-9edd-bbbfa9597663,Albuquerque das Pedras,GO,Central-West,2023-07-29
143,6efb63b1-1b04-4863-bd7d-dbedd284476c,Porto dos Dourados,RS,South,2023-11-18
144,2d174fc9-6f7c-45ea-a72a-6d8eb5122df8,Pimenta da Prata,SP,Southeast,2024-02-10
145,6f81cf4f-7701-47bb-bbc6-7e1fc64ee6e3,Duarte de Goiás,SP,Southeast,2024-10-22
146,4767d76c-162f-4a24-af43-613cd4aac9a3,da Cruz de Sá,RJ,Southeast,2023-11-20
147,ab0e664e-9c3e-42d5-91e1-aa9676f72255,Fernandes do Sul,DF,Central-West,2023-03-16
148,2e8d0e87-5334-40e6-99d8-0b8d7e8adee7,Cunha de Fogaça,SP,Southeast,2024-09-28
149,4797b2c9-5720-4246-8223-623bcc3ebdde,Novais do Sul,PA,North,2023-04-13
150,15eabb27-30e9-42f2-b2b4-3abf8441aefd,Silveira,SP,Southeast,2023-08-07
151,c2171429-8e20-4724-bd13-7018680bac63,Sales,ES,Southeast,2023-05-16
152,7da67785-b63b-4dc3-a559-e46379e13cea,Vieira de Almeida,GO,Central-West,2023-03-12
153,6786d506-38ba-4abc-8b53-05e517d2582e,das Neves,CE,Northeast,2024-01-14
154,79279973-5e78-4fd7-94e0-d3baa9f948b2,Lima da Prata,RJ,Southeast,2024-03-24
155,7428a656-b3ee-4d3b-9a10-412954aebd1b,das Neves Paulista,PE,Northeast,2023-11-06
156,314d3441-b8a6-471f-9ee3-4dc43b048a8b,Campos da Prata,SC,South,2024-10-31
157,2f65fafa-b0ae-4f08-831e-dbbcf36cb62b,Cunha,PR,South,2024-11-14
158,b97e6703-46c8-4dfe-bbf4-7042bd1531c8,Brito do Oeste,PE,Northeast,2023-11-03
159,2defe193-5c62-43a2-ba3c-563e4bd6cee6,Albuquerque da Prata,GO,Central-West,2023-04-17
160,f96b648a-0ba6-4ab9-8639-447b2067bdac,Novaes,GO,Central-West,2023-05-18
161,2053da42-f1af-4b65-b289-f2244ac9778d,Caldeira de Albuquerque,SP,Southeast,2023-04-20
162,7a8d03aa-782a-45e0-88ca-765192f5df7b,Fernandes de Cirino,BA,Northeast,2023-06-09
163,f0e98b3b-40a2-4c60-8d27-0659f72ada9b,Camargo de Azevedo,SP,Southeast,2024-09-11
164,93b7a886-12f7-4c97-bde3-1a516694c343,Cassiano,SP,Southeast,2023-12-18
165,f2f9e5fa-9016-4161-8fa7-01cd2631d00b,Barros de Goiás,SP,Southeast,2024-10-11
166,6a8a616f-c3b2-40d0-8edd-dfcd1e52d770,Vasconcelos,CE,Northeast,2024-06-01
167,e893be3d-7354-4a6f-a160-745985c7504b,da Rosa de Pastor,MG,Southeast,2023-02-22
168,9191b363-4e2d-4645-adc7-cac7fd72b050,Pimenta,SP,Southeast,2024-03-09
169,f295456e-1967-4f06-bd76-7e35f5c9b047,Pires,PE,Northeast,2023-02-15
170,14c8b3b4-a911-4192-83bf-d9313605bf54,da Costa,SP,Southeast,2023-05-14
171,2812859a-1337-439e-8d4f-5d272c7f0b79,Jesus,SC,South,2023-09-26
172,784c2f29-9804-42a2-b07a-a066735435ea,Andrade de Goiás,SP,Southeast,2024-03-28
173,b3f6fe0d-4860-4b32-b4fb-0eb949c13de7,Barbosa de Rodrigues,PR,South,2024-03-13
174,c9af18f8-43b9-4a13-ac85-6f373bc1a987,Lima,PR,South,2023-04-25
175,a5cb63a2-398d-4ca6-8b68-70b51d61fac3,da Mata,SP,Southeast,2023-06-02
176,0f44704f-1247-4a4e-a469-98e8d39e198b,Vieira,PR,South,2024-01-14
177,d3016989-bfbb-417f-9854-ce4e4ebfa5c3,Macedo do Campo,PR,South,2023-06-01
178,b321bf21-4dd8-4b85-b04d-337677fc9703,da Mata do Galho,MG,Southeast,2023-02-12
179,1497d658-7010-4719-be69-5d0d8a3c3b5e,Lopes,RJ,Southeast,2023-02-10
180,40181c6e-9a8c-4a3c-9283-aac7bc0a6a5d,Borges,DF,Central-West,2023-08-04
181,d6016237-ac9e-4156-b63f-ce413a9aca5e,Teixeira,RS,South,2024-11-13
182,9384ec2b-44fe-4cae-9248-a9a7ac1aa554,Teixeira,SP,Southeast,2024-07-27
183,84dad06a-7872-4deb-acd9-4cbbc19ad58c,da Mota de Cirino,CE,Northeast,2024-02-21
184,a2814044-6f96-4882-95d8-2980ff37d19c,Borges de Melo,MT,Central-West,2023-06-08
185,5230dfbd-5553-42fe-a889-803e5913f9d3,Castro,DF,Central-West,2023-08-31
186,7ed70ed7-b194-490b-a961-929e546e035a,Ribeiro das Flores,CE,Northeast,2023-07-01
187,0964fbbf-8cd3-41b0-82b0-1cfdd045dd1c,Borges de Dias,CE,Northeast,2023-01-26
188,f85e06a1-1dad-49b2-92c2-1221409d3602,Moraes do Sul,SP,Southeast,2023-12-07
189,764414fd-8ae7-49ed-9e8e-de0ba85c6e4a,Aragão do Oeste,BA,Northeast,2024-02-26
190,c1a6423b-9f64-4eed-9c9d-927d84b871bb,Pires de Macedo,PE,Northeast,2023-09-12
191,445dcc38-341c-4494-8d36-6dfcc28ebd70,da Paz,SP,Southeast,2023-04-21
192,7c16128d-b2c0-4394-a17f-29e170286046,Alves,RJ,Southeast,2023-02-09
193,cc9fd334-9bdf-4377-a149-23c2f920264c,Santos,CE,Northeast,2023-08-16
194,03802b70-8d03-491e-8f8d-5238288b78b5,Borges de Goiás,SP,Southeast,2024-04-16
195,1d0bc9bd-e9b5-45cf-9766-5cdafe049059,Campos de Ramos,RJ,Southeast,2023-08-22
196,eec259dc-7f95-497c-a76a-a6ced50755d9,Moraes Paulista,SP,Southeast,2024-11-06
197,faf14ff0-7b85-479a-95b0-77e06a5d932b,da Cruz de Marques,SP,Southeast,2023-12-03
198,30cbd755-6232-417a-a507-41818d1fb540,Azevedo,RJ,Southeast,2023-03-13
199,dabac50d-ca3d-4859-85ce-099c46b82659,Fernandes do Galho,MT,Central-West,2023-10-13
200,486822b9-00a8-4de9-920f-87d044656d6b,Pastor Verde,RJ,Southeast,2024-06-05
201,dd81b7f5-7d59-41c6-a8f1-e091ffb8102d,Machado,MG,Southeast,2024-07-03
202,551ac8ea-585a-4afa-bbfd-cc1289e06ab3,Marques Alegre,RJ,Southeast,2023-01-29
203,b28f41de-fb14-4bc3-b04b-8590de9e3757,Oliveira,SP,Southeast,2023-09-25
204,c68a152f-db23-4a8c-bbca-bf85620a60ac,Aparecida Alegre,SP,Southeast,2023-09-29
205,e9d68f23-b489-4070-b914-f8a8bea4ff31,Gomes Grande,SP,Southeast,2024-09-02
206,2051acef-097a-4e10-b6fe-bc0e7ecddbaf,Brito dos Dourados,MG,Southeast,2023-11-18
207,74f93d17-e912-44bf-86a4-bae41986b4b2,Silveira,MG,Southeast,2024-06-07
208,a79fbfaf-def5-4689-a8f4-5bce24e75e8e,Barbosa,SP,Southeast,2024-08-13
209,43d88870-f81d-4aa1-8812-0a8e78308930,Pinto das Flores,SP,Southeast,2023-02-15
210,541cdfcd-da0d-4a5f-948f-8b74a65bb1f2,Dias do Amparo,RS,South,2023-01-02
211,9e11d2cd-0930-4ef6-8a80-068ddf547e50,da Costa,ES,Southeast,2024-07-05
212,4991ab9b-ebc2-426f-af34-cf65a193c4b2,Souza,RS,South,2024-11-17
213,1933918c-fa74-4761-af18-c1081723199d,Macedo,SP,Southeast,2024-03-17
214,e746ccb9-4ca9-4f07-b1aa-0f6a2a96e1e2,Aparecida,SP,Southeast,2024-11-11
215,4b1a269b-0e5d-4462-8bd0-0ef2530a37df,Freitas das Pedras,DF,Central-West,2024-09-30
216,697c3923-87fa-441a-be83-b91f25440fe0,Cavalcante,RJ,Southeast,2023-05-08
217,deef580f-9c07-4751-9437-45092cd1586a,Pinto de Goiás,RS,South,2023-11-04
218,24a35cf2-9549-4931-a9af-299d7f671eec,Martins,ES,Southeast,2024-11-13
219,415d174a-75a6-4981-8104-a8b5a34db7c5,Martins,MG,Southeast,2024-02-17
220,8beddb12-ad77-482f-89a2-3a89e6b5a92c,Barbosa,RS,South,2024-07-21
221,fcd6bdca-5876-4d09-b1fa-f665711533f3,Porto das Pedras,SP,Southeast,2024-03-06
222,d865d69a-74f3-4103-8006-6ff2b0b862ef,Costa das Flores,RS,South,2024-01-24
223,3cb98350-1b4d-40fe-bbb3-8605da743152,Oliveira da Praia,RS,South,2023-06-28
224,b303f438-fe21-40d0-8bbe-4aff9326dffd,Almeida das Flores,SC,South,2023-11-05
225,dd750e98-90e0-495f-8212-b554464458b4,Pereira,MG,Southeast,2023-01-01
226,e776b886-d534-4e1d-bf29-84f5bec39a37,Vasconcelos de Goiás,RJ,Southeast,2023-08-04
227,3810ae66-5a31-44cc-8d4b-69a99b689c88,Pinto,MG,Southeast,2024-08-16
228,b88ec318-c16d-43ed-ad81-f8bd402913ec,Pires,SC,South,2023-11-26
229,a5769411-a0a1-4839-a745-770418dfbc3c,das Neves,MG,Southeast,2024-03-28
230,945ef2e4-088a-43ec-b0d9-c9f8c9e26074,Siqueira Grande,RS,South,2024-06-07
231,53a3dd5a-4b8c-4bdc-a8dd-5e5a1712fb16,Cavalcanti do Oeste,MG,Southeast,2023-06-23
232,e05fb8bc-8a16-406c-8958-e75e21d53971,Moura do Galho,SC,South,2023-10-18
233,2a1f955a-d499-4a99-85c4-5a3ee9da484a,Mendes da Mata,ES,Southeast,2024-10-10
234,cde22f1c-56b6-4afc-9ed2-55d0bf1e8366,Martins,SC,South,2023-04-06
235,c1101266-2408-46dc-9346-d1a9f6802cdb,Rocha,PE,Northeast,2023-08-29
236,65bcc272-fadd-4ea3-aca5-e2fdb966442a,Borges das Flores,RS,South,2023-08-19
237,1fa382e8-895c-4d99-83b3-8eb403902c5d,Freitas de Rocha,PE,Northeast,2023-05-31
238,95a5bafa-431d-429f-ac1e-86d8bfbf397b,Porto da Praia,SP,Southeast,2023-09-08
239,78b2b549-3bdb-409e-acc2-16a01bbc91f7,Pinto,AM,North,2024-09-17
240,53f8382b-8fb8-44e4-b173-8856e25d36eb,Ramos,PE,Northeast,2023-03-16
241,76da3ca0-d2e8-4f38-a2a9-d4d8102efde5,Rezende das Pedras,MG,Southeast,2024-10-06
242,f23e323d-0b9b-4934-a3c8-6d301dde7969,da Rosa,PR,South,2024-01-29
243,18e19331-1dba-4267-be1c-a5a1fef518a6,Nascimento,MG,Southeast,2023-09-07
244,5efa9c5b-7421-4f46-a37e-4b0122bae10e,Pastor Grande,SP,Southeast,2023-01-06
245,19597b5a-a7a8-4636-aa35-df59e2aa7a5d,Pimenta de Jesus,DF,Central-West,2023-04-20
246,08601833-479d-4cda-b396-ea37f065c817,Cunha dos Dourados,BA,Northeast,2023-08-13
247,dafec8a9-3c71-40be-b357-956071d79665,Brito da Praia,SP,Southeast,2024-06-14
248,a5135ea0-fa53-434d-a6d5-901d8b621d41,Araújo das Flores,MG,Southeast,2024-07-24
249,1f45dbfd-f7dc-47e0-b097-4b2b46a02a9b,Borges de Ribeiro,SP,Southeast,2023-05-05
250,98de8ebb-a3b5-4ece-a446-be72364c911a,Aragão,MG,Southeast,2024-04-20
251,fd235def-3e5a-47e3-9560-db22c96b5edb,Viana,RS,South,2024-07-26
252,d46ef104-1190-4f50-b488-5a4690882eaf,Pastor,PR,South,2024-03-29
253,3ba5cd2f-dea4-4c19-9024-3d723748967f,Vasconcelos Grande,SC,South,2024-05-31
254,00b9d4a3-9892-40ac-a689-33a9c9e48e8c,Casa Grande Grande,MG,Southeast,2024-07-15
255,2cabd7e7-cc6b-46e5-802a-df9c8a4b8f7c,Ribeiro,MG,Southeast,2023-06-12
256,03cde2e3-21bd-4b41-8699-8731ddcf8766,Vieira de Goiás,BA,Northeast,2024-05-01
257,2c9b662e-040a-4aae-92e2-afd996bf10ab,Aragão Grande,MG,Southeast,2023-09-11
258,1d181ee9-86ad-4a8c-abc4-123ebde13c1b,Melo,PE,Northeast,2023-10-11
259,83639007-5cae-4610-872c-1fe372c22a16,Machado,BA,Northeast,2024-06-17
260,9d77a45e-f206-4269-b8b7-7c0780fb9296,Siqueira,MG,Southeast,2023-09-02
261,a8addf36-ddf2-45eb-a8a3-f341c8819065,Marques do Sul,SP,Southeast,2023-03-21
262,d8e88ebb-7a9e-4eef-bfa3-61be0f9240e1,Lima do Campo,RS,South,2023-08-29
263,718d4d05-e8e2-4743-b65f-eea97d824264,Barros,SP,Southeast,2023-11-24
264,10d08d11-25f9-44bf-9bb9-61555275eb94,da Mota,DF,Central-West,2023-03-24
265,8c611654-95da-45c1-a211-50f99fd34579,Garcia do Galho,SP,Southeast,2023-08-25
266,9afd4015-816b-4b9f-b426-b1934b7e6b3c,Brito do Campo,RJ,Southeast,2023-06-06
267,e0b15aba-a6a2-4967-a79b-44b6da509fed,Lopes,RS,South,2023-03-07
268,69efafb1-3a7e-4e14-a359-eee173991a47,Marques das Flores,MG,Southeast,2023-12-05
269,50032b35-1857-4baf-bac7-e2b96a7e4c36,Dias Paulista,PR,South,2024-03-01
270,afd380c4-2713-482c-b41e-a3ac5fd23109,Azevedo de Borges,SP,Southeast,2024-03-06
271,6e8f75a1-17dd-4d81-95da-705cd4ef00aa,Souza,RJ,Southeast,2024-08-21
272,214f3f12-cfd0-4cbd-9f65-c8cebd21bc11,Pastor,GO,Central-West,2023-01-21
273,5463adc7-8fca-4b6a-8fc4-2092f4e559e5,Jesus,CE,Northeast,2024-08-12
274,f0ede303-aa53-419c-9fa4-bb9f5a856750,Silveira do Norte,RJ,Southeast,2023-01-07
275,4ffca6b1-99b4-49d4-89a2-14aef7e8f8e5,Caldeira Verde,GO,Central-West,2023-11-02
276,a81fdec3-279c-458a-b676-0ce581e5c9f6,Câmara de Caldeira,BA,Northeast,2024-03-05
277,5e187b24-8e67-4a01-986a-646059a1120e,Teixeira,PR,South,2024-07-13
278,cea60f4c-39e5-4ff0-92f8-37d447503f1d,Novais da Prata,BA,Northeast,2023-08-14
279,a867a096-edd8-47c8-9be7-173706b89231,Alves da Serra,MG,Southeast,2023-10-07
280,4f199ec0-c32d-4526-b3e4-110a45f50c52,Ferreira do Sul,MG,Southeast,2023-01-30
281,90fa6b57-24ac-4130-9eaf-528d2e709838,Azevedo Grande,RJ,Southeast,2024-11-15
282,07d924ce-f8c8-4fae-a217-8f84bdb025ff,Souza,RS,South,2024-02-19
283,6b7a2460-604e-46cb-b712-f2d187cdb6a1,Fernandes de Castro,RS,South,2024-04-23
284,530ac1c7-b8ba-4368-8fc7-77685ebbcca5,Aragão,DF,Central-West,2024-09-29
285,9e2aa4ac-c122-45b3-a84c-03d227d415b6,Rocha,PR,South,2024-02-08
286,a974d079-716f-4a0a-85a8-882914e286e5,Mendonça dos Dourados,PR,South,2024-11-09
287,c143f426-372f-471a-85ee-432d6a07f213,Ferreira,SP,Southeast,2024-10-20
288,ad9fb00d-4882-473c-9c63-45ab6e0ed1e8,Moura de Rios,MG,Southeast,2024-04-17
289,652ffb49-3873-457f-8ba0-78e84ef492c1,Abreu,SP,Southeast,2023-09-24
290,36136e15-f200-4261-8d29-d1ab345512f7,Teixeira,RJ,Southeast,2023-08-05
291,1eb74b56-53ff-43a2-8a19-35014169b9fc,Monteiro,MG,Southeast,2023-12-12
292,2112507c-2cfa-45b0-ae3f-683abf3c5140,Nascimento de Goiás,BA,Northeast,2024-01-24
293,ab05347f-d556-437d-8f08-81ee8011316b,Barbosa das Flores,RJ,Southeast,2024-03-07
294,6fac1673-0ad4-4230-bdf6-6ba5dc9c96de,Marques,SP,Southeast,2023-03-25
295,5024bdc6-dcb3-4df3-93ee-cdc6ebd14d2c,Oliveira das Flores,MG,Southeast,2024-07-06
296,4a1dab32-6aed-4dc7-a3e0-5309b5a1b949,Guerra,SP,Southeast,2023-12-25
297,2bffe17b-5324-41fc-b758-dce20556daea,Sales de Fonseca,SP,Southeast,2023-03-12
298,1b19d8b8-d830-4081-afcc-57dd168fae12,Lopes,BA,Northeast,2024-10-29
299,1422373f-8622-48d1-a683-e10796c044d0,das Neves Alegre,SP,Southeast,2023-02-01
300,2b0abedd-c774-44cb-9543-fc3c38b8f24e,Moraes,GO,Central-West,2023-07-24
301,828c37e7-87d5-47be-9d30-d990a21b0307,Vasconcelos,PE,Northeast,2024-09-28
302,f54e2019-ba35-444e-99e1-ac095970a859,da Costa,SP,Southeast,2023-05-10
303,328067a1-4187-422b-a57d-5e521a5165ca,Pereira,MG,Southeast,2023-04-28
304,a7cf705c-c257-4f73-829d-782b2722796e,Cavalcanti,PR,South,2023-08-12
305,7e7e7419-a0c1-4035-85d9-5f51f387e1bd,Sá de Nunes,MG,Southeast,2023-09-20
306,ae5ec365-72eb-4474-9458-054ec2874f06,Pires Alegre,BA,Northeast,2023-06-21
307,780b3657-117b-455b-b094-4bdb26a524e3,Pires de da Rosa,SC,South,2023-04-28
308,0e614bcd-9767-4900-8651-0367cbdc4318,Montenegro de Minas,BA,Northeast,2023-06-17
309,09a0a0f6-73b0-4091-b634-c1694f76e388,Freitas,MT,Central-West,2023-04-21
310,a508dc95-13a4-4492-897d-e16dd4ea120a,Pimenta,PR,South,2023-11-16
311,7674456f-626d-419d-81cf-325298159d6c,Machado,PR,South,2024-01-20
312,a6ded1d8-9258-47b7-8f50-1889e8b77f7b,Duarte,MG,Southeast,2023-07-23
313,269ed4c9-8059-4b93-b9c2-d2e49ae1a991,Machado,SP,Southeast,2024-10-04
314,d65e59dd-e62d-4d06-8f9b-85581a7f195b,Silva de Minas,SP,Southeast,2023-11-05
315,0a0537f0-2c2c-422b-a568-95c6812a1f9b,Santos,PE,Northeast,2024-09-06
316,86295b5d-707d-4251-bdb1-429e7010ed13,Fonseca,PE,Northeast,2024-08-02
317,632dbb5e-486b-46bf-aafd-e7d95f733a3e,Vasconcelos Alegre,BA,Northeast,2023-12-22
318,ca0ac6ac-0d67-438e-990f-0c5badcc3daf,Azevedo Alegre,PR,South,2024-11-08
319,62f5df2b-adaa-44ca-8ed6-ad5e18318aa3,da Cunha Grande,RJ,Southeast,2024-06-02
320,a9e27ba9-952e-4abb-94dd-5061555736f8,Ferreira,SC,South,2023-01-13
321,b2cf952d-a7f3-43b3-b7ba-f55e4f6b58c8,Cardoso de Minas,PE,Northeast,2024-05-16
322,a4bbf962-606e-4e1c-8f15-84494f40c22f,Cardoso do Galho,SP,Southeast,2024-01-06
323,6c645c15-aba3-41cb-a561-e1e917ec889c,Almeida da Praia,SC,South,2024-04-15
324,36d55494-f37f-450d-ae25-b5ee4f11d8dc,Vargas do Amparo,RS,South,2024-03-21
325,23377bbc-fffe-47c8-b9fe-b99c31274148,Barbosa,SP,Southeast,2024-06-18
326,19e45c6a-c9c2-4e69-982c-75654bb907ec,Ribeiro,MT,Central-West,2023-10-04
327,9e374f7a-c42c-4c39-a05b-46c556363094,Peixoto,SC,South,2024-07-05
328,2e4bebc4-2989-4880-a77d-1be96070b6a1,Silveira,BA,Northeast,2024-04-21
329,5d42b9e9-692e-47b6-8b2f-6d5c700b5d5f,Macedo,MG,Southeast,2024-08-29
330,bfa016c2-c09c-4506-88f1-096d9c4ffb46,da Conceição de Nascimento,SP,Southeast,2023-09-09
331,cf01f944-f731-4749-8f39-49a83d3a2582,Correia de Freitas,PE,Northeast,2023-03-30
332,fc043f08-9207-4158-b277-1f63ada58417,Martins de Vargas,RJ,Southeast,2024-04-06
333,80be7e35-61c2-445a-8733-230448223120,Castro do Oeste,SP,Southeast,2024-04-20
334,df7d0dd7-236e-4608-9acb-394acd1f5318,Aragão do Amparo,PR,South,2024-11-15
335,ef2ddcc4-8df6-41da-9f07-c1a5dfc620ce,Silva,RJ,Southeast,2023-01-30
336,1feae1e0-d9e6-44b3-8412-a335d88c656d,Barros da Serra,MG,Southeast,2023-11-29
337,836b15c7-e7c2-45da-b306-958845d5a68d,Lopes,SP,Southeast,2023-08-06
338,38d77b9a-e916-4a57-b248-23ab177a8a5f,Ferreira de Alves,RJ,Southeast,2023-09-22
339,808389c8-657e-41c9-8da2-3e5c6a36af18,da Costa das Flores,RJ,Southeast,2024-09-02
340,397b5f51-5ffa-46ef-94e4-180cfe9936a3,Dias,RS,South,2023-10-10
341,b6f6dbf1-d6d4-41cc-995d-82f8ee4a9b5d,Vieira Grande,PR,South,2024-06-13
342,eada79a3-4970-4d9a-89ce-3cfb2339ba19,Sampaio de Carvalho,GO,Central-West,2023-03-29
343,72d78bdd-7817-49ff-b49e-04ccc24369e7,Barros,SP,Southeast,2024-02-21
344,d5c0244d-3735-462d-8184-3b0304dd7054,Novaes,MG,Southeast,2023-09-04
345,871c0884-9bdf-40f2-ba2c-0f19f0b2a5d1,Camargo da Mata,RS,South,2024-10-23
346,0c394ec7-1f31-4405-8d18-3eba3cd5fd7f,Leão,RS,South,2024-04-03
347,750565f5-9f70-4368-8b3c-f8caa3925731,Camargo,BA,Northeast,2023-04-06
348,98c3e3ca-7ff4-4ec6-a7b7-b4c6d6312a80,Pires,RJ,Southeast,2024-02-19
349,b7f28572-3def-4849-9336-4f7e83efa9f3,da Rocha,RS,South,2023-11-10
350,5a5226e6-9d64-4932-8066-853d6de299a1,Oliveira,RS,South,2024-01-13
351,ab1021ce-aa14-4cd8-aff3-cde46aa42c9f,Moura,MG,Southeast,2024-06-27
352,f4124360-1153-4e99-9c50-8720f982f4e0,Gomes,RJ,Southeast,2024-07-17
353,a2bb522b-0b25-4279-b85a-c5d0df92a621,Freitas Paulista,RJ,Southeast,2024-04-09
354,c9dc72b8-5b6a-4102-8428-7378bf5023f4,Ferreira,SP,Southeast,2023-09-15
355,a0d572c8-a837-4e68-bba2-05ca3dba6da8,Vargas,SP,Southeast,2023-07-17
356,551ff086-c1b5-45ca-bc35-36df94f79dba,Aparecida,RJ,Southeast,2024-07-02
357,d0421dfa-56ab-487a-8bc7-8e815a304528,Vasconcelos,GO,Central-West,2023-07-09
358,b20507bb-fb16-4757-b6f1-86abaf475b49,Pires de Cirino,SP,Southeast,2024-05-10
359,b74eba93-1027-4b53-a285-b2efcfbe4fe9,Andrade de da Rocha,SP,Southeast,2024-08-26
360,33107475-ca86-4225-8b36-e356339b77a8,Dias,MT,Central-West,2024-06-21
361,65f202f9-83f0-4dc7-8f61-2217eef16694,da Cunha de Andrade,PR,South,2023-04-13
362,493e904d-30ec-4796-a59b-457fc0d7ac73,Vasconcelos do Norte,PE,Northeast,2023-10-31
363,45f18619-54f9-4429-a7de-02ccdda4f4a7,Freitas,SP,Southeast,2023-07-03
364,be4969ec-6667-43bb-a3b5-63606fdc0bad,Gomes de Fernandes,RJ,Southeast,2024-06-30
365,b12b6680-7f07-4cb9-afd3-40c0f945f2fd,Freitas de Moreira,SP,Southeast,2023-02-16
366,ba220065-1526-4718-8d18-0a824447ceab,Barros das Pedras,MT,Central-West,2024-07-20
367,2e326567-d284-454e-bebe-c0db9a3a6103,Duarte do Campo,RJ,Southeast,2023-05-10
368,4baf0f5e-a932-4094-93f2-8f11147f6570,Machado das Pedras,SC,South,2024-05-17
369,59fefbbc-71a3-4ad2-b094-6d2a2aa93b43,Aparecida de Siqueira,SP,Southeast,2023-01-13
370,9d66e815-5a41-43b3-a95f-176cdebac186,da Mota do Norte,PR,South,2024-04-25
371,67fd64c4-a334-458a-abd2-b5121335e5db,Moraes da Serra,MG,Southeast,2023-12-15
372,d942644c-248d-41ec-87f8-d4f0f3ea0184,Andrade de Cardoso,SP,Southeast,2023-02-22
373,a52964ff-c74c-4890-bc6a-3174113634a5,Fonseca das Flores,SP,Southeast,2024-05-04
374,9ae77eab-084a-4780-9136-f1f8f31046dc,Rocha,SP,Southeast,2023-03-08
375,5f3c44dc-5ef7-47b8-b2e6-195f732e2016,Teixeira de Barbosa,MG,Southeast,2023-03-17
376,5df06e8c-878a-4ed9-a33f-fc8292ec89af,Dias Paulista,PR,South,2023-02-24
377,06a241af-1d0a-47f7-b5e4-a4713fe68c9c,Monteiro,SP,Southeast,2024-07-30
378,8fc9c86b-e9dd-4bf5-a311-9aca848af440,da Luz,GO,Central-West,2023-03-29
379,723ef466-b43b-427f-82a2-59a6c6641285,Pimenta,PA,North,2023-05-02
380,ffa623d0-ea9e-4c8d-b1a8-b71f491b90e9,Costa de Campos,PR,South,2024-03-02
381,73b911d8-12f5-431a-9a52-d2ee22bf18f5,Silva,SC,South,2024-09-25
382,cf7dcb43-1679-442f-bf4c-96d671f2ce8f,Rios da Praia,SP,Southeast,2024-06-19
383,8acbbe09-8ccc-4cea-909f-d8eeb5a47200,da Rosa da Serra,RJ,Southeast,2024-03-29
384,b34191b8-ed65-42b4-b5a5-f8e6b6391f04,Vieira,RJ,Southeast,2024-08-25
385,1f119c0f-3967-460a-823d-d1075c8ac066,Vieira,AM,North,2023-11-09
386,7e7838c9-ca55-438b-bc9a-be10238d6f44,Fonseca,PR,South,2023-03-03
387,77a7e8b7-5e70-465f-9280-c5aa8dd4595b,Pimenta,SC,South,2023-04-12
388,4f2dad3f-10d4-4e39-9612-37c9e25df9a8,Silva do Amparo,GO,Central-West,2023-08-01
389,68d0a2a8-c4e7-47dd-a929-de738693fd9d,Cardoso,SC,South,2023-09-28
390,12fc7a87-a470-4d48-9128-b9b1f8ede0ca,Martins de Rodrigues,SC,South,2023-06-10
391,e0c1ff1e-20da-4972-9832-1ee48471b4b0,Vargas,SP,Southeast,2024-07-19
392,80bbae52-6ec0-4269-a108-4dd9f75d1e3c,Campos,SP,Southeast,2023-01-03
393,2a26f770-4ddb-4b36-a72c-058884a2576c,Duarte,MG,Southeast,2024-08-31
394,5894f7f1-39b8-4bb2-b596-ca7cef4afa88,Barros Paulista,MG,Southeast,2023-02-03
395,8d03f17a-f4d3-45c1-a293-19fa3240d7a1,Cardoso da Mata,SP,Southeast,2023-10-17
396,80a8a23d-17ea-4c83-8892-042f9d4b2bf9,Pastor,RS,South,2024-04-09
397,2bd3cdcd-2779-4685-94a5-3fdef10d27c8,Nunes do Norte,SP,Southeast,2023-08-28
398,14cb0564-0743-4c3b-9d20-c3bfd342af08,Ramos,DF,Central-West,2024-10-02
399,a6b07458-43c0-4d43-93a7-4792c561b8dc,Vargas,PR,South,2023-07-22
400,a394ed54-9e3c-4a88-aaa5-6e6d92779574,Monteiro,MG,Southeast,2024-07-11
401,4a27ebf2-8baa-4744-a08d-d21be3954cb1,Mendes de Goiás,SP,Southeast,2023-06-02
402,67f5ae02-af5b-4f47-8eae-71cfce000af0,Marques de Minas,DF,Central-West,2023-05-26
403,7089fc6d-2877-45d9-8f56-75f8b048faa1,Mendes dos Dourados,SP,Southeast,2023-06-19
404,24c778a5-9b4e-464b-9716-dc2e343ada2a,Silva Alegre,BA,Northeast,2024-09-01
405,586a346a-dc5b-47d1-bcef-1972bbf483ce,Cardoso da Praia,BA,Northeast,2024-08-05
406,51b1943c-1b2e-4edb-8fc8-5fc083d5bceb,Martins,DF,Central-West,2024-03-25
407,3f779cae-7318-496d-8479-06121f5d988f,Brito,SP,Southeast,2023-11-08
408,6257a4a2-f204-4e89-8a4b-55630cf477ef,da Cruz da Serra,RS,South,2023-10-06
409,93e34c35-ef0a-473d-93d2-d56dd0401587,Correia da Serra,ES,Southeast,2024-05-20
410,7781321e-83c5-41cb-bef7-d9ea7f8e5483,das Neves de Monteiro,MG,Southeast,2024-09-04
411,64ab851b-f1fa-46e7-970d-750705eee1d4,da Costa de Cunha,SP,Southeast,2024-03-18
412,0cf0374c-0c74-4c0f-9a57-553995560a2d,Monteiro do Amparo,BA,Northeast,2024-09-10
413,d8e049de-0217-4a0e-8964-90ab4926ce5f,Lopes,SP,Southeast,2023-04-04
414,ba3df7ff-43b4-4ee5-a1e8-9e7e22498f66,Teixeira das Flores,SP,Southeast,2024-11-21
415,0d18ab95-668c-4477-8b95-017c5dae1201,Fonseca,PE,Northeast,2024-08-12
416,62e7c1a6-12d2-4a06-89e1-cd138da00495,Teixeira de Novaes,PR,South,2023-01-22
417,9f8cc29f-fd35-4c5f-9347-9a3b479bc637,Cardoso,PA,North,2024-11-19
418,5f89ed12-64d6-4fbf-98c0-1e2bf99f0704,Novais da Praia,PE,Northeast,2024-08-13
419,9a3b0319-32f5-4510-a4ee-b4a6c14565c7,Montenegro do Norte,SP,Southeast,2023-06-29
420,b6adf48b-2314-40c8-89f6-44050b990034,Melo do Galho,MG,Southeast,2024-10-29
421,e4a4474c-9b33-43a4-a620-f9a974fd33d1,Duarte,MG,Southeast,2023-10-12
422,2999bbef-518b-4f21-9cf2-0859ee6e2e72,Pimenta da Mata,SP,Southeast,2024-08-22
423,d40ac5e9-81df-4517-961c-921097fe56c5,Santos de Nunes,MG,Southeast,2024-05-18
424,044251db-d0d4-4a67-b992-8faa4cbf131d,Farias do Campo,MT,Central-West,2024-04-26
425,4ec3f970-956d-40e4-aaa2-6216fada98f5,Peixoto,RJ,Southeast,2023-12-08
426,a7d4cf50-f791-41e5-83f9-cd6b797ebe87,Silveira,RJ,Southeast,2023-04-18
427,2ba6adb3-7afe-4114-9561-c8130d259caa,Casa Grande de Goiás,CE,Northeast,2023-12-04
428,b35556a5-f2bd-42f2-9293-f70508150147,Correia,MG,Southeast,2024-05-22
429,6b352f85-504e-4687-b0e7-e75604d9145e,Jesus,RJ,Southeast,2024-02-15
430,80773e33-690e-4e62-b432-3ec6b0c4a01c,Sousa de Siqueira,PE,Northeast,2024-07-17
431,84c86c46-2359-4fa4-b4ad-af890ff1aa9f,Novais,SP,Southeast,2023-04-01
432,7a768555-a987-4218-bf84-faef5336723b,Dias da Serra,RJ,Southeast,2023-11-28
433,57a2be4e-887b-43e5-a980-f80875ac824c,Rocha Paulista,SP,Southeast,2024-02-18
434,f5141058-3138-4975-bbf3-3a349c2dfa97,da Mota,CE,Northeast,2023-01-02
435,f1053252-3990-42c9-8c6a-70f48edec44d,Vargas da Mata,SC,South,2024-07-09
436,b47a1c5b-b0b3-4015-b510-2852b4746349,Dias de Mendes,MG,Southeast,2023-02-25
437,ef3a6f27-ef06-4ccb-8f7c-1d59594b2a3a,da Paz do Campo,SP,Southeast,2024-01-06
438,6133a34d-8b0e-4eb1-ad37-1d9e92cf6021,Ferreira Grande,SC,South,2024-05-25
439,f48f709c-49a2-4441-8ac4-de854a5b1aff,Ferreira,SC,South,2023-02-22
440,41a64fed-a7ed-48d8-b13f-8f8cec8be537,Cunha de Costa,SP,Southeast,2024-07-16
441,eedaa802-4568-4426-89e0-3e22d3f4a49b,Carvalho do Campo,SP,Southeast,2023-10-22
442,3d4196fe-963a-4617-bdab-07e79d9d028e,Aragão,MG,Southeast,2024-05-11
443,39c59df9-87f2-45d6-a7ba-26acab7a3d1c,Aragão,SP,Southeast,2024-10-07
444,b7a4c719-548e-4f6b-a9ce-1e4e19a692c9,Brito de Rodrigues,SC,South,2023-09-03
445,f6eab3a0-0153-4221-a331-0a28c550eca8,Jesus,RS,South,2023-11-15
446,e0decc3d-e172-4c83-af5e-4376a723fb72,Mendes de Rezende,PR,South,2024-07-19
447,4988e418-f6c3-4218-8183-6315330f8be1,da Paz do Norte,MG,Southeast,2023-08-19
448,a6fd0cb1-16e6-45c0-84cb-294fe86e8e63,Nascimento,PA,North,2023-04-27
449,efc9909e-d9af-4e09-b91e-3d6ebd1a8f4b,Cavalcanti,MG,Southeast,2023-05-01
450,2d007d05-d66d-4627-a1da-ce6a6afa828c,Gonçalves,SC,South,2023-06-07
451,efc59738-2fb2-4e66-bed1-7aabc9b7c9bc,Andrade do Sul,ES,Southeast,2023-10-26
452,1b780ede-9a4f-4c0c-9165-f2ed4c636e95,da Paz dos Dourados,ES,Southeast,2023-10-07
453,8639bd41-8b15-4d94-a42d-0cd7fd359f6a,Carvalho de Montenegro,MG,Southeast,2024-05-09
454,cf0e6d2b-315c-467a-85d8-a6ad77d0359e,Farias,AM,North,2023-09-07
455,a5f60735-757b-4b29-bb2a-a1462999394c,Silva da Serra,MG,Southeast,2023-05-29
456,ca6fbff8-564c-4bd2-bc92-fd81039b058c,Nunes do Oeste,RJ,Southeast,2024-09-05
457,a383889a-db2c-4ac8-9c67-83932ced3c0d,Lima do Galho,ES,Southeast,2023-05-20
458,ab545a15-669d-41ff-9634-725b53f30073,Cirino,CE,Northeast,2023-10-10
459,52d78f10-7a3a-4e96-a3ff-23d3fb4fb88a,Abreu,BA,Northeast,2024-02-29
460,725d4259-3c4b-4eec-a231-ee7342c2d2eb,Farias da Mata,RJ,Southeast,2024-06-03
461,02ed73ce-92a8-4713-b90e-d44b951c25d5,Rezende da Praia,SP,Southeast,2023-01-03
462,aaf407f7-0fe7-4149-bc7e-5368b1594847,Martins,RJ,Southeast,2023-11-02
463,afa28559-67c9-4204-a8e3-33b64e8adc4b,Sales do Campo,PE,Northeast,2024-08-16
464,4b87959f-f0cd-4f05-aa87-855ea38295d3,Pimenta de Goiás,PA,North,2024-05-16
465,7a6a2107-2231-4050-b515-94943818cfd3,Marques,CE,Northeast,2024-04-02
466,5fa5e0aa-9b11-4530-bd24-7c11bf6b8cdf,Sampaio da Prata,PR,South,2023-12-20
467,899ac252-c1e1-494a-b888-3058e9ad0e9b,Teixeira,RJ,Southeast,2024-07-10
468,98874bfe-c136-4c65-ae2a-e3413f59e4f2,Moura,RJ,Southeast,2023-11-26
469,5c9deee0-b42a-4456-8736-5a84725e134d,Nunes,CE,Northeast,2023-09-02
470,8c32bdb2-d42a-495e-8fcf-601f1cb9b73a,Oliveira,PR,South,2023-08-28
471,53ff8461-2a1f-4b61-a65c-b9d989628f6e,Camargo de Rodrigues,CE,Northeast,2024-02-25
472,7d23d479-9549-4a82-b787-ef8d3495311e,Moraes,SP,Southeast,2024-04-29
473,741423b5-0e3e-45f2-8f06-71c7720b274b,Moraes,RS,South,2024-01-26
474,0ec7d662-905c-4bdd-b4f0-beae6a5943ce,Rocha de das Neves,RJ,Southeast,2024-11-10
475,41241bb4-655c-4508-8592-bfa5b928e23f,Souza,BA,Northeast,2024-10-29
476,0b981ccd-12b2-402d-940c-350337c86152,Ferreira de Minas,AM,North,2024-05-22
477,ef40d162-0f6c-49bf-be7e-e3628a89b0f0,Melo,MT,Central-West,2023-05-10
478,2e13418d-68ab-40ea-897e-c6d1081fc6dc,Vargas,ES,Southeast,2024-08-27
479,a55871e3-bab2-477d-ba74-0cc8a43afb7a,Freitas das Flores,RJ,Southeast,2023-04-13
480,e821e716-eac8-4da1-9e9f-6f5b72d35458,Garcia de Minas,CE,Northeast,2024-03-26
481,dfe2c0a0-a96b-4c42-b6d2-2a7baec76a82,Rezende,SP,Southeast,2024-04-12
482,2db0728d-1e5e-4e54-9907-7299dc3bbdd8,Moura Grande,SP,Southeast,2023-05-28
483,d5b6de85-3902-49d9-ba8d-ae42ba54e920,Sá,MG,Southeast,2024-11-01
484,76876c62-4c61-445e-ba7e-5d9405d1fb63,Nascimento das Flores,MT,Central-West,2023-03-18
485,75eb89c2-3f5c-42f3-bacb-43a3d2c7bffb,Cassiano Paulista,MG,Southeast,2023-09-29
486,b99b2b5a-e00d-449d-affa-20023040413c,Andrade,RJ,Southeast,2024-02-12
487,9d6b9b62-6b53-4a19-a902-b73fcf39f648,da Costa,SC,South,2023-12-03
488,980cb95c-19d4-4deb-9139-fa1234c1c3ea,Machado,CE,Northeast,2024-06-30
489,df495037-b40a-4181-ac09-bdb799086e47,da Cruz,RJ,Southeast,2023-11-21
490,705fddf5-66fa-4ca0-8b53-1932bd9419aa,Nogueira,SC,South,2024-05-14
491,c6ac1b04-dd1d-4cd1-811f-6bf5379ef467,Carvalho,CE,Northeast,2023-02-06
492,3bf2025f-4a0d-4b73-be54-ee4b80ff5173,Oliveira Alegre,SC,South,2023-08-29
493,24acb722-e052-4739-8d40-6f1b3ca5be29,Jesus,SC,South,2023-10-22
494,8e85140d-0f9a-4b70-8670-7cd64ceda164,Pires,PA,North,2023-04-03
495,7ee1011a-8e4c-4ab5-ad5d-0477adc29178,Ferreira,MG,Southeast,2023-04-11
496,61935990-abdd-4a8f-a4b0-5c89f10bce9c,Sampaio das Pedras,BA,Northeast,2023-04-13
497,605fb1eb-4cc5-4e0d-a633-20186883ac6e,Sá,MG,Southeast,2023-11-03
498,d96e684f-3db0-474e-b938-878a89b5aab0,da Rosa,DF,Central-West,2023-02-17
499,ce4758be-24f4-4c62-b523-c0dedb87d29c,Araújo de Novais,RJ,Southeast,2023-02-27
500,8eaa5841-6aa0-426d-b7c0-d5f769a53b4f,Gomes,RJ,Southeast,2024-01-19
501,548c1d84-340d-4049-8147-65063e2bf9c9,Machado,MG,Southeast,2023-09-08
502,891f6912-17ab-4863-9efe-ef4fd8ddbbc0,Aragão,PR,South,2024-08-02
503,9adf4709-ac75-4344-a08e-149e44b9e602,Barbosa,RS,South,2023-07-04
504,966be275-c2fe-4954-8dfd-9531302b7831,Mendes,SP,Southeast,2023-03-22
505,553d2625-e833-4da5-9e95-d6953579c143,Albuquerque do Oeste,SC,South,2024-01-27
506,bdd151b0-f64a-46ec-b0a5-648eefe9b3d0,Souza,SC,South,2023-09-04
507,ea18d32c-7a9a-4ef5-811b-d1c4ffe3f366,Sampaio,ES,Southeast,2024-08-20
508,6589ada1-345a-4934-b42a-2d939aba0f15,Novaes,SP,Southeast,2024-04-17
509,61730c48-4876-4153-8688-13fe52555c75,Nascimento de Rezende,SC,South,2024-04-15
510,5c11ab6d-42f5-43f5-8ef4-c34d5bf86f3c,Martins de Brito,SP,Southeast,2023-01-10
511,78308631-b8f0-488e-bb37-afaecd8563ca,Costela da Praia,DF,Central-West,2024-04-21
512,90019ed4-0bb4-41e7-a9f7-53f1501ba851,Sousa,DF,Central-West,2024-11-24
513,8da5d39b-42c2-4797-8426-fcc9255b30e2,da Rocha Grande,PR,South,2023-03-17
514,613d2de9-3ae2-4023-9472-0d2d32399ffb,Monteiro,MG,Southeast,2023-12-20
515,af521b94-f186-447a-a794-63208cf6e8b8,da Cunha do Amparo,AM,North,2023-11-03
516,bd5609c4-a446-4663-b93b-17fbf76d15fd,Marques de Cavalcante,SC,South,2024-03-10
517,2b54ff7a-5a28-47b2-8b83-83f2bb96f602,Silveira,RS,South,2024-04-12
518,eab9eb02-2f1d-4121-bd02-4c6d8bea75c1,Moura,PE,Northeast,2023-07-23
519,13075157-d8c1-48e7-96cd-315508a8ac7f,Teixeira,PA,North,2024-05-09
520,d7b102a9-2332-450e-a992-896e01a25ed1,Azevedo,SP,Southeast,2024-01-26
521,37fe032c-0257-4851-a6a9-e100b509109b,Freitas de Araújo,PR,South,2024-08-11
522,ef145064-aab0-4015-a342-2e509e2a7324,Ribeiro de Mendonça,RJ,Southeast,2023-10-30
523,8d388327-883f-43c6-81b1-58e90406ff44,Albuquerque do Sul,SP,Southeast,2024-11-05
524,892621df-4655-48b7-b8e1-9f568787ea21,Almeida do Galho,RJ,Southeast,2023-01-09
525,6e3a0ba8-ac8d-4c7d-b2a6-e468d02b1243,Caldeira,PR,South,2023-02-20
526,261e2555-863e-4f2a-98a8-06efeb053fc4,Correia,DF,Central-West,2024-05-23
527,d0b1e3eb-409e-4a80-86c5-d1d69ea9f508,da Mata das Flores,PE,Northeast,2023-10-21
528,67f1698c-f594-4a54-9f80-4eeb143a9aff,Nunes de da Cruz,BA,Northeast,2023-08-24
529,4ccb2355-39d1-47ff-b27e-1442fd7fe973,Rezende,SC,South,2023-12-27
530,c27437eb-a65f-4b8a-9bb4-4021fdde64af,Borges,SP,Southeast,2023-07-14
531,8d7dd772-608e-4f5c-a117-727067c0518b,Araújo de Porto,SC,South,2024-11-25
532,152aeaec-2bdf-4b41-b3ed-a8f1026b5383,Lopes de Ramos,BA,Northeast,2024-11-06
533,fa323f69-90db-4ad6-94ce-26bec8cce2c2,Moura,RS,South,2023-05-21
534,361f6d90-3ad1-4a33-8ae4-ac11eb4d8f42,da Mata de Aparecida,SC,South,2024-10-04
535,ecf32053-af36-48cc-9308-7974ec95b3ac,Nogueira Verde,SC,South,2023-11-13
536,edc3a1c3-2dea-4d2d-886c-405fa879d8f8,Almeida do Oeste,BA,Northeast,2023-02-04
537,d218c9d6-c093-4fb0-a4e9-bcfd9647ff9f,Barbosa da Mata,PR,South,2023-05-15
538,9112fbc0-3d8f-45f4-905f-9096299656e2,Rocha da Prata,SP,Southeast,2023-10-30
539,bd5ff093-c16f-4bcc-a243-bed754ec3f33,Vieira,RJ,Southeast,2024-03-01
540,1413d64d-b962-48a7-b076-a7dcfd0ce433,Aragão do Campo,SP,Southeast,2023-05-16
541,1375ee90-d6b3-41e4-bb6d-ca0d6fe5040b,Pereira das Flores,BA,Northeast,2024-01-10
542,07958c1f-538d-4b8c-8607-b1e9f80b2cea,Viana dos Dourados,PR,South,2023-10-07
543,8d93e14a-5b16-4158-ba67-470c7d98302f,Lopes da Serra,PE,Northeast,2023-09-21
544,614c721d-a921-4b4c-95fb-e976ae007b7e,Vargas,DF,Central-West,2024-05-08
545,3f175534-cc4d-4819-8b9d-fd589e5d9c7a,Barros,MT,Central-West,2023-10-30
546,b630794d-6147-4deb-a77b-06674499d0a6,Sousa,BA,Northeast,2023-12-13
547,1b46ebdc-5c56-49bc-9111-d31d63be441d,Abreu,PE,Northeast,2024-04-24
548,5c238d8d-71da-45b9-8eea-9db8f165d779,Caldeira Grande,MT,Central-West,2023-05-25
549,72e76b51-6e54-4c6d-aff8-e87e16591c89,Caldeira do Sul,BA,Northeast,2023-08-20
550,17d30f32-8de1-496c-9a9a-206a16f142a2,Gomes do Sul,CE,Northeast,2024-11-21
551,c777a07f-6346-44ef-a9ef-74e34ab6821c,Silveira,MT,Central-West,2024-07-24
552,fe2390f3-e7bb-4efc-8f3d-c97fe6b0da0a,Oliveira,RJ,Southeast,2024-02-09
553,6177a771-af70-4e70-ab69-c95e85671b58,Carvalho,SP,Southeast,2024-07-03
554,7e3d5ee4-44b6-4ec1-8d16-f04944d7df9a,Azevedo,SP,Southeast,2024-01-13
555,6bcd5ce7-46a5-4fe8-af46-f1b12ace1aa9,Mendes de Minas,RS,South,2024-11-19
556,3f2086c2-f1b8-4d65-806f-64d65c72aebd,Peixoto de Pimenta,SP,Southeast,2024-01-26
557,22af711f-1b62-4a9d-b536-6b9f320f72c0,Abreu das Flores,PE,Northeast,2024-01-16
558,614077d3-9ec4-4a48-9773-f98d550c2fe9,Macedo Alegre,SP,Southeast,2023-08-28
559,dc08bf29-d2d3-4488-90c3-00186e3cdd4f,da Rosa,MG,Southeast,2024-09-26
560,b1fead13-f280-4f1d-9a6c-0db952171c88,Mendes,CE,Northeast,2024-07-28
561,65f30779-f6ee-4cdb-ad79-a2d1506e50c7,da Rocha do Amparo,RJ,Southeast,2024-09-16
562,3e0f84ce-c82f-48fd-936c-d31cf7bf5244,Garcia Paulista,SP,Southeast,2023-03-06
563,5d71a898-6497-4593-892e-8c93d105c8d6,Nunes,SC,South,2024-04-20
564,8bae591e-ff4c-410f-979c-30cf33261887,Rodrigues,DF,Central-West,2023-11-06
565,f3f81c31-06e3-4949-8cd3-4c62c4829b71,Santos de Costela,SC,South,2023-04-30
566,d4cee27c-4a94-4e9f-8c35-1e4f703e957f,Vieira,SP,Southeast,2023-02-08
567,7fd255ee-ac48-4366-a8bd-80d7cb881c32,Porto,RJ,Southeast,2024-05-19
568,a89e22f2-40af-4f3f-bdf5-19674d8670bd,Silva,SP,Southeast,2023-08-29
569,12ef6101-6082-486f-8a00-ef586c521d13,Peixoto de Mendes,CE,Northeast,2023-05-19
570,81b15db9-88cc-4d49-a69b-29b8950df1a0,Nogueira do Norte,RJ,Southeast,2024-01-15
571,b39e4df2-5c0a-4feb-b7ea-e66eca6caf9b,Caldeira,RS,South,2024-07-07
572,aa2960fd-a858-44df-bf8c-1097c4da2c2e,Cavalcante do Norte,MG,Southeast,2023-06-08
573,ad6ecc57-a520-43d0-bbcd-bf5e902f3465,Sá Alegre,CE,Northeast,2024-11-01
574,1b1f2eb1-6e32-45a8-8bd5-cc86f73936e9,Brito,SP,Southeast,2024-05-16
575,bf31c29f-82bb-4d84-b8d5-101f423cad9d,Machado,SC,South,2023-10-14
576,c5b8386b-768b-4f7e-a421-5e665fc64cd0,Ferreira,SP,Southeast,2024-01-15
577,1ac3bf31-7b96-42d1-8649-bcf6ff69723d,Leão de Minas,SP,Southeast,2024-03-31
578,baeb286b-f0d0-470f-94d1-3d551db6b844,Ferreira,GO,Central-West,2024-01-07
579,c8c5eb2a-7490-4deb-97d3-37d34fd80bbb,Moreira,SP,Southeast,2024-01-12
580,18fdd2b9-79e5-49aa-992a-35497ba109d0,Silveira de Sampaio,PR,South,2024-10-22
581,4cde1b6b-1132-467c-91a4-0d2a73d39457,Santos,RJ,Southeast,2024-02-12
582,57d3f4dd-d963-4c72-85c8-234b1d763a66,Rocha,SP,Southeast,2023-05-06
583,fbe0e6b8-ee0f-45a8-aa13-1c1fccd015c1,Moreira,GO,Central-West,2024-04-10
584,54bbbcf8-28fe-4761-8d49-fe3f2ca8f783,Martins de Goiás,SP,Southeast,2023-08-06
585,2f383b43-a137-48e4-a7b1-3040cc39b925,Porto,SC,South,2024-09-03
586,0779250a-6544-4313-aea0-5d13a84554c3,Machado,MT,Central-West,2023-02-21
587,0123a348-638a-4df6-adf7-2cd3979aa051,Costela,BA,Northeast,2023-09-07
588,cf08ea54-b429-4924-8098-675047419b48,Oliveira,AM,North,2024-08-01
589,89718eea-df3a-498a-8cac-2fb51a0c6c04,Fonseca,SP,Southeast,2024-07-21
590,1d2c2721-7522-4646-b273-75bf5373bf4d,Rios do Amparo,SP,Southeast,2023-08-10
591,503b4078-a39c-4ec6-b746-4c02871854c1,Pimenta das Flores,PE,Northeast,2023-08-27
592,5a1baf0e-5911-46dc-9d3e-503a9645f0e4,Pinto de Cavalcanti,RJ,Southeast,2023-06-01
593,ccf4ffb0-b4bb-473f-ac70-51d1d051267f,Pimenta Verde,BA,Northeast,2024-09-02
594,502cf0ee-224a-46a6-ac0f-680115b24e1d,da Costa,SP,Southeast,2023-05-29
595,5f90fc87-2edc-417e-9df0-5d184e2d6255,Moraes,AM,North,2024-07-07
596,234b4562-98af-4cca-ab11-b7cb63725424,Lima da Serra,SP,Southeast,2023-06-28
597,b184d1fc-8991-401a-a2b0-3c4b7c966b55,Novais,SP,Southeast,2023-01-27
598,23ea7956-49f1-437d-bd59-2e192ab7b2ef,Dias,SP,Southeast,2024-01-02
599,0db977a9-9e91-471c-b374-ccbfd78c57d3,Albuquerque do Amparo,BA,Northeast,2023-09-01
600,624a2a50-d0b1-4de0-b1f3-f0c022f3f068,Jesus de Rodrigues,PR,South,2023-01-17
601,d703262f-b5cb-43f5-aa66-c1847de1bf5d,Mendonça de Cavalcante,SP,Southeast,2023-02-23
602,cbbed980-07e6-4cb0-90bd-e9001529e6f5,da Rocha,SP,Southeast,2024-03-07
603,89a0b7eb-398f-469b-865c-c2cb085eb489,Cavalcante dos Dourados,PR,South,2023-03-07
604,c4134dc2-c5c5-4e8a-be15-ad1290ce77e9,Novaes de Moraes,MG,Southeast,2024-01-06
605,44945e09-1d3c-45a4-929d-63771cfb655f,Nogueira do Norte,ES,Southeast,2023-04-22
606,8bddcee3-70fd-4672-b80f-16c5c28fa16b,Lima,MG,Southeast,2023-08-15
607,a757075b-d47f-43b1-bc69-c1551a37f6bd,da Rosa,GO,Central-West,2023-02-14
608,7321a8b2-0840-405a-bfd2-f491dff389aa,Ferreira de Minas,RS,South,2024-11-05
609,1e0d02b5-fe74-42cd-9d83-ad037066e289,Costela,ES,Southeast,2024-04-14
610,b06b0f0c-9682-4e22-bcd4-344fcf8a368e,Santos das Pedras,SC,South,2023-02-01
611,c8ebe27a-23a4-470e-9dbc-15c02a7dc57c,Costela,SP,Southeast,2024-05-05
612,59cf0b0d-91f0-447d-8f32-1333ce315937,Peixoto da Prata,PE,Northeast,2024-03-12
613,b43cde0a-fa9f-410e-92da-f6812b1ac76c,da Rocha Verde,RS,South,2024-05-17
614,83b0b35c-dba6-4df8-b3d0-4ffb44709848,Carvalho,RS,South,2024-03-30
615,695e5ea9-c923-4c64-8006-2b5bf67839b2,da Mota,SP,Southeast,2023-03-24
616,b390b059-207b-4e21-a7e8-d18eddf6d4ac,da Cruz,RJ,Southeast,2023-06-01
617,d4176230-5274-4e11-b61d-f906257035db,Teixeira,SP,Southeast,2023-10-09
618,7d4d2add-6488-4945-ad1d-b537d7f34368,Oliveira,SC,South,2024-08-22
619,6a0aa7d5-a0b8-4755-84ca-a5a2a1e518a2,Machado de Minas,PR,South,2023-11-29
620,c4d598f7-e14f-4093-8b6a-d0c7a2356dd4,Guerra,RJ,Southeast,2024-09-03
621,b1d81887-4739-4c7b-bff3-0c8d83ff3e96,Marques do Amparo,PR,South,2024-04-09
622,de70bd30-00a2-4367-94fb-09f053c93ae7,Siqueira,ES,Southeast,2024-03-16
623,aa055442-a284-48fd-b55c-ee2af8ded777,Azevedo da Prata,SP,Southeast,2023-04-28
624,6dfd171a-f7d7-465d-b7c3-b3c965d0b517,Monteiro,CE,Northeast,2024-10-28
625,48998e5f-d40e-43ce-92a7-4a4144bed486,Novaes Verde,CE,Northeast,2024-07-18
626,7c3f1add-da38-4db5-90ee-b067216e9fe5,Rodrigues do Norte,RS,South,2023-08-09
627,c8acffcf-a04d-4d14-997d-bae10bc2ea72,Almeida de Campos,MG,Southeast,2023-08-22
628,70f81dba-2871-4b9b-9b8f-0e32edef5003,Abreu de Lima,MG,Southeast,2024-04-09
629,e8cee951-b047-4ea4-bee5-ce6933cb202e,Rezende,MG,Southeast,2023-04-08
630,eec71a30-dfda-45b2-a8b2-bf214d470ed6,Borges da Praia,RJ,Southeast,2023-11-17
631,aa1d3fc6-5f31-473d-9519-830c40198303,Aragão,RS,South,2024-01-19
632,b9da5f8c-4e35-4a80-a027-9a186576a410,Lima,GO,Central-West,2024-04-30
633,185df528-b425-4e19-9758-d47ea7cde143,Cunha,SP,Southeast,2023-03-29
634,97fb613a-21f8-4d06-93f3-cade7a10013f,Moreira,SP,Southeast,2023-04-09
635,02106371-0260-4123-b1ef-e72aae13591e,Campos das Pedras,BA,Northeast,2024-01-17
636,1221cddf-7a4a-402f-a1d6-3b0fb1ac040d,Gomes,PE,Northeast,2024-07-23
637,1a38aad6-ce53-4ffd-bb13-4f0216de66c9,Dias,SP,Southeast,2024-07-29
638,231ae7c7-4c9b-4f5c-a188-7eaf5e1885c3,Vasconcelos Grande,PR,South,2024-11-17
639,249204c7-ad58-4b1b-be31-537aa43e558c,Moura,SP,Southeast,2023-12-29
640,a667b982-9c3d-41b0-822b-66839033da65,Macedo,CE,Northeast,2024-03-09
641,a0c9da72-368a-4d40-b8f1-4e3c59e7703a,Jesus,CE,Northeast,2023-02-22
642,dc268108-7140-41a1-afc2-ccfc9db7284b,Borges,MT,Central-West,2024-09-06
643,c0a0473a-23d7-46a1-99b8-14fce5871d89,Pastor,RJ,Southeast,2023-04-17
644,f69777a1-59fe-4d53-a24f-ea4bbae1e137,Dias Grande,PR,South,2023-08-06
645,159152f2-a505-4a9c-86e7-5a2c3f6eed9d,Novaes,SP,Southeast,2024-05-08
646,9b8b38ae-b89f-4a92-999a-1d8699db1302,Vasconcelos do Sul,SP,Southeast,2023-04-21
647,e03635fc-a88d-4108-98d9-94b8d90f74e9,Costela do Galho,RJ,Southeast,2024-07-23
648,bf72ae52-304b-4370-8270-12389b5f8f39,da Rocha do Norte,RJ,Southeast,2023-10-13
649,f4655a21-cb35-497a-a5dd-98f1c8a738ab,Monteiro,PR,South,2024-03-15
650,7fe4a42e-3db7-48a6-9cdc-c4c262c965b2,Moura,PE,Northeast,2024-09-28
651,fca45567-0316-42d6-ba4a-58efe3837348,Dias Grande,SC,South,2024-10-20
652,91816091-d6c6-445c-9c5e-4e786307d4d1,Fonseca da Prata,PR,South,2024-09-15
653,78946a15-c342-41db-ac3a-acdcaed54a46,Almeida,DF,Central-West,2023-10-01
654,431e930f-0387-474d-9149-d096965d744f,Aparecida,SP,Southeast,2023-10-07
655,ca0ee8c4-f2dc-412b-8f7a-e302ec2e2815,Montenegro da Mata,RS,South,2023-11-13
656,c4615234-8044-4eb2-b66e-dbf4a0ea0251,Lima das Flores,DF,Central-West,2023-12-26
657,89a3c811-895c-4fde-a3fa-40691519fd38,da Mota,SP,Southeast,2023-05-27
658,82e4dd4a-143a-41c5-8f56-0ed515669e36,Cassiano,PR,South,2024-02-15
659,9620bee6-6406-4ace-93a5-e8508950ddd6,das Neves,SP,Southeast,2024-10-10
660,f413db19-bade-4d5d-afff-15ccb2dc6c34,Araújo,MT,Central-West,2023-04-04
661,6f3a5115-ecb4-478c-9612-0aa63e9639ba,Marques,BA,Northeast,2023-08-09
662,4f2da233-0e16-4b12-9bdc-70d19cbf7b8c,Campos,RJ,Southeast,2024-04-09
663,b3957a98-2320-4ff5-b538-f96c033e02f7,Castro,RJ,Southeast,2024-01-14
664,85e3ade5-58c1-4ad6-b3f8-dea47f14eafa,Cavalcante da Praia,RJ,Southeast,2023-11-29
665,df9b141e-c7f7-4da1-bff1-5840207e863f,Siqueira do Campo,BA,Northeast,2024-08-04
666,55c34853-0783-443c-a65f-ad87c57c7498,da Mata do Galho,PR,South,2023-02-23
667,f99cea5c-b65a-40f1-8350-ab061059ea28,Monteiro,SP,Southeast,2024-09-24
668,0e3141ec-5c31-4464-82c2-99f07487d772,Nunes de Cavalcante,SP,Southeast,2023-03-25
669,c5f8e2f8-414f-4994-a845-77805e20c957,Oliveira,SP,Southeast,2024-11-08
670,3a78b64a-1d86-40cb-b908-00f3ac93281a,Aparecida,MG,Southeast,2024-09-13
671,3e9aec86-0325-4fbd-9ce8-e1c5dbd30aec,Melo,MG,Southeast,2023-10-07
672,266bf2ea-eb93-478c-a20a-f1585d2d904f,Andrade,SP,Southeast,2024-06-08
673,b6ca1127-e9f8-4970-8d98-f9e28d888beb,Câmara Alegre,SP,Southeast,2024-03-16
674,b864ca08-ea75-452d-aa8f-cacb3f8e2d0d,da Mata de Minas,SP,Southeast,2024-11-25
675,8085c147-1e91-4f36-9f70-5b2592502e59,Cavalcanti,RS,South,2024-05-13
676,fb3df063-8409-45ea-8de9-18b33922a7e4,Guerra,PR,South,2023-11-12
677,ddb449dc-7710-4966-a082-7f7611a529b4,Vasconcelos da Mata,SP,Southeast,2024-02-09
678,74ed5145-8d97-45c7-961d-5c8753c9fe59,Freitas,AM,North,2023-02-26
679,c8d57717-9055-436f-8aa5-f9d3335f2f59,Sousa de Goiás,SP,Southeast,2023-11-05
680,f8cbab4c-9779-4e84-9e47-2e2276c3e642,Vargas de Vasconcelos,GO,Central-West,2023-05-21
681,8beb4e78-e683-43a3-bb82-b7963207343e,Cassiano,BA,Northeast,2023-10-24
682,061efb95-68f8-4063-aeb1-9ad201a1fb0f,Nogueira,RJ,Southeast,2023-01-08
683,b186a5a8-d6ee-426b-a2cd-159058af393c,Farias,ES,Southeast,2024-03-16
684,60538c1b-a845-40a1-8249-2e5e005fd0e6,Caldeira do Oeste,SP,Southeast,2024-01-25
685,6b790d01-3cf8-4d20-bbad-793f87a1ec02,Araújo de Casa Grande,PR,South,2023-08-24
686,0b3d0c36-17d0-4810-87a2-a10bb62edb49,Moreira,ES,Southeast,2024-11-15
687,5f5ba255-e544-4887-b36a-b3ed69be173a,Souza de Barros,PE,Northeast,2023-03-15
688,222df6a4-8163-46ce-9877-bc0694ad6252,Barbosa Verde,MG,Southeast,2023-02-13
689,a995ecc3-6f5b-49a6-8ff1-c51f915cb31b,da Costa,MG,Southeast,2024-04-15
690,50a46c85-d9d5-4b02-82d0-4d554aab47b2,Sampaio Alegre,DF,Central-West,2023-11-17
691,3bcdf203-459e-4674-b3e7-f042516c3b0a,Costa,PR,South,2024-08-10
692,95af6d0c-c528-4425-87a9-f33c22d839d3,Cassiano,MG,Southeast,2024-10-17
693,774f6354-7316-4e64-aa14-7a961b0c62eb,Jesus do Campo,MG,Southeast,2023-04-28
694,c534ca08-f6f2-4d1c-9bb8-b9c8893259f3,Machado,MG,Southeast,2023-11-29
695,da3c45ca-43d7-4f2b-b69d-e1e34eed4124,Borges,SP,Southeast,2024-09-24
696,4de1087b-afa1-4a55-8ebe-abaa28597b34,Cunha,MG,Southeast,2024-01-06
697,25f88c74-53ea-4919-9b48-62c2d5ff2a1f,Silva,SP,Southeast,2023-04-19
698,657046ea-5b11-451f-b7e9-101d3f8b4433,Rocha,SP,Southeast,2024-08-26
699,fd9cfbb0-d1f1-4485-829a-4a7c4c80d33a,Alves,MG,Southeast,2023-03-22
700,73c374a6-dac7-46b6-a786-3fb3f3bc9a71,Brito,RJ,Southeast,2023-11-14
701,cb371d97-cdcc-4d6a-9a16-998c7648776e,Campos,BA,Northeast,2023-08-15
702,c7ecfe71-d493-47fc-8fc9-8d2e030f9be9,Cardoso,RJ,Southeast,2023-06-22
703,5f4b1a97-668c-479b-92dc-42c832b8d8aa,Pacheco,SP,Southeast,2024-10-10
704,d010318a-eadc-4960-8242-11e2960be0f4,Almeida,SP,Southeast,2024-06-06
705,e709fba6-329f-4417-9081-3d45ff45f8a2,Cardoso de Borges,SP,Southeast,2023-12-24
706,cf133b65-d450-4fa2-98e7-0aebe7b33085,Campos do Norte,RJ,Southeast,2024-10-22
707,2b015723-0cf6-47a5-b603-c36cf1394e3c,Silveira das Flores,PE,Northeast,2023-08-30
708,aee70ab2-61fa-4e7a-878c-26ce7f0223bc,Cavalcanti da Praia,SP,Southeast,2023-09-20
709,46653497-2fe9-42aa-a886-a01136f7a26c,Machado Grande,SP,Southeast,2024-09-08
710,9df2372e-9e82-4aae-9d36-16a108dec921,Ramos,SP,Southeast,2024-11-02
711,e1fdc6d1-6978-4221-bfb7-5c574b8c031f,Araújo de Borges,SP,Southeast,2024-10-05
712,6b52f93c-2321-464e-a20d-4a1f479f6628,Ramos,MG,Southeast,2024-07-31
713,3fc825ac-869b-400f-8c15-2a1be2789642,Garcia,BA,Northeast,2024-04-04
714,7acc9970-5bee-4570-b69f-75c5c82ba1be,Ferreira de Nunes,RS,South,2024-08-01
715,453b45fe-636c-4499-9254-aad3809cd839,Alves,SC,South,2024-10-01
716,07806e71-3811-4519-98dc-9e0b51a1f5df,Araújo do Amparo,RJ,Southeast,2024-10-04
717,95804c2a-c44f-44b8-9b80-b8d18788dfed,Castro,RJ,Southeast,2024-03-26
718,3dbc3093-a828-4442-bf73-8f5019a2676f,Nascimento do Norte,SP,Southeast,2024-03-28
719,382b5b86-f2a3-4efd-bf13-8c80c398c332,Fogaça da Serra,SC,South,2023-10-09
720,5168bbf2-97af-4bde-bc8e-9d782d14e9f4,Pastor do Sul,PR,South,2023-12-27
721,f2933585-5a07-4758-b357-f3f9b4157cea,Nunes,ES,Southeast,2023-11-14
722,fcedf994-d631-4383-b030-14d0f2c84743,Nogueira de das Neves,MG,Southeast,2023-02-08
723,171b1b80-09b7-4df7-bd8d-3ddd2cf149cb,da Conceição,SP,Southeast,2023-10-21
724,86c5547c-051a-4039-b803-dcee9a069295,Abreu de Farias,SP,Southeast,2023-04-03
725,ce7334f2-3393-4b6c-9d37-efb6eafb3e90,Fernandes,SC,South,2024-06-03
726,cd6bb03b-eb35-47a0-ad6e-0291b7893986,Araújo do Sul,RJ,Southeast,2024-08-17
727,eacf33a9-b466-4ab6-962c-04dd25d07461,Vasconcelos,PR,South,2023-02-12
728,dc54d59b-86bb-42c7-98b2-f8b61c654aa2,Barbosa da Praia,MG,Southeast,2024-08-08
729,6545c030-a981-4a54-b121-e129b45c9a54,Fernandes,SC,South,2023-11-26
730,f9d2014a-22ee-4f07-9296-1fb34d407b28,Siqueira,SC,South,2024-05-28
731,a3a6ef83-cab6-4107-afd6-9b3af2dd9456,Rezende de Dias,SP,Southeast,2023-03-05
732,8fddbebc-f7ff-48d4-b509-f08a2c988bca,Câmara Verde,MG,Southeast,2023-12-18
733,4e8bf78a-60dd-47f1-ace3-d822d08012b8,Cardoso da Serra,AM,North,2023-03-28
734,b3b6d344-f2e3-46f0-8075-d3d5ba94aa66,Vargas Verde,ES,Southeast,2023-06-26
735,5176a9d1-9a36-44d6-ae9c-e8ff084a3c4b,Porto,SP,Southeast,2024-03-24
736,7f05fbf5-efca-4577-9aa6-f7cb90c7e6ac,Farias,PA,North,2024-06-20
737,58c88c48-3ced-4d1f-93eb-22c9beced21a,Cavalcante de Minas,ES,Southeast,2023-06-12
738,a39c3bd5-ab86-4afd-b57e-c883d2586d90,Machado do Sul,RJ,Southeast,2023-10-17
739,b173fcdf-3fe1-48f3-b5ad-de8843e4f668,Ferreira,RJ,Southeast,2023-12-13
740,b86d066b-1ba8-47c6-897a-24ad41b455b8,Aragão,RS,South,2023-02-23
741,6b6e64c5-bb8a-4843-b02f-31e562ccc604,Jesus,BA,Northeast,2024-10-24
742,59ea4936-60f3-4ebc-a1bb-b8cd7e3a9f07,Brito do Amparo,RJ,Southeast,2023-12-04
743,a6a5f0ff-93fb-41d0-9d32-6d9cc9ea356a,Castro,SP,Southeast,2024-11-25
744,d883e3f8-cc98-43de-92de-9e5a7387928a,da Rocha,RJ,Southeast,2023-09-16
745,f3a02120-42d9-43ee-9197-6e750523d4fd,Barbosa,RS,South,2024-11-03
746,601e0211-e34f-46b4-ab8c-03bf5780be17,Siqueira,MT,Central-West,2024-09-09
747,e5eb772d-f11c-4ac5-8c0b-393a13335bc9,Fernandes,CE,Northeast,2023-12-08
748,e4aa786d-9d17-4218-bc3b-0de5981262ac,Santos de Alves,SP,Southeast,2024-11-10
749,2a3d418d-a754-429f-b143-e5456e6b34b9,Castro do Norte,SP,Southeast,2023-12-25
750,f9722cc1-349e-44a9-94c2-9d5c19ec0829,Jesus,RJ,Southeast,2024-11-02
751,ecf26429-b8d7-4d2f-8dda-4ff2b27b7bb4,Ribeiro da Mata,RS,South,2024-02-06
752,0cb4e891-188d-423b-bccf-f6eb4c2272f3,Oliveira da Prata,SP,Southeast,2023-03-28
753,0df407b8-2751-4b86-bdae-c949d700b461,Abreu das Pedras,RJ,Southeast,2024-01-21
754,a97a2846-d2ea-4f18-8b67-97a1166ecfe3,Costa de Brito,SC,South,2023-12-03
755,a3607681-2bbb-489d-b4fa-dee106969d48,Barros do Amparo,PE,Northeast,2024-11-17
756,c8edabdd-4ef0-4f80-9d91-fe39d8014004,Melo do Amparo,RS,South,2024-06-23
757,1754bf08-43d7-4413-a939-ebd1e516b0d4,Cirino da Praia,SP,Southeast,2024-11-17
758,2fc3e649-5e91-4b91-a1a6-6444e2afa629,Aparecida de da Luz,MG,Southeast,2024-01-06
759,39eb038a-436e-4c49-b70e-09db7092d401,Nunes do Norte,SP,Southeast,2023-11-13
760,aadf3692-b24b-4b96-8092-7b7426b07ff6,Barros,SP,Southeast,2023-08-08
761,8a9c66f7-cee4-4512-9802-b640ab0b4cc5,Sá Verde,RJ,Southeast,2024-05-12
762,d73e7bb9-0f9c-417b-8db8-dadf3a3e46b0,Moreira das Pedras,SP,Southeast,2023-05-21
763,ddecc40b-afe3-4f13-8917-78e8f7336094,Oliveira de da Costa,SP,Southeast,2023-10-30
764,6511e61a-1436-45f5-8c81-926079ec533c,Montenegro,PE,Northeast,2023-04-14
765,ccea5031-844e-450b-a684-390c923b7820,Campos,ES,Southeast,2024-07-06
766,2c41cbd3-72f4-44ab-81d7-1f4af3025d16,Cunha,PE,Northeast,2024-06-23
767,0aeccec7-204d-49da-b156-7f2acef74829,Barros das Pedras,SP,Southeast,2023-12-11
768,a091e5b4-d293-4e6e-bf4d-093033b0fb53,Peixoto,CE,Northeast,2024-09-24
769,ba236c22-e92a-4b97-91db-1a374204d733,Borges,SP,Southeast,2024-01-21
770,8d536c75-65b9-4e94-8e6d-e263635a775d,da Mota do Galho,SP,Southeast,2023-07-05
771,032a461a-df9b-4c1f-aacb-1f6d7549c9f9,Camargo das Pedras,PE,Northeast,2024-10-01
772,9682d9ff-910c-4cb7-a5f0-6b0a264ef59d,Caldeira,PE,Northeast,2023-06-19
773,c926a021-19da-4262-8790-3dc5900c0af7,Nascimento da Praia,RS,South,2023-02-14
774,620f230b-439e-454c-a930-16eae0bda1ee,Oliveira de Pereira,MG,Southeast,2024-11-23
775,46818a88-2c15-4804-8997-59a37919955c,Casa Grande das Flores,RS,South,2024-03-30
776,e1035e1c-e3bb-42ae-a552-ac5309eda6f5,Sales de Goiás,SC,South,2024-04-04
777,ebbbd763-79a7-463b-bee9-75da0c9e5550,Freitas do Sul,SP,Southeast,2023-09-02
778,4d950273-cb2c-4805-9140-3430567e642e,da Mota do Amparo,RJ,Southeast,2024-04-25
779,1924c644-af52-4666-b239-09f4dbb54645,Carvalho,DF,Central-West,2023-07-18
780,716fb276-be64-4c2a-b966-71a54cec495b,da Mata das Pedras,RJ,Southeast,2024-08-07
781,301c8db3-16db-40db-a543-148e9adfe981,Cunha de Jesus,AM,North,2024-04-17
782,84396fc0-c26e-4706-bc05-9799bdae8eff,Araújo do Galho,BA,Northeast,2024-01-27
783,4fa5c35e-10cc-4604-a8b2-6b1bca9f1d59,Carvalho do Galho,ES,Southeast,2024-03-04
784,2c7a0d31-0769-4583-9194-821ee11bf0d4,Costa,MT,Central-West,2023-07-24
785,08775804-3fde-4814-8ec0-ad4bd6441a9d,Aragão de Fonseca,BA,Northeast,2023-05-22
786,5e4c4fd1-4623-43a9-b2f8-dbabb462e3e8,Montenegro de Gonçalves,CE,Northeast,2023-02-23
787,ae61716a-1fb6-41ae-ac4e-8cbba2aa378c,da Costa,SC,South,2024-01-16
788,7233d5af-9813-4da1-bd21-20ad5f59fb4d,Melo,PR,South,2023-04-16
789,5820b3f2-5989-4d6c-8d24-34f9963dc8bf,da Luz,RS,South,2024-06-12
790,1723ecdb-b058-4256-94b3-e8cfbfbbeab3,Alves das Flores,PE,Northeast,2023-10-19
791,927f8103-da94-48c0-a9b4-4cb10cb5ee5c,Câmara,SP,Southeast,2023-06-14
792,34ec5264-ad7d-4f81-b9a0-f145a5bab050,Rezende das Pedras,SP,Southeast,2024-06-09
793,c7c1fb1b-dd58-431b-8522-26b983666636,Melo,SP,Southeast,2024-03-23
794,2c56e0cd-a5ba-4472-a1df-5609e959137f,Câmara,SP,Southeast,2023-08-16
795,f168c605-ce1a-4669-9bbc-6cbc409ca8f2,Silva Paulista,PE,Northeast,2023-12-24
796,da018d29-6060-41eb-a53e-5f4c6c7e9a2c,Marques Paulista,DF,Central-West,2024-02-29
797,ad5cba24-4d59-416b-b779-857f37dc8c78,Pacheco do Campo,SP,Southeast,2024-05-29
798,a9902071-ffda-4a93-82f2-900401e187d8,Novais da Mata,RJ,Southeast,2024-01-31
799,7b53359e-1bac-4d0d-af35-b30b4c68eb17,Fernandes,PA,North,2024-01-19
800,533c2ed5-a3fe-4479-86c7-9b36fd053963,da Luz da Mata,SP,Southeast,2023-11-23
801,c3f62136-846d-4a3b-a661-c42630385dd7,Araújo,GO,Central-West,2024-10-27
802,cf5e0f0b-cd67-45df-9b79-04e0ce30a61d,Ribeiro Alegre,RJ,Southeast,2023-05-30
803,06843c86-b8a6-4402-a3d2-6b8dae46024d,da Rocha de da Luz,SP,Southeast,2023-10-21
804,6365fc2a-6793-4b09-ab27-1effe82b5b36,Pacheco,DF,Central-West,2024-04-28
805,d0e656e5-9271-4f6e-bea8-2e3ab54401cb,Fernandes,RS,South,2023-05-23
806,afb28b3d-38ec-4b4d-b69f-5eabb9ff2c29,Rios de Fogaça,BA,Northeast,2024-04-25
807,2b843ef3-d86d-455d-8cd9-916481df62f4,da Rocha,MG,Southeast,2023-01-06
808,bdacdc5e-20c0-4275-b885-187d18fc83b7,Silveira da Prata,DF,Central-West,2023-01-20
809,f269921c-2edd-4141-a9a1-c6d5c34e9baf,Rezende de Minas,SP,Southeast,2023-06-03
810,be848aa2-392c-44da-9af3-da5a38e59b27,Leão Alegre,PR,South,2024-09-15
811,4b46ef33-95e7-4614-82b4-02815f269466,Campos de Melo,PR,South,2023-04-24
812,9565257b-a267-432f-9dcb-f4bc0dbdc5da,Melo,BA,Northeast,2023-09-01
813,1eac41d9-801f-4909-b1cd-9f6ee3b16d36,Moura da Mata,RJ,Southeast,2023-02-18
814,daaf7529-deef-482a-8dd7-015869c165ae,Carvalho,SP,Southeast,2024-10-16
815,68c0cbef-57b9-46b0-b346-a332fe0a824e,Casa Grande de Dias,BA,Northeast,2024-04-13
816,c768b07f-2e2b-4c6c-b736-0c4fdcc5d975,Mendonça,SP,Southeast,2024-05-26
817,2d445af8-fc94-46b1-a18b-5d1555273407,Porto do Norte,PR,South,2023-01-17
818,359a1533-4605-4c0e-b3b9-c2ac0134e76b,Oliveira,SC,South,2024-08-11
819,c90394ea-7d54-4c82-a88f-3435c3b534db,Cardoso,SP,Southeast,2023-05-28
820,6dedcba5-a22c-4d4f-af07-b60f9d4e8b5d,Lima do Amparo,RJ,Southeast,2023-01-02
821,88a5fa0d-09a8-4dc5-8131-ff3b62210670,Siqueira,SC,South,2023-09-04
822,e45a87e8-039a-4ed5-b337-b2615f8392d5,Sá do Galho,PR,South,2023-07-11
823,010e4265-ad3f-4dd4-8496-26ba30c9a2be,Câmara,RS,South,2023-03-29
824,4fe54745-5827-4e80-a082-1918b18ad67d,Caldeira,ES,Southeast,2024-01-05
825,4e5d8f12-96b3-4f4a-80da-a8ca62305d27,Azevedo,SP,Southeast,2024-06-22
826,f2ce7eeb-4c56-4b8f-8bb4-32b3d2e76deb,Marques do Galho,PR,South,2024-06-03
827,6f04af36-567c-4d44-862c-92fd98abb2e7,Fernandes,PR,South,2024-02-04
828,5bf7dda1-7d7c-49a5-a6c1-1650ff02f5b0,Cavalcante,CE,Northeast,2023-02-14
829,cfdfc6f9-eb0f-427c-a82a-3879f2b5a7ea,Almeida de Goiás,SC,South,2024-01-18
830,2196b3b5-fc21-409b-ba27-bc64396d1ffb,Siqueira,SP,Southeast,2023-01-17
831,2b429596-812f-4a38-96f6-1c09059c1ba0,Fonseca,RJ,Southeast,2023-03-11
832,0990a647-cac8-487e-a689-d07fb60b4f87,Porto Paulista,RJ,Southeast,2024-11-03
833,0c7031eb-9f85-42dd-88e4-4a48c5709e30,Ribeiro,SC,South,2024-08-18
834,050dcbfe-d60b-4603-a750-350e1bad52a8,Sales,BA,Northeast,2023-12-07
835,61584f88-71be-44c3-aab1-cdb61da466fe,Novaes,SP,Southeast,2023-12-27
836,27335670-b3ad-42ba-b972-09c040b374f8,Sales,PR,South,2024-10-20
837,4d15f7d8-0261-487a-a15c-159aaf8ca888,Ribeiro do Campo,SP,Southeast,2024-04-20
838,9f6facc1-451d-48fe-8532-fc74a9987bdf,Leão,AM,North,2024-05-05
839,82f73861-1adb-48cf-a60c-1638d4a5a81e,da Paz,SC,South,2023-05-19
840,7f6bd3c6-1b34-4937-88e6-09391d2fed2a,Pereira,SP,Southeast,2024-04-13
841,d4dd1b56-4353-41b2-8728-50c13322c68b,Fogaça,SP,Southeast,2023-07-26
842,290e3e89-4b9c-42f4-a8e5-c8cdb4146e4a,Novaes,SP,Southeast,2023-07-24
843,b02e21aa-352b-4ec8-a90d-21cb7f111a36,Farias de da Costa,CE,Northeast,2023-11-20
844,16c8e3d7-abf0-463e-8343-8b6400b3700f,Oliveira,GO,Central-West,2024-06-11
845,f30ee4fe-262e-4559-be7d-9a19ab450578,Vasconcelos,MG,Southeast,2024-07-10
846,b93c4b0b-b93b-470c-9336-5c0c82ff1f2e,da Cunha,MG,Southeast,2023-02-07
847,fd1935cc-74ed-460e-bb2d-520ba4f34185,da Luz dos Dourados,BA,Northeast,2023-07-15
848,2cb941fc-d02c-45f9-998d-13a40cd20e43,da Rocha,RJ,Southeast,2023-02-18
849,500d92a7-ad40-4244-8d35-66ef5c370739,Sousa do Campo,CE,Northeast,2023-12-06
850,e3ea2d7f-c219-4845-99eb-404c1851d1cf,Albuquerque,SP,Southeast,2024-01-12
851,a5aecf37-a9d1-428e-a36d-d176da1c96ae,Farias,MG,Southeast,2024-02-14
852,f480b91e-700e-4efc-a4ff-c31a5b86ea69,Siqueira de Minas,BA,Northeast,2024-01-31
853,2ed087d4-57bc-4d3a-90a1-7fe85f642a53,Guerra,RJ,Southeast,2023-07-11
854,4596da75-74df-483f-b659-f1886676cc75,Sales do Amparo,ES,Southeast,2024-05-24
855,e2d903c8-a61a-4d8e-abf7-240fccc62fed,Camargo,RJ,Southeast,2024-06-15
856,0f037337-b9f6-443b-b238-305621ec4754,Caldeira,SP,Southeast,2023-03-26
857,7b90942f-973b-4977-a946-28206a80cac2,Cirino de Pimenta,RS,South,2023-03-22
858,9c81fc46-5bcd-436c-8777-4fae613758c3,Rodrigues,MG,Southeast,2023-07-04
859,f933a9fa-ba2e-4eb3-96aa-5382e1446b45,Mendes,PR,South,2023-11-25
860,e3395b1a-1ce9-4871-bcf5-9d5feb9f33cb,Macedo do Norte,SP,Southeast,2023-12-02
861,5071e5f0-a7ac-490c-82f9-0f921036ca81,Santos,SC,South,2023-11-10
862,c47cc30b-865a-4766-ad8c-bfeade4b061e,Rios,MG,Southeast,2024-03-12
863,85ea16e0-84e3-4774-969a-def0df865633,Lopes,SP,Southeast,2024-03-30
864,7b5fbe41-3fa2-4de0-ba05-dd0fa9660a5a,Ribeiro das Flores,RJ,Southeast,2023-02-13
865,8eefa5dd-d391-4dcf-96ca-de2c260e37cc,Albuquerque,RS,South,2023-12-28
866,816ce054-282c-4470-af32-f72aa4b5c723,Monteiro de Cavalcante,SC,South,2024-03-21
867,52150ed8-7ddc-4413-805d-b774132a5e58,Farias,SP,Southeast,2023-02-28
868,81c61eeb-0ce3-48c8-8735-4e4ff85b6d0a,Novaes,SP,Southeast,2024-10-14
869,d12daea8-673d-4920-a0ee-64baa4b0718e,Barros,MG,Southeast,2024-06-09
870,92b26acd-cd1f-45a3-b1b6-5ca175873920,Borges de Monteiro,BA,Northeast,2024-11-26
871,fb0d3cda-1e63-4261-90e9-688872730e7b,Souza de Rezende,SP,Southeast,2023-02-01
872,698f04f8-6747-424a-9a46-d536048c8480,Novais,SP,Southeast,2024-09-14
873,1744ee3f-d36e-41bd-800b-1f5e8c91bd13,Moraes da Prata,RS,South,2024-03-24
874,74ca0ad7-abe5-4e96-a793-9a2e34f43404,Fonseca do Norte,SP,Southeast,2023-03-10
875,74577d47-d825-4010-b911-2943d10bf4dc,Novais do Amparo,SP,Southeast,2024-10-22
876,b7461b72-5d00-4f1b-a83c-1c2bb776e729,Camargo de Brito,RJ,Southeast,2024-01-28
877,008ffab9-38c4-4b38-a8ae-57b9c262cad0,Fogaça da Mata,GO,Central-West,2023-02-03
878,b3bc912f-5fb7-474e-85a0-d0898c357321,Aparecida,SC,South,2024-11-26
879,23f47a55-7e0f-40b2-aa06-1609e599bd3c,Caldeira Paulista,MG,Southeast,2024-01-15
880,1ee93260-3002-4831-b227-e8d89c60c81b,Cunha dos Dourados,RJ,Southeast,2023-03-20
881,b77f69b9-30c9-451f-880b-2af7d315fafa,Caldeira das Pedras,PR,South,2024-06-26
882,d6642fe8-a21c-4c06-ad37-65670be7728e,Vargas,RJ,Southeast,2023-11-18
883,a8909e31-7517-4f39-b354-44fbe44a0371,Monteiro,SC,South,2023-09-13
884,0c6f3051-bc78-4423-87c5-f526011c4544,Pacheco do Amparo,MT,Central-West,2023-01-27
885,ebd14b0c-c7f4-44f9-8222-1ad3eca391d4,Sales,BA,Northeast,2024-05-26
886,d0b3d752-bb01-42a5-ac74-5800941c23fa,Caldeira,ES,Southeast,2024-07-29
887,9b2d5a2a-99bd-4240-a853-5961632d0302,Montenegro das Flores,SP,Southeast,2023-09-24
888,ea7917e1-9be7-42ab-bac0-8fc46b2d9ccc,da Mota,RS,South,2023-08-08
889,f8722413-57c5-482c-b6ae-10e865daced0,Machado Grande,PA,North,2023-10-20
890,b33422cb-9a3f-4ad1-a9a9-aff9235fc3d5,Sampaio da Prata,RS,South,2024-05-17
891,bca0258e-b63d-45d5-905c-7527dc57546d,Costa,SP,Southeast,2023-05-19
892,4a636af5-b6e1-47ac-9fc9-726435afbb2d,Rocha Grande,CE,Northeast,2024-04-07
893,f9a55cf2-a66c-4fa1-b5dc-8a9afb38cd91,Montenegro,SP,Southeast,2024-03-31
894,5287964d-a30a-4658-b1be-6df28ae0b8a0,Teixeira,PA,North,2024-11-29
895,9532caba-7af9-45ff-8ff1-98865a2c41bc,Rocha da Prata,MT,Central-West,2023-11-24
896,6c21835d-d8e8-497c-a0a2-59014932936e,Moreira,RS,South,2023-03-08
897,253421bc-6180-478a-8678-3c341b41a61e,Rios,PR,South,2023-10-25
898,c00c200c-4458-4006-b32c-ce0a0e7da698,da Paz,DF,Central-West,2023-06-11
899,d6e1ba00-257c-44bc-8024-c424aef2ab2f,Sales,RS,South,2024-10-15
900,c0eb8875-3439-4729-8b8e-5509c8cba592,Fogaça,SP,Southeast,2024-01-06
901,9db94eee-1a3c-4131-b3dd-3bc6d06405a8,Souza,ES,Southeast,2023-05-05
902,3cd30e99-638e-4388-8faf-6d4aa5a99ebc,Sales do Norte,AM,North,2023-05-23
903,6aa415b5-6336-4815-a1af-663ced2e1bcd,Novaes do Norte,SP,Southeast,2024-05-20
904,33fd862d-4057-4470-be61-27a80351b09d,Câmara de Porto,SP,Southeast,2024-07-21
905,5e244824-a5cb-4c6e-b5a4-c55bb4629214,Vasconcelos,PR,South,2024-04-23
906,4b4f3b2e-3189-40ec-b6db-b2b6b993ff63,Cavalcanti de Rodrigues,PE,Northeast,2024-07-18
907,2c7dd667-f664-4720-afdd-b26a13106665,Garcia,SP,Southeast,2023-03-30
908,8e7d3f5a-4773-466a-adb2-b0200a670143,Cardoso da Serra,SP,Southeast,2024-02-12
909,0171f5a7-4148-4d11-9894-62e895801c3a,Martins Grande,PA,North,2024-05-05
910,5297e1ad-edba-4484-a759-1ad40a398bf7,Vasconcelos,PR,South,2024-02-24
911,d7d80594-9d98-47bc-a018-0791eeb093fe,Mendonça Verde,PE,Northeast,2023-03-17
912,c8b648e0-12a8-40c5-9bab-7f4a8cd74c27,Moura de Goiás,SP,Southeast,2023-11-21
913,11740357-8546-4426-af12-0b9ef4fd25b7,Leão,SC,South,2024-04-05
914,1789be63-6746-4743-897b-303d8b074d1a,Câmara do Oeste,MG,Southeast,2024-06-13
915,5c5d3f1b-54c0-46c2-94f6-516ea9d049dc,Cunha do Galho,RJ,Southeast,2024-07-18
916,d2dd3e26-8fb3-4134-bf23-36e979903d96,Camargo,SC,South,2023-07-06
917,3d877034-7217-4fa3-9893-ef12ab3f8d22,Aparecida,BA,Northeast,2023-05-13
918,61a1a29c-5228-4d8d-a2ba-9fceaebbaf9c,Gomes,MG,Southeast,2023-02-26
919,48677b30-b956-4731-8a4c-fe1f41afeb2a,Moreira,PE,Northeast,2024-06-14
920,83a9c235-5ffd-4015-853f-1db3d275bd43,Mendonça de Aparecida,SP,Southeast,2023-06-18
921,31487df8-a6ca-4d50-a5f5-c8914be318a8,Moraes de Minas,SP,Southeast,2023-08-19
922,f8bca9ac-2ada-42ce-9890-99c9f2be029f,Pires,RJ,Southeast,2024-06-15
923,a127dc6b-ab9b-453d-b5f5-c65410c2c2e5,Rodrigues,DF,Central-West,2023-03-22
924,34a0dcd4-1a9a-429e-95ee-25876c98fd9b,Ramos de Minas,SP,Southeast,2024-10-12
925,0614ac41-275c-45dc-afa0-8cbebf343ca7,Silva de Farias,GO,Central-West,2023-10-09
926,0de4833e-12c0-420c-9667-c51809b2eae6,Vieira,SP,Southeast,2023-11-07
927,9330ba83-1208-4e20-8ede-9b46407d0aff,da Luz,SC,South,2023-04-06
928,a155eb2c-737c-48b5-a356-1add685a9f2b,Lopes Alegre,ES,Southeast,2023-06-22
929,1e494952-ac5d-4e57-a3b6-64f40452f779,Ramos,PR,South,2024-08-17
930,c186a221-1030-46b7-9e4c-24ddb864a47b,Sampaio,SP,Southeast,2024-11-05
931,ed94898b-5b92-4c67-9295-38dfd926fe41,da Rocha,SC,South,2024-09-11
932,9b47e639-4d25-41eb-af95-be79c971bf51,da Paz,RJ,Southeast,2024-07-31
933,61a451ff-700b-4b43-ad3b-9d13c3e90323,Ribeiro do Sul,SP,Southeast,2023-01-30
934,38491ecc-8891-47fd-a804-d0ac795741bb,Souza,SP,Southeast,2024-10-18
935,d976b2ba-cc27-4386-8bf9-25b5641816b7,Porto Grande,BA,Northeast,2023-09-29
936,ea06f94b-e310-4f72-ad62-d0944c4d6e40,Albuquerque da Prata,SC,South,2024-08-08
937,1f8c56e0-2431-43fd-8e19-0d07dff0b9bf,Abreu,MG,Southeast,2024-10-16
938,8982cbf8-64e2-49c0-98be-5ff0929daf9f,das Neves,SP,Southeast,2024-10-04
939,e74ed0b3-bdce-435f-bf90-5d6a35c606b5,Cunha das Pedras,PR,South,2024-10-19
940,8336a758-d9f9-4502-a55b-c44fe7d73d1d,Castro,GO,Central-West,2024-05-09
941,d5b211a9-9dec-4b83-b885-8f7e2f1a25a8,Correia do Campo,SP,Southeast,2024-02-20
942,913a1734-ccb6-4571-abc5-35452e6d7a04,Sá,RJ,Southeast,2023-03-16
943,8c8181b4-fe8b-4ccb-bd75-a5f3eeafca83,Ramos de Novaes,RS,South,2023-06-11
944,113eaf84-abf3-4096-8a68-369c12b99a50,Brito do Oeste,MG,Southeast,2024-05-10
945,f3981e9e-7cb8-42a0-94a1-eab0b9c037aa,Fogaça Grande,MG,Southeast,2023-12-15
946,199c8d94-3c0a-484e-a7cd-13cbabda06b2,Pinto de Minas,SC,South,2023-11-17
947,7c6166df-515a-4b43-b189-1f48e66e2c11,Farias de Pimenta,CE,Northeast,2023-11-23
948,958c2936-b186-48ce-8e40-bfbaa8cfe589,Nunes,BA,Northeast,2023-12-20
949,50fb35b0-cec5-4969-9d4f-7107911ddc79,Cavalcante do Sul,MT,Central-West,2023-05-14
950,38b5e89a-c921-457c-bf05-557c502ed818,da Mota da Praia,BA,Northeast,2024-06-11
951,54e14f3a-bba4-4ae0-adf8-f7672261ddef,Martins de Machado,PR,South,2023-11-23
952,7caa281b-4e33-4644-8657-20ae5bd67d4d,Cavalcanti,SP,Southeast,2023-05-06
953,d77fbeeb-14fc-4a5d-9b4b-f377a542deb9,Carvalho da Prata,SP,Southeast,2023-09-11
954,e2e6e7a6-bbc9-4473-8363-589c32495cff,Siqueira,SP,Southeast,2023-02-21
955,d97e8d3c-04c4-446a-a461-0160134d695a,Pacheco,RJ,Southeast,2024-01-29
956,970c9eb4-c4ea-4ece-a7b6-e4679432d797,Andrade,CE,Northeast,2024-03-04
957,e4dc4306-8b20-4e3e-82b7-c0488d3543be,Rezende de Vasconcelos,SP,Southeast,2023-06-13
958,392a9fc4-647a-4591-9da6-4a3a260ccfb4,Carvalho dos Dourados,PE,Northeast,2024-08-14
959,6593b659-172e-4c68-82aa-5c4680499bbf,Montenegro do Sul,RS,South,2023-07-14
960,f6c8b8b9-d915-4664-bd27-4ad5a9a54c24,Sá,BA,Northeast,2024-05-25
961,28c2cce9-723b-40d4-a3ef-5561839e7623,Nunes,PA,North,2024-04-23
962,df482e7c-a8cf-4f62-90d9-170cf2dec75c,Sousa,ES,Southeast,2023-11-12
963,5bda0655-f06d-4a24-bbc6-e121bb64a525,Câmara,ES,Southeast,2023-04-03
964,1017ab44-3b53-464b-bcd6-1da4c2efda8b,Freitas de Goiás,GO,Central-West,2024-06-01
965,8494205c-34ef-4552-ab28-6d090af57e60,Gomes do Amparo,MG,Southeast,2023-09-04
966,0be3534a-e1ad-440c-b463-835eeafb9f20,Rezende,SP,Southeast,2023-12-28
967,f7ebc69a-b428-4f0d-9a6c-f45952f6531f,Sousa Paulista,SP,Southeast,2023-10-16
968,2c816bf0-91f6-4406-8b5a-868394213090,Rezende das Flores,MG,Southeast,2024-10-31
969,e5f22dfb-a741-404b-9672-1e985d8416e0,Moreira,RS,South,2023-10-20
970,e8410a39-f901-4b9c-a057-153a4067f790,Moreira,PR,South,2023-04-21
971,de22dc3f-d136-4db1-9a57-860767e54646,Mendonça do Amparo,MG,Southeast,2023-09-28
972,8078636d-01b0-42c1-9aad-9234e31db345,Macedo,RS,South,2024-02-17
973,83b8fa05-13bc-4dc6-bae0-acdb2a6524af,Cunha Grande,RJ,Southeast,2024-02-15
974,9a1e0036-5cba-4496-a848-92402fd90ce1,Ribeiro,SP,Southeast,2024-07-29
975,54899c37-cfa9-426b-aa24-1f463af7fa21,Mendes,SP,Southeast,2024-07-20
976,35f0b1be-7aa1-419a-ba93-98bbacdbd5f2,Ramos,RJ,Southeast,2024-01-31
977,3e612d66-05bf-4618-a930-b0c4d5576899,Cardoso,ES,Southeast,2024-07-17
978,227d4660-293f-4266-97a4-18b892d00319,Oliveira,RJ,Southeast,2024-09-30
979,421d4dca-2a95-4908-8e50-3fd82598f383,Moreira,RS,South,2023-05-02
980,f8205aa7-996f-4e88-a7cb-fc39f54f1b92,Silveira,SP,Southeast,2023-04-10
981,48907b6d-d240-4f02-a968-1fc1ba5c865d,Cunha,RJ,Southeast,2023-12-14
982,78ae8d5d-fe26-4e77-9b45-47e072fefdc2,Cavalcante de Câmara,PR,South,2024-01-10
983,2488c84d-99d0-40fd-a928-043ed492b51a,Pinto,BA,Northeast,2023-07-23
984,2aefcf3b-43b7-40ef-82c4-1c54a8debd88,Marques Verde,PR,South,2024-02-16
985,62ada157-60d2-459a-bad5-1382119fb03e,Caldeira,ES,Southeast,2023-02-16
986,dc0e3375-85d0-491c-b3cd-1d56043d72db,Cassiano do Campo,SP,Southeast,2023-12-08
987,9d6022c5-e6cf-4bd8-b9d2-90012d6b8a4e,Viana,PE,Northeast,2024-06-15
988,1e158e2f-c09c-4ebe-80da-2ed7880bcb0e,Mendes,MG,Southeast,2024-09-12
989,9a7d509d-e6e8-490b-a15d-3b1fa8cdf44d,Vasconcelos,DF,Central-West,2023-05-24
990,85a4b0cb-6e76-436a-a634-0d1aadb610f4,Freitas do Norte,RJ,Southeast,2024-09-19
991,3abf9c65-6dd0-43f3-87a2-0e22b298b811,Vieira de Vargas,RJ,Southeast,2024-02-07
992,cdfba4e9-96cb-4afb-99bb-89006198b718,Lima,PA,North,2023-11-03
993,c40f5405-7a25-4d81-8128-17eb224629cd,Barros,PR,South,2024-06-03
994,8b31f4d8-e073-41d0-9929-afeb48842a14,da Cunha do Oeste,PE,Northeast,2024-06-29
995,ca179780-be5f-402f-b58a-c73801667221,Oliveira,MG,Southeast,2024-07-30
996,01d77831-850f-4cdc-9e2a-03f185c53910,Rezende do Oeste,RJ,Southeast,2023-01-18
997,68aa1236-50de-4f43-8de5-c35ab0117b0a,Caldeira Grande,RJ,Southeast,2024-11-20
998,40ee131d-95da-4216-a6cd-ae3c6d130705,Nascimento das Pedras,SP,Southeast,2024-03-02
999,468b22af-9ca4-464d-9d9a-d9f1908e3a95,Sá do Oeste,PR,South,2024-10-06
1000,8ebc6d7e-c8a6-4b85-8d56-bff669c9520f,Cavalcanti de Freitas,SP,Southeast,2024-04-30
1001,40f7924b-7bd7-44bf-8e0e-abb78f20c5e7,Oliveira da Praia,SP,Southeast,2024-11-02
1002,bc5c3cd8-65eb-44dc-b49b-4b72c6319c16,Ribeiro,BA,Northeast,2024-08-15
1003,72540ab7-3ad2-4ac8-bf70-c0421e7c6795,Brito,PR,South,2023-02-22
1004,c93c9cc6-668b-48da-8222-cd7f36e6ba85,Novaes do Norte,PR,South,2023-06-24
1005,a2c8cf62-f6ee-437d-a39c-4c6c2926205d,Borges,ES,Southeast,2024-09-26
1006,ed054732-78bf-46fa-a534-3e85d2c0dec2,Borges de Minas,BA,Northeast,2024-01-25
1007,147d7bfc-5eef-4d1e-b8c5-ef5e4359ff43,Silveira,SP,Southeast,2024-11-28
1008,6690a951-fc04-4a7a-ae41-5f166263307c,Silva do Norte,SP,Southeast,2024-08-09
1009,2cde9187-d1fa-42a6-860b-340cf21a6f38,Macedo de Albuquerque,GO,Central-West,2023-04-23
1010,ee462fcd-a829-407c-99be-ccff33a315f3,Correia do Norte,SP,Southeast,2024-03-27
1011,840c5cb0-82b3-4384-9979-cf26c8b190e1,Pimenta,RJ,Southeast,2023-06-05
1012,5c17ebb5-093b-4d72-ac8c-dcaf2b633b18,Rezende,MG,Southeast,2023-07-28
1013,163b5481-284e-4cd4-b9c3-ee050012d399,Vasconcelos das Flores,MG,Southeast,2024-09-18
1014,67cba27a-6528-4970-ab6e-f8dd5a669316,Moreira,DF,Central-West,2023-03-05
1015,1190e515-b420-4103-bca7-26eb03ef0f77,Novaes,RS,South,2024-06-15
1016,8f221604-d46b-4756-b9e4-39ef48d495a4,Ferreira Paulista,SP,Southeast,2023-11-29
1017,31cc6738-f68a-49b7-9b3a-a1d139ee80ab,Guerra de Oliveira,PA,North,2024-05-04
1018,6839f98f-2ccf-4472-82d7-f1120130d66b,Novais,PR,South,2023-11-18
1019,5708013e-4b54-4670-80cf-b1db1287e313,Moraes,GO,Central-West,2024-04-15
1020,89b4094a-e048-41de-81f8-3199f4eae769,Sales dos Dourados,DF,Central-West,2023-12-17
1021,7bcf2b31-902b-4154-a088-5550f74f6900,Sá,PR,South,2024-11-23
1022,75771730-c68d-44b2-b613-bda056f401e5,Pastor de Alves,BA,Northeast,2024-11-28
1023,114b3c79-4200-49f5-9dc3-c26e7b62659e,Porto de Goiás,SC,South,2023-09-28
1024,ccd7608f-3adc-438c-b380-46efad4a2b3c,Jesus da Praia,SC,South,2023-07-16
1025,b368d836-027d-4808-8920-7bc484399ed9,da Cruz da Mata,GO,Central-West,2023-10-13
1026,bfb0942c-ac77-4762-a620-516717cf775f,Barbosa da Prata,PR,South,2023-08-19
1027,5059f77b-79ff-49d9-adb1-3debee6ffbea,Cunha Verde,GO,Central-West,2023-11-01
1028,bf0418a9-f276-4513-aeca-f62944e22691,Monteiro,BA,Northeast,2023-08-01
1029,bc45144a-3c1f-4ff0-b31d-58bbbcb3636d,da Luz,RS,South,2024-05-15
1030,d5bea8dc-33e8-4249-baad-584034ef71df,Pinto,RJ,Southeast,2023-12-24
1031,1b4ffd5f-c768-4339-a7ef-53575b249c2a,Barros,PR,South,2023-10-08
1032,7e1f48c4-a9d6-490d-b4ad-fa22ad0205f5,Teixeira,RJ,Southeast,2024-08-10
1033,0ad1c18c-f53f-491e-8a9e-0964db6a34ea,Freitas de Pinto,RS,South,2024-01-24
1034,fc40a3d4-e5eb-4549-be0a-04c250bf2995,Mendonça da Serra,DF,Central-West,2024-02-09
1035,82d9a774-ea7f-4c7d-83a6-b204fc014a22,Gonçalves de Goiás,PE,Northeast,2023-05-30
1036,0ddca788-20d4-4a18-93a0-5478c00b19de,Mendes da Prata,RJ,Southeast,2023-10-22
1037,64caa1c7-58e7-4df8-80a2-372108560684,Marques,GO,Central-West,2023-03-22
1038,84a91789-b2c0-47e8-9ed0-72e9f9fc6034,Dias de Sales,RJ,Southeast,2024-03-28
1039,35f3de4a-ac92-44b4-8306-a2580227b8d5,Pacheco do Campo,SC,South,2024-05-05
1040,dca1adcc-9cdf-4664-9c91-f845534fc96d,Cirino da Prata,SP,Southeast,2024-07-05
1041,78aa16ea-44f7-401a-bcb5-26d7434a130e,Fonseca da Serra,SP,Southeast,2024-07-29
1042,6b49acc6-35e5-44e0-ac87-85467faf6458,Fonseca das Flores,RS,South,2023-05-21
1043,9247e851-2e0d-4860-b362-f9b74795cd1d,Oliveira,SP,Southeast,2024-08-23
1044,1991103f-d06e-4cbc-ba83-59b6af9e7a0e,da Costa da Prata,SP,Southeast,2023-02-21
1045,323132fa-6181-42de-9b37-0ca76ea5e341,Sousa,RS,South,2024-06-27
1046,027e789c-ce40-483b-b915-ad7e2648c819,Leão,SP,Southeast,2023-08-27
1047,e4ad5e9b-fedd-42d9-a26c-bc6a7fe5a4b6,Viana do Amparo,SP,Southeast,2024-02-28
1048,dbc6c928-8fe8-4e20-803f-d5824ccf0a4b,Gonçalves,RJ,Southeast,2024-04-28
1049,0f5e8b47-29d0-4613-b0c7-700219566990,da Cunha,SP,Southeast,2023-05-21
1050,18a73d94-a13e-466d-96c6-d99779fe7ccc,Souza de Farias,SP,Southeast,2024-07-17
1051,8f73198e-5c3d-4d5f-9c68-01d642803aa0,Ferreira do Sul,MT,Central-West,2023-06-11
1052,de0bde18-59e1-40eb-9f09-6b9d696929b2,Oliveira,MG,Southeast,2024-05-02
1053,89d716ef-a62d-4221-a65d-958e936dd1a8,Vasconcelos,MG,Southeast,2023-07-24
1054,ac565da6-5339-4df4-9ae8-6d1848dc1e26,Vasconcelos de Sousa,BA,Northeast,2023-10-22
1055,618dde71-1412-43fb-a3be-f3d6726a030d,Martins Grande,RJ,Southeast,2024-10-23
1056,cec68cfe-a3fd-47f0-aae6-3af6de46222e,Leão Verde,SP,Southeast,2023-04-02
1057,12439b0f-e835-4080-9951-8f98679f2f42,Castro,SC,South,2023-08-26
1058,511eeeb8-5040-4c43-ba6c-7da657f7d71f,Santos Paulista,PR,South,2023-02-08
1059,457083e4-653c-4f74-a507-68979afa8267,Vasconcelos de Fonseca,DF,Central-West,2023-06-29
1060,f72cb6c8-855c-4a97-9640-5fcdbf761449,Jesus de Cavalcante,MG,Southeast,2023-06-30
1061,20029d9f-05e9-4407-9aad-a0b12f132a6d,Ribeiro,GO,Central-West,2023-02-07
1062,b360dfaa-be6e-4d47-b0c0-804b406bf02d,Costela,PA,North,2024-02-11
1063,18763576-1a5e-4196-a5a4-c79b2abaa4f9,Melo,BA,Northeast,2023-07-10
1064,c55be95d-06bf-49c4-8dc7-81048c662766,Moura de Minas,GO,Central-West,2023-10-24
1065,27c00f89-9e3b-41b3-8330-125c1a9b0d42,Rezende,CE,Northeast,2023-01-10
1066,4f32ea54-63cc-4604-a2ae-3f87ee7ca782,da Cruz,RJ,Southeast,2024-09-09
1067,a06109db-7172-4636-88bf-b602bcd2e8eb,Cardoso,SP,Southeast,2023-12-10
1068,075072d6-2bac-4712-96a9-19e886d895e5,Ribeiro,RJ,Southeast,2024-10-18
1069,534064b0-ea4f-4a80-9c41-21765b59f28e,Martins de Nogueira,PR,South,2024-05-20
1070,71e15b9f-8c6d-468e-85bc-f3baef52d36e,Sampaio,CE,Northeast,2023-05-18
1071,98fb4727-9740-4212-ad52-45f48a0ec018,Pires de Souza,PE,Northeast,2024-04-24
1072,6f5aad52-9061-498f-a096-521ea2c723d4,Ferreira do Amparo,SP,Southeast,2023-04-26
1073,16ed0330-ce01-4413-ba25-16fe8a27b0b0,das Neves de Fonseca,RJ,Southeast,2024-04-14
1074,4db6f475-27dd-4ac4-8282-b6e46986305a,Abreu,SC,South,2023-07-10
1075,d913057d-c21f-44fc-90bc-bad585f80d9b,Ferreira,SP,Southeast,2023-12-12
1076,022111e5-88fc-4da1-b81d-5b6c49694032,Sá de Mendes,BA,Northeast,2024-08-04
1077,6e310234-c410-4108-8256-83894cb34663,Peixoto de Goiás,RS,South,2023-07-17
1078,5fa72012-8c57-4277-81d9-09b4cbf8f29e,Jesus,SP,Southeast,2024-10-16
1079,650e78e4-6fe6-43f1-8f80-7d8be1d55f85,Castro,DF,Central-West,2024-03-13
1080,63c4e76d-a55f-4725-bcb3-c168b7062cfa,Câmara Paulista,ES,Southeast,2023-03-30
1081,3d53ec43-a015-4b5b-ac17-e150144716cc,da Paz da Prata,MG,Southeast,2023-04-08
1082,3020cf06-69b4-4194-84d1-8524cf0e1567,Cirino,SP,Southeast,2023-05-24
1083,a30b669c-1c40-4045-8a22-eae922f9cafe,Pinto de Machado,MG,Southeast,2023-09-12
1084,7df37378-9f6c-4ab4-b352-2c1845aa9503,Duarte,SP,Southeast,2024-01-28
1085,f83f5274-0cb4-4fe1-a6f3-41c804f718c8,Cirino,SP,Southeast,2023-10-01
1086,44e9f8fb-4838-4888-9a2e-9864f8eaca36,Silva,GO,Central-West,2023-11-06
1087,3b997815-0219-49c7-ba23-b07a703c1286,Cassiano,PR,South,2024-08-09
1088,578799d9-3799-4376-be5b-3ac903c501fe,das Neves do Amparo,SP,Southeast,2024-10-31
1089,b26a51a5-76b4-4672-9f13-e10bff7a884d,Farias,RJ,Southeast,2023-08-30
1090,f39ef1be-c025-43ea-97f2-a67814898025,Araújo,SP,Southeast,2023-05-02
1091,12464474-6475-40ee-8691-30694439940d,Cirino de Correia,MG,Southeast,2023-06-13
1092,d13757e1-4005-453d-976f-1e65e54c8739,Albuquerque do Campo,MG,Southeast,2024-05-29
1093,3fbbff57-b6f5-4f1c-84a5-31cdf97f4994,Vargas dos Dourados,DF,Central-West,2023-11-15
1094,08942176-fe99-4f69-bcd4-99753f46057b,Marques,RS,South,2024-10-16
1095,85695f97-180d-4855-855f-fde8bc3e1d19,Melo,DF,Central-West,2023-10-30
1096,4fe66636-f612-4d2c-ae73-00eb639d8fe7,Castro do Norte,RJ,Southeast,2023-08-15
1097,855b6c5b-8cb1-457e-affa-d15bbea6450f,da Cunha,SP,Southeast,2023-05-17
1098,32df8d45-4c7f-43bb-a376-0c2d7b31dcdc,Aragão do Oeste,MG,Southeast,2024-04-10
1099,a206527c-3c68-41d6-9ce8-e12ff9287d26,Duarte do Sul,BA,Northeast,2024-09-12
1100,95aeb18b-46ae-4e06-8b5d-2b592ad820ca,Gonçalves,RJ,Southeast,2024-07-16
1101,f80590f0-0249-4a09-be3b-1a40ca0553a2,Pacheco,DF,Central-West,2024-07-04
1102,b03b6934-79ab-46d1-b0d5-15abc891d55d,Freitas,PE,Northeast,2023-08-12
1103,285eed0a-3fac-4317-96e8-27b0c552f3c5,Borges de Rodrigues,BA,Northeast,2024-11-27
1104,f83b1806-ee4c-4b18-96a2-d49d9e5f8273,Araújo,BA,Northeast,2023-03-25
1105,b38a3db1-2767-42d3-a502-dc4b5b0334d8,Cardoso,PR,South,2024-06-24
1106,fb4f1972-5115-47ee-bb90-908e7ce34563,Macedo do Oeste,RS,South,2023-03-21
1107,5bb0dd76-60b5-4717-b072-afc805776108,da Cunha,DF,Central-West,2023-04-25
1108,b4e570ba-7c3c-42bc-8a1b-ebd3e60ec813,Novais de da Rocha,SP,Southeast,2024-07-14
1109,30952621-7d76-4b58-b271-115b8af09ec3,Nogueira,DF,Central-West,2023-07-27
1110,77e8b762-bb7e-4979-92dc-bffd59008d65,Peixoto da Prata,PR,South,2023-06-03
1111,27afbff9-87f8-4f62-91a1-e557290c4414,da Rocha de da Luz,SP,Southeast,2024-06-16
1112,002f2ca4-743e-4531-9dfb-19228aa6b006,Siqueira da Serra,MG,Southeast,2024-11-27
1113,db592a19-9ea6-4d4a-84ca-d30ae207db20,Vasconcelos de Goiás,SP,Southeast,2024-08-20
1114,a885a7b4-1037-4a5c-b893-b08a52190216,Correia do Galho,MG,Southeast,2024-06-06
1115,8d2cfe83-c407-4654-bf5f-61aaaee7c7a5,Pimenta,MG,Southeast,2023-02-26
1116,a41247a2-68e8-4311-9295-ea96487b25d7,Camargo do Campo,MG,Southeast,2024-06-09
1117,0b34fc84-1111-4e29-a8ad-153985f0786a,Cavalcanti,MG,Southeast,2024-07-31
1118,1b67f7bb-33bb-4382-8801-8e83df9d3910,Correia de Brito,SP,Southeast,2024-04-18
1119,d617b9c0-a449-464f-922d-dab608252b39,Ribeiro do Amparo,RS,South,2023-11-12
1120,971df5fd-b389-40ce-9fbc-879e869c3a8e,Aragão da Praia,RS,South,2024-02-10
1121,1224cbd2-b7c4-43ee-9b1f-c6d1388149dc,Costela,SP,Southeast,2023-01-04
1122,e3c7ca9a-edab-4dab-bdcc-c026a7df30b2,Martins,BA,Northeast,2024-08-15
1123,5c65a65c-0f8a-4c2c-a390-0bc0cd0fa4a6,Freitas do Norte,SP,Southeast,2024-03-09
1124,876de8c5-440c-4e5b-9def-57b4d2da43ec,Siqueira,RJ,Southeast,2023-03-07
1125,13f39289-4dcc-405d-959e-f0fd1204f4d6,Moreira,PR,South,2023-03-03
1126,3b23feed-b9a4-4e2b-99e9-e3a418dcceb6,Correia do Oeste,GO,Central-West,2023-03-12
1127,91ed554a-3fae-4f01-a829-0f3c86b4852c,Novais,AM,North,2024-04-28
1128,bf00f56c-6a49-49a6-8ee2-5e54bfcb3388,Vargas,SP,Southeast,2024-02-23
1129,acab8b69-5ba3-4cb5-9399-ad15a37ce1c5,Sampaio de Rios,SP,Southeast,2023-05-19
1130,2ab403f6-1aa6-4474-a200-c1576d54c95a,Novaes,BA,Northeast,2024-10-23
1131,a854027e-5667-4e49-8133-8bdc66cc7376,Nascimento,MT,Central-West,2024-01-19
1132,eefb2a24-7169-4ed5-9994-13ccff9957a8,Dias da Prata,PA,North,2024-01-27
1133,d8485a54-531c-4812-bf31-950afdd084a1,Jesus das Pedras,MG,Southeast,2024-01-22
1134,9bc0fa93-52cd-4def-b9d2-76f4d37ee471,Nunes,RJ,Southeast,2024-11-30
1135,c4057420-6004-4231-b6c3-fe858bae295e,Fonseca dos Dourados,MT,Central-West,2024-07-06
1136,000cd21a-65a7-4a30-b5b7-0dd9728f5897,da Paz,SP,Southeast,2023-12-23
1137,2294fa0a-8482-4c08-842c-65ad9883e9b1,Abreu da Mata,SP,Southeast,2024-07-04
1138,db107e7f-36fe-40b4-b8cd-9122fc0145e1,Almeida Paulista,RJ,Southeast,2023-05-11
1139,8e6b3085-82e2-402d-8dbc-de5aeb4aede6,Brito,RS,South,2023-08-17
1140,27f6a2ac-5b0c-4170-b5da-cbbe09a9161a,da Luz,PE,Northeast,2023-01-24
1141,3ff69f41-9508-4801-a3be-7ca05df924fb,da Cunha,MT,Central-West,2024-04-19
1142,920b725b-1787-4810-8ce0-9ecbcfa28fb8,Nunes do Oeste,RS,South,2024-07-11
1143,531f04af-b93c-42d5-93c3-7b5dbbf8da91,Cavalcanti de Mendonça,MG,Southeast,2024-01-24
1144,b3edd6ed-b089-4de4-a626-7164d3616b3a,Peixoto,PE,Northeast,2023-09-11
1145,bb1502ea-0991-4f46-8ce6-928ba46acc9a,Barros do Norte,MG,Southeast,2023-06-08
1146,5911f42e-559a-4f54-8559-cd0febffc53f,Leão do Campo,SP,Southeast,2023-04-26
1147,bf67de42-3a0a-4b59-8538-4872deaa543e,Porto,SP,Southeast,2024-11-07
1148,0ddb545b-61ea-4a65-a1d7-70eac704e80e,Moura do Norte,MG,Southeast,2023-01-17
1149,264ae04f-909e-41ba-8a38-d5aa51beba8e,Montenegro de Goiás,SP,Southeast,2023-03-10
1150,bb48bbba-ac73-4be0-8cee-ddc22737f345,Machado Verde,SP,Southeast,2023-02-04
1151,6e935615-38da-4a90-970f-ad328135f15a,Viana das Flores,MG,Southeast,2024-11-19
1152,1521ad35-560f-4e2d-a1d7-243225e42403,Oliveira de Souza,RS,South,2023-02-19
1153,4336ffe5-6631-46a7-8c53-b74c0c9fa6e6,Guerra,SP,Southeast,2023-02-15
1154,b2a7a475-c619-4773-af3a-cf3380777ac5,Teixeira,MG,Southeast,2023-08-28
1155,32b73d80-8f2e-48d3-bb1d-bca32286e3f8,Gonçalves de Rezende,PR,South,2023-02-27
1156,9db1f7f9-8fa8-4e34-b233-90539242ba54,da Cruz,SP,Southeast,2023-10-24
1157,6e18c9b3-c6da-45f1-8429-6ca21257429e,Rodrigues Verde,SP,Southeast,2024-08-12
1158,69e08370-abf7-45d0-9cce-c1ef16efacdf,Fonseca da Praia,RJ,Southeast,2024-09-04
1159,9808552c-5832-48de-921b-e8c230c3ef8a,Vargas,BA,Northeast,2023-11-25
1160,5987038a-fcd6-418e-ab54-500d4e089bb4,Pinto de Casa Grande,SP,Southeast,2023-05-27
1161,d173b70b-ec99-4c80-8b7d-185670c23600,Costa,AM,North,2024-06-17
1162,c1fad753-27ef-4a4b-9fb2-b838af73b3cf,Camargo,SP,Southeast,2023-11-04
1163,f2edcab0-3e38-49e2-8df6-3417bd5538c7,da Paz,SP,Southeast,2024-07-24
1164,cde55848-b19c-405e-97e0-a1f103840661,das Neves,GO,Central-West,2023-06-29
1165,54f5df70-05d2-4205-b89f-ed9673373c2f,Sousa,SC,South,2024-03-13
1166,8be27516-342c-4348-b63d-75f189bab9c8,Novaes do Amparo,PR,South,2023-02-18
1167,242f5829-fe07-432a-badc-45999f7fae0c,Garcia,MT,Central-West,2024-10-20
1168,86dc4e34-a9dc-4e52-a7f2-418a953fcfd4,da Cunha,RS,South,2024-06-21
1169,3360d115-48b5-4c88-8f63-5f4a2b9a118e,Aragão dos Dourados,RJ,Southeast,2024-03-02
1170,110c8d92-0222-405d-b1f7-1605a79e3626,Ribeiro Paulista,MG,Southeast,2023-11-04
1171,a8fc5690-e9b1-44a1-9a22-1b85a9b92a1d,Caldeira do Sul,RJ,Southeast,2024-07-04
1172,a63fcf12-e226-4768-9e0e-9c534ae0fd7a,da Conceição das Flores,MG,Southeast,2023-08-19
1173,197fa0fd-b5ae-4a56-ba03-3d6c822fb2f0,Mendonça da Prata,RJ,Southeast,2023-05-28
1174,802aa6eb-32e9-4c2d-afb9-0ccf168885c2,Novais de Silva,PE,Northeast,2023-03-01
1175,ec19e4eb-3f55-4740-8a2d-36a605804493,Farias do Amparo,PR,South,2024-03-02
1176,04b40ac9-2831-4f0d-be90-63fb64b5d9a5,Rodrigues da Praia,PR,South,2023-05-18
1177,3c77ea4a-4d65-4036-a00f-230b5afa0fb3,Araújo Paulista,RJ,Southeast,2023-09-19
1178,fffcd743-e3f1-4406-a31d-9c8be0f0fe79,Novais,SP,Southeast,2024-10-24
1179,26d658fb-39bf-49b6-87ba-c8aaf2f94b2c,Gonçalves Grande,SP,Southeast,2024-04-05
1180,854dc3bf-61d8-4365-bada-0c941679bbe0,Leão,PE,Northeast,2023-04-05
1181,6d2ccf42-271a-419f-92a9-7acd3d884938,Pereira Alegre,PR,South,2023-07-15
1182,34ee0b67-21bb-4183-8acf-d4d672fcc072,Pacheco,SP,Southeast,2024-01-22
1183,33ca9a6b-ccd3-4f7c-af1d-cfb88a962a11,das Neves,RS,South,2024-09-09
1184,86181db2-e60d-4a94-b483-d162b043a39a,Lopes,SP,Southeast,2023-03-16
1185,c521ff2e-f9cc-43ed-a8b4-5c6afee543b3,Rezende,SP,Southeast,2024-08-24
1186,2875d40a-eac7-4c2e-9099-a283eedb0ce5,Azevedo da Prata,RS,South,2024-07-26
1187,1e4ea133-b82d-40de-b2d7-8d5388702ae7,Dias,SP,Southeast,2023-08-02
1188,ba21e269-2540-4bfe-a12f-f6cdd6eaf269,Teixeira,CE,Northeast,2023-12-07
1189,69fe890f-f90f-46e4-a150-52f351958000,da Rosa dos Dourados,RJ,Southeast,2023-01-16
1190,e4e5b5b0-d25a-4576-af0b-743ebee04762,Cassiano do Oeste,SP,Southeast,2023-07-14
1191,06b4ed27-2f4b-4be8-a1ac-fdb51b555f6d,Pereira Verde,MT,Central-West,2023-05-01
1192,3b705092-98ab-482c-bb1d-01819cc3c1f5,Rodrigues,BA,Northeast,2024-05-05
1193,b02a06ee-1458-4063-9bf8-8d1d06ad7920,Carvalho de Montenegro,DF,Central-West,2024-09-10
1194,b646e2b1-7800-427a-9ace-63ccd89c83f6,Cirino das Flores,RS,South,2024-02-11
1195,29ede760-2334-48ba-b94e-08387dcf60fd,Câmara,DF,Central-West,2024-07-19
1196,f80443ee-c3b8-4179-a899-4c8408403234,da Mata,RJ,Southeast,2023-10-17
1197,be0bbddd-38f9-4001-a9bd-40d8f3402dd3,Sá,RJ,Southeast,2024-06-30
1198,ed56a2a0-2d54-4f2b-90ee-4f77345e2eaf,Pimenta de Mendonça,SC,South,2023-11-12
1199,7521aa18-dde4-45c1-932c-5c01b017c533,Lima,SP,Southeast,2024-06-09
1200,9ba14c35-0ab5-407f-86b6-020a67a55936,Silveira Alegre,CE,Northeast,2024-04-22
1201,be125f8f-f06b-4c12-9c8b-955064e70f9a,Moreira,SP,Southeast,2024-04-25
1202,d3b6ef1b-74f7-4d09-b39c-afa51bfc270c,da Cruz,BA,Northeast,2023-11-24
1203,fbdc532e-6546-466d-89b1-cad184c9b276,Novais,DF,Central-West,2024-01-15
1204,a1722ee3-c3e1-447c-8420-e0d8632c817e,Correia,RJ,Southeast,2023-02-16
1205,e267e12b-65e5-413f-b086-9a454a8abb17,Vasconcelos da Mata,PR,South,2023-08-15
1206,4b5f174b-6c26-4b56-aa9e-dda7761ad914,Sales,BA,Northeast,2023-01-17
1207,76ad1c33-2469-40c2-a757-499784581f73,Borges de Silveira,SP,Southeast,2024-08-21
1208,c75aec94-2e05-4f79-9cf8-d03f802b1bf4,Gonçalves,PR,South,2024-03-03
1209,0660a3e9-736d-417c-92ce-55e369df05c7,Marques,RJ,Southeast,2023-07-20
1210,e552d0a8-b66f-4507-a588-b999971eea39,Marques,RJ,Southeast,2024-01-24
1211,b11464aa-52f6-4081-8005-64b8171603b1,Silva,PR,South,2023-09-09
1212,1d39e9c2-1758-4f23-9fa0-9802bbb71494,Porto de Fonseca,ES,Southeast,2024-11-01
1213,62538cdf-b510-4e9c-8618-e40d15d6a658,Garcia,GO,Central-West,2023-12-12
1214,c4acb57d-0b3d-4dc9-a16f-760a8ce377d7,Farias,SP,Southeast,2024-05-15
1215,dcd81a8b-a8d6-4af6-9f0d-def190c40e45,Castro,MT,Central-West,2024-10-19
1216,c4e775b9-2dca-465a-a504-fd28de6ae459,Leão,BA,Northeast,2024-04-16
1217,c4c4f69f-baeb-415d-8f3c-97714edd2a2a,da Paz de Pires,SP,Southeast,2023-12-27
1218,21aea39b-e606-47c2-9e18-046d2e421840,Abreu,SP,Southeast,2024-07-13
1219,03200c4e-40cb-4188-83f0-fac39f601d17,Monteiro de Monteiro,MG,Southeast,2024-07-09
1220,9ba4d5a6-0178-4e26-8eb5-57ac8b22e445,da Costa de Cunha,PA,North,2023-03-02
1221,74283491-79c8-42cb-a8d3-110e96bfae6e,Macedo de Minas,ES,Southeast,2023-03-18
1222,3ea585a9-01ae-4505-99a0-4abb99e95433,Pinto da Prata,GO,Central-West,2024-11-15
1223,0c85f154-3527-4cee-9343-bf88d1f379b1,Casa Grande,SP,Southeast,2023-01-07
1224,09668d08-5959-4d27-a73d-27460e18ab96,Andrade,MG,Southeast,2024-10-07
1225,9a70ea8a-d688-4d3e-93fd-e248aac04912,Farias de Minas,SP,Southeast,2023-06-04
1226,fe656dcc-6abd-405a-9be0-0f8e0c8d51d2,Castro,SP,Southeast,2024-06-01
1227,a9325ae1-9c70-40da-88cd-29c5ac0e1f71,Marques,MG,Southeast,2023-03-03
1228,ee757637-5c35-42b3-9437-2280bfd467e7,Borges,SC,South,2024-11-13
1229,5e5a90c1-52a4-43f9-8c9e-903ac4bd338e,Azevedo das Pedras,GO,Central-West,2024-05-09
1230,4af715b7-109e-4b40-8ceb-ac57d7e323cf,Carvalho de Campos,SC,South,2023-01-17
1231,54470290-4640-4b2a-9c02-28afb1d29457,Moura do Oeste,SP,Southeast,2024-07-18
1232,0ee52f63-9caf-4df1-b584-5d71b221e1c5,Oliveira,MG,Southeast,2023-01-18
1233,87690baa-a104-4dce-bab6-ad91bacf7cfc,Mendes,PR,South,2023-10-09
1234,ef13864b-9ad2-4b72-b04b-a584b95cec2d,Lima Alegre,PR,South,2023-10-21
1235,feb9ea24-933c-4d00-8680-0a0b42791490,Cardoso Verde,SP,Southeast,2024-11-21
1236,a1c16b96-baab-49f2-850b-70737f13de67,Monteiro de Cirino,MG,Southeast,2023-07-03
1237,b565f64e-3b93-453f-9c02-040de237c877,Correia do Sul,SP,Southeast,2023-04-09
1238,a01e31f5-7702-4eba-8623-ffbf1e42d2b8,Sousa,ES,Southeast,2023-09-04
1239,9d84d303-ccb0-4fc5-b513-a238d91b1a04,Jesus do Norte,SP,Southeast,2024-06-23
1240,ce58de20-8f77-43e0-9982-aa44557368cf,Albuquerque,SP,Southeast,2023-12-29
1241,4818b004-b0a4-4557-b381-001fa3ff8fd2,Vieira de Minas,SP,Southeast,2024-02-11
1242,8ccc617e-81b6-4951-8cdf-697f4eca2e96,Vargas do Sul,SP,Southeast,2024-02-20
1243,57637902-5552-4712-af92-ef221d2467e2,Silveira Verde,MG,Southeast,2023-09-07
1244,d500c147-0774-4c94-b5c9-f4599db1bd5e,Correia,PA,North,2023-08-20
1245,ec1a86d3-5683-4783-9575-9337549c9eb9,Melo de Andrade,RJ,Southeast,2023-03-24
1246,27c7655a-7b43-4a72-a2c0-c475a54976d0,Nascimento de Farias,SC,South,2024-10-27
1247,69f8d3e4-d06d-4943-88b3-815e76647043,Moreira,BA,Northeast,2023-04-06
1248,ad9e5c1e-b997-4024-90a0-14ab4ca1cabd,Novais da Prata,MG,Southeast,2024-01-22
1249,af7c7d2b-93d0-44e4-b550-b07e04cabb38,Vieira da Praia,PR,South,2023-02-27
1250,47cc3a66-2638-48be-b838-93a210f35676,Fernandes,SC,South,2023-06-25
1251,88c62063-a063-43ca-a00f-c79cfbce7087,Oliveira,SP,Southeast,2024-03-20
1252,985e7e89-2ff8-407a-a3ba-9d869b0e70ad,Viana,SC,South,2023-12-06
1253,db9a0eb7-b48c-431b-8eeb-87ffc064f074,Santos do Norte,PR,South,2023-04-08
1254,7f3ef59b-1638-4137-a9f3-5b2d4580dac2,Freitas,DF,Central-West,2023-02-13
1255,4d79132c-f362-4408-9457-530573b0220d,Moura,SP,Southeast,2024-08-03
1256,5fcc997d-1cbb-404b-accd-a2af4d64bb63,Vasconcelos,MG,Southeast,2023-02-17
1257,719b2dd6-17b4-475b-a9d1-8ec233bcb8a9,Mendes,DF,Central-West,2024-12-01
1258,30b1b67b-2771-4422-8003-8f26e7ab2ef7,Mendes do Galho,DF,Central-West,2024-07-10
1259,24aefbea-53cc-4b95-8689-58364f73ab1c,Moreira,PR,South,2023-02-03
1260,3487246c-21f9-4072-be22-eba1ad3d581e,Marques,SP,Southeast,2023-11-19
1261,85b864d4-dd64-4387-b6b3-8fbc6338fb29,Abreu,SP,Southeast,2023-08-01
1262,afe2a940-0b45-4c23-aead-a90c4f9c78bf,Farias,PR,South,2024-02-12
1263,1a64f27d-0bcf-40fc-a3a1-af9777852ddb,Almeida Verde,DF,Central-West,2023-11-03
1264,e462ff64-a38b-4aa4-8fe8-98d8c22ca6a8,Duarte,SP,Southeast,2023-09-04
1265,46d28109-495c-4ac8-b14a-abdd33579b27,Vargas dos Dourados,PR,South,2024-02-03
1266,2639e214-45cc-4a93-9e1e-5d91abcec90f,da Mota,RS,South,2024-07-07
1267,9f795228-f553-4567-83e7-dd211d4d46d6,Costela,RJ,Southeast,2023-05-24
1268,51883a26-8ca3-4a54-99ae-73028ae3297e,Casa Grande da Mata,BA,Northeast,2023-03-22
1269,123cf911-2bd8-4d4d-beac-db2892f71993,Pimenta Alegre,ES,Southeast,2023-12-21
1270,214c87b1-0cfc-4420-b192-e4438a6342ca,Melo,SP,Southeast,2024-03-23
1271,1b1e06c3-0cea-4f73-aced-4d55e73e2bc5,Aragão de Minas,SP,Southeast,2023-03-19
1272,b465c027-2dd1-445b-a454-a82a6d2cdbf9,Pimenta de Fogaça,RJ,Southeast,2024-09-20
1273,32b9c542-d143-40a2-9513-b74f4ffc1c54,Sá,GO,Central-West,2024-02-11
1274,21bd55eb-915a-43c0-b737-cfb5c3b1927b,Sampaio,MT,Central-West,2023-12-01
1275,4f75d45a-74a1-4a0d-98e6-3a5577e0ee02,Melo de da Conceição,SP,Southeast,2023-10-07
1276,dc70ce22-24ca-41b8-b94a-97fdf28bf846,Fonseca das Flores,BA,Northeast,2024-04-06
1277,aa4946f4-ead1-4758-b319-f18d2ef03a1b,Viana Alegre,MG,Southeast,2023-12-31
1278,10bbc60d-07bf-43ee-bccd-3dc0740a5bed,Camargo de Ferreira,PR,South,2024-01-20
1279,2bb9a661-d884-4354-b613-ef447a88f162,Vargas da Praia,MG,Southeast,2024-11-27
1280,8208fd42-209c-44a5-931e-1d4d9abc9859,Guerra,PR,South,2024-01-25
1281,1b63205f-cbf8-4149-b6da-99cdd14b256c,Novais de Minas,SP,Southeast,2024-09-25
1282,760272ba-8862-436f-8d57-9d00cadcc10f,Pastor das Pedras,RJ,Southeast,2023-09-10
1283,8c466308-3e62-4981-9ef1-a74f3d134526,Mendes,RS,South,2023-03-26
1284,354f184e-5739-4b03-90e9-4dce6241cba3,Viana das Pedras,SP,Southeast,2024-01-25
1285,8b661d1f-579a-4954-898e-3f5b9134c0b7,Cavalcanti,RS,South,2024-10-11
1286,bd472885-13f0-433f-ab6b-3f08a9a0f4ef,Camargo de Pastor,SP,Southeast,2024-02-03
1287,8e1a3a51-534b-4a86-b681-2ad798986758,Macedo,RJ,Southeast,2023-04-20
1288,67e2189b-f4b4-4704-8edb-6dc82d19bd52,Peixoto,SP,Southeast,2023-11-12
1289,98ae0666-d066-4d21-af7d-7f211bd6b03d,Duarte do Amparo,MG,Southeast,2023-10-04
1290,172d2bd0-0fbd-4c81-a900-8ecda51e01ad,Carvalho,SP,Southeast,2023-03-31
1291,c146ed52-e73b-4913-94ad-345ae3239264,Sá,SP,Southeast,2024-04-04
1292,73f621a8-2633-4c43-a92f-85fe258fcafc,Gomes Verde,PR,South,2024-06-08
1293,ae77e249-34a6-4e76-b217-35257279101c,da Rosa Verde,MG,Southeast,2023-01-27
1294,4df6ff4f-adf7-42ff-a9c7-c13acb5a4d77,Silva da Praia,SP,Southeast,2024-07-21
1295,02141a68-952d-486c-96db-8a18fd8398c3,Cardoso da Mata,SP,Southeast,2024-09-04
1296,8c83bc68-e6ac-459a-9e85-643c0ffa2366,Abreu,BA,Northeast,2024-01-30
1297,fa8bd601-d21c-4315-8f5e-248eb40f040e,Camargo da Mata,SP,Southeast,2024-02-28
1298,6e84e832-3c38-43f0-87fb-b920dd9d2e4d,Pires Alegre,RJ,Southeast,2023-03-28
1299,61ae3f21-67f1-418b-a1fe-800ab636cc4c,Nogueira do Oeste,RS,South,2024-07-26
1300,239a046d-7991-4c51-ac64-9adfa998c8e1,Novais,DF,Central-West,2023-09-06
1301,5c3bd3b5-ecaa-4afb-97e4-527a6274d240,Cassiano da Mata,PR,South,2023-06-23
1302,2023fd4b-ab89-436b-9f6b-9b3fff594778,Albuquerque,RS,South,2023-06-23
1303,24dcea07-0405-4d2b-a5fc-d671125df206,Ribeiro de Lopes,SP,Southeast,2023-11-05
1304,15ac80e4-22c2-4308-bd7e-e75cf997f697,Ramos,SP,Southeast,2023-05-30
1305,74be4b20-dc32-48a0-aa75-80e2ce52309d,Pinto da Serra,SP,Southeast,2024-03-21
1306,8d532691-6c93-4f69-8269-041a74533044,Gomes de Fogaça,SP,Southeast,2023-11-03
1307,9ac55023-6cbd-4931-af90-005839ca2826,Oliveira,MG,Southeast,2023-03-20
1308,3c9ba542-bb1d-43a8-98c8-23b07f8736f1,Jesus da Prata,RJ,Southeast,2023-09-10
1309,fa6d81ee-0890-4506-9df1-bf6f938bd3f8,Nunes,RS,South,2024-05-22
1310,1cf8570b-5e5b-4ad8-b473-2eb67bb775d4,Sales de Barros,PR,South,2023-07-20
1311,86c2ad8f-bb36-47b0-baed-6f49245fd841,Martins do Galho,MG,Southeast,2023-05-19
1312,9c2d9672-e3d1-403c-85fa-b5ea14072edb,da Cruz,RJ,Southeast,2024-02-10
1313,a9eaa9ff-bddf-4416-a173-1ed878f2961c,Rodrigues,RJ,Southeast,2024-09-27
1314,94628786-cc50-4a89-8a08-d40ea2395ad5,Pimenta do Norte,RJ,Southeast,2023-12-04
1315,c74d8df0-88f7-4097-97f2-a45fe7515d4b,Melo,MG,Southeast,2024-03-16
1316,781f9d3f-e7f3-49dc-833d-e3ad743b9f71,Leão da Praia,PE,Northeast,2024-10-28
1317,4b6c14e4-cc58-4b60-ba4e-8355f5e8a7e1,Cavalcante do Norte,MT,Central-West,2023-05-20
1318,bfda55c9-98fe-44f3-ac40-d95ab1eedf64,Siqueira Verde,RJ,Southeast,2024-09-09
1319,79210c7c-a119-4eee-8fb9-130742ac66dc,Oliveira,GO,Central-West,2023-07-25
1320,4ab05699-fd88-4cbd-a804-94630d36f5e4,da Paz,MG,Southeast,2023-07-01
1321,816ebf32-2077-4ce4-951f-62f97c193e6f,Viana,MT,Central-West,2023-11-23
1322,9da4ec0f-21ee-4f6c-8086-69bb4721194b,da Mota Paulista,RJ,Southeast,2024-10-10
1323,9a940c6c-1c8e-406b-bdce-4d4d03a2cee9,Pastor,MG,Southeast,2024-08-12
1324,7257dcb6-a8be-4c80-a6b0-d2c9bd2cf4eb,Cavalcanti Paulista,BA,Northeast,2023-11-30
1325,7c239ebc-3c77-4558-b365-fb7cc853bc55,Moura,RJ,Southeast,2024-02-07
1326,fbec1ed8-57c4-42c3-8878-9ef0dcacfa54,Casa Grande,RJ,Southeast,2024-07-31
1327,277664d0-d25c-4d37-af16-d03b987593c3,Sá de Jesus,SP,Southeast,2024-07-12
1328,a9217ddc-3cea-4f89-a217-3b7fc536d2ce,Silveira de Porto,SP,Southeast,2024-07-17
1329,bbff16e9-93e7-4893-b5fa-b5282ad3136f,Aragão Paulista,SP,Southeast,2024-04-17
1330,0d722918-1db1-4e86-91cc-c8d3c1676505,Martins,GO,Central-West,2023-08-03
1331,79ec958b-4d26-4574-b9ea-5621661423a7,Garcia,MG,Southeast,2023-10-26
1332,797eb3e4-63db-48c8-b4a2-b699aefa823b,Casa Grande do Galho,PE,Northeast,2023-03-12
1333,49ee4969-0309-44c0-af4a-bfccdeca8598,Garcia de Rocha,PE,Northeast,2024-02-23
1334,aed0fb57-87be-4021-b636-14f550d0f83d,Brito,RS,South,2023-05-23
1335,5a947a40-a32e-4ab5-8802-d74aeaef2ec2,Pimenta Paulista,SC,South,2023-09-05
1336,cd649aff-445f-4de1-8534-17b555c06c8e,da Cunha,SP,Southeast,2023-06-07
1337,760b3673-6422-473e-958c-9cfda7830a8f,Siqueira,RS,South,2024-01-22
1338,31e6a645-c53f-4f7e-96b6-a287ac00f929,Rocha da Serra,SP,Southeast,2024-09-04
1339,ac3cbe34-02b5-4d3d-8c30-563f5032739c,Azevedo,MG,Southeast,2024-02-15
1340,8677b81d-1902-493b-a947-9974030fe73e,Rodrigues,PR,South,2024-03-04
1341,b9aa06f5-382b-4b11-99fc-faeb722944a9,da Cunha do Oeste,PR,South,2024-01-04
1342,178976de-9e90-4107-8611-3bfe08b6f61d,Peixoto,RS,South,2024-07-03
1343,3781d306-d5e0-4664-a4db-04c8a8174c85,Santos,PR,South,2023-03-29
1344,db3fb4a2-161d-4acf-9eb6-d1f0f5321352,Garcia,SP,Southeast,2023-09-12
1345,a5dd2836-e65f-49fa-838c-2eafa8097a77,Camargo,SC,South,2023-12-30
1346,4b68d94d-40da-4c7d-af2b-dc13b2165b5a,Ribeiro de Barbosa,SP,Southeast,2024-09-19
1347,fec88839-ec35-43de-b414-e3e1a3871e92,Vargas das Pedras,SP,Southeast,2024-10-22
1348,c516e394-aae6-487e-a744-aa30b1356d67,da Cunha da Serra,RS,South,2024-02-14
1349,c6f06a71-46fc-4ff2-92f1-78bdc7de01a9,Garcia,MT,Central-West,2023-12-06
1350,0f6000f3-fef7-4410-9528-dc45637aa999,da Luz da Serra,MT,Central-West,2024-03-16
1351,fabb6609-7de1-4a85-91c4-194a70c98336,Pimenta,SP,Southeast,2023-04-11
1352,7df77791-a53e-42ba-adae-62c06483b0e7,Casa Grande,SP,Southeast,2024-06-06
1353,37e82d71-6e66-4273-84ca-00d78a66de67,Macedo,BA,Northeast,2024-07-25
1354,08eca4c8-1a71-464d-824d-9430b72479b7,Barbosa,PR,South,2024-08-12
1355,c6f903cf-4027-4514-ba40-662f9243a301,Almeida de Monteiro,SP,Southeast,2024-01-19
1356,0038dc84-a3ed-433a-a722-2ea2261b5048,Rios,RJ,Southeast,2024-11-26
1357,b336d143-26cf-4f51-8435-2e6f63f6bf77,Gonçalves Verde,PR,South,2024-05-27
1358,f09e0302-b525-44d9-83f0-23fd00f2baa4,Mendes de Lopes,SP,Southeast,2023-01-26
1359,c7eb7d43-ba4e-472f-9813-9af76766d37b,Nogueira,MG,Southeast,2023-10-30
1360,f443864c-6269-4a44-80d8-c04639d11950,Campos de Nunes,MG,Southeast,2023-03-29
1361,5be2124f-fdd9-4681-af5e-eca58909b003,Rodrigues da Mata,SP,Southeast,2023-05-26
1362,ff3c6d4e-a1dc-4cab-8e21-3ce5668eb10e,Fonseca,RJ,Southeast,2023-12-18
1363,570e5af5-f5ff-4705-9a74-a05688dd44cc,Marques,MG,Southeast,2023-07-31
1364,a5d5bbf9-4a3a-4b3a-8439-dfcfc2ad0d97,Cavalcanti,ES,Southeast,2023-12-23
1365,62588ce9-f7ae-4de8-8a11-9bac8df21ad5,da Rosa,MG,Southeast,2024-03-24
1366,1b552618-e57e-42d3-a3dd-e733b225574e,Mendonça de Minas,RS,South,2024-04-08
1367,bc3e34af-701f-43ea-a1fe-9bc6e29d650a,Carvalho,RJ,Southeast,2023-11-04
1368,b840d136-067e-4b72-b16e-8645092385fe,Mendonça,SP,Southeast,2023-04-28
1369,8a619e64-caf0-4442-9020-48e6638644e0,Monteiro da Prata,SP,Southeast,2023-12-18
1370,7305cd23-cfd0-4040-9591-6d49f7073712,Andrade,SC,South,2024-11-24
1371,c9abda91-5674-49e2-8e59-95aa56db638a,Guerra,BA,Northeast,2023-09-07
1372,a762b59c-ce9e-4929-b630-8a601e4182bb,Rocha de Nascimento,ES,Southeast,2024-07-19
1373,3ba4f2ba-9450-4024-bdb5-8d062621d32d,Andrade,SP,Southeast,2024-07-27
1374,a76180c7-7d28-4421-a43f-45febc4716ad,Melo,MG,Southeast,2024-04-18
1375,0bb9a8f6-9e4d-4214-ab03-4c4ee83cdff9,Sampaio,SP,Southeast,2024-02-19
1376,2c1882c9-03ad-402e-a16a-ebcfa616dde4,das Neves,SC,South,2023-07-10
1377,74c88361-18e8-44e9-8b2f-bbc3d21bf733,Pastor,SC,South,2024-03-18
1378,1b388581-d145-4d7f-915b-5a37105f86aa,Monteiro,RJ,Southeast,2024-09-20
1379,387770f0-9d99-44c5-8c96-bf4398507072,Costa,CE,Northeast,2024-04-05
1380,d5fd46d7-cfbf-4796-965c-1e3f6d1c31d6,Duarte do Campo,PR,South,2024-02-03
1381,8bbf1b30-9372-42e6-af20-6a9df9d18507,Duarte,SP,Southeast,2023-08-08
1382,36965c84-cb08-4605-b6f6-1488d62015f0,Pastor,SP,Southeast,2023-03-06
1383,1ee92d3b-102f-4f5c-95e3-92952c6710bd,Casa Grande das Pedras,PR,South,2024-07-03
1384,8dac210d-5eb3-4ef5-b240-70ca2b056167,Macedo,SP,Southeast,2023-11-30
1385,0a6b3e3d-94fd-4594-acf9-12453e5f7e23,Brito,SP,Southeast,2023-04-27
1386,9cc8f772-a1d7-4199-98ed-0649ca826730,Vasconcelos da Serra,SP,Southeast,2024-05-16
1387,14aa3ca3-7ca9-468f-a12f-3b2104005940,Abreu,PR,South,2024-10-16
1388,b4ecfe8d-16d1-45ca-ad17-4fdd2dee003e,Leão do Amparo,RJ,Southeast,2024-02-02
1389,24a167fd-34c6-4a9b-a07c-0594b13e655f,Moreira dos Dourados,SC,South,2024-08-24
1390,2caf3d2f-f026-4418-bd3f-bbec697ae294,Peixoto,SP,Southeast,2023-12-27
1391,9caf4bfe-7ff8-42c6-b79a-566b2e1482be,Pires,PE,Northeast,2024-09-24
1392,590cee67-4d1b-4d80-8857-5c8ad3946dc7,Abreu da Prata,SP,Southeast,2024-11-20
1393,fc920c73-1e14-4e04-b120-8bde3c52d68a,Pinto,RS,South,2023-11-01
1394,fc9dc0d0-c2d9-4cc9-9cdb-f14e5ca59057,Martins,DF,Central-West,2024-08-27
1395,35469cb1-a8c9-4a31-a05f-f5e6c5346e41,Aragão do Oeste,SP,Southeast,2023-05-18
1396,af6c2278-2633-4cc6-8bee-d3e31cd889e2,Monteiro de Cavalcanti,RJ,Southeast,2023-09-02
1397,0b099fcc-ec34-4cf0-ab8e-77a128e60130,Ramos,RJ,Southeast,2023-07-07
1398,6f46a41f-35a7-4c9b-88f9-fd0d5d3bc1d3,Farias dos Dourados,RJ,Southeast,2023-05-25
1399,0d6dcb42-bd8b-4603-9abb-574e0b16dac4,Castro,ES,Southeast,2024-03-04
1400,83d0bae7-7c2c-4bcf-8770-d18fc9160147,Barbosa,PR,South,2024-08-11
1401,71dfc82c-b8ad-4f54-bc3c-9c08e523e8a9,Leão do Oeste,RJ,Southeast,2023-07-10
1402,536016e7-e5fb-41c0-ad46-3549bf4113cb,Vasconcelos,MG,Southeast,2024-07-04
1403,191abb3d-3a4f-4ce7-937d-66c61c31aaf3,Sousa,RS,South,2024-10-22
1404,6022e3ff-3330-4e33-9eb0-de7d699fdb02,Barbosa,GO,Central-West,2023-06-27
1405,0de92f1b-7c02-44e5-95c8-9b2d7892d145,Casa Grande do Oeste,PR,South,2024-05-16
1406,2d9563ed-747a-4829-9c03-d65ced8a028c,Freitas Grande,RJ,Southeast,2023-07-11
1407,a1cc22d8-31b4-4308-b846-3413752e7613,da Mata do Oeste,RJ,Southeast,2024-04-06
1408,b134b58f-0837-49f8-a090-f35e55fcf991,da Mota,SC,South,2024-01-03
1409,772d416d-da05-42fc-9c71-a82122f1c32b,Leão de Cavalcante,GO,Central-West,2024-05-11
1410,e2ebb2d2-3848-42b6-97f4-98e0c2a59d7b,Pereira da Serra,SP,Southeast,2024-01-29
1411,f3e816b5-a353-4a98-8b68-a34eca1fbff2,Oliveira,MT,Central-West,2024-06-01
1412,3acdc514-dae1-4b28-8d81-64b0f85ad287,Jesus,SC,South,2024-02-23
1413,dcb913b4-7d3d-46ca-8592-a38fdb62a1f7,Pastor,RS,South,2024-03-01
1414,4777be21-7677-4166-9644-e9ae7936931e,Siqueira,RS,South,2024-03-30
1415,3f24ba6a-df62-4d0c-bc76-37a06d98a416,Duarte,MG,Southeast,2023-03-26
1416,e44e7cd1-38ef-43bc-9457-f3886f2aec8a,Oliveira,PR,South,2023-08-14
1417,faed5777-6af3-4899-814c-c3a1e5f3d466,Aparecida,RJ,Southeast,2023-10-09
1418,c4c36368-bbc5-4a50-b87c-b0d3fdc419b2,Lima,SP,Southeast,2023-10-23
1419,cf4994e0-7ab1-4533-a4f2-2a7c87f797fa,Machado,SP,Southeast,2024-04-13
1420,8ef90060-1545-4c64-bd92-29527ecb002e,Sales,PR,South,2024-05-22
1421,37cf45f6-f32e-4e3c-a818-1f5bbb56588b,Fogaça,PR,South,2023-04-26
1422,ffbb4bcc-a5cb-4f6f-bd33-31644bb8ebe2,Almeida,PR,South,2023-10-02
1423,296be903-4e09-4596-ab45-eaf07ad30e2a,Oliveira de Souza,BA,Northeast,2024-01-11
1424,7470724c-f9f6-4641-863f-f61e956abfdf,Vargas de Carvalho,PR,South,2023-02-12
1425,2f589a81-67c5-429b-b400-a5e1dfcb821b,Pires dos Dourados,BA,Northeast,2024-03-27
1426,dc420980-0059-4e29-a226-a75bb432ece9,Gomes,PR,South,2024-03-11
1427,87ea651b-5539-462b-b0d5-08a9e4b81e89,da Rocha,SP,Southeast,2024-10-31
1428,b2b3bb39-4510-4aad-80bd-44c06d07ee0b,Viana,BA,Northeast,2023-11-01
1429,e17f348d-9ed6-4705-94b9-bb4daf4637b3,Sousa do Norte,CE,Northeast,2023-02-03
1430,acb60e81-e8f6-4796-b200-a32c83c5c510,Aragão do Campo,MG,Southeast,2023-12-23
1431,9e7f87a7-7721-4daa-9d97-5cdc620956a8,Fonseca,CE,Northeast,2023-03-31
1432,8f0ce422-a5ee-44a2-acde-531f5dce8d9b,Novais,MG,Southeast,2023-05-01
1433,236e9007-3468-4b6e-8609-0b78b5971e43,da Costa da Prata,BA,Northeast,2023-08-31
1434,bcc4f087-7a7e-4c31-a627-61671d121daf,Sá,SP,Southeast,2024-08-25
1435,5209eaab-39b6-410e-82c9-6b28beb96a4a,da Mata do Galho,RS,South,2024-09-16
1436,0df1172a-46f2-4f38-ac45-1540ae2356f3,Freitas,SC,South,2023-06-19
1437,805f0892-7c79-4dd9-b3d1-2f3e5860c4f4,Melo,SC,South,2023-07-31
1438,d34c0a09-ada5-4cb2-882a-e449b5b71c24,Machado da Praia,PE,Northeast,2023-03-02
1439,b177116d-f203-4633-ac5d-d02dccc67ffd,Correia,PR,South,2024-06-29
1440,1659ddcc-7537-4d14-a24c-724be453c4c2,Gonçalves,RJ,Southeast,2024-07-05
1441,f5504c52-49d2-4ac0-adc6-9c90e5dfc7af,Caldeira,SP,Southeast,2023-10-27
1442,b273f93c-1cad-448a-86a4-2ee12a2e1e6a,Monteiro,RJ,Southeast,2023-10-01
1443,854bc8fa-344a-41b7-9fff-8cea26870a98,da Rocha,GO,Central-West,2024-06-10
1444,8a9b7b20-aeb1-4cd3-b836-0a876aa22571,Melo,AM,North,2024-11-26
1445,bcda835f-71a0-4ff8-ab8d-a34058c158e2,da Rocha,PE,Northeast,2023-05-19
1446,df2ddf20-05a4-4113-901d-759e3066478c,Moreira,MT,Central-West,2024-02-26
1447,9425fc3a-6964-4112-95fc-0f2ba50939f1,Rezende Alegre,DF,Central-West,2023-10-11
1448,b265a6c2-aa75-4eeb-97e6-42d67c743895,Marques de da Rosa,CE,Northeast,2023-05-10
1449,ca12ba49-e5f5-4dc8-a1c7-c0f6913767ab,Cavalcante Paulista,RS,South,2023-05-16
1450,f8815f18-5f34-4d6c-bbf7-5b573a0e618f,Vargas do Norte,SP,Southeast,2023-11-26
1451,74b799ec-48cd-42c0-9a66-219e25f98046,Pinto,PE,Northeast,2024-11-23
1452,890a83b4-b639-429e-a929-8691ec93e43d,Cirino da Serra,RJ,Southeast,2023-05-26
1453,e79b265a-b15f-4994-b546-c5c0d6de70c5,Castro,PR,South,2023-10-03
1454,fe67e8e9-0a88-46ca-9dee-4b6d3ce75d1e,Oliveira Grande,SC,South,2024-01-20
1455,2f3b2b18-5ea2-456b-82aa-0bc770de13fc,Novais,MG,Southeast,2024-10-10
1456,512339fa-aa61-432f-88e1-624eb506c24d,Casa Grande da Praia,BA,Northeast,2023-04-06
1457,299fff30-f9b8-4e65-8a34-b26b72cc3fc5,Campos do Sul,MG,Southeast,2023-10-12
1458,c4bd9b59-7fd9-496f-ae5a-88566791659c,Marques,RS,South,2024-01-13
1459,01196e6d-27f3-4b78-91f9-cd77ed850a6d,Ramos da Mata,MG,Southeast,2024-05-14
1460,f83811c5-4a32-4d2a-a55e-c749795235ad,Nunes,RJ,Southeast,2023-01-03
1461,712dd406-ec1b-45dd-a829-56cfba81d860,Sales do Campo,CE,Northeast,2023-04-06
1462,0a42be3f-e671-4582-ba9e-8394bb4ccb14,Rocha,RS,South,2024-04-14
1463,0659010a-4ede-49b6-9deb-979d8d0bb6d7,Pinto de Goiás,SC,South,2024-01-02
1464,538cc0ca-17ac-47e9-9b7e-24ca722b4439,Pereira,PE,Northeast,2024-07-01
1465,86c45e42-955b-4346-b1f5-5560a42d10f5,Viana,MG,Southeast,2024-03-15
1466,321a6c3f-4726-4c24-8460-5896ef87bf0d,Barros,PE,Northeast,2024-05-21
1467,ad5406bc-7209-4a7b-9975-a56289d56357,Moraes,SP,Southeast,2023-10-18
1468,51589375-7d8f-4350-b1c7-7a4464f8f226,Rios,RJ,Southeast,2024-08-14
1469,b74966cb-25df-48fa-a5c6-5c7b5c6ebf5a,Freitas das Flores,SP,Southeast,2024-05-11
1470,584cb0f7-48de-48be-831e-ef965f71dcc4,das Neves dos Dourados,BA,Northeast,2024-11-29
1471,3737cc38-166c-4d33-8f9f-dc15dfd23d15,Sousa de Leão,BA,Northeast,2023-02-17
1472,29ee29f4-49e3-4b48-b147-f758cdbe5548,Siqueira das Pedras,SP,Southeast,2024-04-15
1473,99125090-9651-4ec2-95e4-157d23bab528,Casa Grande,SP,Southeast,2023-06-11
1474,fd06a179-7980-4efa-8da0-8e483531518a,Azevedo Verde,MG,Southeast,2023-01-01
1475,01b1c626-16a4-4bfa-a032-9ee6c190b0cf,Porto Paulista,PA,North,2024-03-14
1476,764d7e7c-8e49-40f9-acc5-c9de6a1d9731,Costa,SP,Southeast,2023-05-16
1477,4a1a4219-61bb-45fb-9510-8bc02f9e1ddb,Aparecida de da Rosa,CE,Northeast,2023-11-06
1478,7e7d5e88-4dcd-4534-95d0-3545d5a76023,Câmara de Alves,SP,Southeast,2023-10-08
1479,433ecd2c-276e-4d67-80a0-586eca8d5d5a,Porto do Amparo,SP,Southeast,2024-01-05
1480,e4871ab3-aa79-4de7-a760-49771fca0f16,Leão da Serra,SP,Southeast,2024-01-16
1481,a510af65-b016-4db8-a823-99437dec4605,Alves,RS,South,2024-10-26
1482,7e388a19-46f7-420a-83c4-95061e8e06ed,Peixoto,SP,Southeast,2024-02-10
1483,7b011fdd-94c0-49e0-9c9c-4570bedd62a7,da Luz do Amparo,SC,South,2023-08-28
1484,1e9d095b-d17a-49bd-b1ba-0beaf9690579,Moraes Verde,MG,Southeast,2023-04-04
1485,29b05b37-4271-4779-9864-465a047dd583,Casa Grande,RS,South,2023-01-02
1486,b17aff6d-e0d9-4670-b606-fa3451d69f11,Fogaça,SP,Southeast,2023-03-21
1487,5c75352c-45cd-496b-8d8a-16f329ce9bfa,Porto da Praia,SP,Southeast,2023-08-20
1488,8794ac7e-4aaa-4f99-8a34-041e0c78947b,Moraes,ES,Southeast,2024-03-31
1489,2ee94ed9-a0c6-4223-8435-9252319dd940,Peixoto,SP,Southeast,2023-12-18
1490,52965cf3-8b30-4b4c-aac9-6b60c0ac430a,Rodrigues da Mata,PE,Northeast,2024-03-08
1491,b0377c52-b2ad-4fa6-af79-3d4a457e55cb,Brito da Prata,RS,South,2024-05-04
1492,24caabcb-d2c4-4286-9a04-61c9947defcf,Carvalho,SP,Southeast,2024-01-28
1493,c75ff368-5f7d-4bb1-880a-fe9f84a6d693,Jesus de Fernandes,SP,Southeast,2023-04-15
1494,1a380e8e-29bc-4734-a929-66beebc095f5,Cassiano,SP,Southeast,2024-01-12
1495,303c1503-d4e2-4134-b89a-e4fd80ddb386,Leão,CE,Northeast,2023-05-21
1496,1dd73f1f-138e-48cc-aa81-04ad75e2c2fa,Almeida,RJ,Southeast,2023-05-17
1497,b0e8b2fa-4fc3-4759-9924-48ee7ac1b4f9,Carvalho dos Dourados,SC,South,2024-11-24
1498,85eb43c8-98ff-405c-bcd2-280ee3c51ba8,Cavalcanti da Mata,SP,Southeast,2024-06-27
1499,1e5c5da8-d087-4dcb-be94-f1cb075cc8eb,Cardoso,PR,South,2024-09-16
1500,b023dbc3-2471-4957-b1b9-fd9ddb583dd9,das Neves,SC,South,2024-03-26
1501,fb29ff36-2155-4ba8-b5b8-23e420168e6d,Lima,RJ,Southeast,2023-08-07
1502,1c99d366-c8b6-4c18-8355-853eb0d9751c,Almeida,SC,South,2023-06-05
1503,6e663c0a-c1e0-44a1-bbf8-20f6c6523c3d,Costa,DF,Central-West,2024-09-22
1504,a8e7ebe3-cb05-4a14-8865-1a6e1b99eb83,Melo,RS,South,2023-08-11
1505,0b147f1f-40c5-4cf6-a895-60411e71afa9,da Rosa,SP,Southeast,2023-04-13
1506,18b475b1-c12a-44f4-82a1-3629aae6f1a1,Pereira,SP,Southeast,2023-05-07
1507,3334cd07-e6b3-4561-966d-273534952c00,Rios,PR,South,2024-01-29
1508,254338df-173d-4030-877d-868859fe1c45,Pacheco da Praia,RJ,Southeast,2024-03-15
1509,802993b1-daea-444a-a91a-49055a29fe6b,Montenegro,RJ,Southeast,2023-05-24
1510,d1d06bcd-195e-4d72-917e-894e91faf1c7,Moura,SP,Southeast,2024-10-22
1511,f6d9fe17-3109-4211-b73f-6e64378d2f8d,Cavalcante da Prata,SP,Southeast,2024-07-20
1512,19437791-b9b0-4ec4-b93c-8859011bb348,Montenegro,PR,South,2024-09-14
1513,5dd0855c-7986-4498-b52f-80c9d9ee9678,Macedo,RJ,Southeast,2023-01-28
1514,2e4c16e2-1b79-4e6b-b52e-f4a6ac6c2e1b,Garcia das Pedras,PE,Northeast,2024-11-05
1515,685707ac-3a40-4e39-83a5-f42136daa93a,Teixeira,CE,Northeast,2023-07-30
1516,77455560-1fa5-4251-9074-ac13fc0f94cd,Moreira,ES,Southeast,2024-06-05
1517,5c7ae8ef-c324-4e35-beed-cc6522cb2720,Novais do Norte,SP,Southeast,2024-02-06
1518,1d9fff25-7e63-4654-93ff-5f1f150e3388,da Paz dos Dourados,RJ,Southeast,2023-02-25
1519,afe2487f-4fdf-4f5d-bc75-ed5399b32070,Câmara de Novaes,BA,Northeast,2023-09-03
1520,daf93e99-fc26-4da6-8a64-0fc16843a5c3,Correia de Minas,MG,Southeast,2023-04-26
1521,79c5f45a-cd6c-48dd-974f-9844e50ea3ec,Cavalcanti do Sul,SP,Southeast,2024-10-15
1522,ac0e7307-7ddc-4af6-ac95-adb1ffac54fd,Gonçalves,PR,South,2024-06-24
1523,ad3053ce-a896-4e70-85cd-338470249792,Campos,CE,Northeast,2023-01-13
1524,b1edf3d3-668f-4032-a512-5d2e24b3bc8e,Sousa,AM,North,2023-11-21
1525,2b3171dc-fa54-4893-a476-231aecdfd364,Fonseca,SP,Southeast,2024-08-05
1526,334477eb-56b0-4052-b2f7-5350f9a732dc,Campos de Goiás,MG,Southeast,2024-07-13
1527,7fc5ae23-b9a6-4d75-acb9-6a2cd68e51f0,Teixeira Verde,RS,South,2024-04-27
1528,ca1c3218-c19d-41c5-85e1-8b7797f971d5,Fogaça do Amparo,GO,Central-West,2023-03-16
1529,67899d92-f33c-4c36-9a69-0cadaaab5830,Moraes de da Mota,SP,Southeast,2023-03-11
1530,1ba84a91-7462-4144-849b-9e6225ba4f03,da Cunha,SP,Southeast,2023-08-09
1531,a0dcec7d-3b17-4319-bf4d-55b97d457a09,Alves,SP,Southeast,2023-03-03
1532,d48f5ba3-0d87-4c72-bce0-5a63197f9b8d,Monteiro,GO,Central-West,2024-02-12
1533,2dd93719-f8d9-4f33-86d9-03c0ad987301,Pereira Alegre,ES,Southeast,2024-10-05
1534,9f8c2c51-9f39-46a5-8d81-31f52719bfdb,Teixeira,RS,South,2024-03-01
1535,851b5f38-c069-4f1d-a93c-94131396a289,Vieira de Martins,MG,Southeast,2024-02-16
1536,7f764fce-a97e-4131-8b26-f0a333b1cca4,Montenegro de da Luz,SP,Southeast,2024-07-03
1537,dc137c04-cf3a-4f8d-97f7-31e38add3976,Teixeira,PR,South,2023-06-06
1538,e14fea78-6e2f-4d3b-bd9f-45f40816d739,Gomes,RJ,Southeast,2023-11-14
1539,605797cf-da55-4825-9086-f384733ac54f,Marques de Andrade,SP,Southeast,2023-07-28
1540,a8cf2936-8e81-42f0-ad47-4c4f08697ffa,Santos da Serra,MT,Central-West,2023-06-09
1541,4ffd5b7a-226d-424f-ae41-1e237dd19b8f,Mendonça do Campo,PR,South,2024-02-05
1542,a8fae904-7d94-4d9f-acce-693e91a07ef2,Melo de Novais,PR,South,2024-10-27
1543,0e44c9dc-81b6-4c87-a803-feb5dab6c73d,da Luz do Amparo,RS,South,2023-03-09
1544,9defc23f-60b7-49a9-b88a-fc64974ebb87,Vargas da Mata,RJ,Southeast,2024-03-23
1545,97289c5e-0734-4403-8fb9-7b5d520b28f6,Cardoso,RS,South,2023-09-02
1546,cf3ee4aa-594f-4d27-9dcd-0d40d6415102,Teixeira,SP,Southeast,2023-03-30
1547,616d41c8-575c-4669-a00a-06e6e42f0c28,Lima,DF,Central-West,2023-04-29
1548,697437ea-5b7c-47e8-bdf0-2450585b4b17,Araújo de Goiás,MG,Southeast,2024-09-15
1549,4fe5c13b-a5e8-4198-bc10-316d3f63a065,Sales,SP,Southeast,2024-11-13
1550,1d4dfdb1-4e0e-4e2e-9e72-d97010c49f9e,Cavalcante do Sul,BA,Northeast,2023-06-29
1551,75fe2857-0991-446d-937c-64b089d5af23,Nunes do Galho,SP,Southeast,2023-05-21
1552,05391557-4441-42a5-abd1-f826e6c2cbb7,Pastor de Almeida,RS,South,2023-06-17
1553,9202b09c-60b3-4938-9107-1545fc5b14bd,Duarte Verde,ES,Southeast,2023-12-22
1554,199d5089-7d05-421c-8eee-7d6519048ca7,Fernandes,ES,Southeast,2023-09-23
1555,c3d0bde3-cfbb-484a-80b5-70137f29c9e7,Cavalcante da Mata,SP,Southeast,2023-05-10
1556,33a67403-6f9d-4d74-b82c-6ad85d037a06,Porto de Viana,BA,Northeast,2023-10-03
1557,892c6b33-d9af-4224-9723-2ce313483fb3,da Paz,BA,Northeast,2023-05-01
1558,ff08c739-4c1d-4e43-8c2b-03e443e1346d,Câmara de Minas,BA,Northeast,2023-01-31
1559,18407642-9404-4909-981c-a1a0b7bba2aa,da Mata de Minas,RJ,Southeast,2024-03-15
1560,79ab3018-87f3-49a4-8d1a-810d910171d2,Costela da Praia,SP,Southeast,2023-03-07
1561,d2e08e57-a6cb-4dda-93a0-181bcbafd542,Montenegro da Mata,SP,Southeast,2024-08-13
1562,5037e669-8a3a-4129-a9d8-4c4f6ed338be,Leão,SC,South,2024-05-23
1563,83ef3ce9-9ffd-41e7-8052-e3a566fd3215,Rios de Teixeira,MG,Southeast,2024-01-04
1564,04c32fed-e182-401b-ae3b-db698c2d0e27,Oliveira,SP,Southeast,2024-08-03
1565,f64d4de0-a92a-4880-b684-13397fcbcf31,da Mata de Porto,SP,Southeast,2023-06-11
1566,da4f706b-9d4a-478b-8f16-43a088604b56,Nunes do Norte,SP,Southeast,2023-04-16
1567,76658707-5d41-4ac5-b35d-ab4685b375aa,da Costa,DF,Central-West,2024-11-21
1568,c3f9c78c-af70-4164-bf16-44542685602c,Lopes das Pedras,RS,South,2023-08-22
1569,e94053af-d488-4dff-9c35-25775193412d,Porto,BA,Northeast,2023-01-03
1570,4455d60e-6995-4fd1-9891-4adf341c612a,Ramos da Serra,SP,Southeast,2023-01-13
1571,3c73013b-99ea-4bbd-afd5-b90b41a67c90,da Costa do Campo,SP,Southeast,2024-04-28
1572,3edec38e-0717-4ef3-b121-68632663ed11,Martins do Amparo,RJ,Southeast,2023-06-03
1573,6c097204-6fa6-481c-bdc5-62858f50b11f,Costa,SP,Southeast,2023-02-06
1574,0775d778-22ed-4e25-85d0-738228cbb7ca,Vieira Paulista,PR,South,2024-11-02
1575,a4f0708a-2d0d-4e1d-8cfb-137ca89ea4df,Silveira,MG,Southeast,2023-11-26
1576,0e29ed9a-0518-4d4d-8840-789b7c602399,Dias,SP,Southeast,2023-11-24
1577,1046e3df-ddfe-4849-8c48-5cfc9a0270da,Fonseca de Minas,SP,Southeast,2023-03-21
1578,b9676dc6-d6fd-41a5-b173-12f4659ae9f2,da Costa,PR,South,2023-05-03
1579,80104995-bc06-486b-922b-4fb21ca79972,Moreira,ES,Southeast,2023-02-23
1580,f31dde25-9496-434f-9438-231daa0a2259,Monteiro de Minas,SP,Southeast,2024-06-12
1581,c5efd670-1f4d-48ce-998d-e3d83cf29ade,Farias Verde,AM,North,2024-02-15
1582,bf957403-ce4b-42bb-a3d3-ce8ebcbb859a,Lima,SP,Southeast,2024-04-21
1583,2cd6e8df-1b58-49c9-a4ef-65a737cf65ca,da Mota,CE,Northeast,2023-11-15
1584,dce70289-411a-415b-a88b-4cfb708175fd,Mendonça,RJ,Southeast,2024-07-20
1585,f2deb798-b31a-45b5-9fec-aa6e88917cf5,Dias,MG,Southeast,2024-01-13
1586,aec7f267-7990-4a27-ac7c-eeb78bb5f242,da Mota,SP,Southeast,2024-07-31
1587,2518ec09-efdd-4a87-88c6-21bee1228e75,Melo da Praia,BA,Northeast,2024-09-29
1588,a538c6a7-0565-4e80-8ee4-5227d2450039,Sousa,SP,Southeast,2024-01-13
1589,0dff01ba-f0db-4ecb-8c87-6b1ca987799b,da Cunha,PR,South,2024-05-20
1590,a3922a4e-4f2c-486f-a27b-0edd8d7f9371,Rodrigues do Campo,PA,North,2023-07-20
1591,db8ec35b-3c83-461e-9df0-a0a288efe82b,Gomes de Albuquerque,RS,South,2024-07-13
1592,ed711fe9-649a-4bf9-b5f3-943ae8e7f030,da Rosa de Minas,BA,Northeast,2023-09-09
1593,3c4722f3-c1b4-4d44-929c-f92aefb2d33c,Costela da Serra,SP,Southeast,2024-02-24
1594,5132fe68-a1a0-44a9-b058-3380ea77d1d6,Vieira do Norte,SP,Southeast,2024-07-08
1595,d2bd16ec-1481-43b4-9dcf-5003462741ec,Melo de Sousa,RJ,Southeast,2023-01-10
1596,552d4865-d756-4d35-ad2e-ebea69b7d533,Brito da Serra,GO,Central-West,2023-01-02
1597,10fd7164-819f-4393-82ce-ef41b2cfba8b,Leão da Prata,BA,Northeast,2024-01-21
1598,b1f94a09-7408-4646-93a7-1719bcdf8302,Teixeira,PE,Northeast,2023-11-11
1599,2f098f4d-a43f-483a-a431-01e40d565923,Vieira de Ramos,SP,Southeast,2024-06-26
1600,333822d1-6691-4664-80c9-937022d6f0a2,Dias Verde,AM,North,2024-03-05
1601,3fe604f4-2867-4d3b-9c5f-3cba150d28eb,Peixoto,MG,Southeast,2023-03-03
1602,f07db671-caea-4ae5-a90a-7b80af8d888d,Machado do Amparo,MT,Central-West,2023-05-26
1603,42bbeaae-222d-42cf-bc34-3d5ddf9e1425,Rodrigues,RS,South,2023-04-06
1604,ccade92e-53dc-4fae-93a7-1b8397d02f8f,Costa de Minas,SP,Southeast,2023-08-26
1605,64bc08cf-2e90-4b5c-9e1b-015f6a1c701b,Oliveira de Goiás,DF,Central-West,2024-06-16
1606,ec511744-05e1-4e2f-b2b7-4922054edd71,Borges,MG,Southeast,2024-01-17
1607,430438b5-32c1-42f1-b661-7a3bf9606ca3,Aragão,MG,Southeast,2023-03-28
1608,99b3568d-6dcc-4c60-9e35-836f66aa394c,Cassiano de Minas,PR,South,2024-06-01
1609,f27e8ce7-2b8d-4c49-9e30-03e1f541a44e,Albuquerque,SP,Southeast,2024-02-08
1610,c5fae047-6f66-4013-869d-4cb7b7f5155a,Rocha de Monteiro,SP,Southeast,2024-08-04
1611,340155bd-b6ac-4c8e-b977-c7b41e56d346,Viana,SP,Southeast,2024-11-09
1612,7e81cdfa-bf16-43e9-89b7-e0374425dea7,Cardoso das Pedras,MT,Central-West,2023-08-31
1613,372f5f47-999f-4691-b4e4-20bfdb38f306,Siqueira do Oeste,RJ,Southeast,2023-11-19
1614,cadee3ec-6895-4908-ae2c-b8506b17bd75,Alves,DF,Central-West,2024-02-07
1615,3c48c936-4305-4a31-b9e3-89054a4a15ea,da Cruz de Freitas,RS,South,2023-12-01
1616,754a3e48-a5b1-4afd-af2c-20ac953922c0,Albuquerque,RJ,Southeast,2023-10-06
1617,52c03f9b-df16-4b70-a219-b7f77808a004,Rodrigues do Oeste,SP,Southeast,2023-07-27
1618,6c5ccba7-b55d-4fc1-a22c-c212b69d2f48,Barbosa do Campo,SP,Southeast,2024-08-21
1619,55367ab6-0d57-4085-8f0a-64508e978ce1,Melo,SP,Southeast,2023-04-19
1620,9b3b5b4c-ff2a-40c0-9ab3-83c9e88188c3,Abreu,SP,Southeast,2024-04-22
1621,618521ab-9ea1-4617-8129-aa0c40efa857,Gonçalves da Praia,RJ,Southeast,2023-05-04
1622,8f3f5995-e468-4b64-b7d2-a2ee21da5db1,Pacheco,PR,South,2023-08-01
1623,80f58b81-2b7c-4ee3-82a2-79502deb5687,Fernandes de Martins,MG,Southeast,2024-04-19
1624,b5d34f2f-513b-465c-96f3-2b9321c57a88,Casa Grande Paulista,SP,Southeast,2023-05-03
1625,fa801062-0b4e-460a-9032-6fe61de95c72,Monteiro,SP,Southeast,2023-11-08
1626,47efa886-d5b5-47b0-b92e-dfa1df266424,Lopes da Mata,PE,Northeast,2024-09-09
1627,9ce91544-4362-462d-a07e-e721e71d6ba3,Moreira Alegre,SP,Southeast,2023-12-02
1628,50c76baa-2a3c-4137-a486-23dd6f8ef978,Teixeira de Cassiano,SP,Southeast,2023-09-12
1629,a84ca488-ec40-44c6-9a60-69f38e40b294,Aragão de Correia,MT,Central-West,2024-02-10
1630,2ee25989-3ad8-4406-8df8-1d2b260c037e,Melo,ES,Southeast,2024-11-24
1631,7796048f-b4b9-4b73-a9de-bccc429e09bd,Camargo do Amparo,RJ,Southeast,2023-06-28
1632,fd2336f4-5b44-46ed-b107-6f2e0a715350,Marques de Monteiro,SP,Southeast,2024-02-19
1633,ddebcd5c-b842-4379-9888-dcb61ccc33c1,Campos,CE,Northeast,2024-07-23
1634,de4097c3-3427-4466-97f4-b85d597faaf0,Cirino da Serra,BA,Northeast,2023-09-13
1635,45d5aacb-d294-400f-823c-a34abffbd93b,Pacheco,SP,Southeast,2023-04-15
1636,86a8f21a-010e-422b-b8bc-920cff7d39f7,Leão,PE,Northeast,2023-05-24
1637,c4ac41b5-3f04-4c7b-93ab-7d2ceba0330c,Rocha de Brito,SP,Southeast,2023-03-05
1638,48c6a7ed-06a5-44ec-9422-ea97e32a8787,Gonçalves,PE,Northeast,2023-08-16
1639,f38324f7-eddc-4c0a-9720-6c665fa18468,Duarte,SP,Southeast,2024-02-15
1640,75d1d776-14c0-4f6d-8764-51d3275dd459,Marques de Pires,RJ,Southeast,2024-10-07
1641,a87319fe-981d-4530-84f2-0d97f4881671,Farias,GO,Central-West,2023-03-28
1642,9f534d9a-a7fa-4009-8b39-8e89f842e163,Duarte de Siqueira,PR,South,2023-09-23
1643,f5185923-e829-4e3b-bbfc-5dc1fff446b9,Cunha,DF,Central-West,2023-03-18
1644,a4c5dae5-cd32-4712-8c76-7092dcffd7b6,Duarte do Norte,SP,Southeast,2023-03-08
1645,f3afbb09-8c12-4e0e-921a-f952be69ad39,Borges das Flores,SP,Southeast,2024-10-23
1646,f70d78a0-3d75-4423-ad92-1dab41526bff,Borges do Sul,MG,Southeast,2023-05-12
1647,6374ed14-29b6-4b14-b54e-15ecda33562c,da Paz Grande,SP,Southeast,2023-12-06
1648,cd14eacb-7da8-4631-8c6d-8ddd1edfc59e,Sousa da Mata,SP,Southeast,2024-04-17
1649,219c00cb-9a7f-4e23-af59-aa66e75b2113,Rios do Campo,SP,Southeast,2024-08-10
1650,332ac35a-833d-4df1-9e11-a680d5016ada,Machado de Gomes,MG,Southeast,2024-02-09
1651,99afee64-9024-4225-84bb-10e079f7f38c,Borges das Pedras,ES,Southeast,2024-01-27
1652,2fb50401-9d26-4076-9e44-b774cf9d539c,Pires das Pedras,RS,South,2023-06-26
1653,577c9717-836a-4887-8a5a-269817cb67b8,Rocha de Câmara,RJ,Southeast,2023-07-11
1654,27b2a5c1-b6b0-40b9-afad-328ea5c9cf20,Moura de Pires,SP,Southeast,2024-04-01
1655,4a6b836b-157f-408b-8651-4886a5b09024,Lopes de Barros,CE,Northeast,2023-02-05
1656,4ce6929f-7a44-4d05-8d32-0878e83ec3a0,Cardoso,SC,South,2024-09-23
1657,d76f0813-4ce7-44d7-a724-b119af2f32a7,Moreira,SP,Southeast,2023-10-30
1658,0c37eb80-918b-4e18-8ba4-af256d7fd4e2,Aparecida,ES,Southeast,2024-07-17
1659,6cc721f0-82ba-4fed-9b8d-c821836f224b,Brito dos Dourados,MG,Southeast,2023-03-31
1660,d0154898-9187-49a0-b866-3c7ca92dcf4f,Fogaça Paulista,RJ,Southeast,2023-05-21
1661,80e1be4d-c4c6-48eb-94ee-d98795e7c6e4,Camargo,MG,Southeast,2024-10-20
1662,2df721e0-767f-4c15-a95d-3271bd9277a4,Gonçalves,CE,Northeast,2024-06-22
1663,e07309de-6a8f-4654-9552-87c70b961346,Dias Verde,SP,Southeast,2024-07-10
1664,ab962697-c1e1-4813-b47a-c231b95e44e3,Pinto de da Luz,BA,Northeast,2024-01-27
1665,df107434-eb09-4202-b77a-efe15761b099,Cunha,BA,Northeast,2024-01-03
1666,fb708dd7-bf3d-4023-9406-42a82f61e334,Rocha do Campo,MG,Southeast,2024-05-11
1667,017f319f-0496-4795-88cc-ddbc6f0d7229,Camargo do Sul,RJ,Southeast,2024-08-02
1668,75cd3e5c-7a24-4720-a7e2-92992bf6d915,Ribeiro do Amparo,ES,Southeast,2024-02-02
1669,f952f1e8-d029-433c-9e55-f98d4d844cb6,Sales das Flores,SP,Southeast,2023-01-27
1670,2005dd7e-166f-419a-8d7a-e829cdfcef75,Albuquerque,RJ,Southeast,2023-08-13
1671,04110e35-d0e3-4b2b-9ca6-4c3330d867cd,Alves,SP,Southeast,2023-10-15
1672,2528d32d-a60c-4bed-bb2a-7f1035901039,Lopes,SP,Southeast,2024-04-28
1673,ca3e3238-dbb2-4c33-a045-6992d79330f1,Borges,PR,South,2024-08-21
1674,25ee2f0f-76a3-4eb0-850c-71f44d08f416,Lima de Almeida,PA,North,2023-06-13
1675,270524cb-e704-4115-aa85-e3b11dd03ecd,Mendonça de Melo,SP,Southeast,2024-11-03
1676,95d16384-7313-4fa5-9c1b-9eb10506536c,Costa,SP,Southeast,2024-06-30
1677,d5767137-d456-429d-91c6-31cf4b7a123e,Aragão Alegre,PE,Northeast,2023-02-27
1678,d8fe3fb8-a162-4abf-9a48-280302040c81,Leão do Amparo,BA,Northeast,2023-08-13
1679,bb27f6bc-9888-40d9-9423-251ebcb12a00,Andrade do Amparo,PR,South,2024-02-02
1680,974e598d-836b-47c3-bc71-1cc8665173fa,da Conceição de Silva,RJ,Southeast,2023-06-27
1681,6c087d6c-04de-48f8-873f-3f030f8a579c,Novaes de Minas,SP,Southeast,2024-08-29
1682,6ac98528-a5f7-41fe-a493-998a4491be40,Camargo de Monteiro,RJ,Southeast,2024-01-03
1683,58c58875-a56c-4a56-b05f-f9c39f690cde,Sampaio de Lopes,DF,Central-West,2023-01-29
1684,b9e8d781-49bb-4313-a94d-25fc05539a50,Melo,RS,South,2023-12-27
1685,81f46dfd-3b6b-4c0d-b028-05af580661f1,Pastor,GO,Central-West,2024-07-31
1686,ebf6dd32-56d2-4b12-af5a-7636e8b8d252,Cardoso de da Rocha,SP,Southeast,2023-07-12
1687,f5b5ac71-63ef-4e69-b61d-56f5b9163357,Rocha da Praia,PE,Northeast,2024-05-19
1688,f88fa199-ccbc-4f4b-b8ea-47e2cbc4dd42,Pinto,PR,South,2023-06-29
1689,bfcf214e-b0d1-4df1-884f-1db9350b9f51,Rios,MG,Southeast,2023-04-03
1690,331165e0-2c5c-4e54-a10c-78d97b9ea9eb,Pereira,SP,Southeast,2024-09-08
1691,6a7df379-cb21-4a80-99d4-d39a7dffe27d,da Rosa de da Costa,SP,Southeast,2024-06-23
1692,ffcf956e-0c0b-4cd1-8e8c-71d8359d65ae,Fogaça,MG,Southeast,2023-12-06
1693,ad4b24ec-5b67-4a25-82c4-5041e1831003,Cavalcanti,DF,Central-West,2023-07-26
1694,80e3fe4f-e4fb-4a3b-9c05-ae03d3f471e7,Azevedo,PE,Northeast,2023-12-15
1695,9e189a98-1d2d-4771-ae3d-24945675c8f3,Campos,RS,South,2023-11-28
1696,4200a1aa-7c82-4fbe-b95e-54f08fde042a,Viana da Praia,SP,Southeast,2023-06-01
1697,e0b1d762-c524-4047-8bf2-fb51c4f5b03e,Cassiano do Galho,PR,South,2023-05-26
1698,b4d6f3e6-1aa9-4d26-ab63-6d669ab2b735,Macedo,BA,Northeast,2024-06-22
1699,d772e63e-f670-4a62-b506-d74ccc8a6796,Caldeira,CE,Northeast,2023-03-16
1700,c83b6467-9c12-47d2-9c4e-7b65c81a5f0f,Novais,RJ,Southeast,2024-11-09
1701,2ac38bd3-1afc-488c-81de-c9db0abe8257,Costela,RJ,Southeast,2023-04-14
1702,ba751921-2833-48ea-9c94-563ae9365d1b,Santos dos Dourados,RJ,Southeast,2023-11-27
1703,bb88854e-7f96-4d71-8182-70d2c3101e2e,Cassiano,SP,Southeast,2023-06-11
1704,d1b48562-55a8-46a1-9d1d-dcb7a5a7e280,Campos,RS,South,2024-03-23
1705,f83a1bce-7069-4977-b3af-15bed93d8722,Vargas do Sul,BA,Northeast,2024-05-13
1706,7942000a-cf24-4413-95b6-54383ecd0888,da Paz do Galho,SC,South,2023-06-28
1707,5f57fd27-4419-49b6-95d1-e2f82bd7d038,Fonseca de Goiás,RS,South,2024-07-29
1708,87972916-c0e5-4883-80d2-201b26cffe04,Viana de Goiás,RS,South,2024-09-20
1709,69d53317-6dc7-4587-8d40-b648235398a6,Marques do Galho,BA,Northeast,2023-08-17
1710,f198f62e-5c9d-4ead-aea4-91fccb6b6306,Macedo,RS,South,2023-06-29
1711,b7b651ee-028b-4fb6-8528-ac362545034c,Barros,RJ,Southeast,2023-10-29
1712,fb60be1c-66d2-4752-9097-0843569b111f,Lopes,SP,Southeast,2023-01-02
1713,097ef98d-c25a-4eb3-a4ad-19050fbc6377,Oliveira,GO,Central-West,2024-08-09
1714,fae45d7c-a1b1-487e-ba4c-b5590ecc9ff5,Leão das Flores,RJ,Southeast,2024-08-04
1715,8db969af-b366-4fd1-ae4d-8a19e2c2aa24,Silveira Alegre,SP,Southeast,2024-09-08
1716,d3b68150-0205-416a-981a-b26ce8c35a79,Moura Grande,RJ,Southeast,2024-09-18
1717,a4d546e1-7239-4201-a768-7c42b3468999,Nogueira,SP,Southeast,2024-08-02
1718,a6ebe702-9e41-4884-89d0-c0fc9fd60922,Sampaio de Ferreira,SP,Southeast,2024-05-23
1719,a614f06a-c814-44cd-8fd4-2949e33ea976,Vasconcelos do Oeste,SP,Southeast,2023-03-21
1720,0976e09f-1593-4f42-8d31-29b3e1878e93,Gomes Grande,SP,Southeast,2023-11-24
1721,48af7f10-8a71-4a73-bdee-baa1853d8090,Borges,SP,Southeast,2023-04-01
1722,85764472-4fef-463f-8d41-d66082fce908,Sá da Serra,PE,Northeast,2024-11-17
1723,cbede473-e3eb-47c1-8723-e11e05fef7bc,da Costa da Mata,SC,South,2023-12-10
1724,8159ace5-fca9-4028-ac39-12efb9fc829f,Siqueira,MG,Southeast,2023-09-29
1725,427f6635-5f7b-4b00-9772-03300f589a93,Campos do Norte,SP,Southeast,2023-03-11
1726,1fef9a77-f0fb-4b65-a6a5-790ac1ade98a,da Rosa de Oliveira,RJ,Southeast,2023-04-21
1727,56c76990-7401-43c1-8155-aa51bca2c581,Souza,RS,South,2023-02-19
1728,b6f31d02-90ca-4ac3-94e3-552bfd2f1be9,Ferreira,RJ,Southeast,2024-03-05
1729,c8e7f2f6-aabb-4cac-88d7-51654c987a1b,Silva,MT,Central-West,2024-02-28
1730,3f64e5ee-bccd-4b8c-8508-df9160aeb372,Duarte,MG,Southeast,2024-01-23
1731,d2a5d216-314b-4d36-9516-235984362fc7,Marques do Campo,RJ,Southeast,2024-01-20
1732,d4147d03-6cfa-48cf-b62e-110a25848385,Barros de Minas,SP,Southeast,2024-05-05
1733,214bd473-e375-4867-acc5-60710febecad,Cunha de Machado,BA,Northeast,2024-08-14
1734,86b8afef-ad44-4c48-9e8a-10da13fc927f,Pastor da Prata,SC,South,2023-08-19
1735,df3c5c8a-6510-46d6-8761-0e8384d99451,Pacheco do Amparo,SP,Southeast,2023-03-17
1736,70a91477-ff1b-454d-ac65-659da2ef1e21,Siqueira de Leão,BA,Northeast,2023-02-04
1737,817b2f21-24f3-4f14-a9b0-1062d2e55512,Mendonça,RJ,Southeast,2023-11-23
1738,f7d0eea0-211f-432b-b52c-aa97b60df6a3,Sales,SP,Southeast,2023-04-18
1739,0858f527-792d-4499-b497-375c366fbddd,Novais,SP,Southeast,2023-06-24
1740,1e6773d7-f3aa-472b-abf4-5b9d5e8c8bbf,Camargo do Campo,CE,Northeast,2023-06-14
1741,0a4fee3b-4a22-4ba5-925f-2cc65e9d2f8a,Campos,RS,South,2024-07-14
1742,5fdc9844-fdb3-4e45-8e0f-89b95f187c02,da Rocha do Amparo,GO,Central-West,2023-04-06
1743,2463463c-2493-46b4-8a8c-536607298d47,Aragão da Mata,RJ,Southeast,2024-09-20
1744,2ede2487-3730-48be-8892-4bd6e39940dd,Abreu de Campos,DF,Central-West,2023-02-01
1745,ded44617-114b-48ca-9941-0ea38c2b678e,Leão,MG,Southeast,2024-10-31
1746,90d5e87e-4f48-4f45-92b4-002c7b2e60e1,Fernandes de Viana,SP,Southeast,2024-03-20
1747,b8541d6a-d59f-4b69-b9a8-832f60971a15,Teixeira,SP,Southeast,2023-04-14
1748,75ffe99a-a2ef-4f53-8138-34472376324f,Rios de Machado,RJ,Southeast,2023-07-14
1749,53415fe2-ba55-4e35-9dc8-d27b2623b91a,Pinto,MG,Southeast,2024-07-21
1750,6321d753-68dd-46fd-9fa3-8f4baa1cd2d8,Gonçalves,RS,South,2024-07-07
1751,f544b28c-0bba-472a-8a7e-9cce56c890a5,Sousa de da Mota,SP,Southeast,2023-10-16
1752,2a65bae3-ddaf-4233-96a9-e518a55ac92f,Oliveira,RJ,Southeast,2023-04-09
1753,b518174f-c587-4243-8bd1-0fdca14ed649,Novais do Campo,SP,Southeast,2024-08-08
1754,3142e0c7-15cc-461a-8f31-bf2ea4d78f64,Nunes,PR,South,2024-05-17
1755,79d05e2b-c024-4b51-b07c-3f638591a818,Campos,SP,Southeast,2024-01-05
1756,2e03a9cc-8827-40b5-afa9-9c7ea8835c66,da Mota,SP,Southeast,2023-03-31
1757,d4669984-3ecb-4bd6-b4af-a2e1c968e8ee,Barros de Nascimento,RJ,Southeast,2024-11-08
1758,96c1b183-66dc-4989-9207-c6cc9b5ad674,Mendonça,SC,South,2024-05-06
1759,57076494-05f4-449b-af10-b6ccdcaa5994,Cirino das Pedras,SP,Southeast,2023-01-27
1760,513ff9a9-8724-41ca-9c11-eb1306289878,da Cunha de Minas,SP,Southeast,2024-10-15
1761,8ab20bf4-196d-4dc0-bad3-43521d59598c,da Paz,RJ,Southeast,2023-03-25
1762,c4af9dc9-416c-4562-aec3-641124df6dcc,Cassiano,MG,Southeast,2023-04-29
1763,adb94a81-6843-44a1-b3c1-114d4e8a10cb,Araújo,RJ,Southeast,2024-02-12
1764,2e740569-5346-405c-b60c-2dd39d4e42f2,Silva,MG,Southeast,2024-11-07
1765,19474d1a-63d3-46c1-8c4b-52aa0ef9f903,Casa Grande das Pedras,SP,Southeast,2024-10-19
1766,6021a15b-4207-4b51-92ff-eff5e49c5edd,Aragão,PR,South,2023-07-09
1767,98d54b7e-c08b-4631-bd57-ee2733daefc1,Monteiro,RJ,Southeast,2024-01-26
1768,62928cdc-8121-4051-809c-a132823500f9,da Mata,RJ,Southeast,2024-04-01
1769,8d9957fa-76fe-4cd6-917e-7f4a0f8593c3,Azevedo do Amparo,SP,Southeast,2024-03-26
1770,3bd66a06-a22f-4331-a851-83410766699f,da Mata,MG,Southeast,2023-08-20
1771,acd32f62-960f-49fc-b6a6-46ee8dd7e052,da Cruz,PE,Northeast,2024-07-31
1772,c903cc1d-a6cc-4a57-8e01-4eb3c3528ba4,da Rosa,SP,Southeast,2024-11-14
1773,157b0495-722b-44aa-a820-802591788bdd,Viana,SP,Southeast,2024-11-15
1774,8a5a4272-5f90-4e57-a472-2a76f7c90c89,Viana,RJ,Southeast,2024-07-08
1775,6c7b0a77-f3de-4bc2-899b-ef4b3ec2e72a,Aparecida de Abreu,MG,Southeast,2024-08-26
1776,d451b59f-f60b-4881-b6f3-6fc7d0096b2a,Rezende da Serra,SP,Southeast,2023-03-04
1777,ebfbc97a-eefa-4d76-8f67-a174002394e2,da Mata de Peixoto,PE,Northeast,2024-06-19
1778,6151bd93-ae14-45f4-96e8-aad3403a423a,Pires do Oeste,MG,Southeast,2024-07-02
1779,4804044c-82a4-422e-9737-145095ccfda2,Castro,RS,South,2024-05-01
1780,11e74656-9026-4d4c-88ba-135ebd3b17eb,Borges das Flores,PR,South,2023-08-30
1781,23c01eb1-d49b-462d-9f7b-6b19b2cc4372,Lopes do Oeste,MG,Southeast,2023-03-22
1782,cd539417-f519-4ab9-813b-e64b9c4624d3,Rodrigues Alegre,RJ,Southeast,2023-02-05
1783,c0b08dd0-fac9-45b6-82e8-8605a29a7e5f,da Mata de da Cruz,ES,Southeast,2024-06-13
1784,57750d0f-5256-4276-bba7-5385a98afcb0,Marques,BA,Northeast,2024-11-24
1785,04105bd1-5415-4636-9979-ba46f5808b59,Ramos,AM,North,2023-05-31
1786,79fdcd33-9bd9-42ca-8086-2f9eec191606,Albuquerque,SP,Southeast,2024-04-04
1787,8e484bc0-69c5-4d69-ac6c-db5aac367cb9,Teixeira de Gonçalves,SP,Southeast,2023-06-21
1788,e070bdb9-c98c-45fb-94c6-2aba89c2fba5,Nascimento,MT,Central-West,2023-07-17
1789,d0e915d4-d503-42a8-a47f-9c7e07ec2d32,Rocha de Campos,SP,Southeast,2024-03-09
1790,605a34f5-d012-4e91-b8d7-8cbc5a5ddcc5,Gomes da Serra,SP,Southeast,2024-11-30
1791,b2709103-cfd6-4161-8499-68ddd6d24227,Campos,MG,Southeast,2024-10-04
1792,3167d947-efad-4069-9ed7-d1a676730495,Albuquerque de Câmara,SP,Southeast,2024-09-01
1793,47f86de4-c227-40f2-8510-6943be3eb6f7,Correia de Minas,SP,Southeast,2023-03-10
1794,4d9d1bb1-a00f-40d4-9d0a-94dfd0f7c7b0,da Conceição,SP,Southeast,2024-07-23
1795,5ced83b3-f7a0-4e7a-be6a-3ea7fae91634,da Mota,MG,Southeast,2023-11-30
1796,b4fbdaf2-b43c-4851-a78d-cf327e2a9f73,Abreu,CE,Northeast,2024-06-16
1797,a3708c7f-d235-45df-bbf8-b1fe3232be72,Camargo Paulista,MG,Southeast,2023-01-13
1798,2ba46308-7e77-46aa-8015-575691b0af07,Ribeiro,BA,Northeast,2024-09-30
1799,aeb0b110-ac13-4249-90d2-2d54bd22f7fc,Azevedo,PR,South,2024-03-05
1800,10a71298-bef8-4d85-a0d4-c1659691f45d,da Luz,SP,Southeast,2023-06-03
1801,3a5bece9-db00-4b4c-91e5-2e86eefe02c3,Correia do Sul,SP,Southeast,2024-08-25
1802,ad80016d-b167-44b1-b845-846efdf0861e,Rodrigues da Prata,PR,South,2023-04-13
1803,f019955f-0080-4ed9-b434-80a1e212f7e1,Ramos do Norte,DF,Central-West,2024-07-30
1804,6ebb7a17-52b0-447b-b052-8803da968e7d,da Mota do Campo,BA,Northeast,2023-10-20
1805,7eddfc17-7772-4a5a-84ae-ffbeae1fd957,Moreira do Norte,CE,Northeast,2023-12-19
1806,0c05e009-397b-4dd7-b8a1-e477e240e060,Leão da Prata,CE,Northeast,2023-09-28
1807,6450dd3c-0152-4e60-90f5-3bd872e89652,Farias,RJ,Southeast,2024-05-12
1808,cec3a6f4-9262-4536-a14e-21f714f16d92,Sousa,PR,South,2024-04-29
1809,6c7f7bef-b086-47e1-ba64-795839c2c1a2,da Cruz,SP,Southeast,2023-10-10
1810,4f90f91a-5448-40de-aa1b-76e3326684ff,Pires,MG,Southeast,2024-09-25
1811,7adf1458-0722-4b3c-98c3-0aa9a0135044,Alves Verde,SC,South,2024-02-16
1812,5594d9c6-ef60-450e-a055-01d3cc16ab4e,da Cruz do Campo,SP,Southeast,2023-12-06
1813,573ecc3a-f574-475b-bd05-1bf4793c4fbf,Farias,RS,South,2023-02-20
1814,f18c5581-3c9b-4b84-8b4a-ddc685096c78,Vasconcelos,BA,Northeast,2023-10-03
1815,c39bf6de-7043-47c3-9e9b-e9e29997496b,Pires,DF,Central-West,2023-01-21
1816,15e59a0f-1ff4-4f0a-9435-0cb1724af3fb,Andrade,RJ,Southeast,2023-11-07
1817,d9025a2c-e3dc-4702-9033-14b1609cf7af,Viana,RJ,Southeast,2024-05-18
1818,cd693dab-eb4b-4c0c-8fdf-60d520a62f9b,Araújo de da Rosa,CE,Northeast,2023-04-11
1819,10d7a164-6e8d-4018-a04d-ac849c595e03,Rocha,MT,Central-West,2023-08-22
1820,4b7faa4c-0d5d-4f64-8f2b-892b0e484034,Guerra do Campo,SP,Southeast,2024-03-29
1821,3bad3a0d-693e-4fcf-8080-aba49e07809d,Marques,BA,Northeast,2023-11-25
1822,6d98567e-cb8f-4981-b6d6-682f6248953e,Fernandes,SP,Southeast,2024-03-02
1823,c86e0b55-acff-499f-b005-8f9aa6a2c945,Marques,SC,South,2023-04-02
1824,314674a6-967a-4fbb-9404-801d84681060,Caldeira,SP,Southeast,2023-08-05
1825,114a9827-b69a-4a1e-985d-654b03255820,Oliveira,DF,Central-West,2024-02-21
1826,419bf74e-8247-43c3-a32a-4516204054fb,Leão do Amparo,BA,Northeast,2024-06-12
1827,2f98ad33-71d2-463f-9ef0-1577b980e521,Carvalho,CE,Northeast,2023-02-27
1828,20afaf9e-0f7c-49ad-8b48-3935cc09de64,Pacheco das Pedras,ES,Southeast,2023-06-12
1829,c11ea16b-a6d6-4330-b5b1-9be4835c3541,das Neves Verde,SP,Southeast,2024-06-02
1830,2547a8dc-c686-4251-8a88-64c7e29de722,Melo,MG,Southeast,2024-06-20
1831,4a832ab5-57c8-40b0-9a73-cd2f4f05495e,Albuquerque do Galho,CE,Northeast,2023-01-30
1832,250487e4-ada5-47e3-a85d-81db9620ed14,da Costa,SP,Southeast,2023-07-25
1833,8f381c01-d5ce-4626-91b6-075581d1d226,Lima,PE,Northeast,2023-09-13
1834,334b92a2-f9fc-4c3f-b206-33885804550b,Viana,SP,Southeast,2023-02-21
1835,aaf8e1d5-3079-4b56-976f-f2641182e8e7,Sales de Sales,DF,Central-West,2023-07-23
1836,b1420898-998a-45a8-b7a7-aed0fb5f5290,Pacheco Verde,SP,Southeast,2024-04-20
1837,4cb4a7f6-9db8-4f7e-95ed-d864f68b6ba0,Farias da Serra,ES,Southeast,2024-10-12
1838,ca087252-e048-42dc-b44d-24421ad74fd4,Monteiro,DF,Central-West,2024-11-28
1839,a3863cd1-00f2-4a96-ab82-1435382afbde,Sales,SP,Southeast,2024-01-17
1840,36903edb-9fb9-48e0-b76e-f3e63af33cc5,Mendes,MG,Southeast,2024-04-01
1841,d08d13df-f3dc-4264-84b2-7b21bc0dd6ed,Sousa das Flores,SP,Southeast,2024-04-30
1842,d37a430a-2f2a-45e8-a67a-e277348f9ce0,Fonseca,PR,South,2023-12-25
1843,07af3b8a-5b9e-45f4-92e0-0b9c028849d9,Casa Grande,RJ,Southeast,2023-09-22
1844,a19f2485-31c4-4c9e-b0be-96304a6333e3,Aparecida do Sul,BA,Northeast,2023-04-03
1845,2c94df5a-48ba-45fb-b2a4-a8a432f9b771,da Luz,RJ,Southeast,2024-01-31
1846,d8f80018-56fe-4769-ac9d-e90ab805ae3c,Cavalcanti,SP,Southeast,2024-08-08
1847,d7c713b7-2d13-48f3-8580-8066322c3dae,Brito do Sul,BA,Northeast,2023-08-08
1848,610114f4-2322-4464-ad6d-84efd4d9a0ae,Fernandes,CE,Northeast,2024-10-24
1849,74c9c3ad-4e19-492b-b5d2-1deaefa52c8a,Freitas,SP,Southeast,2023-07-31
1850,2bde3c78-a931-4044-9f52-58abcf3a9723,Silva de Minas,SP,Southeast,2024-02-24
1851,ec9573e9-e1fa-4466-a4f9-82ec1e559419,Vieira,ES,Southeast,2024-11-29
1852,60d16c16-8855-417d-b112-0678308c523d,Dias das Pedras,SP,Southeast,2023-05-16
1853,ebc78c06-3e9a-4e12-a2da-43a7fa1b7659,Teixeira,SC,South,2024-09-07
1854,dabc47ce-3068-4fdd-965a-fd0f9db402f1,Vieira Grande,BA,Northeast,2023-08-18
1855,a1243bea-0da2-4154-bf46-a43a53e2e047,Cardoso do Galho,SP,Southeast,2023-11-09
1856,7d2e7d9e-e2c6-493e-9586-6982f7e808a2,Siqueira,RS,South,2024-10-20
1857,ca7ecb33-787d-46d7-88df-d1f114d72283,Cavalcante,SP,Southeast,2024-01-21
1858,e1e669e5-c055-4921-a35b-8f49823483a8,Monteiro do Galho,CE,Northeast,2024-04-15
1859,b6658a34-5263-4028-add2-d8c076da3875,Moura do Amparo,SP,Southeast,2024-04-22
1860,794836f2-7eaa-40a1-b4ac-27efb734d467,Pacheco das Flores,RJ,Southeast,2024-06-17
1861,957fe29f-ca66-4da6-abd2-cb71a35ae369,Costela,PE,Northeast,2024-02-11
1862,73bb84e5-33f7-4722-a517-28b23832dfc1,Gonçalves,PR,South,2023-01-08
1863,e3826da1-6cce-4c23-8e55-f3fe37f5c238,Oliveira da Serra,ES,Southeast,2024-11-09
1864,4128d40b-5fc5-4ff4-97a9-98eaef7cdb39,Carvalho,MT,Central-West,2024-01-19
1865,71cb19b3-4b88-445a-9582-de78c06a5949,da Conceição Verde,PR,South,2024-08-31
1866,9f021a19-8323-4ba9-b71a-d3fe0a8857a5,Lima dos Dourados,SC,South,2023-11-02
1867,5e15433b-68b1-411a-aeb8-b0e277b16be3,Dias de da Mata,RS,South,2024-05-08
1868,71127f4b-2df8-4502-8653-ee8561e30fb4,da Luz,SP,Southeast,2023-10-11
1869,e6c71f15-5bed-43be-936d-6ccea535f9d7,da Rocha,SC,South,2023-10-11
1870,8bf160df-8346-452b-8073-aa66d7b4db17,Viana,SP,Southeast,2024-10-29
1871,193156f5-3a4d-45fd-ad36-0bb746c3c90c,Barbosa,RJ,Southeast,2023-06-03
1872,33474b1b-8bc8-4d37-89cc-cf1a5c387c2a,Costa Alegre,ES,Southeast,2023-09-04
1873,d0c8da67-bec6-4bbe-8d7e-c4b140018cbe,Correia Grande,DF,Central-West,2024-09-06
1874,b757ec69-c09c-4207-9ae1-3a7fff9779f7,Albuquerque da Mata,MG,Southeast,2023-11-24
1875,c87b17d9-58bc-45e4-9282-d54d482702f0,Guerra Verde,RS,South,2023-01-27
1876,78d540ef-030b-4532-a7c2-4c68c1ff9427,Gonçalves,SC,South,2023-10-30
1877,bfc77282-b92c-4a72-ba17-d79a3a42958b,Melo,SP,Southeast,2024-03-04
1878,c935a278-9645-4ec1-840d-214b3bd54863,Silveira de Martins,MG,Southeast,2023-02-06
1879,5025ac18-15fb-45dc-8aba-ef3c5735773c,Lima,PR,South,2024-08-08
1880,6aed979f-b2ac-4768-b122-4f43c5274f35,Macedo,PE,Northeast,2023-12-18
1881,07b4e684-8ef6-4ee8-9a5a-8bc373315c49,Carvalho Verde,RS,South,2023-08-16
1882,f17fa5c0-4e39-465a-a0db-4294dfae1803,Monteiro,RS,South,2024-10-15
1883,5acb287d-d594-4c84-a8aa-454ecf76770a,Câmara das Pedras,BA,Northeast,2024-11-18
1884,67432c04-c0ac-4c00-af8e-26b26cfbf173,Duarte Verde,RJ,Southeast,2023-11-04
1885,083ed925-c90d-45aa-914c-c11c05f30bc5,Cassiano,PE,Northeast,2024-11-04
1886,548b4c63-fe87-46bc-b3e0-0dc5fa2c9e79,Garcia do Oeste,CE,Northeast,2023-07-05
1887,88d45ff4-104f-4fc5-a400-bb0ef2dd85f6,Correia do Amparo,RJ,Southeast,2024-04-27
1888,f6419405-91cb-4c49-942e-f29e1bcfb92f,Porto de da Rosa,SP,Southeast,2023-09-22
1889,acc54c62-1ab4-44a7-abe2-6bd117deace8,Andrade,RS,South,2024-07-26
1890,7d15c353-9a76-4ea9-b063-e9a0d393daad,Cirino,BA,Northeast,2023-07-07
1891,f686cfa7-e94d-4d1e-91ca-2a0b32f194d8,da Paz do Oeste,GO,Central-West,2023-12-10
1892,863ecbe2-a8d9-4292-8a85-e4433ba878d9,Marques,SC,South,2023-08-16
1893,02d3fb7e-84be-4e1c-9e5f-feaa0eb54078,Duarte,RJ,Southeast,2023-11-11
1894,641f79aa-692e-43b9-a8e9-77f0dc15c7c5,Camargo,MG,Southeast,2023-12-06
1895,7a6eaaa5-6b1d-40b9-8954-fc3d210f2a8a,Gomes,RJ,Southeast,2024-08-22
1896,34dbda6b-dd9e-4b6d-a751-82a4f48138b5,Costela,RJ,Southeast,2023-05-01
1897,b5ad09f5-d161-4381-aea4-b4054f4c3f0b,Castro de Pereira,MG,Southeast,2024-10-11
1898,9665df7c-4f70-488b-b06c-69d99339304b,Montenegro,PR,South,2024-09-27
1899,46834cc5-757e-4b43-af51-6850b77e5f7a,Abreu,SP,Southeast,2023-07-19
1900,1060573a-721b-4707-a487-7651fdb7c107,Pereira de Goiás,ES,Southeast,2024-11-28
1901,91b8ff07-e909-4654-9432-3b1c869e8836,Marques de Martins,RJ,Southeast,2023-11-02
1902,1752815c-bcbf-4583-8a01-75e5937d6fb1,Ramos dos Dourados,MG,Southeast,2023-06-04
1903,b62e8f02-d7b7-4862-b347-f1d458c6b1c6,Gonçalves da Serra,SP,Southeast,2023-07-25
1904,e66414db-2df8-44a8-bfc7-4cb86a40e5cc,Marques das Flores,RJ,Southeast,2024-08-06
1905,b2d2570a-2ef6-44f2-a8b9-7820e92c5b92,Gonçalves,DF,Central-West,2024-04-13
1906,3d5cab0e-0b2d-483a-b218-9128b2da61f7,da Mota,SP,Southeast,2023-07-04
1907,4ab946a2-89a9-4af3-a0ca-0f8ee1ef2dd3,Sampaio,BA,Northeast,2024-05-14
1908,379e03dd-e6f8-4ac3-b8ef-d250b9fe60c6,Jesus de Teixeira,RJ,Southeast,2023-07-01
1909,5e653990-fecd-4ded-9f08-f8558d85ddf1,Sá,RJ,Southeast,2023-03-01
1910,c78e0272-c43b-47af-8120-053d1aefff21,Jesus dos Dourados,SP,Southeast,2023-10-08
1911,818d72af-3516-467d-80b5-50232a32e553,Martins,SP,Southeast,2023-06-22
1912,b1c9d0dc-a38c-435f-92bc-f09006d6fba7,Garcia de Fernandes,PR,South,2023-06-12
1913,31c46ef9-db13-42ec-a63b-4427bef7110a,Andrade do Sul,MG,Southeast,2023-04-01
1914,eac97d37-b587-4d33-9d5b-d8b04027b283,Duarte,SP,Southeast,2024-03-20
1915,7c192e61-76d8-4bc7-bfa9-3b6eab987d93,Azevedo de Barros,SC,South,2024-02-18
1916,b6ad478c-3e06-4427-a832-a2288c65d01b,Carvalho de Melo,MG,Southeast,2024-05-03
1917,294f513f-d770-446e-8775-d7abd2077bc4,Almeida,RJ,Southeast,2023-02-08
1918,4b4d1079-2d5f-40d9-99bb-5bf09b639a38,Nascimento,PR,South,2024-01-18
1919,13dca154-2b1f-42ab-a40e-b68ebdcf6fd4,Rocha,GO,Central-West,2023-11-26
1920,5bab96cc-70ce-4646-a74b-8b9845f3dc5a,Cunha,BA,Northeast,2024-06-27
1921,accfb130-e487-4e77-88d1-6094b6e3b91b,Macedo,SP,Southeast,2024-11-23
1922,a2819fce-d624-4055-8c39-bd0eb25db530,Gomes,SP,Southeast,2023-09-12
1923,0d6b160f-71a9-4c81-8eee-5680b0ba8fe3,Aragão,SP,Southeast,2023-12-19
1924,33a51ac6-c461-494d-a09c-fe40c5bca449,Freitas,RJ,Southeast,2023-04-16
1925,176519e7-3332-432b-bd10-fa95e8a44238,Leão,RJ,Southeast,2024-08-25
1926,564d46aa-03ba-43a0-bd42-269c07275940,Rodrigues,RJ,Southeast,2023-03-08
1927,f5705436-3877-4265-902c-01a3ab404598,Rios,PE,Northeast,2023-11-02
1928,0b44676d-2ac3-4be9-b958-d1532afa5f6a,Moraes do Campo,GO,Central-West,2024-04-11
1929,8fe2c74f-529b-40e0-93bf-8b10d0ccc1a5,Pinto,RS,South,2024-09-02
1930,6522e8b9-8aad-4665-af30-141d3505c563,Campos de Goiás,ES,Southeast,2024-03-20
1931,52c83bfc-5b48-461f-9b1b-4cd736ba4918,Albuquerque,CE,Northeast,2023-05-18
1932,03113626-50f5-4e97-a76c-11cb66f29d1d,Cunha dos Dourados,RJ,Southeast,2024-05-16
1933,d0a96757-a870-4d97-90e6-717638583966,Rezende da Praia,RJ,Southeast,2023-07-12
1934,37f39aac-e2ad-428b-913c-9f250b3f953a,da Rosa do Amparo,SP,Southeast,2024-02-18
1935,b668705d-1a10-448c-bd8f-b938fbac9ade,da Cunha,SP,Southeast,2023-08-18
1936,5308e1f2-9990-44a9-9841-2e07f5834c69,Rocha Grande,RS,South,2023-05-15
1937,c2ffd690-a2a6-461a-ace2-7ec9550100bf,Rios do Amparo,SP,Southeast,2023-01-23
1938,9bc8d6f6-0484-41b3-95c9-74a411489054,Garcia de Moraes,PR,South,2023-06-23
1939,80e022c8-3b80-4c61-bde7-8473a3fdd59c,da Conceição,SP,Southeast,2024-10-28
1940,e593562b-c249-459a-9dc9-06df056e3d78,das Neves,BA,Northeast,2024-01-20
1941,c1dadb7d-6db2-494b-bce7-e2983c847821,Pinto,CE,Northeast,2023-09-19
1942,5fe0c7c3-2336-460b-8f57-1d6b1452e130,da Rocha de Costa,BA,Northeast,2024-09-30
1943,a45ca94a-3452-48c4-a031-046126d3e222,da Costa,SP,Southeast,2023-02-19
1944,fd11b3ff-991b-449e-b9ad-d00aec648a9b,Sousa de Farias,SC,South,2024-10-31
1945,a4c31af7-514a-46bf-8733-4b73225f52ab,Moreira,PE,Northeast,2023-02-19
1946,a5e65ec4-6a36-4425-ba41-dd2ecab21438,Sá do Sul,RS,South,2024-03-02
1947,54ce20ea-bb9d-42c0-98d0-b8db3aa06694,da Cruz do Oeste,MG,Southeast,2023-05-07
1948,eaecf4e0-e819-49ce-8dd7-cac28a1055c5,Rodrigues,PR,South,2024-04-30
1949,9baa0785-38f2-47f0-b831-4c26b23f4738,Moreira Alegre,RS,South,2023-07-30
1950,018c0313-a139-4d49-b13e-90352efcd60c,Mendonça,RS,South,2024-10-07
1951,0d56e000-3145-4a6c-b423-23d911ea8815,Costela,SP,Southeast,2024-03-06
1952,97b6a461-2c76-44c1-977d-8b262024c407,da Costa,SC,South,2024-11-09
1953,b998e2d3-6d1e-4d7d-9402-96ee81e6935f,das Neves de Cavalcante,ES,Southeast,2024-09-29
1954,6c8c5d0e-3eb3-46fd-b291-bc95b8bf9cae,Pereira,SC,South,2023-05-21
1955,93906193-490c-4315-8d98-02023fbc75e0,Porto de Costa,MG,Southeast,2023-04-18
1956,7b2e00e6-c802-4d0e-9cc7-eb514598ab17,Fonseca,ES,Southeast,2024-09-24
1957,7880adc6-2af2-4718-a0b2-17f965f35984,Lima de Montenegro,SP,Southeast,2023-04-27
1958,c2a49fd8-6ef5-4cee-bc24-3f9f9c014262,Vieira,BA,Northeast,2024-05-24
1959,61a4b230-c30d-4c74-8512-56b87b64665c,Barros da Mata,SP,Southeast,2023-07-24
1960,8d87b7be-271d-40f1-8985-c98d985defc4,da Cunha,BA,Northeast,2024-06-19
1961,741f5545-4e4c-41f6-b6b1-d8fa61652fd3,Garcia da Prata,MT,Central-West,2024-01-02
1962,554ed52c-126a-4315-bb18-9d5d9b247a55,Silva,RS,South,2023-10-30
1963,ea879f65-279c-458a-b21a-6d71782152e0,Abreu,SP,Southeast,2024-07-15
1964,baf9706d-802d-4cc4-9c95-6e3103491b41,Mendonça das Flores,ES,Southeast,2023-08-01
1965,6507c321-f0b6-444f-aa73-30b3ecfa1700,Gomes do Amparo,RS,South,2024-05-07
1966,969b6b4b-fcce-4ef8-a41b-c4c24eccb0ab,Jesus,RJ,Southeast,2023-01-03
1967,ebee30cf-fe12-4ce5-89f0-8f24e28f5537,Gomes,SP,Southeast,2023-04-02
1968,31b8f079-2990-44c0-90cb-b982eea00af9,da Cunha da Praia,DF,Central-West,2024-08-10
1969,a28e0841-7d16-4228-b589-717e8275b18a,Sampaio do Norte,RS,South,2023-06-02
1970,6c8de840-ed30-4556-a2a5-3193a6a1cc2b,da Cruz,GO,Central-West,2024-06-07
1971,d0290d6b-ebe5-4cc4-88d5-7cf77a4c38ef,Pires do Sul,SP,Southeast,2023-04-14
1972,25dbbe8d-a534-4425-aa69-b7f7b28d7cb8,Pereira dos Dourados,DF,Central-West,2024-10-21
1973,41190559-25b9-4e82-ae5a-5f99f1bb5d9b,Pereira,SP,Southeast,2023-10-31
1974,d76d9612-a9a0-458e-b3a7-bd25940e3521,Albuquerque,SP,Southeast,2023-02-21
1975,a4f73a30-17a1-4a60-855e-6efb1de20f2d,Gonçalves Verde,SP,Southeast,2023-06-28
1976,84bed7ed-1491-451d-a6a7-a6b0f9619ae2,Lima,CE,Northeast,2023-10-25
1977,40bc2b56-6d47-42f8-946a-77af2a736a67,Montenegro da Prata,RJ,Southeast,2024-11-24
1978,960952eb-61fe-4f28-a2fb-8d66a8928ad4,Siqueira das Pedras,RJ,Southeast,2023-04-29
1979,ba47680f-eca0-4629-a05b-c7eac0a15dbc,Caldeira,SP,Southeast,2023-02-16
1980,cc2b2f49-c6d5-4a90-9296-ae08a2dcb574,Casa Grande Paulista,SP,Southeast,2023-05-22
1981,bf8ff33e-ee15-45cf-b5a3-7765bfacc63e,Sampaio da Mata,SC,South,2023-06-24
1982,d0fee4f1-2b1c-4d3d-bcad-b3fd01a4c2d1,Abreu de Brito,RJ,Southeast,2024-03-24
1983,6af7895b-b241-4fd3-8614-101711e121c7,Rezende da Mata,GO,Central-West,2023-10-02
1984,2d28a2a8-2bae-4fc7-ae52-b671bba8a7e5,Cirino Grande,CE,Northeast,2023-04-06
1985,80ab4b7f-2e96-4660-bc89-617d32b1792b,Machado,RJ,Southeast,2023-12-17
1986,2f85f99d-366b-4575-907a-9518912cf322,Araújo,SP,Southeast,2024-02-15
1987,c2589de2-cf26-4489-aec7-5a83bffa7a4f,da Luz,MG,Southeast,2024-04-12
1988,68a69e71-df22-4246-a6fb-61d3fba26c21,Pires de Pinto,SP,Southeast,2024-01-30
1989,2a873e02-a2ed-40b9-9e4c-f8bc1bf43b9f,da Rocha,RS,South,2024-05-04
1990,46d9e34d-1feb-41c7-a0b2-d14b15f0e5ea,Fernandes,BA,Northeast,2024-10-26
1991,7a57772b-3c1a-4ce2-95ec-ec2c07983bc0,Rocha de Teixeira,CE,Northeast,2023-06-20
1992,441dde33-0fa1-459f-826f-05f619cea0c3,Rios,SP,Southeast,2023-03-02
1993,0ab74b5d-fcd4-4681-8a09-7b17951b2503,Cunha,AM,North,2023-06-13
1994,602ba256-01db-4b73-8ab2-85dc85b7b774,Mendonça do Amparo,SP,Southeast,2024-08-27
1995,6df0ac3c-9ab8-480f-9647-9889c1c4f618,Freitas Alegre,MG,Southeast,2024-08-05
1996,3d563b0e-d11c-45c8-90b2-81c0ffdba2ee,Rios das Flores,RS,South,2023-07-05
1997,f9ad97ae-0ea7-41a6-9c5d-fb8d60e12973,Farias do Campo,SC,South,2024-01-03
1998,b2c454a4-dedb-4ef9-b4f8-a91300ca280f,Silveira Grande,SC,South,2024-12-01
1999,de772156-1f76-443f-9a16-b8530692fe02,Sampaio de Goiás,CE,Northeast,2023-05-14
2000,afa9d02c-9e4c-4be7-b3b0-e73d5e516bf8,Moraes de Jesus,MG,Southeast,2024-05-14
2001,fc76627b-00cd-41a8-b01c-8108a904babd,Almeida da Praia,SP,Southeast,2024-02-26
2002,cebc1bd7-f837-4be2-8bb6-8d75df996726,Rocha dos Dourados,MG,Southeast,2023-03-06
2003,667139de-7c0a-4f90-9b54-d2273bca7ff6,Ferreira,SP,Southeast,2023-11-18
2004,f104ad27-ee75-434e-b067-dba16d8bebc3,Ribeiro de Sampaio,SP,Southeast,2024-11-25
2005,628616f4-bbf9-404b-99b7-775fe7bb5e42,Pereira do Oeste,PR,South,2024-08-13
2006,8522496a-deaf-4fa9-a4a6-3a6cb641d449,Cardoso,RS,South,2023-08-18
2007,4d25298f-164b-45f0-8bfc-721c7f780428,Cavalcante de Machado,MT,Central-West,2024-11-16
2008,a9a2e9cd-7b6f-45df-9d9d-1d80f47e3ca0,da Cruz,CE,Northeast,2024-06-15
2009,f1b7bd1e-c0d5-4828-aba1-7f78362e17d4,Caldeira,ES,Southeast,2024-09-25
2010,077b1426-b73c-42ab-be4c-efed6f552c9e,Duarte,SP,Southeast,2024-11-08
2011,47c58839-c42c-40ba-a22c-636fe713f930,Silveira,RS,South,2024-05-08
2012,f395c213-79ee-42c0-aa7a-907d41f3f1b9,Rios,RJ,Southeast,2024-11-23
2013,a23036d2-88d7-447c-ac38-704b22c0eee9,Borges de Vieira,SC,South,2023-06-02
2014,394b5d35-df37-4ff8-9532-7432b118cad6,Ramos,PE,Northeast,2024-07-25
2015,b7aa53b6-e900-466f-a083-bf8857dda51e,Rezende da Prata,DF,Central-West,2024-09-19
2016,cef66a14-6fdc-421b-9b2c-0eb7f75c0751,Câmara,SP,Southeast,2024-10-20
2017,1672380e-4a7d-4fa1-9d9d-db864253fb27,Borges,GO,Central-West,2024-06-01
2018,efed098b-979a-4368-bd96-bb0a5719d3e4,Souza,PE,Northeast,2024-05-22
2019,5e24038e-92a5-43c8-9db9-2330f1276a5c,Dias,CE,Northeast,2023-03-18
2020,bca6a6b0-93b0-427e-a154-7769f43dd740,das Neves,BA,Northeast,2023-11-25
2021,309a8327-891d-47fe-970e-287a0fd7b0f2,Lima Alegre,SP,Southeast,2023-10-12
2022,ade6bf3c-cc2a-461d-9d72-33dbc572aa5b,Moreira,SP,Southeast,2023-08-17
2023,38de44f1-973d-4855-9a03-9d06a9eb0bf9,Gonçalves,PR,South,2024-01-23
2024,75ea1023-da34-45d9-89cd-90e7025a2dd4,Casa Grande da Mata,MG,Southeast,2023-08-29
2025,ae133adc-7ff5-488e-b80a-1bb7d653d4bb,Casa Grande de Peixoto,SP,Southeast,2024-03-30
2026,aa546c79-bf3f-41d5-a557-c82c488c6ea4,Peixoto,BA,Northeast,2024-04-03
2027,fd869a13-809b-4813-8f13-823b51f4a724,da Mota,SP,Southeast,2024-05-25
2028,92efd363-b4de-44a4-9900-da4bff317846,Pires de Cunha,MG,Southeast,2023-05-02
2029,f76c432e-b442-4cde-8a9f-6c5c7eb9fe2d,Araújo Alegre,AM,North,2024-10-31
2030,35eabd3e-b77d-4f3a-93f0-405827177e59,Sampaio,SP,Southeast,2024-02-18
2031,dd8cf1ca-ec54-42b4-8d74-fc38bc5882ec,Mendonça,MG,Southeast,2024-07-24
2032,fc00f3e7-4c91-4f0e-a44d-852cba3696cc,Almeida,PR,South,2023-04-04
2033,6c24dcaa-5660-42e1-a46c-d3c18c45fc9e,Ferreira de Sá,BA,Northeast,2024-09-25
2034,8720d00f-1263-41a0-a41c-b619643058d9,da Paz do Oeste,SC,South,2024-06-04
2035,64ce4589-8c4a-42ba-9b33-5860b37bdb99,Cardoso,PR,South,2024-11-01
2036,9494065d-ca91-48fb-8094-893252cb8f69,Santos,RS,South,2023-12-16
2037,29e7e176-a796-47c4-b520-d99e4dd7cb5c,Macedo,RJ,Southeast,2023-02-25
2038,e5b015b4-4a84-425f-bb81-4ce1b22a2428,Costela,PE,Northeast,2024-04-10
2039,32167340-bf95-4f33-8dea-6f5237d7cab3,Fonseca,RJ,Southeast,2024-09-26
2040,1a1940e4-935f-46e2-9b2c-1379b9d859f5,Garcia,PR,South,2024-11-03
2041,adf01fe0-6d57-4692-bb92-4354f34d4b13,Araújo,RJ,Southeast,2024-04-08
2042,794febef-f962-47e5-9b07-8b1118969587,Aragão,SP,Southeast,2024-11-05
2043,a66ccf43-83f3-4f4e-baf3-6aec1e0a7157,Pastor das Pedras,SP,Southeast,2023-12-16
2044,b8f91075-a081-45d2-a608-92d6f84006f2,da Cruz do Norte,RJ,Southeast,2024-10-10
2045,7d169638-658a-4377-bda8-b37a1e69d7ef,Sales da Serra,MT,Central-West,2023-10-26
2046,c69e17c9-6018-4b17-bec5-715ca71db3a6,Vasconcelos,PR,South,2024-01-18
2047,a67ac70a-d175-4cd1-9d69-cf6b76b35303,da Mota dos Dourados,RS,South,2023-02-16
2048,1ddb4f15-1eb8-4863-82f8-60445e08e249,Campos,DF,Central-West,2024-05-19
2049,e8920b25-ab35-475a-a433-66c97d3d6b72,Almeida,SP,Southeast,2024-02-24
2050,9297eaac-fcc2-4d18-92ae-f13c963bd564,da Mota de Sales,SP,Southeast,2024-09-17
2051,97c6eb3c-cb5a-4c0e-9834-a40dbecfdded,Gomes,SP,Southeast,2023-05-04
2052,b3e6922d-a504-4925-bffc-ff637bf3f8f5,da Rosa Verde,DF,Central-West,2024-02-07
2053,10416cbc-5342-44cf-9974-fb71200f7ed0,Guerra,SP,Southeast,2023-07-15
2054,64cfd9b9-050e-4961-b363-d272d0181ce6,Azevedo de Moreira,RS,South,2023-04-21
2055,b6b84329-89fa-45cc-95b0-4f8ad64f10b5,Sá,BA,Northeast,2023-02-17
2056,a898dac4-f736-4f7e-b51c-586ac0c3d59e,Cirino,DF,Central-West,2024-11-19
2057,2e106355-b1f9-4b31-995e-c9dedcac41f8,Novais,PR,South,2024-04-06
2058,1f7fe5b0-5075-455a-8cee-6b1c727dda84,Cardoso,MG,Southeast,2024-08-26
2059,29451370-a713-42ab-b4cb-7b9a933882b3,Novais,GO,Central-West,2023-05-18
2060,08f61b3f-c0c9-4cd8-99f8-a24e41bb0e0d,Campos,MT,Central-West,2023-01-05
2061,f75ddff4-5d12-4e9b-8c6f-9a458192ef8f,Lima,PR,South,2023-02-19
2062,00059b9d-a87d-41ff-b1fa-7e6afa236dbb,da Rosa,PR,South,2024-03-19
2063,84fa3889-f21f-4823-b23b-1efb0bd18d4a,Ribeiro da Prata,PE,Northeast,2024-05-09
2064,7d8da92b-93ba-44a3-a3cd-8a4471e64bce,Moreira da Praia,DF,Central-West,2023-07-01
2065,35b80aae-82b6-4c8e-89c8-18d79b2e18c0,Ribeiro,RS,South,2023-06-27
2066,09676569-3cb2-4bf1-8b73-ca1cd1dc01e5,Casa Grande,RS,South,2023-05-12
2067,371831f3-d527-489b-9b28-65da4cb9be7b,Pereira,SP,Southeast,2024-11-04
2068,5bebb1c7-977f-499a-b74e-65388d548038,Cardoso das Pedras,PR,South,2023-11-26
2069,42bb8f63-4145-4abc-8cc2-e0f013093c17,Rezende da Serra,ES,Southeast,2024-01-29
2070,f1da833d-1550-4390-b4c0-db3e666a4a82,Rocha das Pedras,MG,Southeast,2024-09-15
2071,89310697-24ab-42a0-b1cb-c263f0b0e729,Barbosa,DF,Central-West,2023-09-12
2072,fecfdd72-44f7-40a8-bb90-9511a12b61ae,Silva,SP,Southeast,2023-12-18
2073,a5d453c4-a845-4ee9-904a-da375f44b716,Leão,MT,Central-West,2024-04-08
2074,fe11230e-50fc-4daa-a74b-369ed2524487,Garcia do Sul,PE,Northeast,2023-05-22
2075,13d8a6e6-3f5c-422a-9a86-013df6c9dd38,Campos da Prata,MG,Southeast,2024-06-08
2076,6822d128-8c61-459f-af19-43901c285022,Farias,RJ,Southeast,2024-07-14
2077,e8c44e4c-5ce1-4cc2-96c7-02a1a3e2ac17,Vasconcelos Paulista,CE,Northeast,2024-07-20
2078,39cbc41a-cc50-4bea-9e6d-4e252575dbd1,Albuquerque do Campo,SC,South,2023-07-25
2079,38e3c67d-f801-4a19-babf-8aef608d4b54,Caldeira do Campo,SP,Southeast,2023-10-25
2080,e0218caf-ba73-4a4e-86c7-1c162cfcbb3f,Pastor do Amparo,RS,South,2024-11-19
2081,b3510ddc-5951-4620-8769-ee241875589a,Novaes Paulista,SP,Southeast,2024-10-27
2082,0c475261-e585-40a5-995c-663b9b82f430,Dias,MT,Central-West,2023-07-02
2083,2e408d57-63ba-4c3d-807a-be48f24e7fd6,Sousa da Prata,ES,Southeast,2024-10-14
2084,d9815a41-e1cc-433c-9838-d1688d3a5b2d,Mendes Verde,RJ,Southeast,2023-04-29
2085,afc8d769-026e-4d11-8251-d2f020a89260,Ribeiro,BA,Northeast,2024-07-29
2086,914ba9bb-60f9-4495-a486-07c22059ad46,Aragão da Praia,MG,Southeast,2024-08-07
2087,ad9f835f-3fc5-4786-870c-15e3b51ee0dd,Santos dos Dourados,GO,Central-West,2024-03-03
2088,5a9fd637-fc7a-42dc-b05f-aecd2edff02e,Montenegro de da Paz,RS,South,2024-06-30
2089,8545b11f-6d82-4335-b3de-a9dc469c558b,das Neves,RJ,Southeast,2024-03-08
2090,f28c635f-1641-4960-9ba0-bdeca2b8fdcc,Jesus Alegre,PE,Northeast,2024-06-19
2091,1458771d-a27a-4bda-9713-742bd862042e,Siqueira,SP,Southeast,2024-01-26
2092,2a44da88-17f8-4f5b-b1e2-cce73d730c3b,Barros,SP,Southeast,2024-11-17
2093,edf98b8d-8ddd-4a3e-892d-85a7be501500,Albuquerque de Lima,SP,Southeast,2023-10-01
2094,bb15894a-eeb4-4b07-8239-01c4ad5209e7,Mendes,BA,Northeast,2023-06-14
2095,ff79f0f4-af64-4572-83d7-cafc7f702973,Guerra,AM,North,2024-11-30
2096,e92fd9fd-30af-4613-9dc4-f583038ef7af,Silva,SP,Southeast,2023-03-05
2097,bfea3d2a-88c9-42ec-b3dd-0cfb6ccb6ae1,da Cruz do Galho,RS,South,2023-10-30
2098,9b7cd539-0ad7-477c-9bf4-1cc6af1fbe16,Cavalcante de Rocha,SP,Southeast,2024-07-08
2099,86052bef-c382-4725-a1c6-3384ee20a0b5,Cavalcanti,SP,Southeast,2024-04-08
2100,22212e52-d6e3-4103-9df7-0cc1133b385e,Aragão das Pedras,SP,Southeast,2024-11-22
2101,5f8f8538-2ba4-4656-a10c-5ade7ed99a6b,Fernandes,BA,Northeast,2023-08-18
2102,d4ec0595-3ff0-4d13-add7-1599e9fedd48,da Rocha,BA,Northeast,2024-07-28
2103,43c6b532-4b25-4483-bbae-0f3b4c96edc2,Abreu,RJ,Southeast,2024-06-07
2104,64c46086-919f-402e-a194-c7b1bcef40f8,das Neves,BA,Northeast,2023-10-22
2105,a499eb92-f589-4e14-aee0-6433edda1677,Martins,RS,South,2023-02-18
2106,7cff07e3-d92d-4519-9e24-c724e47a7b03,Fogaça,DF,Central-West,2024-02-01
2107,541bf89c-75d9-407c-9d93-63ea0182144d,Fogaça do Campo,MG,Southeast,2023-11-17
2108,b8f16861-e3e3-473b-9987-5c7d0151ccb0,Guerra,MT,Central-West,2023-02-25
2109,6e4928ac-19f1-45cc-8244-e4d75ac2a176,Costa de Barros,SP,Southeast,2023-09-15
2110,27599511-e604-4fbe-83aa-622f8772df4a,Campos do Amparo,SP,Southeast,2024-03-29
2111,a819213d-c4fa-44a4-a7d7-64ce01c4e229,Câmara do Amparo,PE,Northeast,2024-10-10
2112,5d4f9715-4c9d-4049-9fd2-bec365363c77,Cirino da Prata,RS,South,2024-10-25
2113,fd474d95-1bd3-4f41-84fc-c054cfc15689,Ribeiro de Macedo,RJ,Southeast,2024-08-25
2114,bf415c98-5a8e-4f05-a3ce-cf1e296df91f,Abreu da Praia,PR,South,2024-09-09
2115,32ce93db-b58f-47b6-9eda-028be2320dc9,Correia,SP,Southeast,2023-07-18
2116,6500f793-2238-4fc6-8a4e-3ccf48ef30ff,Souza Alegre,RJ,Southeast,2023-07-01
2117,aa8c662d-290a-4d67-8817-5dd0e6a7caf7,Mendes,AM,North,2023-03-18
2118,440b71a6-fba1-4732-aa4d-5bb8f5aed2e9,Leão,SP,Southeast,2023-06-27
2119,ccc10250-7edd-4483-8cd4-e7bc7d338ca2,Duarte,BA,Northeast,2023-05-03
2120,e1bb7399-c7c4-42a0-83af-3d93c0476d80,Montenegro das Flores,RJ,Southeast,2024-03-14
2121,1b9dff1b-f52a-4cbf-9c17-729f21a496a8,Cardoso,RJ,Southeast,2023-09-28
2122,037e7f60-8000-4fac-9818-48c527d19990,Aragão,SP,Southeast,2024-08-21
2123,6dfe8745-5796-4d64-9470-1dd2ada5beb9,Lopes,PE,Northeast,2023-01-06
2124,7c65dbfb-483f-4a72-8a1a-7c2e7aededf4,Teixeira,RJ,Southeast,2023-06-08
2125,2709f5b2-9e1b-456d-bf6c-5de56dcfcb58,da Cruz,SP,Southeast,2023-11-27
2126,dd3a0936-1d71-4339-8448-42af47f8b6f1,Sampaio de Goiás,PR,South,2024-10-02
2127,32cb28ba-6ddd-4c02-9213-7565aa94a1d4,Santos de Viana,SC,South,2024-11-08
2128,baff361a-b37e-4c41-9a62-75f5cf590b8e,Correia,RJ,Southeast,2024-08-09
2129,a1001bc8-9758-425f-9ad8-e2dafe17ddb3,da Conceição,PR,South,2023-03-16
2130,09d261e0-66ba-4e51-a1de-23601ed68b71,Correia Grande,BA,Northeast,2023-11-22
2131,331bd602-9dd0-4e04-8485-742a6d22313c,Aragão,PR,South,2023-07-08
2132,4e733dcc-8664-42ee-a844-a0e3615eca80,Câmara,ES,Southeast,2024-06-01
2133,0fb49d98-7aac-4a0a-ad13-4ea8560fc071,Ramos do Norte,SP,Southeast,2024-07-10
2134,5d13539c-44ed-4fd5-9c2c-8fb14de5f2f7,Ferreira das Pedras,PR,South,2023-04-05
2135,0c2ca7fa-e525-4eaf-91e1-17993f39562d,Aparecida,RJ,Southeast,2023-08-07
2136,bea83e9f-a911-4d6d-8d58-6ee200231f70,Cunha da Mata,SC,South,2023-12-06
2137,9b4503bc-e892-464d-87b8-85fa78d8cdd6,Lopes,RJ,Southeast,2023-08-12
2138,7dc4f12b-f2c5-42da-8094-4f952f51aca6,Farias da Mata,GO,Central-West,2024-09-25
2139,037f5347-ab40-4561-98cd-99c91c8d23b4,Farias,PR,South,2024-07-28
2140,5c83b98e-cf5e-4840-bdc5-51bb5c4e3b00,da Costa Paulista,PE,Northeast,2024-10-26
2141,1654c83f-6251-4f01-9596-77e935c4be08,Cardoso,SP,Southeast,2024-11-15
2142,1ecf8aec-9a11-4df4-be1a-35c9a12ac11c,Pastor,RJ,Southeast,2023-09-04
2143,a783d1c8-e250-491a-a984-6baaf7e47c8c,Correia,DF,Central-West,2024-09-20
2144,19404d24-eced-4c30-b21d-f83cb46499f4,Nogueira,DF,Central-West,2023-09-07
2145,b9b094ac-4d2d-4efd-97c8-294c9e7776ae,Teixeira de Costa,GO,Central-West,2024-11-29
2146,0b373468-2757-4245-b884-590288973a4a,Correia,CE,Northeast,2024-01-26
2147,40a582f7-b62b-4f62-8ced-48ea6b0ffa79,Fonseca dos Dourados,DF,Central-West,2023-04-27
2148,e92d6961-1e0f-429b-b7a2-ab33a13ecf15,Azevedo do Amparo,RJ,Southeast,2024-07-07
2149,f3d36295-ee6b-4b89-8615-50f66b43db40,Cavalcante,RS,South,2023-01-26
2150,f7ad3965-b25b-46dc-862e-9af399622263,da Rocha,DF,Central-West,2024-01-19
2151,0f9027d5-90f0-447c-b4af-80050ba24c4f,Sousa,ES,Southeast,2024-06-04
2152,af481fc0-7eba-4464-a5c2-27c0d085449d,Cavalcante,MG,Southeast,2023-02-14
2153,6257ae9c-8260-4132-802f-b24f70100d7e,Guerra Paulista,RJ,Southeast,2024-10-29
2154,28f5f5c2-00eb-4725-af1e-f8dc34f902b7,Pastor,SP,Southeast,2024-06-10
2155,edba84d1-e110-4d91-8244-bc44b25c5b50,Montenegro de Santos,SP,Southeast,2023-04-09
2156,4dac49f6-4242-4c5c-866b-329ab877e049,da Rocha,SP,Southeast,2024-07-04
2157,1e7d8f7b-8d59-434d-84bd-604fb5502e2b,Câmara,PR,South,2024-10-03
2158,4ab63e0f-3cfb-4642-8897-c4970bad4234,Porto,SP,Southeast,2024-11-17
2159,471b0cc7-e233-4597-b129-ed2f25ec77e4,da Mata,SC,South,2023-08-07
2160,a4752fa7-0d30-49bf-8a66-28a8df96048a,Costela,CE,Northeast,2024-03-10
2161,a60da1aa-005b-4f73-9dbe-4a3c88db3692,Pires da Praia,PE,Northeast,2023-07-30
2162,b4992393-f249-4816-954f-9eb453167cb5,Silveira Grande,PR,South,2024-03-21
2163,4b7e42df-9c8a-4631-a5f9-5507688928ad,Araújo do Sul,SC,South,2023-03-15
2164,bb0084fa-3822-451b-9b00-f1a0d2ed3196,Cavalcanti Paulista,BA,Northeast,2023-06-07
2165,a845f723-8992-4e2d-8400-e249f8bb1616,Silveira,SP,Southeast,2023-12-06
2166,f216880d-61c9-415e-b028-5484beeac4d3,Pires da Prata,SP,Southeast,2023-03-17
2167,387bccda-7133-4766-911c-e31334c6d620,da Mata do Oeste,SP,Southeast,2023-09-15
2168,dbb464a3-cec7-4642-a13a-9da294e7eb2a,Cassiano dos Dourados,PR,South,2024-08-11
2169,6f144dc6-b9ed-433f-bad4-f3e03b523525,Casa Grande do Amparo,PE,Northeast,2023-09-22
2170,759a9725-2e77-4be3-bef7-4fdb17fc2335,Cavalcanti,MG,Southeast,2024-04-06
2171,f17fb786-7d92-4cc0-91d5-1b0630591fbc,Ramos,SC,South,2024-03-19
2172,29b50942-4f66-4914-8563-5b3048340d51,Gonçalves,RJ,Southeast,2024-02-03
2173,11c7bec9-3016-4ecc-9b9a-3a55aff745a0,Barbosa,RS,South,2024-07-01
2174,e8bcd007-747c-4690-bec8-f48e6d283989,Brito do Galho,SP,Southeast,2024-09-25
2175,ced89c97-c01d-4c62-ba0d-3f1f232585b4,Pereira,SP,Southeast,2024-08-22
2176,054da360-624d-4473-a0bc-6cbc1987e6d0,Albuquerque,SP,Southeast,2023-03-16
2177,ef470a44-a4fc-479c-949c-c547c3712e42,Cardoso,RJ,Southeast,2024-05-29
2178,44852295-1566-4483-8526-6dc83f936724,Pires,SP,Southeast,2023-11-05
2179,f7636b4d-cada-4122-8374-88649981d28f,Vieira,SC,South,2023-10-16
2180,d1792ee0-bc73-4d47-8ad8-c5681b390777,Santos de Minas,BA,Northeast,2024-03-24
2181,c279d913-7afd-4923-a3a4-957133cb59ef,Castro de das Neves,RJ,Southeast,2024-11-07
2182,3e6a41f1-278e-4f60-ba99-bd7654edfb70,Nogueira,SP,Southeast,2023-06-10
2183,8b2a3730-a0a2-49bd-8478-09c0b1299cb7,Almeida,PR,South,2023-05-20
2184,8b6daa25-1a52-4aa2-8b66-0bcdd32e4757,Caldeira do Galho,BA,Northeast,2024-07-12
2185,244f4ce3-6a50-48b5-9623-c671e2eed64b,Câmara,RJ,Southeast,2024-10-11
2186,62a876d7-6d58-4f63-ba07-61d90624ebdf,Fogaça,SP,Southeast,2024-11-24
2187,ebf3ef99-39d3-4f2b-896e-c0c9a7c5f960,Rodrigues do Campo,CE,Northeast,2024-10-25
2188,1c31d9b9-fda2-49a0-ab68-38e37de7f41a,Caldeira,RJ,Southeast,2023-01-12
2189,5b7887ed-4824-4af3-b4b2-8643f4dafcc8,Pimenta,PR,South,2024-07-22
2190,ec5eac70-5c49-4d63-9e4c-3fdf556efce4,Aparecida,SP,Southeast,2023-02-12
2191,6dba9754-2d95-498d-a6ae-af299ac0ee26,Peixoto da Serra,SP,Southeast,2024-09-02
2192,e4a35a10-2674-41ff-acdc-d3beadef5777,Pinto da Mata,RJ,Southeast,2024-07-14
2193,45665e79-1a9a-4b54-a01a-5b5e592fcdc6,Ribeiro de Freitas,GO,Central-West,2023-11-09
2194,e830257d-cf8b-4eb2-83f1-5176eed15809,Viana,SP,Southeast,2023-12-19
2195,fa61726a-eedf-4f78-9c99-4976008ec990,Vasconcelos,SP,Southeast,2024-10-23
2196,25d4ec19-51fc-4c23-a586-dcd1a7e60e4e,Machado do Amparo,PE,Northeast,2023-05-26
2197,93ed82c5-1cf8-4164-913b-776ed08ce31e,Siqueira Paulista,SP,Southeast,2023-08-15
2198,fea95b73-52b3-40d1-9727-89242508f357,Cirino,SC,South,2023-09-16
2199,51beadc1-5a44-4143-a290-8017c47d336f,Lima de Mendes,SP,Southeast,2023-07-05
2200,9a0bd63d-69f8-41b0-b90c-9f84b184071c,Carvalho de Goiás,RS,South,2024-08-03
2201,7f421889-8ca1-4f75-ab2d-470a62186d10,Nascimento de Nascimento,CE,Northeast,2024-07-16
2202,1567f88e-6276-4e87-bae8-c8f8d2478bb2,Moura Verde,MG,Southeast,2024-07-16
2203,bf8f81ea-cfb0-468d-b189-25a6c6cec51b,Sampaio,SP,Southeast,2024-11-18
2204,00bbd543-5c98-4d57-bc35-9ce2165607c0,Almeida,SP,Southeast,2023-04-11
2205,f5264ea2-7953-4cb7-8ef1-a1145cc624ef,Camargo,SP,Southeast,2024-08-17
2206,5c613985-596e-471c-a94f-03ec0f4076a2,da Rocha,MG,Southeast,2023-12-05
2207,da72ab37-d5d3-48cf-a4e6-5ffd75dc037d,da Cruz do Oeste,RJ,Southeast,2024-11-18
2208,bf3b1681-0e4d-464e-b97e-8bfbd3ec2149,Campos,SC,South,2023-04-13
2209,24a0aaad-b436-48fb-b21e-afabf64909e8,Siqueira do Sul,RJ,Southeast,2023-03-13
2210,5f26b2a6-6cb9-4655-b704-8d14b2351615,Sampaio,DF,Central-West,2023-11-22
2211,12e29c2a-94e4-439d-a9a9-cef71b2375d0,Peixoto de Castro,MG,Southeast,2023-12-03
2212,242ac30f-5d80-453b-a59a-5d6c07ba408b,da Cruz,SC,South,2023-11-10
2213,d4c0df28-91b5-4cb4-8331-bd0d13ba8d24,Cassiano da Serra,RS,South,2023-06-06
2214,bf83f2d4-23de-47fc-be59-d03578428071,Melo das Pedras,PR,South,2024-01-09
2215,c809a0b4-71a8-4189-965b-b785b8f985fc,da Paz,PE,Northeast,2024-03-14
2216,e19383a9-0f5c-465a-a7e8-3b871c7bf8eb,Pereira,SP,Southeast,2023-11-17
2217,290c9e51-80d7-4805-ac6f-c084c04a3f68,Gonçalves,SP,Southeast,2023-08-15
2218,f2bffc3f-ae0e-489b-ac72-6915d52a85c8,Novaes de Silva,RS,South,2024-10-18
2219,9272dc48-eb4d-4df5-820f-d9a8d45b4e9b,Santos de Goiás,MG,Southeast,2024-01-04
2220,45967e76-2824-462d-ae73-85d86c75a765,Moreira,SP,Southeast,2023-12-06
2221,2008bd4c-f379-45df-ba59-607b60a7ca57,Guerra,CE,Northeast,2024-04-18
2222,646d2e33-380a-402d-8e55-ced39e79a6fe,Souza,MG,Southeast,2023-11-09
2223,d77a80b8-9ae6-4efe-8f2d-e908f9da4f55,Sales,MG,Southeast,2023-04-22
2224,a7175804-502d-4281-ba37-f3d677eb6d89,Garcia da Serra,SP,Southeast,2024-09-13
2225,a58aabb5-5f19-40e0-8da7-a4510dfef633,Correia Paulista,SP,Southeast,2023-10-15
2226,5cda0385-13eb-4358-9ab9-f6621bc02912,Alves de Goiás,CE,Northeast,2023-05-24
2227,1b4142aa-8aa4-41e9-a9aa-aa7e483eb6a1,Cunha,DF,Central-West,2023-07-21
2228,e8e13f98-c1ab-4398-82cf-63a898dc4031,Correia da Prata,SP,Southeast,2024-10-03
2229,084930a1-ede0-4d33-a36d-756733a44f40,da Mata,SP,Southeast,2023-03-19
2230,90968629-91f3-40f4-ba06-988915c52392,Nunes,DF,Central-West,2024-06-03
2231,0bb1b984-7bda-4670-8a4c-3b4dfc8ade6a,Dias,SC,South,2024-08-18
2232,022ba960-4f00-4a6a-b189-d0b117dcabf5,Sá da Mata,PR,South,2024-08-27
2233,31e3e608-800e-4952-a5ec-4424f56febb1,Sá das Flores,SP,Southeast,2023-02-07
2234,212804c5-f94e-485d-9b18-2716b9c6b26b,Farias,PR,South,2024-07-10
2235,80ea83af-bdcf-4159-a581-c1bc6843ee98,Montenegro,DF,Central-West,2024-07-06
2236,06103d84-2672-420c-866a-5821ceb7f2d6,Mendes Verde,MG,Southeast,2023-06-02
2237,4a454398-0993-46ff-9a1e-72b2de6a7c6e,Cassiano,RJ,Southeast,2023-08-17
2238,e29cb897-1429-45a0-b68e-212daeb00fb9,Silva,DF,Central-West,2024-08-26
2239,ceb6bfdc-3734-478d-a268-2c9f3b482d28,Vargas,BA,Northeast,2023-10-25
2240,f6b2e778-fe50-4d4d-a93a-60beb7f330ad,Machado Grande,SP,Southeast,2024-05-28
2241,9f9bc7bd-5c3d-415c-8a74-982e56ca0fb3,Aparecida das Flores,ES,Southeast,2024-02-11
2242,9c425665-ff3c-43a6-b575-44ee3d365abf,Cassiano,RJ,Southeast,2023-01-11
2243,7f5da7f8-fe91-4b95-a0b6-d26591206a37,Albuquerque,SC,South,2024-09-20
2244,4f3e2a2c-ded6-4d2a-842d-5f032482e8d1,Monteiro,RS,South,2024-06-10
2245,2b729d66-504f-4e7c-b46e-49a81817dac5,Castro de Minas,SP,Southeast,2023-06-13
2246,5a765b48-5d03-44d8-9396-440547b5c4cd,Barbosa,SP,Southeast,2024-08-02
2247,75f321cb-c59d-44aa-b5ed-7ce82ddf2675,Melo Paulista,SC,South,2023-05-30
2248,a6798ab0-7129-42f6-a06c-a678c35d8f64,Campos,BA,Northeast,2024-05-10
2249,0a22be56-7cfe-4ab0-9198-83f9f8c01007,da Paz das Flores,GO,Central-West,2023-02-11
2250,eac9b1cc-9ea3-43ea-9b64-6a3368b666d6,Macedo,SP,Southeast,2024-05-14
2251,9fe7e068-d847-460b-8331-d7115de22a7d,Freitas de Minas,SP,Southeast,2023-09-28
2252,73393f5d-8185-416a-a9c7-18eeaea4b7d6,Rodrigues do Norte,RJ,Southeast,2023-02-13
2253,0e9b65bb-a4d4-4431-ba38-f5a09ee08a70,Sampaio,RS,South,2024-06-14
2254,279163f4-0208-4c91-8f90-9d9dd23c7585,da Rocha,DF,Central-West,2024-01-05
2255,66373dc7-91f4-48bb-a880-2cff6035d9af,Câmara,RJ,Southeast,2024-04-10
2256,ab4d738c-7657-437c-9fc8-e06063629509,Ferreira,CE,Northeast,2023-02-10
2257,88fd5890-a479-4ce2-b7ee-e00f7743c104,Caldeira de Barros,AM,North,2023-11-28
2258,eadeae69-1bbc-4748-bb55-cfa32e266519,Vargas das Pedras,SP,Southeast,2024-06-17
2259,108134dc-5427-4925-a6ca-0baf3310880a,Fernandes do Amparo,SC,South,2023-10-08
2260,79e984e1-bdc4-4680-b3c9-5502366f4268,da Mota,PE,Northeast,2023-09-27
2261,27dea64c-8b8a-4166-89cc-df05745f4433,Casa Grande de Porto,PR,South,2024-08-06
2262,0804ccea-9175-4c63-91f7-c01736a5faba,Araújo da Praia,SP,Southeast,2024-10-31
2263,79315fc6-fa82-465d-ae1b-abe2ca208c07,Aragão,RJ,Southeast,2024-08-24
2264,f3e08b1f-05df-4333-9e36-992f362465c1,da Mata Paulista,SC,South,2023-03-21
2265,2448ef43-1566-4d1a-ad15-420ba2bc6715,da Mota,ES,Southeast,2024-01-21
2266,dfafc6cf-4c5f-4cfb-94ea-e37c67b2916c,Leão de Moura,MT,Central-West,2023-08-17
2267,426b2236-e4a0-4521-ab6d-d0aa36cf9429,Aragão,ES,Southeast,2023-12-28
2268,6db46c7f-e6d1-4e21-a51b-dfff17aa3aee,Sá da Mata,PE,Northeast,2023-12-20
2269,f123167e-596a-4b36-b2d7-cc222a1eda7b,Mendes do Amparo,MG,Southeast,2024-05-08
2270,2922ecb0-c8aa-40c8-b057-31fd8916f0b7,Fogaça Verde,CE,Northeast,2023-01-07
2271,8f97b21d-028a-4f1c-92b1-2838639e8bbc,Barbosa,ES,Southeast,2023-05-23
2272,9dd3c15a-9417-40f5-aaff-96ffb9046b52,Duarte,MG,Southeast,2023-08-24
2273,f06046a1-d2d1-4566-bc82-9c09aa000756,Albuquerque Grande,SP,Southeast,2024-10-20
2274,25c1ae41-ef0e-49cb-b56a-ae2de58118d1,Dias de Camargo,RJ,Southeast,2023-06-03
2275,6808f471-ac87-4e14-b850-5ae9cac19d2e,Moreira do Sul,SP,Southeast,2024-01-06
2276,d51f6de1-f17d-4a26-b357-d500fcfd348c,Porto,PR,South,2023-05-02
2277,94108438-f82e-4e1b-a390-0655730733d5,Andrade,SC,South,2024-02-29
2278,300a491a-faa1-4736-bee6-b06e37f7a96a,Sampaio da Prata,PE,Northeast,2023-04-27
2279,60a78c20-99d7-4c9c-aa85-98d1c63e0e47,Ferreira,MG,Southeast,2024-05-05
2280,f8c43f7a-30ef-4bd3-b3ce-f8b735b30874,Freitas,MG,Southeast,2024-08-27
2281,4d4c3b80-0425-4c71-9d21-a235d053d7f4,Montenegro do Campo,SP,Southeast,2024-02-25
2282,ffc19ef6-a61f-435f-bfc7-06f0b30672dc,Jesus de Jesus,SP,Southeast,2023-02-14
2283,8adf1e46-d403-4d02-9a2a-83bd5a0ae917,Moreira Alegre,SP,Southeast,2024-08-29
2284,75757602-2d02-423f-ad25-32e51d0678b7,Freitas da Serra,SP,Southeast,2024-10-06
2285,8af2820e-29a3-45f6-984a-d4638d814215,Garcia da Mata,ES,Southeast,2024-08-09
2286,ae26f348-b044-4b1b-a8db-e9a1d857ec60,Porto da Mata,SP,Southeast,2023-06-20
2287,ecd5afa3-f01a-4097-9ed0-fe5fb3bc5791,Borges,SP,Southeast,2023-07-04
2288,16f28319-1a93-4d0c-9655-005dce521176,Pimenta,ES,Southeast,2024-02-20
2289,7f1464b3-1a8a-46f3-a949-9fceeeb81b7d,Porto,PR,South,2024-07-31
2290,ce4d89f3-94cb-494e-80dc-4cf971b0c1fa,Rios,SC,South,2024-11-08
2291,363d2fb5-6baf-4e8f-9a09-5b0c4a372da3,Vasconcelos,PE,Northeast,2023-03-29
2292,1d4ff1c8-618e-42a7-8d34-dd8374629fb5,Melo,SP,Southeast,2024-09-13
2293,f7b5b05b-59c1-416c-9fdb-563af35757c5,Jesus de Ramos,PA,North,2024-05-08
2294,6553b5aa-bdbc-44f8-88dd-d9bbb42e8714,Freitas,SP,Southeast,2024-02-25
2295,489a4ca4-81ef-4162-b953-e8bbc83e0032,Ribeiro Paulista,PR,South,2024-08-19
2296,cb8e2d61-e715-44ff-96a6-e6184eb18c88,Rocha de Goiás,PE,Northeast,2023-07-06
2297,6a2062aa-e8b8-4813-a672-abf50110783e,Albuquerque,SC,South,2024-06-07
2298,5fd90dfe-ca5e-4f38-a743-9b5306b81c8a,Farias da Serra,SP,Southeast,2023-12-17
2299,6e15c527-fe2a-4cbc-927a-e04ef58b8c61,Novais,DF,Central-West,2024-09-02
2300,9dc3bbee-3152-4136-a430-5373f936a968,Aragão Verde,PR,South,2023-08-24
2301,a2e2d1ca-f07b-49bb-a0fd-a7846dd9a879,Siqueira da Serra,RJ,Southeast,2023-05-16
2302,846c454c-5170-42ef-a777-c6646732ceca,Lopes,SP,Southeast,2023-07-27
2303,cd199b5e-b5c4-4078-997d-f05f3b20d154,Montenegro,ES,Southeast,2024-05-31
2304,c8c6a8b1-93b1-4e1d-a1a6-1f321e4dacd6,Teixeira Paulista,RS,South,2023-06-03
2305,f2de05fd-28b7-4541-8d8b-3728d65bc676,Costela de Minas,SC,South,2023-07-01
2306,02f4298f-6ffa-4356-8690-5ba517e03df5,Alves,MG,Southeast,2024-09-21
2307,ebac12ef-8b2e-4eb3-b523-b1f39e3bc735,Oliveira,PR,South,2024-06-28
2308,bbf282a9-be09-4835-8679-65ab61e548ca,Marques,ES,Southeast,2023-05-01
2309,5badd755-c710-4f3d-a1aa-19f0a26c2d5a,da Costa,SP,Southeast,2024-11-06
2310,4c031d16-38c4-4346-a5dd-614ca70bba9c,Nascimento,SP,Southeast,2024-09-09
2311,c7affa24-b9ef-4fa8-bec8-fe58d7282d30,Vargas Paulista,PR,South,2023-01-02
2312,153d1653-4664-4858-8d3f-69eda8c51cca,Pires,DF,Central-West,2024-11-25
2313,945094c8-fc1b-461a-a36d-4d5405ec8e9f,Camargo,SC,South,2024-06-18
2314,1f683d6f-988c-49db-ad5c-ea4e758964f5,Casa Grande,MG,Southeast,2023-02-14
2315,2e3d9de2-e504-41c6-8312-153d484f7f7c,Barbosa,RS,South,2024-03-15
2316,e9a7f5e0-5c84-48db-9839-40c97e86d7f8,Gonçalves,SP,Southeast,2024-05-08
2317,059ef8d8-cba2-4d38-bdb4-990d19c59f2d,Barbosa do Amparo,BA,Northeast,2024-01-26
2318,35d5f4e5-1389-4a70-a02c-bed2f58f41b0,Garcia Alegre,RJ,Southeast,2024-08-12
2319,cefd1224-736c-467e-a886-818ea2307350,Cirino,SP,Southeast,2023-05-18
2320,2dbdc7cf-e754-44c3-8298-8dd24c7b34e2,Campos,SP,Southeast,2023-08-27
2321,58c6d166-fe65-4782-97c2-6cfdf9d59f7f,Pimenta de Peixoto,DF,Central-West,2023-03-27
2322,85915036-288c-4222-8148-a2458be64b98,Campos do Oeste,RJ,Southeast,2024-07-10
2323,05e5d461-8934-4b06-8790-eeb49b2a1376,Cunha,MG,Southeast,2023-07-13
2324,e608d6d3-1d62-46b5-9d69-7934ddeb78a4,Alves,SP,Southeast,2023-01-08
2325,155c8139-3842-43b4-a378-ff4453d9a4dd,da Mata,PR,South,2023-05-01
2326,f406d6e0-3301-4b08-bb48-7db6460f01a5,Ferreira,ES,Southeast,2024-01-20
2327,4b589ceb-a6e4-46bf-8d2e-ea22b544f70c,Souza de Monteiro,SC,South,2023-11-20
2328,66629bd2-f243-45c6-833d-75956fa1c232,da Cunha,MG,Southeast,2023-04-20
2329,d895ccea-afe2-4f5c-b2a8-07cc2c471336,Gonçalves do Campo,SP,Southeast,2024-10-29
2330,966b91e7-c435-4e28-8b0c-17099569f8cb,Cavalcante do Oeste,PR,South,2023-09-25
2331,6ef7ffc3-7ce2-4b5b-b8d8-f272f429c05d,Lima de Peixoto,CE,Northeast,2024-03-09
2332,5199839c-d0de-4fb6-858c-6c02bf409640,Pereira,PR,South,2024-09-18
2333,91303877-3320-468f-ade7-7482620f4af4,Freitas de Minas,SP,Southeast,2024-11-27
2334,08a47ee1-e3b2-4985-aad0-d57e730c19bc,Pastor das Pedras,MG,Southeast,2023-07-28
2335,e09397d5-d3a1-488a-9a98-04574b211512,Gonçalves do Sul,MG,Southeast,2024-07-24
2336,529b3b96-cf1d-46be-ae0e-343d1d59b308,Vieira da Serra,MG,Southeast,2024-01-15
2337,37164f31-1298-4e9c-becd-2b8c5b952506,Freitas Grande,PR,South,2024-05-10
2338,02774ef3-1f4f-4a0f-907f-fc32c78e4415,Sales do Sul,SP,Southeast,2023-11-11
2339,7722ec2c-36b9-4a35-9430-c8c3b780606a,da Conceição da Prata,PR,South,2024-02-12
2340,9a0fb0b8-489a-4195-a2b6-159410f4c941,Moura,BA,Northeast,2024-11-06
2341,472e2f3b-8f9a-4d51-9a58-fa4437abaed7,Oliveira,SP,Southeast,2023-08-24
2342,aea03292-6bf7-4125-a571-f542e485a118,Dias Alegre,MG,Southeast,2023-06-15
2343,cd7f65f6-0cb6-4029-b276-ab7532b9fc56,Monteiro de Aparecida,SP,Southeast,2024-06-04
2344,1e87c27e-6bd6-4443-8640-1757fd81a925,Machado,MG,Southeast,2023-12-13
2345,9756fd33-53ae-4065-99f7-5c762bcfd03f,da Costa Verde,BA,Northeast,2024-09-20
2346,a4c755b0-0490-4b68-88f8-2df60571dd83,Martins,RS,South,2023-02-23
2347,f783b6f6-d775-4809-a18d-052048cc32c6,Andrade da Prata,SP,Southeast,2024-10-13
2348,565f2ea8-0a03-48cd-870b-230ceb044ecb,Azevedo,SP,Southeast,2023-04-04
2349,cd7182b4-d471-404f-9859-c5ae784aee43,Silveira da Mata,PE,Northeast,2024-04-27
2350,5887f3d2-c0f1-4a3a-9133-577b46510173,Barros da Prata,DF,Central-West,2024-03-21
2351,9cc10bd8-7e6a-455c-902c-36f1c64d10e3,Gonçalves,SP,Southeast,2023-09-27
2352,745f780e-fbe5-403b-b24b-007b4c66d04f,Ramos de Campos,SP,Southeast,2023-03-23
2353,9e33bdbc-f00d-4a65-9fb8-4f18d7d3ce21,Alves,SC,South,2024-01-29
2354,02a95064-d351-4e95-8c3e-dd5c39590149,Caldeira,DF,Central-West,2024-02-15
2355,b0067b61-dc83-496f-92a6-e3d4fe58a970,Câmara da Serra,SC,South,2024-06-17
2356,e6fb976b-b95f-42d5-b0ef-d76b16884399,Nascimento do Sul,RJ,Southeast,2024-09-03
2357,0d700c8b-de36-490a-b030-9415ef21db2c,Viana do Norte,SP,Southeast,2023-06-29
2358,4de5f4af-f278-45f6-8c49-f33a1c5d9fe9,da Luz,SC,South,2024-03-25
2359,caa81f13-9cdd-49a7-b01b-a134544ee743,da Mata da Serra,SP,Southeast,2024-11-03
2360,75f006c0-955d-4078-a344-7519ecc38555,Cardoso,GO,Central-West,2024-06-14
2361,c0c6e3ff-25e3-4ccd-9ca5-24f251bfc946,Porto dos Dourados,RJ,Southeast,2023-02-04
2362,87101172-8592-4e5f-9f53-db6eab117736,Oliveira,BA,Northeast,2024-06-06
2363,f9f209ab-7d77-41f8-a948-ec667a59697d,Duarte do Amparo,ES,Southeast,2023-08-26
2364,c425d020-4389-4f66-9780-29e939d00762,Silva de Minas,SC,South,2024-11-21
2365,df748fb5-d5e6-462f-8efa-daa15a5ed7eb,Ribeiro,SP,Southeast,2023-09-02
2366,34b549be-db19-4e67-bc3a-8abba5aa9765,Barbosa,SC,South,2023-06-11
2367,3664cafa-0f6d-4751-be9e-7b8af8c59ac6,Rios,SP,Southeast,2023-10-10
2368,62934e8e-d189-4750-b7d8-b4283754a771,Mendonça,BA,Northeast,2023-12-28
2369,d06200e3-356a-4651-9727-bd831ac2c99a,Teixeira da Mata,RS,South,2024-02-20
2370,276c7935-a7c1-4adb-b43a-c892b56110f6,Cardoso,PR,South,2024-06-14
2371,62b51781-5d17-425d-aaac-abb43802485f,Pinto de Moraes,SP,Southeast,2023-03-12
2372,301db817-6673-442d-87af-75de33f92a87,da Mota,DF,Central-West,2024-07-16
2373,4ea12bd9-afaf-40ec-aa08-c5266c4fe33d,Casa Grande,RJ,Southeast,2024-07-26
2374,beba0619-1b6f-4706-a04e-6585760116cf,da Costa,DF,Central-West,2023-12-23
2375,2fe12ed8-75fa-4ebe-a4e3-9c20043f1b5f,Alves do Amparo,RJ,Southeast,2023-10-11
2376,5a19d7ab-73e0-467e-87e8-1b25a9715404,Campos da Prata,SP,Southeast,2023-07-19
2377,3649f585-6e75-4e7a-9abb-b78f1585665d,Gonçalves,MG,Southeast,2024-02-18
2378,556ff3c1-8207-4e01-ae4c-1501808f8cb9,Macedo,PR,South,2023-09-25
2379,0c941263-190a-40d6-9ea9-f25945c86249,Siqueira das Pedras,SP,Southeast,2024-06-02
2380,6716d461-307f-4576-8b43-f87331a580d7,Peixoto,SP,Southeast,2023-03-16
2381,7e5da21a-9b81-4898-8791-6cbe46a3110a,Caldeira do Norte,ES,Southeast,2023-12-15
2382,1c6fec01-f57f-4bba-bfba-cf5fa576db48,Camargo,GO,Central-West,2024-06-09
2383,93424e7c-0922-488d-a522-8d310d9a6fce,da Costa de Minas,GO,Central-West,2024-07-04
2384,39f99c64-4684-433e-99dd-3b908839c8e4,Gonçalves das Flores,PE,Northeast,2024-08-11
2385,d2f629ca-bbe2-47ba-b84a-996719ef13bf,Monteiro do Oeste,SP,Southeast,2024-03-29
2386,58fe7bd2-341d-45cd-8925-72852bc8906f,Santos da Mata,MT,Central-West,2024-07-30
2387,2f615360-1820-47f7-80cb-9caabbdfb574,Sousa de das Neves,MG,Southeast,2023-09-07
2388,3d162ab9-b01c-4191-a81b-60ffda41a15f,Dias,BA,Northeast,2024-04-14
2389,2ff5cdab-2aa9-46d4-91c7-c76cae7303c0,Marques Grande,RS,South,2024-08-23
2390,797f6e4d-aa81-4850-8342-96faf6558f35,Farias do Sul,CE,Northeast,2024-05-08
2391,e19a17f6-438a-419e-b970-5e4b2d71a040,Cavalcante,SP,Southeast,2023-03-11
2392,027deb45-da64-45b5-82a0-72ddade03e6c,Melo Verde,RJ,Southeast,2023-08-14
2393,3f5cd7ed-df8b-4008-bd01-b5a30041f5d4,Camargo de Aparecida,RS,South,2023-08-24
2394,ae1782f6-9138-4474-8473-b982d1a529db,da Conceição do Galho,BA,Northeast,2024-02-27
2395,258675e9-c147-4ff2-aad4-7bba80ce3505,Brito,GO,Central-West,2024-06-12
2396,55eef366-bc76-4752-8dcb-e8184dfa6a17,Mendonça de Sousa,PR,South,2023-09-27
2397,41e1008c-8bb3-4bb2-bd63-14f259ccc94a,da Cunha de Fonseca,SP,Southeast,2023-04-06
2398,5a45b8ea-d3e7-43d1-8378-bcb77570b0ac,Santos Alegre,MG,Southeast,2023-12-17
2399,a9f7c6d1-c647-4ae2-8490-9370e430fb91,Camargo de da Mata,SP,Southeast,2023-07-02
2400,a3c9f400-ba6c-457c-84f1-6d9daf8f8cf0,Casa Grande,MG,Southeast,2023-12-29
2401,3862abcf-db34-47bb-a90a-a98bfa87fba5,Fogaça,SP,Southeast,2024-08-10
2402,93dc8eea-3e8e-436a-87e9-5e6d7f71eef6,Fonseca do Oeste,SP,Southeast,2024-11-30
2403,ebaf89c7-319f-42f7-96da-a8f5be8eb66f,Porto do Campo,DF,Central-West,2023-07-14
2404,a07bf99b-e08c-42ea-861f-e028f727ee90,Moura de Cavalcanti,ES,Southeast,2023-07-24
2405,594de8d7-add7-4b0f-a90b-365143eb4ff0,Gonçalves Verde,SP,Southeast,2023-09-05
2406,46b821c7-fe73-4856-b1fc-fc366ad3cc40,Correia do Norte,CE,Northeast,2023-07-31
2407,57e0d57b-b3ab-400b-8523-d070945b3711,Lopes,SP,Southeast,2023-09-13
2408,f7d8e086-9110-49fd-b47c-b18fcb9aefff,da Paz do Campo,PE,Northeast,2023-12-31
2409,ed5f24c3-7fb9-4e49-8222-3c10f82f2dc3,Martins,SP,Southeast,2023-04-20
2410,f777c816-85ef-475e-a675-5363ae50f96e,Pinto da Prata,SP,Southeast,2023-03-22
2411,7ca08cde-4dbb-47cd-a9a0-99deaa10e595,Azevedo da Mata,RS,South,2024-11-10
2412,37a2a180-0a7b-46e7-b430-0ccc03fddd08,Pastor do Campo,MG,Southeast,2023-01-07
2413,014d9829-4e4a-416f-bd05-955b0d9e1328,Fogaça do Sul,BA,Northeast,2024-07-08
2414,59a7e6e4-2341-49c5-805d-f1860cc66163,Viana do Galho,GO,Central-West,2024-05-08
2415,8f8d4107-c4d5-4c13-b561-d900aa52cdf3,Borges,RJ,Southeast,2023-11-19
2416,fef43c9c-2484-457f-854a-8e82b69415c7,Lopes,MG,Southeast,2024-08-11
2417,4a720071-14a9-4e59-ab13-13b795d14b6d,Andrade,CE,Northeast,2024-05-17
2418,3facabcc-5ac9-4db2-aed4-d00579222d87,Lima das Flores,SP,Southeast,2024-06-07
2419,e49dda44-191f-4e05-a777-3701f7873461,da Rosa da Mata,RJ,Southeast,2023-08-16
2420,adcde95f-6f91-47be-905c-3fd92c5d849c,Pacheco Grande,BA,Northeast,2023-05-12
2421,4001570a-3312-4e73-8485-63a3aeee2302,Leão,SP,Southeast,2024-03-09
2422,4e143977-4d12-4ab1-b313-f36c8de58a88,da Rosa,MG,Southeast,2024-07-07
2423,760e36aa-a0d9-40ba-ad57-a5c89110f698,Garcia,SP,Southeast,2023-12-22
2424,6fd83533-d577-48f5-a03c-63dfc84bbdf5,Carvalho,RJ,Southeast,2023-06-28
2425,5031d661-b1b2-49c6-b120-721e86cd6214,Martins da Praia,MG,Southeast,2023-05-04
2426,f62162ab-6ba6-4252-b76f-fd036d7bba17,Martins do Sul,RS,South,2024-04-16
2427,f51e2df3-06c3-498e-8f14-aac7e99d6b91,Borges Grande,RJ,Southeast,2023-01-09
2428,c960b851-4d69-4e19-a827-3dee9d7e4eb7,Pacheco,SP,Southeast,2023-08-04
2429,9ef2a148-2095-45d5-9f84-3666831ffc00,Aragão das Flores,RJ,Southeast,2023-04-14
2430,01862029-ab8a-4015-a727-3710203d54c9,Teixeira de Moreira,RJ,Southeast,2024-09-19
2431,15ac37f0-0de9-4283-96d5-aed275d106f2,da Mata,CE,Northeast,2023-07-11
2432,1b678ec1-a65e-483b-bc75-de3dd473f3b5,Peixoto do Campo,PR,South,2023-08-31
2433,7b417aed-90c0-4607-8a63-3fc3d26aab27,Araújo do Campo,SP,Southeast,2024-09-19
2434,82c52802-aca6-4492-95a9-7dd7bd8fa26f,Sampaio,RJ,Southeast,2023-07-08
2435,8fe275b1-24e7-4383-8429-e12c347f1a8c,Carvalho de Câmara,ES,Southeast,2023-08-04
2436,da2d6df9-a3c1-4a53-acf9-6a12e522266c,da Rosa,MG,Southeast,2024-01-17
2437,fd397fe7-b819-415d-8f96-8a84a0d44d24,Mendonça,RJ,Southeast,2024-02-15
2438,1d5d8f65-3361-4134-b012-00ab9fa87040,Abreu,RJ,Southeast,2023-07-04
2439,1efc1c94-e141-40b6-9a92-0655272c7482,da Cruz,PR,South,2024-08-12
2440,064fe164-7947-4ea4-9a85-fd69344c96cc,Gonçalves de Araújo,RS,South,2023-04-13
2441,679111dd-4cc7-4da2-9f2f-087ded113faf,Cirino de da Costa,RS,South,2023-08-30
2442,42a1279b-8bf5-4aed-9904-b887d77b03b3,Ribeiro de Pimenta,PR,South,2024-01-26
2443,a2ddd15a-2570-46e8-aeae-bb601f89cec2,Cirino,SP,Southeast,2023-06-03
2444,a84fa67f-be9e-41a9-918c-7fde24458bad,Cavalcante,MG,Southeast,2023-01-10
2445,8bf349a3-b31a-4d22-bddd-bd3682f2a59e,Melo,SP,Southeast,2024-05-26
2446,aae39bc0-4a19-44ec-8a3f-cfda7affd9bd,Pastor,SP,Southeast,2024-10-07
2447,467248f6-aaee-4d68-9e09-f48e7e32e5d0,Gomes do Campo,ES,Southeast,2023-11-20
2448,6cc1da4d-d041-4dec-aab9-ba0f76c6533e,Alves,BA,Northeast,2023-11-04
2449,907001b6-1ec0-4c35-b503-5829488e5bd8,Albuquerque Verde,SP,Southeast,2024-08-04
2450,a68213c7-a525-4cd0-88b9-b2e94d81c859,Aparecida de Fogaça,SP,Southeast,2023-04-12
2451,e1e68d35-77c8-4297-a3a9-654df679d544,da Mota de Albuquerque,RS,South,2023-03-03
2452,8029d633-5b95-49d0-a887-4d02fb5435ba,Ferreira,SP,Southeast,2023-09-18
2453,63fff4b5-866a-4c09-b4cb-22f4e70d8d07,Cavalcanti,MG,Southeast,2024-10-06
2454,a7eb4008-5a13-44bb-a6c2-5405a7ea52f0,Marques Grande,SP,Southeast,2023-12-09
2455,a88fc85a-c33a-402e-88f3-332a47414ca4,Gonçalves de Minas,SP,Southeast,2024-01-04
2456,7bd6b0b5-a527-4097-96de-0902ea897692,Melo da Serra,PR,South,2023-09-21
2457,81c974a0-ed6a-439f-b560-4484937749f6,Cardoso Alegre,RJ,Southeast,2024-02-26
2458,591cc4b6-94aa-400a-b487-a21f96bf02dd,Azevedo do Norte,SP,Southeast,2024-11-26
2459,28bfffdd-bb9d-4c31-9a1e-b729078ebe4e,Brito,MT,Central-West,2023-07-23
2460,ef29f413-7fda-4666-9b31-4321aa4e8b03,Duarte de Teixeira,PR,South,2024-10-27
2461,cefd7dee-c590-4851-bb38-56713b45d977,Caldeira,SC,South,2023-06-28
2462,ba68e69f-2c8b-4151-a179-2fcde658eb6a,Sá das Pedras,MT,Central-West,2023-10-19
2463,9ca5b74f-0fda-4ca4-907a-8bccec20d201,Camargo do Norte,RJ,Southeast,2024-11-20
2464,7108022a-12a8-4ff7-bffb-bc83d8c80184,Pereira do Sul,ES,Southeast,2024-04-02
2465,1b8fabe9-5237-4d88-ac8f-abbcec6dd411,Garcia de Carvalho,CE,Northeast,2024-01-26
2466,8e74b39c-92e3-4940-a32c-5e99fd26a41b,Costa,SC,South,2024-04-19
2467,adc90caa-7000-493b-bdb8-ed7140a3823b,Câmara do Oeste,SC,South,2023-05-29
2468,d057ab85-6f1e-40de-a97e-b3f4bdfdcc7b,Borges,CE,Northeast,2024-10-17
2469,f5b79271-a10d-4956-8634-caf6950506dd,Costela,PE,Northeast,2023-12-12
2470,e4aeb85f-23fb-48f2-8f5c-bd7f08825d14,Fonseca,MG,Southeast,2024-09-19
2471,8becb8cc-917b-4866-a874-7b44c63e23bf,Fernandes,PR,South,2023-03-15
2472,f52eaf63-badf-47a8-aeaf-39512f701b32,Correia de Costela,SP,Southeast,2023-12-18
2473,8037b969-7946-4eae-93dc-00ee9203c5d2,Fogaça da Prata,SP,Southeast,2023-11-21
2474,11310c8b-cd35-437c-a34b-ae09da79d686,Lima de Pires,SC,South,2023-10-01
2475,91b3f921-1224-415f-9fbc-f340604948be,Cardoso,SC,South,2024-02-09
2476,19d56f42-4c58-4a8e-846a-4a71c84a89b8,Monteiro,SP,Southeast,2024-03-31
2477,8a60b332-99fb-48a9-8d2d-ba723b06dd82,Almeida de Goiás,BA,Northeast,2024-01-07
2478,ec1a1adc-4a36-47c0-b0cc-4f56d24289ea,Gomes da Praia,BA,Northeast,2024-06-17
2479,2869b5ee-df18-4065-9f58-64d511655b1e,Barbosa da Prata,MT,Central-West,2024-02-28
2480,848be725-da6b-4060-bdcc-4915934a85d9,Guerra do Norte,SP,Southeast,2023-01-24
2481,1c6244f4-e44d-4dc2-b290-88928bc2d46d,da Luz de Rezende,SP,Southeast,2023-08-29
2482,6be13e78-568a-420d-8843-280a07aca3fe,Costa Alegre,SC,South,2023-03-23
2483,23a86b61-0f34-4fe1-83c5-bbb5e355ce16,Novaes,SP,Southeast,2024-02-11
2484,ec96af27-5461-4433-bbdf-144cd11756d5,da Costa,SP,Southeast,2023-03-07
2485,f2aff86f-ce3f-4e9a-92aa-5ab47e59a0d1,Ferreira,GO,Central-West,2024-04-29
2486,6a8eb758-f32d-4812-921d-87acfb267d27,Novaes,PR,South,2023-01-27
2487,454009f2-2124-4735-b254-6c177a90c486,Caldeira,BA,Northeast,2024-06-20
2488,39a9a8a9-81f2-4a73-bf20-f661091d1643,Lopes do Amparo,BA,Northeast,2023-03-27
2489,e05f039c-d98e-4024-8813-20254dacd33c,Almeida,SP,Southeast,2024-09-24
2490,c60b846e-06bf-4fb7-8e2b-d8c9ee662c46,Nascimento,SP,Southeast,2024-11-01
2491,ae93b319-611f-48ef-9c3c-423a9baefd9e,Novaes,GO,Central-West,2024-02-04
2492,c403b430-631a-4c3c-8d59-13037b6fb65b,Sampaio Grande,RJ,Southeast,2023-09-11
2493,8caef9ec-6d44-4723-b38a-df826e020a88,Camargo,BA,Northeast,2024-03-29
2494,9d9b72b9-e5ab-486c-9e34-c29a701dadb0,Fogaça do Oeste,SC,South,2023-05-15
2495,0ed40264-eb06-4b1e-afc0-174f57d714f1,da Conceição,PR,South,2023-06-24
2496,3a24ec19-0292-4d3d-96af-a28a178cb5a0,Souza da Prata,SP,Southeast,2024-11-10
2497,cd409bc9-fdae-4920-8bb8-382f916ba250,Silveira,RJ,Southeast,2023-11-30
2498,139cd2b0-0e8f-4d60-9007-fd073ffaea11,Cardoso,CE,Northeast,2024-04-23
2499,0b31324f-4858-45db-ae3b-5fd6704532d5,Ferreira de Goiás,MT,Central-West,2024-07-07
2500,9b2aeea6-2135-4574-8adb-8f79ff82bf84,Mendes do Campo,GO,Central-West,2024-07-15
2501,400d083a-138d-4006-93a9-6a92a8164d18,Monteiro,MG,Southeast,2024-07-06
2502,5b619ebe-d03c-4c2c-bc37-49b1b48b9a8c,Macedo,SP,Southeast,2024-09-03
2503,5def5cc2-f101-4bfe-8d7e-fc8eb68ff0dc,Rezende de Goiás,MG,Southeast,2024-10-13
2504,51a0bd7c-447d-40b8-a49a-3cd986df42bd,Aragão,CE,Northeast,2024-03-21
2505,b49bc1ef-692c-4843-a682-471058bd19da,da Mota de Barros,ES,Southeast,2024-10-16
2506,d767a6da-231b-4c86-a97c-0ea5341c2d10,das Neves,PR,South,2023-12-22
2507,1f6c6a86-35f4-4fba-8d8f-2868bdedb9cc,Silveira Grande,MG,Southeast,2023-08-21
2508,b2c68986-3c2f-4b76-ba58-4a4b092e9fab,Rezende de Teixeira,PE,Northeast,2024-03-28
2509,05733d10-1d3e-4e5b-b3fa-c1507429cf81,Andrade de da Mata,RJ,Southeast,2024-02-27
2510,4ce7db3f-6259-46cc-9696-e8334728ddf6,Araújo,SP,Southeast,2023-11-07
2511,6249a586-9c18-4d49-9ac5-609e47729adf,Almeida de Garcia,SP,Southeast,2024-06-19
2512,39757433-0b5e-4148-b1ab-471162794a6e,Garcia,PE,Northeast,2023-05-20
2513,88516447-6e5b-4598-a8f0-e3e02f369832,Ribeiro,RJ,Southeast,2024-04-25
2514,c353b9e4-8aa2-4756-8803-ad314e1e2f3d,Alves Alegre,PR,South,2024-05-18
2515,43355860-e84e-4da0-9402-2243ec35fb0c,Sá,GO,Central-West,2024-05-03
2516,d4490964-b9cd-413b-9748-218a07001750,Lima do Norte,RJ,Southeast,2024-03-16
2517,635b36bd-8da4-4fbe-9bf5-3332ceb18cd3,Nascimento dos Dourados,BA,Northeast,2024-09-03
2518,917c4f11-b81e-4083-9296-14b56c8073b7,Castro das Flores,SP,Southeast,2023-01-08
2519,ecb697a2-fe1b-43e9-bee1-dc6577a319c6,Cardoso,PR,South,2023-07-13
2520,ccb1dc1e-47db-46a2-83e3-0f78e85fda55,Barros de Goiás,MG,Southeast,2024-07-28
2521,56688530-4bbb-4e9a-8af5-3d42c5767c74,Andrade Paulista,MG,Southeast,2023-09-13
2522,4021a347-a8c3-4b25-84cc-a0575c9808f4,Campos,SP,Southeast,2024-10-23
2523,522c5c44-a928-45b2-9185-5abd4e90ae4a,Cavalcanti dos Dourados,RJ,Southeast,2024-01-23
2524,024559a5-709d-4505-846b-96f976751903,Andrade de Fogaça,SP,Southeast,2023-03-23
2525,8e7de390-d825-4478-a343-21bf7aeee7df,Jesus,MG,Southeast,2023-09-03
2526,145d2f7e-f057-412b-945e-b87f0eff6a6b,Pimenta da Prata,ES,Southeast,2024-09-19
2527,70c0a4f6-1065-4764-b40b-077950640ae6,da Luz,PE,Northeast,2023-10-06
2528,42714418-46b1-454a-8967-82fbc4170ebd,Cardoso de da Conceição,RJ,Southeast,2024-06-28
2529,df0987e9-259b-4aea-acab-b9ada15dd7c4,da Conceição,PE,Northeast,2024-02-27
2530,2f2b5e31-09db-40a9-a793-eb811d4c5eb7,Pacheco de Dias,SP,Southeast,2023-03-12
2531,3a5b171c-b7a4-4108-8dac-20f90abd99fd,Silva,SP,Southeast,2023-10-24
2532,41e7ebba-f9ac-4a4f-8251-6974fdf1d205,Rocha,SP,Southeast,2024-04-11
2533,5a742a53-d972-4236-9b84-7c06d84d6427,Peixoto,SC,South,2023-10-06
2534,13d5ac4f-1bf2-435c-9987-e1e63c1517fc,Camargo de Moraes,RS,South,2024-05-18
2535,5366e938-343c-4752-bcaa-a31e13d3c726,Rodrigues das Pedras,SP,Southeast,2023-01-20
2536,e037e953-6d2d-4cb9-a452-b5591246d2a5,Casa Grande do Sul,SP,Southeast,2024-07-01
2537,5c3bc3e5-c9c5-4567-9b62-2c0a53982922,Jesus da Praia,SP,Southeast,2023-04-15
2538,4b47b715-f937-4fff-b146-56f1787ed06b,Castro,RJ,Southeast,2023-05-09
2539,ee28b2f4-4a76-40ea-8b6b-99445e4908c8,Pastor,RS,South,2023-01-09
2540,362387b4-9be9-4c86-9b32-06f006897b1c,Moraes do Galho,SP,Southeast,2023-06-04
2541,5813d72f-b67c-42ac-94dc-4c97c8914d99,Garcia,SP,Southeast,2023-08-11
2542,a8350a40-0858-414d-952a-ed00d4aa826d,Garcia,RJ,Southeast,2023-11-16
2543,1414f827-a632-4350-bf71-2ff4c33a8761,Câmara,BA,Northeast,2024-05-25
2544,930e7347-ff70-4baa-80e5-1b3d90be35ee,Nascimento do Campo,PA,North,2024-04-19
2545,cc5732f2-871b-4b1f-a0e4-0a11d8fbfda5,Pereira,RS,South,2023-02-02
2546,8534bd76-8642-4a80-a8c1-2f2278ea904d,Dias de da Mata,RJ,Southeast,2023-05-30
2547,4b0653e2-9343-4c76-9604-ae9f31ed10f5,Farias,SP,Southeast,2024-02-06
2548,fa3bc921-c484-4743-8c8b-a7603e3a0dfc,da Conceição dos Dourados,SP,Southeast,2024-04-26
2549,1d8bf69b-f8ef-4017-bf89-444e5097ce46,Macedo,SP,Southeast,2023-09-14
2550,68f0e5f2-e156-4ad3-b525-d556bb98abdf,Barros da Praia,PE,Northeast,2023-01-13
2551,ea258d83-1391-418a-8171-d9558f7a1e43,Rezende do Amparo,SP,Southeast,2023-09-12
2552,c94b3a6f-72ef-417e-baf8-34f29aef9aec,da Conceição Verde,RJ,Southeast,2024-03-29
2553,20126ebb-fc9b-419a-93a8-1c4fd3ec1562,Vasconcelos,SP,Southeast,2023-02-04
2554,95b2868b-ac92-475a-a859-9dc4e8c5a3b0,Pereira,SP,Southeast,2023-04-07
2555,57713fff-4971-4ec3-8bbd-373242a1a429,Campos de Minas,ES,Southeast,2023-08-02
2556,fbb61ff7-8149-4136-abc8-22f46893a38a,Oliveira,MG,Southeast,2024-11-28
2557,c5cc0fb0-e1a6-4208-a1f4-06277e83e815,Cirino,MT,Central-West,2023-11-27
2558,2ab18038-03f8-4c7b-b43d-e03ae05c1fb9,Leão,SP,Southeast,2023-02-13
2559,b61d1f43-8df8-4ff9-83f8-6f2d436c9e18,Souza de Brito,BA,Northeast,2024-07-16
2560,d577c131-08b9-4ed4-9e94-da10205b9db8,Alves da Serra,ES,Southeast,2023-09-17
2561,83d04bac-21e3-4238-92b1-178bfd6c47e3,Lima da Praia,MG,Southeast,2023-11-02
2562,8e93abd2-b269-4b43-a6fe-47b320a0c244,Silva,SP,Southeast,2023-02-23
2563,e5bdbb3e-5639-417a-9e78-ba024b1bbb3a,Pastor do Campo,CE,Northeast,2023-08-12
2564,12e1725b-0b94-42ab-b8e0-c2e1fe7f9299,Machado das Pedras,MT,Central-West,2023-08-30
2565,d5b5c24c-bd9e-4993-b323-0f23a17e34b0,da Rocha do Amparo,SC,South,2023-11-29
2566,2ef6a152-bbc2-4de6-a275-8233b33aa6b9,Cassiano,SP,Southeast,2023-10-10
2567,97d20300-97f3-4baf-81fe-1d86e545fcc6,Rocha dos Dourados,PR,South,2024-02-10
2568,2d3dab8a-7047-4d9d-9208-26b8611eb15c,Vargas do Campo,BA,Northeast,2023-01-10
2569,57537534-7e48-4b1c-8c1f-088f3b759faa,Nunes,MT,Central-West,2024-08-18
2570,946f9f07-8673-473a-a5b5-8f3084868583,da Paz Alegre,BA,Northeast,2024-05-01
2571,2daca88b-c1de-4d58-918e-58fd62524390,Aparecida,RS,South,2023-06-08
2572,e1e3eda6-bc10-4ec9-b1ee-f895d06176b3,Lopes,RJ,Southeast,2023-04-02
2573,e12c6678-933c-4b76-873b-ccd484e6078f,Brito da Praia,SP,Southeast,2024-05-26
2574,49b016e5-1e59-4d1f-aa64-45d348e80f79,Mendonça dos Dourados,SP,Southeast,2024-09-25
2575,49d9bf73-2b58-4b3f-a2a6-3e3c3940093a,Pereira do Campo,RJ,Southeast,2024-10-02
2576,47543604-aa9b-44ba-bb4f-068eecad122d,Brito,SP,Southeast,2023-12-31
2577,823a0b12-d6ba-40f2-8d5a-954934f3ab8e,Alves,SC,South,2024-07-03
2578,f5b92b3c-0a2c-4b1b-a70c-f2749930300a,Abreu,BA,Northeast,2023-05-09
2579,0699576d-d288-406a-951f-03b17d058c07,Costela da Mata,MG,Southeast,2023-11-21
2580,6d2f458d-9237-4145-b2a8-3faaf11a31f5,Moreira de Cardoso,AM,North,2024-10-22
2581,eb01bba7-4b81-4a84-b42f-790ed4bee4e4,Silva,BA,Northeast,2024-03-25
2582,1eb46d3b-d841-46ac-ab4f-9efbb4d1880b,Lopes de Monteiro,BA,Northeast,2023-01-22
2583,230681aa-dd50-4d6b-963c-b5294357ac51,Siqueira do Campo,RS,South,2024-01-02
2584,143dbd6c-cdbb-4c1f-9a8d-785ef7eba7e9,Siqueira,RS,South,2023-09-14
2585,81ceb20e-281f-45ff-93bd-db0513089f8b,da Mota dos Dourados,DF,Central-West,2024-05-11
2586,ac0d8818-8349-4078-bc4b-2732a170920c,Santos,RS,South,2024-07-26
2587,ecbb1aac-e46b-489a-9097-621ab01cad4e,Lopes,RJ,Southeast,2024-05-16
2588,cb508544-b481-4cde-aeaf-ab5619b65b6b,Correia da Prata,SP,Southeast,2023-07-11
2589,a046d4d3-e0a8-48af-966f-3fffa93fd7ec,Porto,PR,South,2023-11-28
2590,230a37e5-3ef4-43df-820a-5c40a095c0d0,Câmara do Oeste,RS,South,2023-10-09
2591,7c08a960-26c4-41fd-b859-7bc643e9c94c,Siqueira,CE,Northeast,2024-09-05
2592,32d5ad87-21bd-4db7-8858-73c17f297630,Moreira,DF,Central-West,2024-07-21
2593,36d5187b-bfdb-410b-b929-1d34db6ea0ba,Lopes,SP,Southeast,2024-06-27
2594,9c78bade-8ec7-4ccb-bd9d-ef75113808db,Santos,SP,Southeast,2023-10-30
2595,b01f90e7-6b0c-4da5-89ef-a19b2d98f251,Pimenta das Flores,PE,Northeast,2024-07-08
2596,a341441c-3c16-4571-957a-66e5a18af1fd,Mendes do Galho,RJ,Southeast,2023-01-01
2597,e0bd6044-2e18-422b-b44f-5031a82d4879,da Conceição da Mata,BA,Northeast,2024-06-02
2598,cbf78eb1-7d7f-4fed-bc2c-e385ab00764e,Peixoto da Praia,RJ,Southeast,2023-07-09
2599,18b666f8-4ba0-468a-bb20-21f78b1d2284,Camargo,CE,Northeast,2024-09-26
2600,c145217f-e595-43fa-a182-58d2f681db3f,Leão dos Dourados,CE,Northeast,2024-09-27
2601,6cc3f8aa-a994-4d14-bf55-5c7d534d388e,Cavalcanti,SP,Southeast,2023-03-06
2602,a91decb2-51a3-421b-b4d1-183f76f8ef17,Ferreira,SC,South,2024-07-05
2603,20c8667f-b46f-4145-a5e9-2e49b26c8876,Mendonça de Peixoto,PE,Northeast,2023-07-14
2604,076a16e7-3c1f-49aa-afed-c6c3697905ea,da Mata do Galho,ES,Southeast,2024-05-24
2605,c86768b2-d9da-4f47-a3ca-a0c4371132b7,Araújo da Prata,BA,Northeast,2023-06-07
2606,accc1507-42f8-4fc5-92bc-b64dc59498c5,Jesus das Flores,SC,South,2023-11-27
2607,660fdc40-6cd9-4c3f-b123-bc96cf1ca021,Aragão Paulista,MG,Southeast,2023-11-26
2608,56ffdb3e-380c-4d3d-ba6a-741c7c4a14cf,das Neves,SP,Southeast,2024-06-19
2609,928fbbae-38a7-4678-a8e9-68cf72984bb6,Nascimento,SC,South,2023-02-14
2610,1c3da4eb-a012-46c2-8790-b84c34c993ae,Cardoso da Prata,PE,Northeast,2023-05-13
2611,0567f81f-b8e3-4b43-b345-74ae051978bf,Borges Alegre,SP,Southeast,2023-02-02
2612,c4196c8a-c44f-42a8-9a4a-96aee987cfb2,Rezende,SP,Southeast,2024-05-12
2613,5cb27033-35e0-4dd6-84c6-2e4b0c995e2d,Castro,SP,Southeast,2023-02-02
2614,dc16cbae-6541-45f8-8923-8eb6d690efa9,da Rocha,PR,South,2024-02-02
2615,5fb698a5-e920-4b3a-a951-c8a7cd210a34,Jesus do Oeste,SC,South,2024-06-22
2616,f0a4be8a-3fab-4c74-bbbb-cccc8d8e352b,Andrade,SC,South,2024-08-27
2617,f0bb1e32-c14f-49be-8520-9457d8718196,Montenegro,SP,Southeast,2024-01-11
2618,0ad33361-7c22-4735-8a95-7c2e65df39cb,da Paz,SP,Southeast,2023-03-14
2619,a1ad9f14-3ae1-4f9c-8634-e0e64d2ce796,Andrade,SP,Southeast,2023-08-02
2620,d0207ede-1fa7-4e6b-bffa-749e45bfd2c3,Rezende das Flores,SC,South,2023-03-23
2621,e06a46b2-bd93-483f-917b-d6cc2195e073,Barros de Minas,MG,Southeast,2024-10-16
2622,b417dee1-b8dc-4390-8127-8b8612ea7890,Almeida do Sul,SP,Southeast,2024-07-25
2623,9ad8e1cc-8aac-4783-948b-5d0dbe1e70bc,Brito,BA,Northeast,2024-03-01
2624,6420b22a-cae9-450b-9693-ffd8bc6232e3,Pereira,PE,Northeast,2023-03-01
2625,52dfc152-c8e6-4d4b-8feb-aa0edbfb491a,Moraes do Sul,PE,Northeast,2023-09-30
2626,33e1f6f7-757a-4703-8628-1fb84d59f68e,da Luz,PR,South,2023-03-14
2627,78adb182-9381-4bb3-a7f2-f07ef821947c,da Rocha das Pedras,PE,Northeast,2023-03-21
2628,68054a24-f785-4cc1-b8e5-91c417d2efe7,Mendes da Mata,GO,Central-West,2024-06-15
2629,81b01ca4-8880-4d17-b3ef-e892e85cc863,Garcia,SP,Southeast,2023-08-25
2630,ba41348a-7f3d-4dbd-be3f-566204680a4a,Freitas da Prata,PR,South,2023-07-14
2631,395c0d62-73c7-4d75-9bb9-d499b6eea1cf,Gonçalves,SP,Southeast,2024-11-03
2632,5eaca15d-7274-4e76-bb6b-ecb7c56dbe29,Nunes de Caldeira,SP,Southeast,2024-10-02
2633,24ce3160-551a-4dcd-8f84-2010a48fc1f1,Brito,GO,Central-West,2024-07-25
2634,dd655951-352a-42af-ab54-57b78f962ff2,Pastor de da Cruz,BA,Northeast,2024-03-01
2635,9dd23036-6737-4ac9-a42e-3d711579bc24,Moreira de Silveira,BA,Northeast,2024-10-15
2636,3b808449-c2b5-49c2-910f-445dd6f34d9b,Vargas,PR,South,2024-11-21
2637,4fbb831a-696f-4074-8084-a2907e50a000,Cassiano do Norte,MG,Southeast,2024-11-12
2638,9946601e-90b8-4f94-b062-259e524a1652,Abreu Paulista,MG,Southeast,2023-04-17
2639,8ffa1194-c14a-4a61-b58f-b73fb0bde14f,Nogueira de Monteiro,SP,Southeast,2023-07-04
2640,3c5969c6-a6ea-4997-b5a0-2c0a5021d3fc,Martins do Amparo,PR,South,2024-05-31
2641,bd5bfece-dbd0-4d57-8e07-d8fc83b1c1ec,Caldeira,RJ,Southeast,2023-06-11
2642,602cf604-13d7-44d6-b302-69aa6cfacecc,Sá,PR,South,2024-09-06
2643,bf86ad63-851a-493f-a97e-ef2f037ce599,Cavalcante,MG,Southeast,2023-12-27
2644,f8cf814a-dea7-41ae-b006-a2c63286af00,Andrade,DF,Central-West,2024-07-17
2645,2bb47157-7ec4-49d8-ac97-34c0e2b05055,Carvalho de Souza,PA,North,2023-11-29
2646,663f730d-6b0b-4457-8c0d-c409dfcc8eb4,da Rocha,PE,Northeast,2024-02-27
2647,4b523dc2-fee9-4972-af7b-93e71e19f010,Moreira Alegre,BA,Northeast,2024-03-16
2648,9055e085-5f23-4322-a3b9-3a349d7739b2,Casa Grande,PE,Northeast,2023-11-28
2649,34579c7f-af5d-499c-85f3-cb124a4a5612,Moreira Paulista,SC,South,2024-07-30
2650,efaaf791-35eb-4106-b67f-509578dc340b,Souza Grande,PR,South,2024-01-20
2651,d4541573-b70f-4392-863d-aa902a0b83f4,Albuquerque de Dias,BA,Northeast,2023-09-18
2652,7872420e-267d-46e7-ade1-bda46a92d47b,Abreu,RJ,Southeast,2024-04-08
2653,3303343c-300b-4e7b-b393-2fb84fd4c793,Nascimento,MG,Southeast,2024-02-11
2654,0fa4c293-183f-46db-94be-b7e075666394,Peixoto de Castro,SP,Southeast,2023-02-05
2655,8f24da7e-a2e7-48d7-99b7-463f1117f840,Ferreira,AM,North,2024-09-02
2656,3150e60d-ed89-42c2-839d-fd70a0fa7665,da Paz das Pedras,SP,Southeast,2023-05-19
2657,5e05b8b1-4e45-4736-bab4-eb77959fb841,da Cunha da Prata,PA,North,2023-11-06
2658,33dcd09c-a8cc-4023-a43f-daf08a8016fe,Pastor,SP,Southeast,2023-08-16
2659,3768b54a-bb0c-486a-9a5c-a75227051d96,Cavalcanti Paulista,SP,Southeast,2023-11-19
2660,cc009f08-206f-4ddb-9a31-c87e904c01a1,Farias Verde,SP,Southeast,2023-10-10
2661,9ad28c4a-9798-439e-9a78-6fcac5a06501,Sousa do Amparo,DF,Central-West,2024-06-07
2662,c88a9a74-00af-485d-ab08-8fcd35951ffd,Cunha,PR,South,2024-08-08
2663,9d6ba3b5-cda8-48b5-adf6-cca41761f1ce,Casa Grande,SP,Southeast,2023-02-08
2664,00102dc0-dfe6-4589-b9b8-023d2a3189ba,Barbosa do Norte,MG,Southeast,2023-06-09
2665,708f75a1-cea6-49bc-82ff-1dad2310c9fb,Rios do Amparo,SP,Southeast,2024-01-11
2666,c28fd8cb-8018-4536-8d74-764953bc20e0,da Costa,CE,Northeast,2023-09-13
2667,c61f98b1-6097-4bc0-a4ab-d0358f65abf9,Santos do Amparo,SP,Southeast,2023-11-04
2668,85a0daf6-d6b1-4a8c-8fcf-9f895ae0bb5a,Moura de Minas,SP,Southeast,2024-02-14
2669,36c21bc3-d799-480d-9afa-3fb4e21f0167,Porto,PR,South,2023-08-11
2670,24940bbd-b61a-41b0-8719-c1a8d5672214,Novais dos Dourados,BA,Northeast,2023-11-29
2671,4023539b-c9f9-4d37-b1f2-0ebf7d76c495,Novais,BA,Northeast,2023-06-27
2672,59225b53-a6ef-4273-af77-4027e656cfbc,Alves,MG,Southeast,2024-08-13
2673,7750bfbb-daf9-4e1b-9d9d-acbdddbb3fa4,Siqueira das Pedras,PE,Northeast,2023-04-08
2674,e054dba1-8f4e-4920-9df2-055436ba4892,Garcia,PR,South,2023-11-04
2675,bf6494b6-eee5-433e-add3-4f8e5fcbf482,Costa,SP,Southeast,2024-08-13
2676,31e43850-86a8-4b2b-9c69-ee49712c3126,Pastor,RJ,Southeast,2023-02-27
2677,e939f790-1817-4e4a-9415-668e4f75c3d1,da Cunha do Galho,DF,Central-West,2023-12-09
2678,45e526e1-9b55-4178-8353-9b9aebeb9d98,Ramos,RJ,Southeast,2024-03-20
2679,65f69897-7a8e-4e5c-a444-c04046633755,Sampaio,MG,Southeast,2023-05-04
2680,a011b8d8-4630-419c-80c7-1862b44aad77,Oliveira,CE,Northeast,2023-08-21
2681,b7d0c829-dcf9-4680-87ca-07d8d2c57940,Pereira de Pires,BA,Northeast,2024-09-08
2682,7933ea49-2c7c-4106-bd84-55377458d92c,Andrade,DF,Central-West,2024-10-11
2683,e4ee8f51-9ce8-4b7d-8761-dc0c5e99c568,Santos,BA,Northeast,2024-01-27
2684,d9d76878-def4-4b39-ad49-d235bc775a20,Barros,SP,Southeast,2024-06-20
2685,1e92c0ae-d886-4de4-9585-3f0b6b691bd2,Macedo,SP,Southeast,2024-07-06
2686,5071ce94-0ff4-4fe8-b5e9-489ca331c4b0,Nogueira,PR,South,2023-12-01
2687,31b5efb0-da42-498b-bbc0-53a84708cf0f,Farias,ES,Southeast,2023-08-15
2688,e6508af4-d925-4a4b-ac07-98c7d6578ecb,Santos da Serra,SP,Southeast,2024-11-20
2689,b8dddfc2-963b-431c-bc7c-356de7dd93a5,Moreira do Sul,RS,South,2024-02-07
2690,6a97cbce-6736-49ef-aa1c-5dcaf0c7915e,Azevedo,MT,Central-West,2024-09-01
2691,8063fce4-c2e4-4a50-9336-50db316482fe,Siqueira,PR,South,2023-04-03
2692,718296af-2c2e-4ba0-957e-f91444424098,da Mota,SP,Southeast,2023-10-24
2693,8166356c-b04f-4ce9-b2dc-ea5b9bc88efe,Cavalcanti do Sul,BA,Northeast,2023-06-01
2694,59c67a52-8f80-41ef-8615-575c4fa87a65,Fernandes,SP,Southeast,2023-03-26
2695,b2403468-d60b-44a9-9173-cd93775c4f30,Nunes,MG,Southeast,2023-02-20
2696,1dc35362-1691-483a-b687-853eee265c95,Cirino,PR,South,2023-09-26
2697,5147c3ba-2f87-4748-961f-77a1bac3d057,Vargas,SP,Southeast,2024-05-28
2698,37afc63b-02ac-4c61-89ea-a5b92b5997f2,Marques de Minas,MG,Southeast,2023-05-14
2699,3f29d615-f178-4077-b96a-33aae09012d7,Rodrigues do Oeste,BA,Northeast,2024-05-07
2700,21fae8a0-bcf4-4ed1-817e-3dc0bf5628b9,Aragão das Flores,PR,South,2024-05-14
2701,476a2533-2d91-4c23-897d-d968b4b6c702,Nunes,RJ,Southeast,2024-08-08
2702,d5d4999b-39d8-4a14-a9fa-c66650c74b31,da Mata,SP,Southeast,2024-09-22
2703,fab1fa12-2d57-47a0-b300-62f1e2318ce6,da Luz dos Dourados,PA,North,2024-06-20
2704,5aeb5055-7d69-4580-97a8-510843b93b02,Ferreira do Galho,SP,Southeast,2023-03-15
2705,afe1d845-a18a-4249-945a-1de3731dc76f,Andrade,SP,Southeast,2024-03-16
2706,62bbf84c-95d1-4c70-95b0-7c12f31d40e2,Nascimento,RJ,Southeast,2024-08-12
2707,b3c28ec5-fe66-44fa-b5ed-ff389197107c,Ferreira da Mata,SP,Southeast,2024-11-18
2708,f7eefd84-b31c-4349-9799-2f42351b3e63,Borges do Galho,MG,Southeast,2024-01-10
2709,37df8dfb-421a-4d96-b5f1-e04bc5fe21d6,da Luz de Andrade,RJ,Southeast,2023-11-25
2710,a8887521-845c-40ea-9d84-2e8fec02e881,Melo,RJ,Southeast,2024-11-02
2711,52af891a-9639-42b7-b79d-7db423caef2f,Nunes das Flores,SP,Southeast,2023-11-09
2712,08aa6127-e6b9-43a3-96a0-c726a886a9fc,Sampaio do Campo,SP,Southeast,2023-12-25
2713,e6a98352-de8c-4a13-9bdf-d4cea125151b,Castro,SC,South,2024-03-28
2714,56302021-55af-4783-b9ba-19db6be1610b,Cirino,SC,South,2024-03-27
2715,29a9b2d7-4e68-4465-9ba6-2f73e9c41f0d,Nogueira de Cirino,SP,Southeast,2023-08-28
2716,cf292101-7062-4ff6-8591-67e1c0860861,Pastor de Oliveira,SP,Southeast,2024-01-18
2717,663ab809-bb1f-4b98-af5a-181ab1caa64c,da Cruz de da Cunha,SP,Southeast,2023-03-29
2718,567f3096-99d7-4477-9f8b-00f7b92eefe0,Rocha de Guerra,SP,Southeast,2023-02-25
2719,edd24200-f884-495d-8a45-e44d4cd82847,Teixeira,SP,Southeast,2024-09-27
2720,81c82e2b-ed48-4d9a-a69f-1f78ef4c113d,Leão,DF,Central-West,2023-10-22
2721,f4382911-44f4-474f-8629-9ca66d076774,Pastor do Sul,SP,Southeast,2023-04-24
2722,ec1f5d97-2a98-4090-831f-d30229fd9b08,Peixoto do Galho,RJ,Southeast,2024-04-27
2723,9167adea-f8f1-466b-b395-1a4532ce6a3d,Cardoso,SP,Southeast,2023-08-03
2724,f5bce0c0-c9df-4f7c-9549-2107a9d500dd,Borges,BA,Northeast,2023-08-05
2725,2436c8de-c40c-4bde-8af9-19244f2c8cfd,Marques das Flores,SP,Southeast,2024-06-19
2726,a89a92c5-0037-42ae-b5e9-13d82a53dbd6,Costa,BA,Northeast,2024-07-15
2727,4eba12da-4d20-46cf-ac0c-ad5ce2095271,Cirino,MG,Southeast,2023-05-25
2728,6fc1aaeb-340c-48c9-9b96-4db13c7686e5,Silveira,RS,South,2024-11-15
2729,8e2b4d2c-af49-4395-a775-957e3ea6ca65,Abreu do Amparo,SP,Southeast,2024-08-19
2730,788664f3-1993-4dfe-983f-097d28c9d68c,Sampaio do Oeste,DF,Central-West,2024-06-23
2731,6054a51c-ab1e-4d74-b8e9-0ae9e9af6d28,Santos de da Cruz,SP,Southeast,2023-06-24
2732,63380b42-1887-4a69-aabd-37dac357a620,Dias,SP,Southeast,2023-07-25
2733,665ec4dd-222e-4711-af6d-5b4bc356dee2,da Paz das Pedras,BA,Northeast,2024-09-24
2734,12581998-88bb-45bb-a4d3-609098d0fc61,Mendonça Verde,SP,Southeast,2024-04-21
2735,9bc81ea5-e2b5-474d-b8c0-f0c306e2ac94,Vargas,SC,South,2023-01-09
2736,570078c1-5cbe-493e-9e7f-78d93c33499f,Pimenta,SP,Southeast,2024-11-07
2737,ea224efd-65ef-4c84-806e-6481996337aa,Ramos,SP,Southeast,2024-11-06
2738,301ed689-7ffc-43fe-a359-34433ae61863,Cunha,RJ,Southeast,2023-04-21
2739,56ef26a3-17c5-4a7c-af76-6a774d4bcdb2,Rezende da Serra,SP,Southeast,2024-10-26
2740,4fa3baf6-48f3-48ba-a697-64976cfb6acc,Rocha do Amparo,RJ,Southeast,2024-01-25
2741,f47bffba-f561-4747-82d2-2c7408ea6671,Cavalcanti da Serra,ES,Southeast,2023-04-12
2742,d59042df-8470-44ae-aead-d1dc65f17e33,Martins,DF,Central-West,2024-05-11
2743,afa1ff17-58a6-4190-9527-ed08ce65050b,Rezende,CE,Northeast,2024-06-28
2744,ce9205ae-cdb5-482a-a78b-941fdcca9a71,Castro,SP,Southeast,2023-07-23
2745,81c8d068-931e-4f89-a0f5-128d51abac77,Rodrigues dos Dourados,ES,Southeast,2024-04-13
2746,f5bd62cd-a760-40e7-bc73-a16602f77979,Lima do Norte,PR,South,2023-01-23
2747,bdf7f8f0-4236-42f9-accb-91634d8e6d5e,Pereira,SP,Southeast,2024-06-26
2748,7344e407-e880-41f9-8d6b-4aa0ce9fbfeb,Vasconcelos do Amparo,RJ,Southeast,2024-05-16
2749,88f757fb-d81b-4bb7-95c6-b8d6b6472ba8,Camargo da Serra,RJ,Southeast,2023-06-10
2750,c275da34-881e-40c6-ac8f-8833fb116ab6,Rocha de Minas,SP,Southeast,2024-12-01
2751,f2bd509b-564d-46b6-81c7-ea8b267fc6ec,Costa do Galho,RJ,Southeast,2024-10-02
2752,df48d6fa-ba45-40ff-9d51-30aed015f623,Lopes de Aragão,RJ,Southeast,2024-05-28
2753,1f1dfed9-0a33-4eef-881e-67f376fab828,Marques de Fonseca,SP,Southeast,2023-03-05
2754,afb719ba-996d-4303-a3a0-60f10cd19e0c,da Cunha das Pedras,SC,South,2024-02-01
2755,c44f376a-4bd0-4f7a-accc-8e705663e490,Nogueira,CE,Northeast,2023-01-31
2756,5b5cd6c5-4b11-4181-adc1-214344698c04,Almeida dos Dourados,GO,Central-West,2023-10-14
2757,091e11df-a2cf-432d-8c34-f9de531b1e76,Fogaça,SP,Southeast,2023-12-16
2758,bd1a2704-8801-46fc-895f-6d43bb5e14d6,da Cruz da Serra,DF,Central-West,2024-11-03
2759,20451dbd-1835-489b-88f4-ca541584184b,Porto,SP,Southeast,2024-01-27
2760,46527e16-e489-449f-ae5c-9ae77e52c22c,Marques de Goiás,ES,Southeast,2024-11-25
2761,d5bd2de2-e751-4ccf-9358-a5d7eb34d8de,Aparecida de Barbosa,SC,South,2024-10-02
2762,25916ffa-09cd-43a6-9f6f-83c5539b4d73,Garcia,RS,South,2024-03-03
2763,1429ef31-b9b3-40ee-baf2-be80833bde78,Porto da Mata,SP,Southeast,2023-06-06
2764,2f160f3d-05ba-4c78-a696-dea06c2aeb89,Silveira de Minas,MG,Southeast,2023-11-16
2765,f714bab7-6ef5-4d48-a98f-8c8ad63c04c0,Vieira,DF,Central-West,2023-12-04
2766,feb2f904-42cf-4e6d-9226-2ecf310f8eb5,Pimenta do Galho,MG,Southeast,2023-05-15
2767,3e668eb8-cb31-4618-9aaf-b63a8a063bf5,Freitas,SP,Southeast,2023-05-22
2768,c2be7bac-3717-444b-b911-2e2292c62630,da Mota da Serra,PR,South,2024-12-01
2769,0bb5c276-abe3-47f3-8066-703846dfe43f,Cirino da Mata,BA,Northeast,2023-05-22
2770,3506e337-683d-41a9-814b-069c45ce5149,Viana,RJ,Southeast,2024-06-20
2771,46573d38-2138-481b-a83f-18e26a11315a,Martins Alegre,DF,Central-West,2024-03-16
2772,04a06d55-398e-4dc0-b8a8-ab5518deabfe,Câmara de Minas,PA,North,2023-05-29
2773,b647d58d-ba68-4429-89af-50009c83cfae,Pastor de Leão,SC,South,2024-08-01
2774,8a9cfc8d-5429-479b-9861-0b0ba280760f,Melo da Prata,DF,Central-West,2023-11-22
2775,51d41c6a-5731-4c46-97cb-9e5b03379b0b,Macedo Grande,SP,Southeast,2024-06-29
2776,7fbccd75-be19-44aa-9ab7-12f6764231c3,Nascimento,GO,Central-West,2023-05-02
2777,63db0dea-ac48-4eaf-ab85-ffb7b29e2126,Guerra do Norte,SP,Southeast,2023-05-30
2778,f7bcbc14-9241-4671-9a2f-c99ba923895d,Pires,RS,South,2023-11-23
2779,58658721-fc25-4ff1-8fb3-0b077c8dc9d0,Costela,CE,Northeast,2024-02-28
2780,5e8354da-8793-4334-bc20-594ebf7da45e,da Rocha Alegre,MT,Central-West,2023-11-07
2781,07918b35-77a6-4918-acac-1f3b7395734b,Pinto,MG,Southeast,2024-10-14
2782,5a042fb0-9fcf-4711-aaaf-196695be6c8a,Leão do Sul,GO,Central-West,2023-10-08
2783,8e72d17c-48ac-4cf8-b92d-edcdc05afd94,da Costa de Garcia,SP,Southeast,2023-07-12
2784,60e0b673-21b6-4b84-899f-ad03ebd23573,Brito,SP,Southeast,2023-07-09
2785,fdfc4a9d-3618-487c-b7e2-dc86654fda31,Oliveira,SP,Southeast,2024-09-18
2786,28bbecfb-dd69-4596-adba-333f4a12c64f,Novaes das Pedras,SC,South,2024-09-12
2787,6b0dd81d-37be-4260-8053-f2535a1e490d,Dias da Praia,PR,South,2023-08-25
2788,e27f7dc7-aa0b-46ea-9b0b-249da159bef3,Montenegro da Prata,PR,South,2023-08-25
2789,dbeb21e2-39a0-4a0b-a465-79458852787c,Monteiro dos Dourados,RS,South,2024-01-03
2790,730f8b28-ecaf-449e-937d-cef34949ded7,Cavalcanti,SP,Southeast,2024-05-03
2791,885cc793-00da-47f8-89d5-182c6669f679,Teixeira dos Dourados,SP,Southeast,2024-09-11
2792,e8438f65-aef0-444b-ac19-ee3da7fc1bad,Gomes,MG,Southeast,2024-10-27
2793,f96846e7-6b08-484b-a731-d6f394853923,Jesus do Oeste,RJ,Southeast,2024-02-01
2794,3964afe6-9e6e-47d7-876f-3b07a2ec377a,Pimenta,MG,Southeast,2023-05-21
2795,149c0766-ffb8-4ef4-80dc-48739eb318ad,Almeida Alegre,SP,Southeast,2023-08-20
2796,91be0c2a-2a9d-4c6a-bffc-1e139c1cac23,Rodrigues de Borges,SP,Southeast,2023-01-16
2797,be32fa85-05d0-423a-9ecb-b693f3ac2f5e,Novaes do Galho,DF,Central-West,2024-02-27
2798,e9c7eb29-d9ad-49e0-b16a-8466dd0a4a6e,Marques,SP,Southeast,2024-11-18
2799,3d43c4fe-dfe9-4357-b91a-77935e7affce,Melo,AM,North,2023-07-29
2800,33252134-ebdf-4eb4-b679-9210efe87716,Cardoso da Mata,SP,Southeast,2024-03-25
2801,34fe6da8-07e8-4429-a4fa-6417109792a4,Marques de da Cruz,CE,Northeast,2024-05-16
2802,fd5dda42-7193-4177-9a6e-868daf051197,Vieira,RS,South,2024-04-13
2803,800e1610-761e-47e3-b909-c46c2d47de92,Pereira,CE,Northeast,2024-03-13
2804,eb8f54d8-df40-4e04-94cd-67b4d67f017d,da Cruz,MG,Southeast,2023-02-12
2805,11e12ee9-f664-42b9-b8d8-061976538a69,Souza,SC,South,2024-01-25
2806,68065678-ad47-4200-ae99-193708464aa4,Gomes de Barbosa,RS,South,2024-02-08
2807,429146ca-f523-4f95-aac6-6272c8757d06,Silva,SC,South,2024-08-08
2808,fd3cc9e3-a5a7-4595-9b62-d6d2c6cf07bf,Macedo,PR,South,2024-06-21
2809,0f4e2726-b9dd-478e-93e7-acd97b163453,Gonçalves do Norte,SC,South,2023-02-09
2810,ed696cb3-b774-461d-a641-01fa5d0607cc,Lima de Viana,ES,Southeast,2024-04-07
2811,d8d99ad8-255f-40b9-9a87-09bd1fc23099,Teixeira Verde,MG,Southeast,2023-02-13
2812,b8d49cf2-1c9d-4bd3-8aa7-8357c0ea7a67,Fonseca,CE,Northeast,2023-09-09
2813,2456d767-56ff-46fd-a812-cf1b69b35bf2,Vieira,ES,Southeast,2024-02-10
2814,18dd3aea-43b6-46ef-b5c8-21337b8b1581,Ramos de Minas,AM,North,2023-02-10
2815,7dd7fc59-b586-44b5-a631-a9ee754f595f,Sá,PR,South,2024-06-12
2816,b06f0681-4b98-42c5-97aa-5681428f54aa,Farias de Viana,BA,Northeast,2023-02-20
2817,91779972-4207-491e-b316-7953734bda19,Peixoto do Norte,SP,Southeast,2024-03-26
2818,859353fa-25e4-4633-a3d8-6a4fc2e60c05,Alves de Goiás,MG,Southeast,2023-11-08
2819,5cdb7eda-9044-4ec6-9ef0-195ee152dc3a,das Neves da Serra,BA,Northeast,2023-10-20
2820,79ac446d-4e03-47ad-a246-ea529150d9b2,Rocha de da Rocha,MG,Southeast,2024-03-08
2821,b1f0ed9b-ce21-4fb3-be65-4bf9278976c9,Casa Grande,RJ,Southeast,2023-02-25
2822,625cade5-dbf1-4941-8ad6-53d09b81ce24,Porto de Goiás,RS,South,2023-05-26
2823,954e95fb-362f-4bc2-99d5-d66c072b50ed,Casa Grande Verde,MG,Southeast,2024-10-23
2824,b89c96e9-5d39-4505-8269-6d140316cde5,Mendes da Serra,MG,Southeast,2024-05-27
2825,27e78bba-a4d3-4418-981e-60eff8ef6c71,Moreira da Praia,SP,Southeast,2024-08-22
2826,7c39115f-ed13-4ac8-9d8b-6c6960c336eb,Moura,GO,Central-West,2024-07-13
2827,e5aa8c5a-7be7-4206-ace6-2f9f7b67caba,Albuquerque de Minas,SP,Southeast,2024-02-28
2828,34d88c51-4f2e-43eb-b98e-249757a55d1a,Cassiano,RJ,Southeast,2023-01-26
2829,ba902275-c72b-42e8-9bcf-e969473fb005,Rezende,SP,Southeast,2024-08-27
2830,75961b93-7fb0-47b6-9b43-ae1a326acdea,Souza,DF,Central-West,2023-07-26
2831,c9a5c042-c878-4b08-91a3-3332d882ce3c,Sousa,CE,Northeast,2023-04-03
2832,08683cbf-aa0b-4687-9d12-4a2233d9014f,Pires do Campo,SP,Southeast,2024-10-26
2833,1133ded4-81e6-4c4c-945b-19baf3b81fe4,Novaes da Prata,DF,Central-West,2023-06-17
2834,df63bcb2-89a8-4d04-bdc3-13b8d8bb254c,Araújo,RS,South,2023-05-07
2835,3f7b16ec-85df-48e2-9113-6499725687c2,da Cunha,SP,Southeast,2024-04-05
2836,b0901da2-2ec4-4bfe-bd4b-a9cdcc19e0ac,da Conceição,SC,South,2023-03-29
2837,2d6c18d0-74c0-4ea3-b7a6-3ca5b08c147d,Pereira,ES,Southeast,2024-01-29
2838,176350f5-4708-442e-8d4e-46c5440910e2,Siqueira,RS,South,2024-06-07
2839,e7f8daa8-104c-4b6e-aadf-1b58d4a84169,Moreira,SC,South,2023-06-13
2840,3a4317a1-352d-4d78-8f94-db384d81bc5e,Pacheco,RJ,Southeast,2024-01-25
2841,76da7bc3-7a2f-4c57-94ce-23b7c2fd7e2d,Nascimento,SP,Southeast,2023-06-24
2842,51a0b33c-0d13-433b-880a-a7cfe1b33498,Costa,DF,Central-West,2024-08-02
2843,1558cc6d-7120-4b7a-9dcc-cf247a71ce7b,Costa de Brito,CE,Northeast,2023-06-03
2844,9929c7c7-3709-47d3-96e1-56458ad8af05,da Rosa de Nunes,SP,Southeast,2023-05-29
2845,dc739cbc-6e04-4758-94eb-2ddd02754eca,Silveira,SP,Southeast,2023-02-22
2846,a48339f7-c703-4a4c-b150-f94fe2f2cf57,Pastor,MG,Southeast,2023-11-13
2847,c16b44e1-9d4a-405f-a28a-f08dce46abf3,Abreu de da Cunha,RS,South,2024-04-01
2848,454f6d2d-99f2-487c-a83c-3806c12adc55,Pires de Cavalcanti,RJ,Southeast,2023-07-05
2849,83a2a06f-7bb8-473c-81dd-f3ea5421b62c,Ramos da Mata,SP,Southeast,2023-05-15
2850,3fbfe7eb-883d-4b03-9e04-d08643a29acd,da Mota da Prata,MT,Central-West,2023-01-04
2851,70a6b5fc-a03c-47ff-8f0d-c7bc80c8b083,Sá,SC,South,2023-09-17
2852,01ab1df1-7cd2-4263-aea3-5df6f2193325,Moraes do Amparo,SP,Southeast,2024-05-24
2853,10c88179-2dc5-4521-a9c2-f1f97eebf539,Rocha da Mata,CE,Northeast,2024-07-10
2854,71757228-dcad-4da8-ace0-27bb18359b4b,Porto da Prata,PE,Northeast,2024-09-14
2855,c75ee63d-318f-4980-aec2-85a6d29323e2,Teixeira,CE,Northeast,2023-09-01
2856,8074a1ed-4ea4-4e73-b695-5a613b576da7,Dias do Galho,SP,Southeast,2024-11-06
2857,4cd0d32e-af4b-48ff-9a58-c6ae78ccd788,Oliveira,MG,Southeast,2024-02-24
2858,280906a9-52e2-4a8e-a793-b627ac00cd5e,Vargas,MG,Southeast,2024-09-07
2859,da341653-2bf9-48ad-892a-eb0c656ffbd8,Pimenta,PR,South,2023-09-08
2860,f4eabfa5-535f-48d2-a839-d888a99f8c03,Rezende de Peixoto,CE,Northeast,2023-10-12
2861,b9f9d376-c79e-449b-aaba-8f0cc9eb6e3c,da Conceição Paulista,SC,South,2024-07-24
2862,d59dcbfa-db32-4207-af30-3fd078d3ca66,Freitas Grande,PE,Northeast,2023-08-01
2863,5a9b63f8-ba09-4484-956e-d0d14e653eee,Machado da Mata,SP,Southeast,2023-06-01
2864,c33ffef7-64bf-4e8c-9033-89b46ce052ef,Abreu das Flores,SP,Southeast,2023-12-24
2865,5a86503a-68a6-40ce-b7fb-68d50e28a088,Marques,SP,Southeast,2023-02-03
2866,d18b621e-04fc-4dd0-8632-7360c45d4c03,Costela,RS,South,2024-09-09
2867,4b77cf1c-4184-45a4-b777-dcb9a97c696b,Alves Alegre,RJ,Southeast,2023-03-31
2868,536019db-61e5-41bb-8a79-bb306d70881b,Cunha,SP,Southeast,2024-03-02
2869,db3d419b-70aa-4992-80c0-e6679e1823a2,Caldeira de Minas,PA,North,2023-06-15
2870,b90ca447-5352-4b34-a911-268f3e3e47b3,Silveira de Pastor,RS,South,2024-09-17
2871,f25b76a6-f89c-4ef6-b3b9-3ebe784983ff,Vasconcelos,SC,South,2024-09-01
2872,f5b0fa1c-b013-4951-a3db-2b6da8cfa238,da Cruz de da Mota,PR,South,2024-07-29
2873,60013e38-960b-4746-9b51-0232fca7644d,Brito,SP,Southeast,2024-04-11
2874,46aaf714-57ba-4888-a3be-b4450e5d8626,Macedo da Mata,BA,Northeast,2024-01-04
2875,e17f5e53-2260-4be8-b8ca-903b1c6c8382,Duarte,GO,Central-West,2023-04-06
2876,69ed5072-bb81-4774-8676-51b3fa286316,Cassiano,BA,Northeast,2023-11-27
2877,3332d3ab-92f7-4072-8c81-cd7296fdad96,Macedo,RJ,Southeast,2024-01-24
2878,8bed0104-929e-4405-93ed-75f63ec72cca,Novais do Galho,PE,Northeast,2024-03-13
2879,05981489-b087-4b0e-8a9a-75f0d13b3a4d,Vargas,PE,Northeast,2023-03-08
2880,c930c9f3-dee7-4ad7-9168-b433c5188d4d,Fonseca dos Dourados,RJ,Southeast,2023-05-18
2881,2f23cd0c-36fd-4910-a274-2d5cbf4d4bd8,Martins de Goiás,SP,Southeast,2023-10-09
2882,32f0b15c-5540-47fe-9cb9-635c75f73b07,da Cunha do Sul,RJ,Southeast,2024-02-28
2883,6928cf38-a469-4b2c-9e83-43bf23e8bb05,Gonçalves do Amparo,ES,Southeast,2023-08-03
2884,87450d05-d4e8-4dd0-8c4b-c3d2cc5015cf,Moraes,SC,South,2023-04-22
2885,6feccac2-90d2-4bfe-8425-c4305f9c041d,Montenegro,PR,South,2024-10-06
2886,ca46739f-53ba-4c3e-8c5b-f684df823a94,da Paz de Oliveira,PR,South,2023-03-31
2887,bc03daa7-112e-4621-a266-530e5570cefc,Nunes,MG,Southeast,2024-09-11
2888,c7d4a10f-8eec-42a4-b966-f9c21796b7b1,Nascimento,GO,Central-West,2023-10-22
2889,d8a712cb-8374-4273-8c70-755128815cd9,Oliveira,MG,Southeast,2023-11-21
2890,a671cd81-9c2b-45eb-b7ec-2100ec28c17a,Sá,SP,Southeast,2024-08-11
2891,6e528655-af17-4dbb-8461-aac112b59aa4,Martins dos Dourados,PA,North,2023-12-29
2892,bd2af2c4-fe8d-4353-a16b-1b8ce3acd21a,Rezende,DF,Central-West,2024-09-21
2893,a5d8d541-2e82-4ce6-92b1-d17e5497062b,Marques do Galho,PR,South,2024-06-16
2894,d1f92f96-bd4d-48c8-b14d-53b0c7f7040b,Almeida das Flores,RS,South,2024-05-24
2895,9faa2180-01a0-49a2-8b37-617d932204fb,Almeida do Sul,MG,Southeast,2023-07-04
2896,2686d5c6-6d59-4de7-9287-c72e39a8ab5e,Câmara Verde,CE,Northeast,2023-08-27
2897,8849066e-539d-4223-848d-276cacae8af8,Rezende de Rios,RS,South,2023-07-18
2898,930e6549-d24f-4225-8519-fd783348eda0,Silva Verde,SP,Southeast,2023-01-25
2899,25f5ed6f-c5e2-4dcc-b058-4d2027111b60,das Neves,MG,Southeast,2023-05-01
2900,888e58e7-06b6-45f4-99d4-5a552e7c77b0,Vasconcelos,BA,Northeast,2023-08-01
2901,f464a31f-5938-449e-8a42-6ff020984689,Duarte,BA,Northeast,2024-02-29
2902,3ae8160a-edaf-4a54-90b9-e04adedcc2ff,Costa,MG,Southeast,2023-12-08
2903,fdb269e5-6c9d-4a26-a9cd-4d5c4d8cc9c6,da Conceição do Oeste,RJ,Southeast,2024-10-14
2904,2326e3d0-06fc-465a-9af7-dfe2c5b86c82,Campos de Garcia,SP,Southeast,2024-10-17
2905,be7301e9-de16-40ea-b1a6-de4806822e13,Garcia,SP,Southeast,2023-10-16
2906,66308af8-7044-4b51-b262-4be80c994ec1,Costela,SP,Southeast,2023-03-11
2907,d08308b0-9718-4943-a168-c4a8c55f30a1,Borges,RJ,Southeast,2024-06-02
2908,e9ccedab-81b7-4f35-acd3-248df8205c5f,Castro,PR,South,2023-01-07
2909,f0d1701b-1ecf-4d89-b5aa-d597c1b0f44b,Sousa de Pereira,SP,Southeast,2023-12-08
2910,511f0533-fecf-40db-bfeb-32a45bbf785b,Correia do Oeste,RJ,Southeast,2024-08-05
2911,81c4dda8-ccbf-4dfe-973e-13d9fc32edb4,Mendes Paulista,SC,South,2023-01-30
2912,74faebdd-f1e4-427a-9cab-87e2823c794a,Abreu,PE,Northeast,2023-07-18
2913,667a9b91-6b86-48d1-8dac-6327614996d1,Fogaça,RJ,Southeast,2023-12-13
2914,d627224e-4f5a-464e-b21b-7a7f5c42adcf,Lopes,DF,Central-West,2024-05-05
2915,4cfa4f8a-a6e9-47ae-9909-f489f22929b6,Sampaio,DF,Central-West,2023-02-06
2916,cf674365-a4c1-4966-a682-c0fb159e9c9f,Melo do Sul,SC,South,2024-05-08
2917,bac8f92f-4653-4bd3-b6d8-11eff388fef7,Aparecida Grande,SP,Southeast,2024-04-16
2918,90884400-2d67-4be3-bfbe-5756d8f02d41,Cardoso,DF,Central-West,2024-07-03
2919,b1f01f04-23e5-4b50-a7df-c6e084c469b1,Teixeira de Andrade,DF,Central-West,2024-04-18
2920,35b7215e-cd68-4b39-98a0-db610fa99695,Freitas das Pedras,BA,Northeast,2024-02-28
2921,2c23b779-6b53-41c0-a850-c932d2c08ee4,Moreira,DF,Central-West,2023-02-27
2922,cf35fdb9-bdf1-4708-a6c0-df52f71de9c5,Fonseca,PE,Northeast,2023-11-03
2923,c95bc917-1c01-460c-acc9-d15ae10b3781,Alves,PR,South,2024-11-25
2924,6755e34c-4e5a-4392-b43e-623f7f5fca4f,da Luz Alegre,RJ,Southeast,2024-07-02
2925,54e28fa6-069c-4c0a-8884-4f88074a588f,Melo,SP,Southeast,2024-08-14
2926,24f384ef-df3d-4d65-bc25-bce108c2d2ce,Aparecida da Prata,RS,South,2023-12-29
2927,b8f73fad-9937-4931-8333-59b960857b5f,Castro,SP,Southeast,2023-06-02
2928,e5ae288f-5942-4395-83d3-01cf19a12723,Borges,RJ,Southeast,2023-02-01
2929,1cc6f0a0-10fa-4909-bcfa-1e616b7d71bc,Martins de Leão,RJ,Southeast,2024-01-20
2930,70bf1783-8966-442b-a5ec-b9dcdb2c04c0,Pereira,SC,South,2023-06-19
2931,4fb9ef37-002f-4aee-a308-f1eacf367c1b,Melo de da Cunha,PR,South,2024-02-03
2932,8a3c8743-a808-44f2-92a8-080920d19fc0,Pimenta do Campo,SP,Southeast,2023-04-30
2933,d4c2459b-bfac-4af7-be28-40a17a506f60,Cardoso,CE,Northeast,2023-11-12
2934,ce31ce5c-213b-4241-83c5-9c143824c62b,Câmara,RS,South,2023-11-19
2935,18441abd-be41-435f-950a-5643a8c1fb64,da Paz do Campo,RS,South,2023-10-06
2936,2f43b2f0-402b-4495-b9e9-c6ef3ff180d2,Farias dos Dourados,MG,Southeast,2024-05-23
2937,8453d803-8519-469e-973d-a9cbab196705,Teixeira Grande,CE,Northeast,2024-01-16
2938,a94485e0-5ff0-48eb-ac09-90b653f42383,Pacheco,MG,Southeast,2023-11-06
2939,08c2fd6f-d9ca-4609-af43-8b80bc85630c,Pires do Norte,SP,Southeast,2023-11-06
2940,2ea2daec-fac2-44dd-b2a9-5261cb505aa3,Casa Grande,SP,Southeast,2024-01-19
2941,cb763127-d5db-477f-88bb-b29fa277279b,Castro,BA,Northeast,2023-07-26
2942,927446b6-02ff-4754-9291-7b6d65924c9f,Mendes de Ferreira,DF,Central-West,2024-03-30
2943,d1263905-de99-4ecd-a0f3-547030104525,Machado do Oeste,ES,Southeast,2024-05-09
2944,8bbec119-4347-4a28-9f0e-570b74047ec7,Campos de Souza,DF,Central-West,2023-06-07
2945,83b5ad03-c4bd-43eb-a7cc-427447808b87,Fernandes da Serra,SP,Southeast,2024-05-10
2946,df397fa5-ce96-4c5e-974a-a942415a51ff,Vargas de Novaes,RS,South,2024-06-20
2947,ab02e104-18b4-4298-a9ca-a03d74d12024,Teixeira do Galho,RJ,Southeast,2023-12-02
2948,5d8c4fea-c82e-47a3-9028-7c78434b033d,Ramos do Sul,SP,Southeast,2023-04-11
2949,1836a027-2050-4d45-8b16-f0a7f6fa16a1,Marques,PE,Northeast,2024-06-12
2950,8ceb424f-1eca-45b3-9c73-78e6d47ffd35,Cardoso da Praia,RS,South,2023-05-16
2951,8da4f916-6fa8-4369-b3db-49d04e998b76,Montenegro,SP,Southeast,2023-02-07
2952,f0f5bdc1-d1ed-43ba-a5c6-5e052ebfaf4c,Casa Grande,MG,Southeast,2024-06-18
2953,c6a22085-38cb-405e-ae3a-1f32d70b1463,Costa,SP,Southeast,2023-11-15
2954,868c1005-5a9b-4519-be9d-d48cbbc0e8ed,Nunes,GO,Central-West,2024-08-31
2955,0c07e0e3-8669-4d31-87d2-e18fdc241f84,Nogueira de Goiás,CE,Northeast,2023-12-08
2956,87e719e2-ff46-49d3-b279-4e8bb195fa9f,Freitas,MG,Southeast,2023-02-17
2957,2a6716d4-ae2e-4dd2-99a2-a60228a3d3a3,Sá,SP,Southeast,2024-11-05
2958,f1337e7d-8a73-483e-a6ec-d1dcb75168f6,Costa Paulista,BA,Northeast,2023-01-24
2959,f2eb0d5a-f819-4a11-b584-be730c858238,da Rocha das Flores,PR,South,2023-11-16
2960,6bd7f764-f8d5-42a7-8591-5047e6a517d0,Martins de Duarte,SC,South,2023-08-03
2961,4ccc5afe-f02a-4956-b8b7-58b822d8c08b,Barbosa,RJ,Southeast,2023-07-17
2962,ab09ec62-8e46-4d8b-b555-d6ee40571cf3,Costela de Minas,RJ,Southeast,2024-06-29
2963,23eaea4f-690e-4ee8-8152-caf60f29301d,Mendes,RJ,Southeast,2024-03-27
2964,f8db37f6-c3bc-4ca7-a906-567dd28b829a,Gonçalves,RS,South,2023-10-07
2965,6b44312a-a565-4d41-a8d1-41dbc94bcc99,Pastor do Oeste,SP,Southeast,2023-10-08
2966,120e5c83-59b4-4b98-9596-96583fa27ffd,da Mota,SP,Southeast,2024-09-29
2967,1f9bd2b4-66c4-4e9b-a483-f4f123f3e5c5,Costela,PR,South,2023-04-15
2968,468538bc-ac17-4b47-a474-e10f718170c2,Albuquerque do Campo,SP,Southeast,2023-12-25
2969,1a44cb3b-8634-47cd-8fa8-387085475ee1,da Conceição de Ribeiro,PR,South,2023-10-05
2970,1ff71e8c-d27e-4846-8c7f-9cd6703297d2,Cassiano de Barbosa,SP,Southeast,2023-10-18
2971,e916ee82-c116-4b7e-ba9f-4841e1568c60,da Mata do Norte,PR,South,2023-06-25
2972,416553a1-e420-4a34-9685-b08b61aa189d,Pires,SP,Southeast,2024-09-19
2973,2b1feecd-95c1-47e6-ad08-79b4776e3a29,Teixeira de da Rocha,DF,Central-West,2024-07-07
2974,16acb78e-1a61-4efe-85d8-cc0839819354,da Costa do Amparo,MG,Southeast,2023-05-14
2975,6eb6d54b-f697-4fbb-b39b-feb6d632919d,Araújo do Campo,SP,Southeast,2024-11-22
2976,d7a29c6c-47bb-4bb0-851b-2775dd7b99a6,da Cunha do Galho,SP,Southeast,2024-01-28
2977,d61782cb-aabf-4a08-ab6d-e0da542e2e6a,Fogaça de Minas,SP,Southeast,2024-03-12
2978,ce55754e-b68d-4f38-99e3-b84f034f2029,da Cruz de Pacheco,RJ,Southeast,2024-09-02
2979,6f0b5b2b-9751-4f49-b8ac-e4867eb6c0a9,Caldeira do Amparo,DF,Central-West,2024-10-06
2980,90cc7a42-d660-4275-9b4c-ccb08f881e63,Pereira do Galho,PE,Northeast,2024-04-01
2981,61f13c8c-aae5-4490-acdc-bb27ded21b15,Pereira,SC,South,2023-11-16
2982,cb295e19-d694-4527-9720-b88f1b98a0e3,Oliveira,RJ,Southeast,2023-07-22
2983,c39783ae-f77b-4742-9e12-bbed184c4178,Fonseca,RS,South,2024-11-17
2984,e75ec164-b595-4807-ac30-211d9482e11e,Gonçalves do Norte,PE,Northeast,2023-03-22
2985,70b3e6df-c9c3-4dd8-a5a7-970558e8f1db,Oliveira de Moreira,MT,Central-West,2024-04-21
2986,d02b4c3a-6610-4a20-b0b0-c031098aef72,Rios do Sul,PR,South,2023-04-06
2987,062e5424-2e44-4349-9122-5311374e5dff,Brito da Mata,PE,Northeast,2024-04-24
2988,07438e60-cd49-41c9-a982-4369ebb10253,da Cunha de Fogaça,SP,Southeast,2023-11-14
2989,5a357945-5813-4496-aed9-dac5d18097f4,da Mota,RS,South,2024-04-21
2990,53133ea1-0c3c-400f-88a1-34aa722d8397,Sampaio de Porto,MG,Southeast,2023-08-18
2991,291c9094-cb2c-4efb-84c3-b30d435f59e6,Novais,SP,Southeast,2024-09-23
2992,a5f62181-8c1a-4477-9d0d-3739c553bb6d,Sousa das Flores,SP,Southeast,2024-01-08
2993,d0c29b24-c7ed-4888-9939-dc71c0d9863f,Monteiro,RJ,Southeast,2024-11-12
2994,5a0fdf61-5571-4266-96c0-2601db4d2d18,Dias,RJ,Southeast,2023-11-29
2995,ea072198-19ee-4d26-8e4b-36aad4249390,Porto,MG,Southeast,2023-01-31
2996,7f480536-9f2e-444a-901b-cf4467f3e4bf,Sá,SP,Southeast,2023-04-26
2997,db213e31-43c2-481f-b3c0-0b7d61f863f4,Ferreira de Fernandes,RJ,Southeast,2024-04-17
2998,5c88da6e-e551-4a7a-b011-a2bece4f4c66,Cavalcante,PE,Northeast,2023-10-17
2999,30960fbb-1c89-4e3c-8413-d04952a0628b,Montenegro da Prata,BA,Northeast,2024-09-10
3000,89cb09aa-8f56-4ffc-81bb-b7674bd40152,Gonçalves,PR,South,2024-06-04
3001,32d8bc29-1370-4fcb-b215-34f79e541d3e,Borges,SP,Southeast,2023-04-20
3002,e07eaf26-ea29-4a22-9914-857db62fb6ee,da Luz Grande,RJ,Southeast,2024-10-27
3003,5a929d27-8867-4641-9714-fc0bb7447158,Carvalho das Flores,SP,Southeast,2023-11-06
3004,bc7d0017-f4c1-440b-9852-8abb1a873c25,Pimenta Verde,PR,South,2024-02-15
3005,ffdb3a38-52e6-4f74-950b-d1d8f882c326,Macedo,PR,South,2023-09-02
3006,8c48e3f4-3ef3-49ba-8a70-16c8d37d8533,Rios,SC,South,2024-07-15
3007,7e9716ad-06bf-49cf-8616-fd6efe20193b,Sales,SP,Southeast,2024-05-08
3008,e008e8ed-3ecf-4f0a-b80e-c19dfbb713fd,Macedo,RJ,Southeast,2023-12-15
3009,25376857-3749-4f64-8fc0-1fbca5dc733d,da Rocha,SP,Southeast,2024-08-28
3010,db872c8f-0551-4102-b6ef-66e43e61d359,Macedo de Leão,MG,Southeast,2024-03-21
3011,916e1089-ff95-48a3-8d1d-282e8e6b2439,Jesus,PR,South,2023-12-17
3012,94b59339-84c1-4826-9910-498c2fa17fe6,Pires Verde,PR,South,2023-08-30
3013,63193bf6-faa8-45a6-a6ff-ee2ae37b8f84,Santos da Praia,SP,Southeast,2024-11-16
3014,6e6aa3ec-4378-4e6b-8d3d-dee3cdad54f4,Fonseca de Goiás,SP,Southeast,2024-08-10
3015,13b8ec30-5b69-4697-8a55-a14b51f5a8f9,Duarte,PE,Northeast,2023-04-28
3016,b3d2c4a9-fc7b-427f-93d3-9ff9dc2555f1,Vieira,PR,South,2024-04-19
3017,18bc2e3b-20f6-48d8-9436-9f5d89cc6b08,Nascimento de Dias,RJ,Southeast,2023-04-10
3018,9aa5bf18-d387-4cd8-8ea8-2b7a1ad4ac13,Silveira,PE,Northeast,2023-06-30
3019,a51c7d2a-b3bf-4dab-b7b2-4f20592cfe25,Martins,RJ,Southeast,2024-02-20
3020,0d9e9c48-d62c-4be4-9302-a5dc44e5eddd,Pinto de Macedo,SP,Southeast,2023-04-22
3021,108d692f-6fa9-457c-974f-e6687f441add,Almeida,RS,South,2024-09-02
3022,a6789753-8f1a-4d4a-b2ce-d11f8f59748b,Ferreira,BA,Northeast,2024-01-24
3023,25db78d1-b4d0-4aea-9e19-893e7a0430c4,Rodrigues,RJ,Southeast,2024-10-22
3024,b807c910-f469-46af-90be-e3e85abac34b,Nunes Paulista,SC,South,2023-04-03
3025,070f48c2-ba4e-432f-a582-eba2f2859a73,Lopes de Santos,SP,Southeast,2023-05-23
3026,fc78090e-2223-4b94-b157-f169c3ad6ffd,Cunha dos Dourados,CE,Northeast,2024-10-13
3027,acb70476-b27c-4721-89d4-4ce24f50b598,Farias de Goiás,PE,Northeast,2023-05-31
3028,82095583-e03f-4c17-8c65-037491e22c1e,Casa Grande da Prata,SC,South,2024-04-08
3029,50805bbf-963d-4606-ae6b-19defaecfb4c,Pimenta,PR,South,2024-02-04
3030,5bbccb30-c124-4471-b64d-158c0d8f808d,Vasconcelos,SC,South,2024-04-02
3031,1049f904-9d25-4dc4-922d-ef06fa33dca5,Siqueira da Serra,SP,Southeast,2024-11-28
3032,fad2fd69-3fb1-4376-b1d2-8c69bb88cfe7,Cirino,CE,Northeast,2023-11-03
3033,7eb6af51-edc7-4d7b-a63f-89b5078c7f1d,Farias,PR,South,2024-11-26
3034,674f6635-f236-42ee-981a-f69a16cfa211,Jesus das Flores,RJ,Southeast,2024-03-21
3035,d8e66501-2375-4bc8-b972-c629b24841dd,Cirino do Campo,RS,South,2023-12-19
3036,b50f2f5c-2d6a-4dd4-9aeb-90f64faa8036,da Cunha do Amparo,PA,North,2024-08-19
3037,66c3f832-42b0-4e31-af3f-be11173a603d,da Conceição,SP,Southeast,2024-06-06
3038,a20cc4ba-a5b0-4e26-bc52-a46859e849b6,Fernandes,MG,Southeast,2023-05-11
3039,861c2a6f-1812-462f-8076-f92d73a469a5,Almeida do Norte,CE,Northeast,2023-03-05
3040,aec61694-0f24-4491-8e9f-f74afb6503ea,Brito da Serra,RJ,Southeast,2024-07-16
3041,877478d3-fc31-454d-b6ae-793600714e0f,Abreu,MT,Central-West,2023-01-01
3042,07144da9-4e67-4f72-a27f-34eb53ad132c,Azevedo da Serra,RS,South,2024-01-03
3043,7f8a1fca-9ef1-4e4f-a2f0-77e330405cc4,Nascimento,SP,Southeast,2023-10-16
3044,18d2bfd0-5862-4bb4-b9cc-596e37e75948,Peixoto,CE,Northeast,2023-08-29
3045,e4353335-2d4b-4c13-92f0-ae835fc97e64,Santos de Vargas,MG,Southeast,2024-08-27
3046,d079fe4e-261b-447a-81e0-4baa2d701ddf,Alves de Pinto,RJ,Southeast,2023-11-22
3047,e36345fc-899f-4cfb-af6f-5d6a09ed1c7c,das Neves,RS,South,2024-02-20
3048,595b9abc-1b97-4332-8a9b-37f0ef5e4a66,Pastor,RJ,Southeast,2024-07-12
3049,19875a42-e675-435a-aad9-c36084bbaf7a,Correia de Pereira,SP,Southeast,2023-06-27
3050,eb85105d-9cfa-4010-bf51-cc9627bea2b2,Marques da Prata,MG,Southeast,2023-07-12
3051,72abe7ff-c8b8-447b-a38b-66acd4eee313,Rios,PR,South,2024-01-04
3052,3f086a9e-569d-457e-90c2-38ba8df1363a,Casa Grande de Goiás,PE,Northeast,2023-06-07
3053,30370fff-7da2-4b48-914d-4890f5dbed2c,Aparecida da Praia,RJ,Southeast,2024-11-17
3054,ebced334-fb7b-40c7-aaa6-fc450f01fe85,Ribeiro de Santos,SP,Southeast,2023-01-12
3055,1949ab8a-9754-41a3-96cc-c7cdc12e3882,Ribeiro,SP,Southeast,2023-01-17
3056,86ff96f2-e970-4e00-920f-c3e7a7a13e62,Sá da Prata,SP,Southeast,2024-05-13
3057,520041ca-4855-444a-b370-4903a4a8a844,Machado,SC,South,2023-05-20
3058,f1ba308e-4aff-4eee-b2b2-d952c37637d6,Guerra das Pedras,SP,Southeast,2024-10-19
3059,0619feb0-7d8f-4305-9517-703e608775a5,Caldeira de Duarte,PE,Northeast,2024-04-11
3060,6388f6dc-9c12-43c9-bbee-45828fae46a9,Monteiro da Mata,DF,Central-West,2024-09-10
3061,0e1c0d4d-b2eb-4819-af1e-0ecdc555f30a,Correia,DF,Central-West,2024-09-30
3062,e4602d31-4e9f-47a7-96d4-fdfff2602a26,Ramos,SP,Southeast,2024-06-05
3063,88c75e8a-0c46-48be-bd3f-f354504b9abb,Aragão,MG,Southeast,2024-04-05
3064,30306e86-6288-45da-8d8d-dd2df77e1ee6,Nascimento do Norte,RJ,Southeast,2023-08-20
3065,dfab24e2-af25-462c-934d-09aed2e106a4,Sousa do Galho,SP,Southeast,2024-09-11
3066,823d269c-2da4-4bc5-9966-88c98623d81e,Rodrigues do Norte,SP,Southeast,2024-05-25
3067,750d456e-1941-4cae-b6e9-0637e92126db,Câmara,PE,Northeast,2023-08-31
3068,b6caf840-12ad-4c1b-91ff-def6b6608a31,Monteiro,RS,South,2023-10-03
3069,9ceeaf74-a3f2-43db-9236-948e34ecb64f,Aparecida,MG,Southeast,2024-07-13
3070,e67b6ad3-34be-4f01-a1a9-3ecfec0dd9ba,da Rocha,PR,South,2023-02-04
3071,a8db2a2c-3d8a-4701-a786-7bbf01368f98,Cavalcanti das Flores,MT,Central-West,2024-08-04
3072,eae6c3da-5f2d-48b8-ba76-9378d39a3c87,Aparecida Grande,MG,Southeast,2024-01-13
3073,9f2be8ba-3f05-444c-9947-c98a24447277,Lima Verde,SP,Southeast,2024-05-08
3074,a04e03d7-e6ef-4a0b-9d1e-4932b5cddc34,Costela Paulista,MT,Central-West,2023-03-23
3075,6a77982b-029e-435d-b0b6-45da68c18df9,Garcia Paulista,SP,Southeast,2024-06-23
3076,d114dda1-3082-47e6-a6ac-e778d7b6e0a3,da Cunha de Peixoto,AM,North,2023-10-14
3077,653d6c17-b149-424b-a064-bc2a02ab8565,Sampaio,MG,Southeast,2023-03-22
3078,a9b7f1f5-20fe-41f3-b2fa-10f7c46268d6,Barbosa,ES,Southeast,2024-09-16
3079,28af3b73-1d82-42a8-9d48-0843a3398f8e,Azevedo de Cirino,SP,Southeast,2024-04-28
3080,f1896bad-2ad8-4bca-93cf-14e18974e16a,Rodrigues das Flores,SC,South,2024-11-10
3081,48e26a53-4954-405b-8948-575448e918f9,Caldeira do Campo,MT,Central-West,2023-03-21
3082,e24f908a-e2b6-4842-92a8-192265189347,Borges,RS,South,2024-07-06
3083,3366da87-7f7a-478c-98b1-3a9d8e041844,Moreira,BA,Northeast,2023-11-16
3084,7a93ef0e-780d-40b6-8923-51d9fedceb65,Camargo,SC,South,2023-12-18
3085,63582706-d545-4254-89bc-6a803a887bed,Barros,PR,South,2023-01-12
3086,114126af-ce70-43f7-b190-dea4c335e9e5,Lopes,MG,Southeast,2024-06-08
3087,bd0443f0-7027-41f1-9ef3-6d4d9d85aa72,Macedo,DF,Central-West,2024-08-10
3088,a9b24a99-0a82-40b6-84e5-7a9298d516b9,Vargas,BA,Northeast,2024-03-07
3089,0b33b7a0-5163-4a91-b993-b65f35ded447,Cassiano,RJ,Southeast,2023-10-29
3090,40349202-f34e-4ba1-9c07-605e57628c84,Ferreira,RJ,Southeast,2023-02-06
3091,a4e60afd-e6cc-4201-b35d-c0807647f43f,Gonçalves,RS,South,2024-09-03
3092,4ab3c590-f262-4145-a731-660c6149ee42,Câmara,BA,Northeast,2024-07-31
3093,55fccc14-31c0-44f0-a091-129b2f1835b1,Alves de Macedo,SP,Southeast,2024-10-06
3094,9a0664b9-3eeb-4f03-97ea-862511c3138b,Novais da Serra,MG,Southeast,2023-06-23
3095,514b30a9-f6d4-461c-8c10-46bf24b37794,Camargo,PR,South,2024-11-03
3096,849ebfa5-68f0-4a5d-90ac-72bdaf4c9dfc,Pinto,PA,North,2024-10-01
3097,eecc0487-b95d-43d6-ab7f-90a5b87189e1,Freitas do Norte,SP,Southeast,2024-05-11
3098,af2f5f8b-1a92-46d6-a6c9-fd5424bb8796,Abreu,SP,Southeast,2024-06-01
3099,0ef473a2-900d-4f16-80e0-32006197337c,Vargas Verde,SP,Southeast,2023-10-12
3100,c31dfb91-397a-4433-9b64-8ca71ea0dd2d,Nunes,SP,Southeast,2024-09-22
3101,a61bdc7d-0511-4d7f-92ec-af248bab4c1b,Oliveira de Ramos,RJ,Southeast,2023-09-21
3102,9db564b5-af84-42cc-884f-da2862d47bff,Machado de Goiás,SP,Southeast,2023-04-25
3103,4002c5eb-9cd3-4931-bd95-7e47aed14cec,Porto dos Dourados,PR,South,2024-08-28
3104,27340be8-e609-4042-ab5f-89447aa83419,Nascimento de Fonseca,BA,Northeast,2024-11-05
3105,a3188a65-496f-4308-a4f7-e239394d9156,Gomes,MG,Southeast,2023-06-29
3106,290a8303-e1c6-47c2-81d8-93a5ffc7aba2,Sousa do Sul,SP,Southeast,2023-08-30
3107,24dc1ee5-4cc3-48c3-8e32-00af6e8649f1,Marques,MG,Southeast,2024-06-24
3108,8a9fa5a1-e13a-46f4-b5ef-818b690e1a7e,Guerra,CE,Northeast,2023-12-18
3109,5a5a5dac-a062-4c48-9713-1c2e2001965b,Guerra,AM,North,2023-05-29
3110,75e8abfe-6af0-4106-a235-09a86bcfdfa4,Macedo de Gomes,PR,South,2023-06-07
3111,537574b0-567a-45f8-9d12-490e76a90f78,Carvalho do Galho,PE,Northeast,2024-02-27
3112,b66c4a03-378a-4526-befa-528c34b6d9da,Nunes,BA,Northeast,2023-09-01
3113,bab3d9a3-dfa4-46da-b2b0-74a331d16ea8,Martins da Prata,SC,South,2024-10-14
3114,6880534f-cac5-44c6-8393-f806dcc8c801,Ramos da Mata,SP,Southeast,2024-08-14
3115,78612769-242e-4cff-a490-7a6336a8d53d,Nogueira,BA,Northeast,2023-12-20
3116,e798d9bf-4ce1-4a16-b3cb-3b3fa6f90864,Aragão do Oeste,SP,Southeast,2023-09-28
3117,e3d21a33-8d3b-41df-9672-67353798fc80,Ribeiro,BA,Northeast,2023-04-29
3118,6e896265-847a-4fa5-afe7-39dd6260dcbe,Macedo,SP,Southeast,2024-04-20
3119,62cef959-34da-4f50-b1a7-fe09061a1396,da Mata,MG,Southeast,2023-11-05
3120,90389f81-ae3d-4742-bef8-004bfbcf57d7,Ramos,MG,Southeast,2024-06-29
3121,cd03a402-c827-47c0-9337-bb3466e1608e,Cassiano,SP,Southeast,2024-11-30
3122,3ee61872-77f4-47f9-9105-88a9694a48b3,Teixeira,RS,South,2024-04-30
3123,9c406cbe-50f3-40af-bc97-6337ee668fd2,Rocha,SP,Southeast,2024-06-27
3124,15f3b747-10bb-4ed3-8976-5bdf18d939eb,Albuquerque,CE,Northeast,2023-01-13
3125,0d81339d-de95-4d1d-9cbc-5e3feb9060cb,Borges Alegre,RJ,Southeast,2024-04-04
3126,33f8457c-5b50-43c7-a6dc-9c76ee7ae3bb,Cunha,RJ,Southeast,2023-11-20
3127,5ce9a3d3-10e6-4383-9736-b50e4ebc5f60,Pacheco dos Dourados,MT,Central-West,2024-11-30
3128,2cdb1625-b41f-4721-96af-d9ce799f52c0,da Rosa do Campo,GO,Central-West,2023-04-10
3129,e69bf25c-28e9-472b-8fd7-dcedcd65e328,Castro,DF,Central-West,2024-10-14
3130,e904ee42-8845-46f5-9e52-1d486a499f0b,Castro da Prata,RJ,Southeast,2024-03-18
3131,b32a3228-7835-4656-a0f1-55fb8d64ec21,Sales de Goiás,SC,South,2024-10-29
3132,f205da82-a9f3-431b-9d05-3081f9e34f60,Macedo,CE,Northeast,2023-12-10
3133,22b6995e-0a14-4309-8173-d1d918d98279,Melo das Flores,SP,Southeast,2023-04-11
3134,051bb698-c463-499a-aba3-21ef7a14cf98,Macedo Verde,SP,Southeast,2024-08-21
3135,e4dc6680-7284-4156-ae8c-a6bf9268b5df,Mendonça,RJ,Southeast,2024-11-22
3136,58052a55-9118-40e6-abf8-9388f254a50e,Barros da Praia,BA,Northeast,2024-11-19
3137,9fc08086-228b-468a-ad5f-4dd311a2c64d,Rocha das Flores,PR,South,2023-07-19
3138,fe2e7c0f-1c68-4614-a644-b6f9eab10bcf,Porto,ES,Southeast,2024-11-24
3139,caf3c094-b61e-48af-8ad7-6a0d52194d62,Fogaça,RS,South,2023-07-04
3140,7ea7eded-cca0-452e-bbcb-4db69a51ec62,Pinto,RJ,Southeast,2023-01-11
3141,fde02b7a-6af0-4bbd-971f-640de41bb3b9,Fonseca,RS,South,2023-03-11
3142,836fad38-3128-4dc8-80b1-fb20d9ebb495,Moreira do Sul,SP,Southeast,2023-04-11
3143,2ab8c610-e7e3-49b8-918d-a4887d5704df,Rezende,PR,South,2024-04-01
3144,435b6625-4e7f-447f-b354-f19d3d224110,Lopes de Fernandes,RJ,Southeast,2023-10-18
3145,febea834-bfff-4800-85d8-9da60a5b4eb2,Ribeiro de Barros,SP,Southeast,2023-02-04
3146,217244cf-0808-4d21-8d20-4cf6553a2bad,Sousa,SP,Southeast,2023-04-05
3147,6173a99e-4d7e-4eeb-84eb-169492dae5a7,Melo,SP,Southeast,2024-08-31
3148,b1fe69b8-0936-412c-a36d-feba6148ca39,Sampaio das Flores,SC,South,2023-08-11
3149,8338b815-cd9a-4a65-9de6-346755ec2b78,Jesus Alegre,GO,Central-West,2024-10-15
3150,b8180f1c-58a3-4011-b162-4df921e10ae8,Novaes do Oeste,SP,Southeast,2023-05-03
3151,15538cc9-4444-46bd-8819-a23a7d23fd9a,Rios de Barros,SP,Southeast,2024-09-11
3152,5190ae93-e9d0-42ec-aa8d-904cce339ee0,Almeida,SP,Southeast,2024-11-03
3153,c316959c-ce64-4ebe-a0e7-118acf8da52b,da Cruz,BA,Northeast,2024-10-25
3154,10a12a0b-5f96-400d-ad56-e616130cd65b,Oliveira,PR,South,2023-07-09
3155,165effd1-c764-4651-bca8-72f2cd2c4a30,Albuquerque,DF,Central-West,2023-07-08
3156,ce96a698-bc8b-4eb7-8371-46f7b91d8c4c,Pinto de Minas,SP,Southeast,2024-04-23
3157,f7347784-a049-4164-952f-6d1127ff97ca,Pires de Farias,SC,South,2023-03-19
3158,9cd1126b-1b17-4ab8-aa39-61bec93fec2c,Araújo,SC,South,2023-10-11
3159,eb0230a0-3313-4402-a382-d280b44304e9,Cirino,BA,Northeast,2024-11-14
3160,17722cf0-f38e-4bc3-b7df-852c1779e7d0,Lopes,BA,Northeast,2023-11-28
3161,35d0ea43-3baa-4a26-af83-8c06caa5d22a,Silva,SP,Southeast,2023-03-17
3162,a01d9aeb-5206-4f1c-a30b-f0db1454578f,Melo,RJ,Southeast,2023-03-05
3163,fce8f3f0-b54f-4f8a-b282-3c8ad14b049b,Pereira de Santos,RJ,Southeast,2023-12-07
3164,bb47d3a4-49be-4766-b81e-2d352fa1f2bc,Macedo,PA,North,2023-09-22
3165,145deec7-019d-412d-81f1-0d042f576e77,Costa,GO,Central-West,2023-09-29
3166,8ac068d3-e0d0-4f5a-a4d6-281f43651cb8,Sampaio,SP,Southeast,2023-03-13
3167,13664d76-c2fc-43d9-b3ef-29d71fbf23bb,Cirino,MG,Southeast,2023-07-25
3168,fdf26daf-c19b-4990-9247-a092d93eeb08,Castro,SC,South,2023-07-02
3169,97a182a2-d606-4e66-a2a2-d1a66508f5c4,Peixoto das Pedras,SC,South,2023-04-22
3170,37dfc571-4910-4c10-a3fe-085b81b41b37,da Cunha da Praia,SP,Southeast,2024-03-17
3171,01c9a464-87d2-4e31-bda3-25e2bc4600bd,da Paz da Serra,SP,Southeast,2024-10-20
3172,7e71bda8-1012-4b96-8fc6-4cf0108d1f04,Siqueira do Norte,SP,Southeast,2024-03-28
3173,6e1ab11a-d155-4475-8172-494f9eae2feb,Rocha,RS,South,2023-04-16
3174,722899a2-b752-4753-a60d-400fc3b1ef08,Souza,SP,Southeast,2023-03-14
3175,969040b0-5182-48dd-9696-5a15acac1b18,Sampaio de Minas,PR,South,2023-09-14
3176,d6f83aa7-ba26-4e87-832f-174f91b72a5c,Machado da Praia,BA,Northeast,2023-01-20
3177,5ed560c3-7afe-417e-8f9b-6d33be00565d,da Rosa de Teixeira,DF,Central-West,2023-06-02
3178,ffc4d95b-8bc1-45a9-903f-e0537d34d5ec,da Conceição,SC,South,2023-01-01
3179,b0dc80e8-0aee-4a68-aba9-5b909654a5e4,Jesus dos Dourados,GO,Central-West,2024-11-11
3180,ec66f55e-5309-442a-b62e-0da3e14604df,Martins dos Dourados,RJ,Southeast,2023-06-05
3181,bce4570b-245f-4b4a-a716-5ab673c1d557,Leão do Sul,RS,South,2024-02-05
3182,5114ca97-c9cb-4148-a3b1-d124df94a2f8,Pires Grande,PR,South,2024-06-11
3183,6f339c5e-0392-4cfa-9d9f-2c8c6640464a,Cassiano,RS,South,2024-05-17
3184,378ce7b7-2f14-4369-b22f-deb897cabad1,Almeida,MG,Southeast,2024-02-18
3185,45590d60-265f-45c1-b8e7-e190642bb07d,Costa do Sul,PE,Northeast,2023-03-13
3186,4db3a044-2887-4b7f-a469-4f537f5085e7,da Conceição do Oeste,PR,South,2023-01-04
3187,7fc76f6a-b946-4130-9b58-e20a7c8d8aef,Lopes da Serra,RJ,Southeast,2024-05-08
3188,0f4c7562-aa71-495c-b816-ee8a7cc27448,Caldeira de Minas,SP,Southeast,2024-07-02
3189,7a09071c-b4bd-4eed-92c2-a44bf3f48d53,Casa Grande de Goiás,GO,Central-West,2024-01-03
3190,cdba2cac-7e85-4617-b17e-993d84cda1d2,Leão,RJ,Southeast,2023-11-07
3191,4ed9974f-f4f4-4fdc-8351-d8007d91dbcc,Fernandes,MG,Southeast,2024-10-09
3192,9e54b7bf-af1e-4596-8f84-4346a165c37d,Pimenta do Campo,PA,North,2024-10-24
3193,482a68ff-8796-45b8-a122-32df995fa798,Silveira da Praia,SP,Southeast,2024-07-01
3194,20cd5bb8-dd35-4f0d-b042-7c62ce9fb278,Nunes do Amparo,CE,Northeast,2023-12-15
3195,5eb8e0db-7273-47af-8488-a0e81028f5b4,da Cruz do Oeste,SP,Southeast,2024-04-15
3196,3bc29d89-b033-4c0d-9381-e235f1cfc83f,Porto do Amparo,BA,Northeast,2023-10-24
3197,573bdf7a-8e14-438e-87d0-e6eec96c2090,Sampaio do Oeste,SC,South,2023-06-30
3198,5263a195-f729-4c21-a08b-c725e6e005dd,Santos,PR,South,2024-01-29
3199,d035dd19-3cad-4401-9c00-cb5297c40530,Mendonça,SC,South,2023-11-03
3200,04f73882-e3fb-4c1d-b841-b3dd90344c86,Moraes do Campo,RS,South,2023-04-20
3201,9fa4b54f-25fa-4f8d-800c-9ab9625737cf,Barros do Galho,SC,South,2024-01-03
3202,e6829d8f-9a43-4a95-b672-cdbe7dae4677,Azevedo dos Dourados,MG,Southeast,2024-10-09
3203,ca916df7-3174-4b78-8705-dd1e63bb48b6,Silva Grande,MG,Southeast,2023-07-14
3204,0f1c0455-c71b-4b67-9907-a3145d20d8de,da Cruz de Câmara,SP,Southeast,2023-07-17
3205,5b2de07e-53c4-4254-80c8-18baa210dd25,Novais de Casa Grande,SP,Southeast,2024-08-30
3206,51eddb85-f4e8-4b6c-85d3-708ac89f884f,Dias de Pereira,SP,Southeast,2024-02-03
3207,d2fa9b0a-3337-45f9-894b-9f90e21a47b9,Peixoto,SP,Southeast,2024-07-07
3208,bbc1686b-4bad-4973-9ed0-12439ae69d97,Sousa,SC,South,2024-05-26
3209,cc8155da-8604-4d41-b1e7-ca38e28065d7,da Cruz das Flores,PR,South,2024-04-05
3210,da4a9d0b-d18e-431b-b35d-8adb6c4928d4,da Rosa,MT,Central-West,2023-01-17
3211,4bcd6e4d-24e1-4716-b449-131842d01a0b,Alves,SP,Southeast,2023-02-27
3212,6be26493-c32a-4b1b-a4dc-6a67a6d18c91,Freitas,RJ,Southeast,2023-02-13
3213,fe33ebd7-e8e9-4639-869a-a02477064602,Machado,MG,Southeast,2023-08-05
3214,282fbcce-8e25-4e3d-a1cc-06e5a03a5196,Teixeira de Dias,PE,Northeast,2024-11-14
3215,74b8b222-4607-41e5-afd8-dfa91b952ae5,Costa dos Dourados,ES,Southeast,2024-11-25
3216,20e7b6ef-9623-4346-a9b3-e2d348e636b5,Almeida do Campo,CE,Northeast,2024-07-03
3217,8d759038-5397-4f39-9e24-0ec50d6ba019,Freitas de Casa Grande,SP,Southeast,2024-08-16
3218,6001e75d-b872-4503-94f1-211050b57397,Pires,SP,Southeast,2023-03-15
3219,6541f574-52ea-43b8-a575-c5c76f2ba37e,Duarte,SP,Southeast,2023-05-25
3220,08d73827-c2b2-415d-9608-e6ac9cf2f216,Duarte Verde,MG,Southeast,2023-01-20
3221,e21d4d53-0a14-477e-918b-2860c1a96b3b,Silveira,MG,Southeast,2024-09-25
3222,7f2632df-21c2-4510-b6b2-b13cb79f0581,Azevedo,SP,Southeast,2024-10-26
3223,85d4f2c1-1a2d-4453-a6cd-497923d13c7f,Silva,SP,Southeast,2023-06-26
3224,5c3dbae4-c131-4e84-9784-19193c29d9ed,Fernandes de Minas,SC,South,2023-11-11
3225,11cfc46b-c037-4059-97f4-680169a2e466,Guerra de Nogueira,PE,Northeast,2023-04-10
3226,a44e3b1c-6a96-4ac0-8651-62a60fe91780,Sales Grande,MG,Southeast,2023-06-24
3227,d07a2b58-16e7-4ff3-92a6-08538c501e6e,Machado,PE,Northeast,2023-03-07
3228,e9531b87-c344-419d-9d80-f7cd28b82fa1,da Conceição de Goiás,PE,Northeast,2023-04-19
3229,8ec46aab-aefb-4b37-a50e-e5e70e77b689,Aragão,SP,Southeast,2024-09-01
3230,39bbab8a-b281-438e-97c7-d8e6a495430e,Aparecida de Aparecida,BA,Northeast,2023-08-14
3231,f330f931-3b8f-49d7-822e-dfc438107177,Carvalho,SP,Southeast,2023-07-27
3232,6334db06-52ac-4e30-91c8-10ef802643c4,Almeida do Galho,MG,Southeast,2024-11-25
3233,0604f4e7-7e02-4b3f-8a25-cec8c3fa363d,Novaes de Minas,MG,Southeast,2023-05-04
3234,0937a982-96f4-4688-b33b-5a5d0a45f604,da Conceição,MT,Central-West,2024-08-12
3235,5971116a-01d4-4cf6-bdd0-a74b952e653e,Pacheco,PR,South,2023-11-26
3236,e609456a-8257-409d-9e3c-ff18e1b39d64,Gonçalves,PE,Northeast,2023-08-07
3237,01e1af8f-8946-4e5b-a6fa-3d5c3678a41a,da Mata da Prata,BA,Northeast,2024-08-30
3238,28eccd72-636f-4abf-82c9-01df5fd229bc,Sá,SP,Southeast,2023-03-06
3239,321e2462-55a0-4b97-819b-73339b8ce31b,da Luz das Flores,SP,Southeast,2023-05-25
3240,739f51c3-490e-46f3-a684-b83b1e81c599,Machado,BA,Northeast,2023-06-22
3241,abfe1fb5-a6c2-4716-b7bd-77509a7650dd,Costela da Serra,RS,South,2024-07-20
3242,cdfc9ce7-6330-4ee1-8aaa-3c511cd97b17,Souza,SP,Southeast,2023-09-07
3243,333c8c30-34a1-4999-9fcd-d21aeede901c,Sales do Oeste,DF,Central-West,2023-02-11
3244,4da9b236-d15f-4acd-97df-c472e2fba2a1,Martins do Norte,SP,Southeast,2024-10-09
3245,911cdbb8-3ad4-44c4-a049-3ed9a5d83148,Cunha do Galho,SC,South,2023-06-11
3246,376788ab-032a-4c06-8f55-b58e061893ec,Farias,SP,Southeast,2024-05-13
3247,b84e203d-f261-4977-bfe5-4edd34d387dd,Silveira Alegre,SP,Southeast,2023-01-08
3248,9a106a52-6408-4ac9-bbf6-76af7537e85e,Mendonça,SP,Southeast,2023-04-02
3249,490c3442-98c3-4a3d-8f92-8bca7aecc953,Barbosa,RS,South,2024-08-30
3250,0011be30-e268-492f-9b75-7ed19dca71ef,Pinto,CE,Northeast,2024-03-02
3251,f260a3ed-02de-488f-9b6f-3ad40ccea325,Abreu da Mata,RS,South,2024-05-02
3252,916fb778-ba8f-4e6c-a1a4-cd1971ef7e0a,Brito,RS,South,2023-07-31
3253,a551524c-371e-4782-9e38-82740db4a7fa,Lima,SP,Southeast,2023-10-05
3254,137b41c2-5f71-41e1-a05e-ad1cbde9a6a8,Leão do Sul,ES,Southeast,2024-02-26
3255,e60584a2-08f5-48e7-853b-cc3a4c26fd27,da Rosa,SP,Southeast,2023-06-28
3256,ee1cb89a-74f9-45ca-8341-fd0e244f802b,Campos,SC,South,2023-02-08
3257,f3d21fd2-be87-4bac-a2ff-6996eb5e371f,Melo,PR,South,2024-05-26
3258,160a56e1-1cd2-4c9f-83ac-0d1b2cb15c02,Marques,SC,South,2023-04-01
3259,b1e62f11-946c-4404-a2ed-bb63deaaacaa,da Mata do Sul,SC,South,2023-11-05
3260,10335eb4-7acf-41f0-902f-e243b3efbaa9,Cunha,RJ,Southeast,2023-01-05
3261,609eed33-ad92-4bbf-a5c5-1c9a10ae2dfc,Andrade,PR,South,2023-07-16
3262,7738381c-d498-436f-aeb7-808b7f572473,Cavalcanti do Sul,SP,Southeast,2024-06-26
3263,a8179850-0b45-4b04-a5bc-89c093a69684,Vargas,MT,Central-West,2024-09-25
3264,4814e14e-b5bc-4efc-87e4-02c5e05a2a8a,Costa de da Mata,RJ,Southeast,2024-07-06
3265,f6939800-459f-4497-abd6-8d74063fec11,da Costa,ES,Southeast,2024-04-20
3266,007fb3cb-cf73-4afa-b2af-6a55b08e8dd4,Nunes,BA,Northeast,2024-11-06
3267,8f16fac0-6f72-4ca4-9b64-3c30d5dc4812,Vieira de da Conceição,SP,Southeast,2023-02-24
3268,0c1b7e93-be16-4e89-9934-7309b72f8d06,Fonseca de Minas,SP,Southeast,2023-06-02
3269,d21a5375-74cd-4a41-9e07-2fb29919be91,Nogueira de Castro,RS,South,2024-04-30
3270,5f0bb32f-e6dd-4be3-a89a-18fe5f8e74df,Duarte,ES,Southeast,2023-06-13
3271,6831429e-58c7-44f2-a3aa-1839bc35bc9a,Pacheco,RS,South,2023-02-14
3272,fbc77e98-77ad-4afc-9f42-986666db005e,Vargas da Mata,SP,Southeast,2024-01-08
3273,c06cbd3f-ac33-4f9c-9071-365425cb49de,Rocha de Nogueira,RJ,Southeast,2024-03-21
3274,6e84a24b-f61d-4b9c-9c3e-82e96867453f,Pereira,SP,Southeast,2024-09-23
3275,5532a5c2-233c-490a-a280-70d140d1bc31,Ramos dos Dourados,PE,Northeast,2024-04-09
3276,dc9eec0b-8a09-48b4-80f2-b34e7365949b,Aparecida,SP,Southeast,2023-02-23
3277,dc160e3d-eb15-4f5b-81a0-578257ec95f3,Peixoto,DF,Central-West,2023-06-30
3278,d4fecf58-a1f8-45a4-8a4b-455957765dc6,Oliveira,SP,Southeast,2023-01-30
3279,cad2b7c2-d0f6-4c6d-ba2b-dff723b7aaf6,Sales,MG,Southeast,2023-04-29
3280,6b4203f7-d2cd-4f44-94ed-228b65773498,Montenegro,SP,Southeast,2023-08-29
3281,1a93a3f1-8502-46c0-8abf-19038b435eca,da Cunha,RS,South,2024-08-29
3282,f139e895-aa25-4578-8cea-3275ef3bbcb5,Sousa,PR,South,2024-03-05
3283,c9a84bdd-b5b2-4ed1-af1b-53163a0e681b,Mendonça do Campo,SP,Southeast,2024-11-24
3284,cc027d43-d622-4179-bb5a-d45d535322bf,Novaes das Flores,DF,Central-West,2023-08-24
3285,648e85eb-d1c1-42db-a82a-113285eb4279,Oliveira,BA,Northeast,2023-11-30
3286,b013b8e4-6872-4600-bff4-9e0659e3f0f6,Câmara,SP,Southeast,2023-08-31
3287,27dc0857-7422-4cb0-a4d6-c76ca3f5cc8d,Silva,BA,Northeast,2023-07-24
3288,f822c3b6-cb28-49c6-a4a7-ad110027112a,Monteiro,RJ,Southeast,2023-08-14
3289,b1e76ab9-127c-42f0-aa74-bb8724f47c35,da Costa das Flores,SP,Southeast,2024-08-22
3290,8abe5779-3591-4434-9342-66c94d88136e,Correia,MG,Southeast,2024-03-22
3291,4bb88157-07f6-408e-8426-fe7b060476dd,Costela,SP,Southeast,2024-09-16
3292,ae34097a-c6ac-41e7-93e1-4d832f8af5db,Azevedo,MG,Southeast,2024-02-01
3293,1e73b307-f375-40d3-b3dd-8d3140e10b51,Fogaça das Flores,RJ,Southeast,2024-04-13
3294,4cdaebf4-98f9-4fb4-b2a4-3bf402b49d26,Gomes da Praia,RS,South,2024-10-09
3295,9e87ad6d-6db3-4da5-8dc4-f59c355cdfff,Porto de Pimenta,RJ,Southeast,2023-10-04
3296,7dc807a2-adda-43b6-8ab8-4fe297e4e173,Monteiro,SP,Southeast,2023-05-11
3297,417af0cb-07f2-422d-99fb-b46d51d3649c,Gomes de Sá,SP,Southeast,2024-08-05
3298,6c362d23-1916-4984-8510-c97a89fd09b5,Rodrigues do Amparo,SP,Southeast,2023-05-20
3299,09e6614a-6145-4972-86fe-f9eafea09deb,Teixeira de Borges,SP,Southeast,2024-04-21
3300,1790834b-8b32-46d6-808d-52127991329a,da Cruz,MG,Southeast,2023-06-25
3301,a19ccc9a-b732-4e2b-94a4-2bf0b96a5305,Marques,BA,Northeast,2023-08-14
3302,3dcafd82-565e-4679-bfc1-e2f1613dec3a,Andrade de Duarte,CE,Northeast,2024-09-10
3303,b43bf88c-c6f4-4468-8d78-e1c84f4ff145,Cunha de Pimenta,SP,Southeast,2024-10-15
3304,af0f134e-02a2-4fcc-984e-e3db691d8bea,Pastor,GO,Central-West,2023-06-24
3305,073a7522-c7e4-4be5-acdc-b47bdcdb0021,Azevedo de Montenegro,PR,South,2024-07-20
3306,b2772e31-4655-4f9a-b692-f6812e654dcc,Nascimento do Norte,CE,Northeast,2023-03-30
3307,b2be520f-1e1f-46f7-95ed-e22d40d1ff56,Cavalcanti de Machado,MG,Southeast,2024-06-18
3308,0a3169f7-29a9-4bf0-9a82-95a04b1b9280,Peixoto Alegre,MG,Southeast,2023-08-10
3309,27a0b911-afd2-4b72-9c13-a1e76d3e4848,Costa,PR,South,2024-04-18
3310,0175105a-3fc1-428a-bc7a-b6917b6deeca,Vasconcelos da Serra,RJ,Southeast,2024-03-14
3311,4d620050-0b3b-4efa-a070-b244c5c01d05,Câmara,BA,Northeast,2023-09-10
3312,9564d4c1-aedb-4262-9d95-b4d7570edab2,da Conceição de Silva,SP,Southeast,2024-03-20
3313,f2b2d2f2-b366-41c5-8ef4-83f671d5a861,Brito,PR,South,2024-08-28
3314,bd87ff11-21ca-4fcd-a3a2-f59c2a184cbc,Macedo,GO,Central-West,2024-08-10
3315,b2ec7ff4-cb59-4151-9dde-74667f0366ef,Almeida do Galho,DF,Central-West,2024-03-03
3316,a284598a-5e48-445a-b19d-ab55e5cefa0f,Leão,MT,Central-West,2023-02-11
3317,6fb0c665-4766-429e-8895-df3c7941a6a4,Azevedo de Minas,PA,North,2024-05-31
3318,f2db83c8-e0b6-41d0-8345-429c16558df4,Melo das Flores,SP,Southeast,2024-06-27
3319,e8180064-3e44-4305-ab55-920d81d231cb,Campos,RJ,Southeast,2023-04-11
3320,92071602-161c-4674-a978-868d062c0692,Rios,MG,Southeast,2023-09-04
3321,ff1bf6a0-a8ec-46a1-b233-bf8c324ef0f7,Novais Paulista,SP,Southeast,2023-01-13
3322,ca3d51cc-f88a-420e-911b-0acd7a5653b3,Pacheco,RS,South,2024-02-21
3323,0a2d6f03-8f46-4f34-9da8-558369cb2141,Costa,GO,Central-West,2023-05-16
3324,bf23f095-221a-4dd0-8ce3-492325bb2b7a,Albuquerque da Praia,RJ,Southeast,2023-09-02
3325,031d45fc-c9c0-4379-829c-34f70f5bc40c,Moura,SC,South,2023-04-03
3326,87d01cf2-95e8-4a39-8411-3459aa7927f8,da Rosa,SP,Southeast,2024-11-16
3327,51ccaa40-2316-4b59-8fbb-f4e3e160e35b,Mendes,RJ,Southeast,2024-04-15
3328,a9fe494e-304c-4b39-b6ab-eff0cd1d19da,Mendes de Mendes,CE,Northeast,2024-08-20
3329,634aa1a4-2c23-4586-995b-252536d0bb41,Casa Grande,SP,Southeast,2024-04-10
3330,8286b3c8-db9b-456e-a080-293caac5e8a3,Teixeira,MG,Southeast,2023-05-22
3331,fd67eb3e-836d-4c1f-ba49-c96a11680e55,Nunes,CE,Northeast,2024-02-20
3332,c0dfb921-a07f-4385-bf3f-d62f2a2bec6b,Pires da Praia,SP,Southeast,2024-01-15
3333,433121ff-d3f6-4623-b9b0-0426f0071d3b,Araújo das Pedras,SC,South,2024-10-10
3334,c7d77fbb-520b-4950-9ee4-254b0afc13fb,Alves do Oeste,SP,Southeast,2024-10-04
3335,5fa9a39e-ee47-48d4-b9fb-97b9abf1a574,Machado de Goiás,SP,Southeast,2023-12-07
3336,7ab7b78f-2098-45b2-a852-7018bfa4ce84,Ramos da Serra,PR,South,2023-10-31
3337,49a1f7a1-8571-4253-9956-ad9b3dc87f79,Vargas de Barbosa,MG,Southeast,2023-10-04
3338,6ad5401e-07e9-4b0b-998d-eba36ec8261b,Novais,RS,South,2024-09-19
3339,c6ec9e60-e443-4474-b458-6ea415b83fa6,Vargas,PR,South,2023-08-01
3340,4702fe75-5e98-4fdf-8a3a-1171a432cc60,da Mota dos Dourados,BA,Northeast,2023-03-24
3341,eac7c57b-fc96-4d06-8e8b-30cea67155cd,da Rosa da Prata,SC,South,2023-12-10
3342,4ee26290-eb59-403a-93bc-06119af4ab8a,Moraes de Mendonça,BA,Northeast,2023-02-26
3343,d6e9fa04-df04-4782-81e6-206862d70bec,Melo,ES,Southeast,2024-11-21
3344,7d5b6037-b101-4b0f-974a-f825564a9062,Nascimento do Galho,RJ,Southeast,2023-02-22
3345,40686515-101c-478c-a1a1-31b49dca3488,da Mata da Mata,SP,Southeast,2024-01-10
3346,502426c6-3a53-4e53-8375-e8f9982cd08d,da Costa Verde,MG,Southeast,2023-02-11
3347,4e6ccc79-f8eb-41b8-9938-297130f6d8b6,Farias,RJ,Southeast,2023-06-29
3348,474d3a1a-695a-42da-ad14-e5bf848622e3,Peixoto das Pedras,SC,South,2023-03-10
3349,c4b03ad1-3037-434d-a8bb-81dcab707385,Vargas,PR,South,2023-07-29
3350,afe601c5-30a1-4d7d-8b86-1f69b03689a4,Silva da Prata,SP,Southeast,2023-12-09
3351,cc4bbc6f-3457-48d7-9236-64ef8d8b1051,Pacheco de Moreira,SP,Southeast,2023-04-27
3352,b905a7b6-b97e-4830-9e01-86462c64f73d,Porto de Goiás,SC,South,2024-08-17
3353,a22966c4-ca39-465a-991f-210234aaf8d4,Cirino do Amparo,CE,Northeast,2023-08-03
3354,7bfdec74-6441-411e-bee1-db8e5fffe8e6,Nunes dos Dourados,BA,Northeast,2023-08-19
3355,4135b443-2576-4869-9765-f41889939c6e,da Cunha,RJ,Southeast,2023-10-01
3356,d0284602-6066-4e51-b76d-71261fda98c9,Abreu de Minas,ES,Southeast,2024-03-09
3357,413b48c4-ef22-4e93-8fde-a771305d9749,Marques de Novaes,SP,Southeast,2023-03-06
3358,82d8a7f5-46ef-4aaa-9237-6d229565bc2f,Costa Paulista,RJ,Southeast,2024-04-08
3359,a0cbfeca-6d7e-49bc-bb48-ac140d0de136,Peixoto de Caldeira,MG,Southeast,2024-06-23
3360,502a12a5-630a-4016-afea-84f579f34373,Carvalho,PE,Northeast,2024-04-26
3361,c2978392-5c80-4220-9f77-765f2e5ce13a,Aparecida,RS,South,2024-11-25
3362,1b829ae1-4700-4de9-91fd-de63d8e0713b,Cardoso do Campo,PE,Northeast,2023-10-27
3363,6c5b059a-afcd-4960-be36-c36decfdceed,Aparecida,MG,Southeast,2024-01-12
3364,0f5449d1-910a-4ebf-a909-3889e42cfe33,Camargo,BA,Northeast,2023-03-09
3365,b835de28-9fd6-4efb-ba11-f0e7566d56e8,da Paz das Pedras,SP,Southeast,2024-04-13
3366,9e49b057-386e-495d-bb01-48933d9d38e3,Novaes da Praia,SP,Southeast,2024-02-05
3367,05e05148-26d6-404f-bc82-3de9d73c9259,Teixeira de Goiás,DF,Central-West,2023-10-23
3368,d33b05e6-f765-48a0-8e43-07c42bfddbf9,Costela da Prata,GO,Central-West,2023-03-20
3369,290fb2bd-f458-4d04-8476-fc349dc59ddb,Oliveira,SP,Southeast,2023-10-10
3370,f95db36f-fa8a-47d6-9d37-c5a6bd8e880c,Mendonça do Campo,SP,Southeast,2023-06-01
3371,6809f986-d86a-48f9-bf06-8051187eb974,da Costa,ES,Southeast,2023-07-29
3372,e4529643-2a67-4ce3-9c0f-37d575a239b1,Câmara,ES,Southeast,2024-10-04
3373,3d201440-00cf-444d-9b7d-b566478b640b,Lopes Verde,SP,Southeast,2024-03-02
3374,62fefcae-d97e-4355-9987-0266dc63a196,Cunha de da Conceição,MT,Central-West,2024-07-08
3375,6895b96f-14fd-43a7-98e7-7ca219b1a043,Macedo de Cassiano,GO,Central-West,2024-04-30
3376,d9c0076f-626c-4ccc-a35b-ba6dbd39e09d,Almeida da Prata,RJ,Southeast,2024-03-30
3377,e1be0ed9-3483-418e-858f-a881c3dab31b,Lopes de Vieira,BA,Northeast,2023-01-22
3378,5273d60c-57a0-4c17-8620-a10ae0099d7a,Monteiro,RJ,Southeast,2023-03-06
3379,d695847a-634d-4549-9d9a-70e181ef688b,Pereira de Costela,SP,Southeast,2023-08-26
3380,13cdaa4c-b415-47cf-a4fe-fbbe5f7a6026,Cavalcante das Flores,PE,Northeast,2024-06-16
3381,5a6f9b6b-5070-4efc-b7ca-273b3506880f,da Mota de Goiás,SC,South,2024-02-26
3382,3b1bf755-e600-4d68-8a69-ed38b705e692,Peixoto do Amparo,PR,South,2024-11-02
3383,ef6d8fc6-afbd-4369-8636-f35ef5ed7ddf,Ramos,SC,South,2023-12-01
3384,b68bbbc6-73c6-4188-908f-d94bb294a9b6,Gomes,MG,Southeast,2024-11-12
3385,61874fa9-5c09-4a5c-985d-fd17925814d9,Mendonça,RS,South,2024-07-15
3386,e8c08c02-7200-4c98-b963-c2fc6fb0d297,Borges das Pedras,MG,Southeast,2023-11-08
3387,44e527ea-3a82-437c-9925-9acd4142d00e,da Luz do Amparo,PR,South,2023-11-10
3388,da889b20-3819-48f2-ab25-8bdf28791fa4,Andrade,SP,Southeast,2023-09-24
3389,0c485217-5d54-4496-a1a6-51c5faaa53fc,Borges,SP,Southeast,2024-01-16
3390,17a60138-28a4-44a7-aa75-23fab504cdaf,da Cunha,MT,Central-West,2023-02-18
3391,4151344e-ee98-46b7-8677-098c144a1458,Cassiano de da Rocha,SP,Southeast,2023-10-19
3392,474ca879-6f96-4bff-9bc6-ac37244220c6,da Conceição,MG,Southeast,2023-06-20
3393,854002b0-2aa8-4f4e-8fc4-e8cd68d2a842,da Conceição,SC,South,2023-06-14
3394,0d5979bf-9ef6-4a80-979f-1235df2ef280,da Paz,RS,South,2023-10-20
3395,6c5b07b6-f127-47bd-b862-32528c45b36c,da Costa,SP,Southeast,2023-06-29
3396,3204c06d-f61a-44b9-8ec7-4f48046606f6,Azevedo,PE,Northeast,2024-11-13
3397,d139e6d8-44e0-4371-99fc-9448c5d899df,Nascimento,BA,Northeast,2023-06-15
3398,8dae27d7-7668-4540-8770-6e6d1fc775eb,Silveira da Serra,SP,Southeast,2023-02-12
3399,2fd2908f-eea1-43a7-889d-c47e27189112,Viana,PA,North,2024-08-11
3400,2bfaba2d-dafb-4997-9352-8440023d35cf,Moraes do Sul,SP,Southeast,2023-09-24
3401,0e8db9f5-e514-4d91-8127-8cf9803bd70b,Carvalho da Serra,RJ,Southeast,2023-07-30
3402,d8b6a802-27e9-4dd3-b814-c4920c604d99,da Costa,PR,South,2023-02-05
3403,5e003828-d593-4e79-9be5-662adc979a81,Martins de Goiás,RS,South,2023-12-19
3404,1c20d86b-b5d0-44fb-acd6-4d8474773879,Castro,SP,Southeast,2024-04-04
3405,0ad27057-c127-4dfd-9b23-854fa3dff5f0,Garcia,PR,South,2023-06-16
3406,75f53328-4986-4a4a-8025-93ed22ca9f04,Rocha de Sá,PR,South,2023-05-05
3407,b9ea8873-8a9d-4593-8ce1-7e35651fd429,Moura dos Dourados,DF,Central-West,2024-02-19
3408,85082f78-f17b-45ef-a5b8-f158f64c81bf,Viana Verde,GO,Central-West,2023-05-29
3409,67bb18ba-bfd4-467c-966e-c576b7e62b4d,Moura das Pedras,GO,Central-West,2023-11-24
3410,7fee16c1-dba1-47ce-80ce-9afc2ab9aa52,Andrade,SP,Southeast,2024-07-13
3411,fea59d94-998c-403a-92cb-760434f6f0dd,da Rosa do Campo,MT,Central-West,2023-12-06
3412,61f041d0-6993-4611-a777-5ef59ab9ae1b,da Rosa da Praia,SC,South,2023-10-30
3413,32de3097-7cba-4dea-9086-0861061cba48,Cunha,MG,Southeast,2023-10-24
3414,c016c62b-a371-4326-866b-1f526f7f6354,Machado,MT,Central-West,2024-08-10
3415,c23dd884-ca5f-4cf2-9726-6a28dd7d8ff7,Rezende,RS,South,2024-08-01
3416,3e97037d-6577-464d-8d4e-0bd1cb33e3c6,Almeida,RS,South,2024-03-28
3417,706402bb-e756-40bb-ba21-5b51e6876705,Mendonça das Flores,RJ,Southeast,2023-04-26
3418,5f1f05c3-7717-47cb-b67f-fa237762a6bb,Martins,RS,South,2023-02-11
3419,0d250730-f5a9-4c9a-aa71-dec52162d1b7,Casa Grande,SP,Southeast,2024-07-18
3420,19edcdbc-ec39-412e-a3d8-89fae5a456d8,Freitas do Norte,SP,Southeast,2023-01-26
3421,62f563b1-e8cd-4a8a-b710-199d59bdfac9,Barbosa da Mata,MG,Southeast,2023-08-14
3422,8d361929-8337-4b02-9233-3b125ad27e7a,Aparecida de Mendes,MG,Southeast,2023-04-05
3423,3187dc09-54da-4012-9a3c-49e011586f46,Montenegro da Serra,RJ,Southeast,2024-09-14
3424,255c4297-19ee-49d6-bdfa-3cb102d493eb,Araújo do Sul,SC,South,2024-08-20
3425,856638c8-a173-4274-b7fc-511b826f081a,Alves dos Dourados,PR,South,2023-10-12
3426,9ce8b890-cc6b-4a6e-9583-b4db67460338,Ferreira de Pinto,SP,Southeast,2023-03-27
3427,0d08da99-5e33-4ed8-88f0-fcb253986e7f,Macedo,PR,South,2024-04-01
3428,c37de35e-6ef3-469b-bccd-e71ec22c9037,Rios,RS,South,2023-03-31
3429,bfba5b2c-ba89-40b8-8c49-0e4cc780b892,Cassiano,MT,Central-West,2024-02-08
3430,5484d865-60bf-413c-9320-63afeed5a71b,Siqueira de Silveira,SP,Southeast,2023-11-22
3431,2467f4a3-24da-4109-8461-0c94a29cc64f,Borges,PR,South,2024-06-07
3432,64f75c10-4698-4234-a246-95b99deb7a4b,Aparecida,GO,Central-West,2024-11-13
3433,f41c7c7d-0319-4369-8d8b-876a0b4476b2,Correia,RJ,Southeast,2023-06-01
3434,6ae71db3-3193-4b1c-91bd-4f306b1aae6a,Lima,RS,South,2024-03-13
3435,fd8c93df-4151-4f1e-9174-b1368c0bdc3f,Abreu,RJ,Southeast,2024-01-17
3436,dbdcfb3d-29d4-456e-90f4-55e5fdb3e9a9,da Luz,SP,Southeast,2023-12-20
3437,10eb36b1-c979-40e1-bb8f-e7cfba2c43ec,Martins,RJ,Southeast,2024-04-01
3438,ecc11ecb-2a65-44e1-bb2f-be8cea463911,Camargo de Barros,CE,Northeast,2023-03-31
3439,e63f6d3a-cfca-46b9-b5a8-c1d7ab5eebe9,Pimenta da Praia,SP,Southeast,2024-03-30
3440,f4debda7-f4a6-4f9d-b80b-8dc0d9c0847b,Oliveira da Prata,BA,Northeast,2024-03-01
3441,d07b3c55-e6bd-4bbc-a3a0-aa3c8c44d60f,Pires Alegre,PE,Northeast,2023-10-23
3442,ae94c0b5-aaf1-4938-a7d5-4ab086d66946,Peixoto de Goiás,SP,Southeast,2024-03-10
3443,6f125321-05b0-4ce0-909f-5fc439e82ba5,da Mata de Farias,RS,South,2024-02-29
3444,7fb63b12-4cf2-4624-8243-0329f09fe936,Aragão Verde,SP,Southeast,2024-08-24
3445,41f4d834-dcf5-41fc-8d3a-7e734ce33ed4,Casa Grande,PR,South,2023-05-28
3446,c891e9bc-d830-40dc-b93f-80798e156734,da Cruz,SP,Southeast,2024-05-01
3447,ed11b850-273b-4ecb-a7b9-86cb76df7b9a,Sampaio,AM,North,2024-06-21
3448,69a31ab6-5ced-4a62-817e-f8408ace3a10,Leão Verde,AM,North,2023-03-09
3449,3e141965-14c4-422c-8c90-cdc454ca6257,Pinto,GO,Central-West,2024-08-27
3450,a9b2a838-edac-4484-b2d0-58ca7b2e329d,Vasconcelos,BA,Northeast,2023-04-01
3451,0e913294-e3a9-4752-ad16-7ec3505f7c6e,Guerra das Pedras,SP,Southeast,2024-10-16
3452,fa75b5fc-7921-40b3-aa0a-8302276f8e0d,Farias,DF,Central-West,2024-02-29
3453,4ed992e0-1e44-45f4-9ed1-3afef006296b,Mendonça,SP,Southeast,2024-04-18
3454,ed86a0c9-7dea-4676-bf6f-b946e10d1490,Pastor do Oeste,RS,South,2023-05-21
3455,3c304193-d975-4f32-ae1b-670f67c2e684,da Cruz da Serra,SP,Southeast,2024-01-26
3456,53bfa311-9915-4bef-a8c0-ce9b560b63a9,Barros do Campo,RJ,Southeast,2024-05-17
3457,bcc839fb-cbd3-43a5-9512-48e115042b41,Cassiano,SP,Southeast,2023-11-06
3458,e5865a54-7e1e-45dd-adb4-f81c8a55b7c4,Vieira,PE,Northeast,2023-11-08
3459,26e21c56-a5e1-48aa-b287-b9a1cedf8af6,Abreu,MG,Southeast,2024-04-19
3460,222bf62a-085e-4518-ad75-6dd378a118df,Fonseca da Praia,SP,Southeast,2023-01-03
3461,0a599c13-1667-4920-926e-6991aa82cac8,das Neves,SP,Southeast,2023-11-04
3462,ff0e88ea-09f8-4e6f-9997-b85154842b4d,Aparecida,GO,Central-West,2024-10-13
3463,ec2c4f79-d249-48d2-800d-f7649d46ea9a,Vieira,MG,Southeast,2024-10-31
3464,d2fe2d04-640f-4c70-a5a5-788e2b80d1ed,Caldeira de da Mata,RS,South,2023-10-22
3465,d63bca59-9d8d-4752-8a9b-0dc797e71b55,Pimenta,MG,Southeast,2024-05-18
3466,765bb069-10a0-42b2-a37c-56bb48d160c6,Castro do Galho,DF,Central-West,2024-10-22
3467,394a6d31-9b42-4238-bf15-1663189b5535,Andrade das Flores,SP,Southeast,2023-05-03
3468,29adb01d-aa3e-409c-96b2-43cdda26ec89,Machado de Fogaça,BA,Northeast,2024-05-19
3469,4b2cdc4e-4e70-463a-8245-b08ff3a2e957,Leão de Goiás,PA,North,2023-03-10
3470,4f2ffeb3-d8dd-4b26-bc0e-a898cb5475bf,Costela de Goiás,PR,South,2024-01-06
3471,27bc7004-b407-4f12-a612-92e07616e3a2,Barros,PR,South,2024-08-02
3472,1e22c6b2-e009-4827-9672-663f0f0a1d5b,Caldeira,MG,Southeast,2023-09-22
3473,263a484e-2048-4a6e-b2ec-6f04ff8bb891,da Paz,SC,South,2024-05-02
3474,51e844c9-b00e-4c67-952d-ad08c536c0a2,Silva,MT,Central-West,2023-05-03
3475,1f63ed1f-68ed-4ed7-af72-1a947b49ecf3,Santos do Oeste,RJ,Southeast,2024-08-12
3476,08a97c0f-a7fb-459f-b925-7d0fe5455ccc,Castro das Flores,SP,Southeast,2023-09-23
3477,0c858251-10e9-40ff-9857-8862310565b6,da Cunha,SP,Southeast,2023-03-01
3478,7f63d2b6-d001-4b99-afc2-8f2063ba24b1,Ribeiro de Gonçalves,SP,Southeast,2024-04-17
3479,52d61c9a-dcd1-4d00-b58a-4ffcc8a22fe0,Carvalho de Duarte,CE,Northeast,2023-05-19
3480,6c1f0650-b517-472d-b779-7643becac08c,Sá Verde,RJ,Southeast,2023-02-24
3481,01e780a0-2f18-4049-b329-b6a4de3e0557,da Cunha,SP,Southeast,2024-03-05
3482,e0222432-7ca5-4928-97dd-06916a71efda,Casa Grande do Norte,SC,South,2023-12-31
3483,8345d6d3-3d72-4c0e-a3ed-6309e25c2f4a,da Mota de Costa,SP,Southeast,2023-10-26
3484,09d7cc9c-6af9-4a8b-ae36-1846b8855367,Pires,PR,South,2023-03-20
3485,ccda78e2-57cc-4c2a-b61c-07e85c58a3be,Fernandes do Sul,ES,Southeast,2024-10-05
3486,d306e664-c585-4b6b-bb98-ac6e1ac6e2bf,Cunha,SP,Southeast,2023-04-07
3487,a89e4fa6-ae2b-4ab8-951f-e4f725d69a97,Moura das Flores,PR,South,2023-06-21
3488,972a355c-fe5e-4b1c-875b-2fe1e3bbeeb7,Lopes,PR,South,2023-11-20
3489,ccdf1d3e-bb34-44d1-b327-33efc50bd5b9,Marques,PE,Northeast,2023-11-05
3490,8c1043d4-974a-45a0-b817-68f8f6d20b48,Nascimento dos Dourados,SP,Southeast,2024-01-07
3491,0496122f-5525-40d1-88d4-0d840b653f5f,Pastor de Minas,SP,Southeast,2024-08-16
3492,6ad09369-e0d3-47c1-945d-91e17979fbb2,Pereira de Oliveira,RJ,Southeast,2023-05-28
3493,d5b5984b-50af-4b53-ac4f-98383b1f3a0d,Machado,SP,Southeast,2024-06-14
3494,a6ed0e6b-e43a-4562-8cdf-506343c36988,da Conceição,RJ,Southeast,2024-05-11
3495,410f71df-945e-49c7-a785-79d2ab1e5fcf,da Luz do Sul,MG,Southeast,2023-06-16
3496,38c7f236-0a61-49f6-baae-37b587dec2ea,da Costa de Gonçalves,SP,Southeast,2023-06-08
3497,f5694392-0c3a-4ed8-ae15-2f7100937ba0,da Mota,ES,Southeast,2023-07-12
3498,8bea6f03-e645-4b43-907e-22a18906a4e2,Almeida do Galho,BA,Northeast,2024-07-26
3499,cb6cda6e-bb95-4291-b3dd-69d1de590698,Vargas do Norte,SC,South,2024-06-22
3500,36a25607-9486-4e3c-bd26-7a937f2382b5,Vasconcelos do Campo,PE,Northeast,2024-07-18
3501,fd414341-ecf6-4826-bc1e-0ac4daf09b92,Novais Alegre,RS,South,2023-04-27
3502,33440c51-a7f6-45fb-8b89-43fd2d5f62b0,Rodrigues,MG,Southeast,2023-03-20
3503,a5978064-542a-465f-9465-b4666df3be7a,Mendes,SP,Southeast,2023-05-15
3504,ee5b6379-213f-467b-9976-34e5054bffbb,Cavalcante da Mata,DF,Central-West,2024-05-06
3505,296fc0d7-6a63-4a6b-81d0-d034abfbcc17,Costela da Serra,RJ,Southeast,2024-01-07
3506,ee869beb-c3dd-4d6a-98fc-98995c86a6f9,das Neves da Prata,SP,Southeast,2024-03-28
3507,118f1972-a396-4c57-8c76-560fb109e971,Cassiano,CE,Northeast,2024-09-03
3508,efe5f873-da60-414c-9f16-bfe5df8b6c1c,da Costa,ES,Southeast,2023-12-17
3509,cb5f8951-c534-4723-8756-94ac10e436c9,Cavalcanti do Campo,SP,Southeast,2023-11-08
3510,1f16a10e-5668-4b02-b387-d896c3d08178,Moraes de Campos,SP,Southeast,2023-05-02
3511,473eb4b1-9d47-472c-ab01-f1017b32aadb,Fogaça,SP,Southeast,2023-05-26
3512,2d28746a-5a6d-4285-978f-48ebc9fbe7f1,Correia da Prata,RS,South,2023-11-11
3513,04aa8f68-b9ae-4292-8012-1516f1e7a280,Azevedo,SP,Southeast,2023-05-14
3514,290c07eb-5793-4195-a553-ff33298bfa25,Mendes,AM,North,2024-03-11
3515,a1ae96a0-c1df-4a89-acba-0cb1fdb99dc1,Alves Alegre,RS,South,2023-04-25
3516,c1bac834-caec-4d2d-a3a7-bc90da7f624b,Caldeira do Galho,SP,Southeast,2024-05-10
3517,365d395b-6707-4421-8fd2-be23c69ee73d,Correia,BA,Northeast,2023-02-13
3518,c601b22f-7bc1-4e2f-a332-7e999efec6c5,Souza,SP,Southeast,2023-02-03
3519,ef0d44d7-a832-4652-95a2-86133a0c5dc9,Novais de Vargas,BA,Northeast,2024-06-09
3520,a47cacbf-527c-4dea-a324-7e637535ddc2,Costa do Norte,PR,South,2024-04-25
3521,00f3e866-3026-4bb1-b3f1-df2609502a6c,Almeida da Praia,SP,Southeast,2023-09-17
3522,bfee7aef-6a60-4a4b-96b6-b8cca6124e53,Dias,SP,Southeast,2023-11-05
3523,22530aa4-15d1-42b0-b6a6-b583dcac7b04,Peixoto,RS,South,2023-04-09
3524,1dd28b24-c420-472d-8fb8-b73685406adb,Melo,BA,Northeast,2024-09-08
3525,8d35f50c-ff02-4f74-8db7-c0207e8d6bb3,Campos do Norte,SP,Southeast,2023-07-24
3526,512b4c10-a359-4aec-95d1-6ae2c940e0fa,das Neves,SP,Southeast,2023-12-26
3527,4b1fa028-6cf6-4879-9279-60a4897e2ce5,Caldeira,SP,Southeast,2023-05-30
3528,aa31e22b-4cda-4e1c-b065-7d730e0ec75e,Sampaio,PE,Northeast,2023-10-12
3529,ffd0dce0-612c-4b0d-90d1-4782421ebad4,da Mota,GO,Central-West,2023-12-23
3530,fb372648-697a-496d-9988-5d2a570662ce,Moura,RJ,Southeast,2024-05-27
3531,4ef253f5-7f8f-4d67-933a-84905d210794,Jesus do Sul,BA,Northeast,2024-09-19
3532,53e7ad02-48ff-4ea5-bb33-740c06b19eec,Silva,SP,Southeast,2024-08-06
3533,ee70e803-232e-444c-9e97-df4217d3d848,Fonseca,SP,Southeast,2024-08-15
3534,43a299e4-f981-4289-985c-39ed1d061735,Dias do Campo,BA,Northeast,2024-06-25
3535,950ce835-3659-4a8c-938f-b1ef2ec01db7,da Conceição,SP,Southeast,2023-07-16
3536,d76a64da-4fbd-4622-86c9-ae330c906c01,Silva,MT,Central-West,2023-06-25
3537,decc0209-93cd-4ce8-af69-e0858c871a3a,Novaes da Mata,DF,Central-West,2024-07-04
3538,c096dbe4-6755-478d-a534-128319b627b5,das Neves,SP,Southeast,2023-04-12
3539,17ccb76c-6b90-4645-a0c2-442eeb38fcdf,da Mata do Norte,DF,Central-West,2024-05-31
3540,f2f09a8c-1825-468b-9199-7084230b5490,Caldeira,PE,Northeast,2024-05-01
3541,781f018a-0ae2-488e-ba1b-2bb4e432f23e,Guerra da Prata,RJ,Southeast,2024-08-26
3542,974232a6-28a7-4260-83a8-007e1b5d3449,Barros,SP,Southeast,2024-11-20
3543,a6032997-2f64-40ad-ab1a-f06e55852445,Pires,GO,Central-West,2023-07-05
3544,37ea3bed-7866-4ba9-844f-fc73cfef7fd7,Cavalcante,PE,Northeast,2024-01-24
3545,dd23a782-d27a-4a33-b511-0f36bce4808b,Jesus,MG,Southeast,2024-06-10
3546,e004c471-85e1-428d-ae70-f6f5015a749b,Oliveira do Oeste,SP,Southeast,2023-04-26
3547,0f32fb39-3ce7-4807-8c2d-23a97e1e7e84,Cunha das Flores,BA,Northeast,2023-11-18
3548,4aeeccef-871c-4a58-9334-dce93145d4c5,Carvalho das Flores,SP,Southeast,2023-04-23
3549,e926aa56-695a-4210-973c-b616f945cfd4,da Mata de Goiás,ES,Southeast,2024-05-22
3550,1fe8fbe4-e3ba-456c-9b2b-fd4f9dcb65be,da Cunha do Amparo,BA,Northeast,2023-10-23
3551,67d1cb6f-1d57-40cd-ba52-23bb005f3337,Souza,PR,South,2023-02-11
3552,939d1b61-20d1-40ae-b0f9-08d240c06d72,Ramos,SP,Southeast,2024-05-20
3553,abc836cf-f798-4d22-9eb6-d3f0948841cb,Cardoso,SP,Southeast,2023-10-18
3554,ff866deb-3b19-4b02-8a4a-f40db60890b9,Souza,MG,Southeast,2023-11-16
3555,af1f1779-127b-4660-bb33-5cf70beba1de,Carvalho do Oeste,RS,South,2024-03-30
3556,9317545d-1cd4-4dff-b59b-39fa46cbeb60,Rezende,SP,Southeast,2024-02-22
3557,d478f5dc-1c5b-44ce-b79c-cfc935cffe16,Jesus,RJ,Southeast,2024-03-14
3558,72737998-34d2-44cd-9763-2be71b61508e,Casa Grande,SP,Southeast,2023-03-13
3559,1f8cedcd-c91c-4aae-a5e0-ecfdb96ca7ff,Duarte das Pedras,DF,Central-West,2024-05-02
3560,ae2917c1-84d4-45df-a8d6-514760f41905,Macedo do Oeste,GO,Central-West,2024-01-12
3561,34efa156-255a-4787-a292-bd6cdb95e988,Fogaça do Oeste,SP,Southeast,2024-11-21
3562,f25f3382-dbad-44e6-aa75-9a8adeb51d16,Mendonça,MG,Southeast,2023-04-18
3563,6ffcc6e5-461e-44a3-b2fb-094a7d296f9c,da Cunha,MG,Southeast,2024-06-19
3564,289a580f-76ad-47f1-aeec-50cb00c85e9a,Viana,SC,South,2023-03-29
3565,bf922ea5-0f41-4135-956c-b5e4e3915adc,Moura de da Rocha,SP,Southeast,2024-02-09
3566,e19d4f0a-1c44-4135-a9d4-de06342ed9b4,Casa Grande da Mata,MG,Southeast,2024-08-27
3567,c4e0b1c7-6d18-40e9-ad53-cf3047820b9c,Melo,MT,Central-West,2023-06-22
3568,10b72ccf-8793-4d69-833b-f03ec923527f,Ferreira de da Rosa,SP,Southeast,2023-07-23
3569,336fc177-7308-45d1-b96c-c19ca4ed91b8,Mendes das Flores,RJ,Southeast,2024-09-01
3570,3876fdaa-7af8-4c9f-a913-cb7645071807,Carvalho de Almeida,PE,Northeast,2024-02-18
3571,7c641c58-a52d-4946-bc03-032cc7f020cf,Câmara da Prata,SP,Southeast,2024-03-10
3572,250a8bc0-ef19-417f-a452-cdef827b8c89,da Mata,RS,South,2023-10-13
3573,413b4e20-85a3-4473-9eee-fb7fb8a35c0c,da Mata,BA,Northeast,2024-08-18
3574,cca97f81-8438-4157-a885-f19edcac3096,Souza das Flores,PR,South,2024-10-21
3575,f5080d9c-9131-4064-901e-a7fb05325a3e,da Costa,GO,Central-West,2023-12-31
3576,cf492a27-4089-4b7c-8866-7469e6162980,Sá,MG,Southeast,2024-09-09
3577,8e534765-ee6e-4ef6-ab1f-5666f52a72c4,Pires,GO,Central-West,2024-05-11
3578,00dce949-8740-4d86-ba3a-47057f3dcbf9,Almeida,ES,Southeast,2023-05-31
3579,c50a2d22-b08c-49fa-84bb-f71153cef524,Nunes Alegre,BA,Northeast,2023-04-21
3580,2ff79a57-3183-4ab0-bb24-13e8005fb765,Siqueira,SP,Southeast,2024-05-16
3581,6cc2e20f-c3a0-4289-b88b-a4454e6c2bae,Sampaio Paulista,ES,Southeast,2024-10-05
3582,66e66f92-a0fc-4ea8-b310-401b9610b3cd,Brito das Flores,GO,Central-West,2023-01-31
3583,e3e7e32d-323e-4b00-9fe7-0bb878cb7469,Duarte,SP,Southeast,2023-02-24
3584,5b5c87cf-560d-4b39-9b98-8c390bb9c606,Teixeira de da Costa,PE,Northeast,2024-05-25
3585,3a4287f3-7e3f-4d45-955b-9d6088510075,Novais do Sul,RS,South,2023-07-03
3586,90ae41e4-1a6a-4169-9386-5151b0921979,da Conceição,RJ,Southeast,2024-11-26
3587,34783752-0b3b-41a9-9dd6-52a86925f2d5,Jesus de Nascimento,RJ,Southeast,2023-11-07
3588,1a44fca1-1296-4c6d-bd15-e59bfef6f9d7,Silva de Carvalho,SC,South,2023-04-09
3589,37edae1a-36eb-4ef4-bcef-2c153881e713,Brito do Norte,BA,Northeast,2024-11-07
3590,9666600e-eb0f-41a4-82fe-a0e241a722d6,Campos Paulista,BA,Northeast,2024-05-19
3591,73288280-e3ca-4915-96b0-356ca49ce87c,Borges,BA,Northeast,2023-07-26
3592,9c9d3925-3c98-4e89-ac6e-e5ca573f9ac9,Borges,RJ,Southeast,2024-05-24
3593,992bba0e-ca85-4fe4-8014-c0f8ce2fbaf4,Aparecida,MG,Southeast,2023-09-25
3594,8a83e68d-46ee-4033-b062-166c79dbf3f9,Ribeiro,PR,South,2024-07-07
3595,01a0960b-ba89-434b-b224-7627c1e0248e,Cunha de Vieira,PR,South,2023-02-02
3596,199fbb17-54ab-4577-a331-1ee6696c5060,Montenegro,PA,North,2023-05-02
3597,935f6c60-ecc0-4aeb-bab5-51e695379272,Abreu das Pedras,RJ,Southeast,2023-11-19
3598,5b5dc6ed-ef45-49fb-9955-5d44b245e656,Novais de Sampaio,CE,Northeast,2024-03-29
3599,18f67e0c-bd28-48b0-86e2-e0802a0f31e4,Rios,MG,Southeast,2023-02-03
3600,d2832c0d-2c0c-49c0-b14a-9ace46774ddc,da Conceição,SP,Southeast,2024-11-06
3601,2dec9b01-bb81-43fb-8b92-8003bccb296d,Costela,CE,Northeast,2023-11-07
3602,75fa99f2-4b85-4e26-a1f3-eb6f3298d758,Ribeiro,CE,Northeast,2023-06-18
3603,226f93e7-9e5f-492d-b9c2-92597310453d,Campos,MG,Southeast,2023-05-18
3604,344410e5-b95c-4eda-a988-a44db9ca5928,Pires da Mata,RJ,Southeast,2024-02-03
3605,2767ec01-6e8b-4bd6-afcf-7c8ed5b1f09d,Castro,MG,Southeast,2023-04-23
3606,2bdf3df4-01f3-4146-a0ca-40ea79465f66,Andrade da Prata,PR,South,2024-05-17
3607,e4951ebb-d7c8-4cb8-af37-6fbe2cd31317,Caldeira de Minas,SC,South,2024-07-06
3608,12be16cb-3637-4db3-a854-2b64c3b0de86,Leão,PR,South,2024-05-02
3609,b31eb8f5-3ab0-4847-af43-27cc1bc2b4b4,da Mata,PR,South,2023-06-10
3610,8e144e1f-b6b6-415c-852f-e1b1b6b4d8e7,Machado da Serra,ES,Southeast,2024-02-05
3611,8868b644-9822-4d58-bf49-a81cd42aa238,Machado,SP,Southeast,2024-08-28
3612,d6315151-9c67-4338-ac11-0a436cc55999,da Mota de Dias,MT,Central-West,2024-09-23
3613,ed1c4d70-36d2-4823-9b35-4089429e5882,Costa,RS,South,2023-10-19
3614,c5c65d8a-6022-4afc-8ba8-216267e39166,Borges de Pacheco,RJ,Southeast,2023-01-29
3615,207495ab-b1cb-4822-8bee-18761d876a3e,da Conceição,PR,South,2023-05-12
3616,f316891d-8896-4456-b344-dde4bcac4426,Novais,PE,Northeast,2023-12-24
3617,a64fcefb-e8ca-4bd2-a504-f7a97ab4d358,Aragão,PE,Northeast,2024-08-20
3618,e0345e68-89fd-411f-ae06-e33a8498a96b,Cardoso,SP,Southeast,2024-10-02
3619,82278cac-0cfe-4cdf-a872-c5573d9049bb,da Costa,RJ,Southeast,2023-04-10
3620,56d00a82-1564-4478-8d62-0ba689fc17cf,da Luz,MG,Southeast,2024-01-01
3621,22dcb06c-8c85-428e-9502-ec6742da1572,Aparecida,MG,Southeast,2023-02-27
3622,d680b541-d9a9-4834-bd91-f4856d7f1aa3,Carvalho,SC,South,2023-09-11
3623,b2e2f3cc-3873-435f-8a3f-48a4cd88e44e,Moreira,SP,Southeast,2023-11-16
3624,1249944e-713d-4204-9ff5-846e25d7ad5e,Silveira da Prata,PR,South,2023-03-09
3625,526443ba-c298-423a-bcdc-99ef14852949,Cavalcante de Rodrigues,CE,Northeast,2023-04-28
3626,56724b4c-d8e3-4b62-be24-fcd446bc55db,Andrade,RJ,Southeast,2023-01-21
3627,06fe8fcf-c7b1-4265-82f3-9ad2c3f67602,Silveira,PR,South,2023-02-08
3628,2a38746e-528f-4346-9569-064107c4d918,Barros,MG,Southeast,2024-03-08
3629,f3fd9e32-7b14-43c9-b0bf-7f5ab01de936,Macedo,PR,South,2024-03-07
3630,a5c5afe1-89fd-4534-a4f0-78a1c89d43e7,Araújo do Sul,SP,Southeast,2024-04-25
3631,5a744822-fd07-4913-a657-abb6b81f2807,Garcia do Campo,PR,South,2023-11-21
3632,a54680ad-8107-45f3-aa0c-e0e1cb70c67b,Sá da Mata,RJ,Southeast,2024-02-04
3633,8bb7ecee-15c5-45c9-a8c6-35ff42c40e37,Peixoto,RJ,Southeast,2023-04-11
3634,7a0e2539-8a3e-40b5-938d-f7c1ab0b74fc,Mendonça do Galho,PE,Northeast,2023-04-13
3635,268c3b15-139c-4fd6-849a-cd85e9066120,Teixeira,RS,South,2023-07-30
3636,c9ceacdb-9f24-4788-805c-c2d749fa68d6,Dias,RJ,Southeast,2024-05-29
3637,81d42b2f-0a56-4d1c-b808-26ff61235319,Martins do Sul,PE,Northeast,2024-11-14
3638,00b73636-0c81-43cc-9965-ef480b4d2de2,da Cruz das Flores,RJ,Southeast,2024-09-21
3639,16b44b0c-576b-4523-a2fc-ab345868ffda,Silveira do Galho,RJ,Southeast,2024-03-22
3640,67ba189d-2663-4fff-87b0-6378466b9910,Nunes do Campo,SP,Southeast,2024-10-12
3641,cc361369-2636-4245-a9b8-8f333c5d815e,Moraes de Goiás,PE,Northeast,2023-03-19
3642,a94c8612-5e9b-4593-9257-06d0fd9c635d,Fonseca,PE,Northeast,2024-07-02
3643,c8feedd7-2b94-406d-9252-f3214f64710a,Siqueira do Norte,SP,Southeast,2023-09-29
3644,a0011ba6-0a14-4b9f-b6db-95fb8d737aa2,Aragão de Jesus,SP,Southeast,2024-08-10
3645,9a2363fe-6901-488c-bd8a-3090353a044d,Pinto de Fogaça,MG,Southeast,2023-08-20
3646,c5b9cf38-0459-4e16-bfad-7df2c95995ec,Cardoso,SC,South,2023-04-05
3647,cd4f75e6-448f-4dbc-8f8a-ce7c1084061b,Campos,RS,South,2024-08-15
3648,d5bbe3a4-40b8-4dc3-a444-ea5bdd811c65,Novais,SP,Southeast,2023-12-11
3649,0145d3df-bd0e-4e4e-877f-867cea4cd607,Pires Paulista,SP,Southeast,2024-08-03
3650,2d6d0a43-a4ce-48ef-9b60-cc10f64f98b4,Monteiro de da Cruz,BA,Northeast,2024-05-01
3651,b7dabc68-60ca-4ead-b1a0-8f668402837a,Moura,MG,Southeast,2023-12-22
3652,448e8117-6653-4f79-906d-2d9ca5d274e8,Cassiano,BA,Northeast,2024-10-29
3653,b2574bf7-2439-4800-90c6-9c57ac49b6e2,Pinto da Mata,PE,Northeast,2024-05-31
3654,92489bee-858f-4b60-abbe-35eab9da7480,Jesus da Mata,PE,Northeast,2024-03-19
3655,e1236175-3e22-4676-854d-35aa28998ac0,Sá Grande,RS,South,2023-11-17
3656,d85483ef-b9a8-43f3-b8e5-57705e460f1c,Cunha do Campo,SP,Southeast,2024-02-16
3657,40793ca3-c73e-44ab-b5f5-431f4f40f6ed,Martins,SP,Southeast,2024-06-11
3658,63e31ac9-d271-42f1-8a70-7ba8df9a09f5,Pires das Flores,MG,Southeast,2024-07-14
3659,c0133339-f236-47ec-9acc-0d2f281ba827,Sá da Mata,SP,Southeast,2023-01-20
3660,2fc44d65-0ad5-4e56-9f9b-87b0ddc418d2,Viana de Goiás,SC,South,2024-06-12
3661,5705b300-5e79-4796-acfe-02eab89b9722,da Rocha,CE,Northeast,2024-08-13
3662,e953ab78-dd8f-4010-b58f-56a031116b6a,Rios,ES,Southeast,2024-11-07
3663,4ec75bdc-6094-474c-b846-e9c515a8cb98,Vieira Paulista,MT,Central-West,2024-04-23
3664,9361b11d-8352-4aba-8a64-cfccdcf315c6,Vargas,SP,Southeast,2024-10-15
3665,5e4d9d2f-1be5-4474-bb14-672039d26141,Novais,PR,South,2024-09-21
3666,2daf33de-84cc-48eb-803f-8f00b28935e7,Farias Grande,CE,Northeast,2024-03-20
3667,b27b14fd-d4ed-49d8-9c2f-33817736fb28,Rocha,GO,Central-West,2024-10-03
3668,4a298783-099c-4929-9705-9671b031a179,da Rocha,SP,Southeast,2023-07-25
3669,375485e6-ea9e-4202-b463-47573d231e3b,Teixeira,RJ,Southeast,2023-06-01
3670,d41a4093-31bf-4a3c-9ae5-7068d2ed9291,Pastor Alegre,SP,Southeast,2023-11-04
3671,650c5ea2-1f47-4751-b579-0849e22bc2f8,Casa Grande,PE,Northeast,2024-02-25
3672,18360f46-170e-4447-9a28-2f20ce529b86,Moura de Martins,RJ,Southeast,2023-03-07
3673,1faff7a0-c991-484d-a0eb-b3c7b8a3f3fa,Pereira,SC,South,2024-02-27
3674,97e3ab40-3db8-4d15-b2d8-aff9f9c04882,Pires,SP,Southeast,2023-10-21
3675,377f0ac2-7e19-4ad7-b2af-7b95adc4b86d,Guerra,SC,South,2023-09-20
3676,39c8a117-ffdb-48d7-92b1-731ba4df08c5,Jesus,RS,South,2023-08-30
3677,13abd39b-b92e-4cab-88e5-dd93dad50f42,Sá,MG,Southeast,2023-04-27
3678,7f258778-8140-4ce5-82e8-118f9ca3d9d1,Gomes do Campo,SP,Southeast,2023-01-29
3679,dbbeb0d9-802c-4b52-b5f3-0d6e7632d4d4,Vasconcelos da Prata,SP,Southeast,2023-11-14
3680,e44e923a-8643-4ed7-9d30-24fcb864aaf7,Albuquerque,MG,Southeast,2024-07-27
3681,d2026202-356d-4896-af50-f0fbe958c745,Alves,PA,North,2024-03-08
3682,c7547e4d-55a7-4731-9b53-b124960a035c,Camargo da Prata,SC,South,2023-02-07
3683,861c53de-98e1-4160-966c-bda120be8394,da Cruz,SP,Southeast,2023-10-07
3684,78e6e25e-5577-426f-a096-26bab03ac41d,da Luz de Siqueira,SP,Southeast,2023-09-22
3685,98982e99-fa9f-4bb3-92b2-cf4b489d3b8a,Silveira,BA,Northeast,2023-10-12
3686,00c976e5-eaab-4629-aa5e-ec28e86e8c8d,Gonçalves,SC,South,2023-06-30
3687,5885dca5-cac5-4bc7-9c18-17a35e2f0318,Araújo,SC,South,2023-02-13
3688,1227557d-9a8b-4524-8fac-a0ff13853f45,Moura,MT,Central-West,2024-05-12
3689,496e186a-9335-4c77-8599-1a45a3a868d7,Nogueira,BA,Northeast,2023-02-26
3690,65a1ee9c-3b39-48aa-b9d0-eb014ad07831,Fernandes de Alves,CE,Northeast,2023-03-27
3691,ff36fe7f-c1ab-4f4c-a3a8-bfbe96289af2,Correia da Serra,RJ,Southeast,2023-11-02
3692,f10cb4f0-285d-4795-b913-8441d0a05417,Pereira,CE,Northeast,2024-02-21
3693,12d0ff7d-25db-4dbd-817f-8e3b9a1a59cf,Machado,DF,Central-West,2024-11-18
3694,6b13ad0a-5673-48bc-95cf-185a4667b057,Borges,SC,South,2023-04-03
3695,b206da83-0956-40e5-af0c-1132415155db,Cardoso do Galho,MG,Southeast,2023-05-24
3696,bf44ea67-f0cf-4990-a841-667c893e2de8,Fonseca,SP,Southeast,2024-08-07
3697,cac29f1d-c72c-4764-8570-ea72a16700f7,da Costa do Amparo,BA,Northeast,2023-05-04
3698,6f747d68-6dbd-4921-a53f-4313ef82fab3,Moreira,ES,Southeast,2024-08-17
3699,bf10545a-1dd3-45d2-9892-7ebdb1956d60,Lima,GO,Central-West,2024-06-21
3700,f0582911-0499-4aeb-98b6-a5b0c7c22f1b,Correia,SP,Southeast,2023-04-03
3701,852f88aa-0e2d-4f52-bd81-90c8dff4cc91,Fonseca,SP,Southeast,2023-05-06
3702,9b805cc7-e271-4ff8-a5d8-350a63fdb07a,Teixeira,BA,Northeast,2023-11-17
3703,af562306-276c-41fb-a2e3-842606fb22ac,Barbosa de Duarte,RJ,Southeast,2024-08-21
3704,19960b40-367d-4053-bec2-e40df0b81b29,Vargas,BA,Northeast,2023-08-30
3705,572d3274-e5c2-4467-8107-e87337f66fc4,Aragão das Pedras,GO,Central-West,2023-08-12
3706,6fad7460-2ef3-4ed1-8cdf-e58d8252caff,Mendonça,SP,Southeast,2023-06-29
3707,6caa4c8d-7c3a-4a22-98f1-48fba05a53c4,Pinto,SP,Southeast,2023-10-09
3708,d4d61370-8645-4dda-bbe2-2c4935fad47f,da Rocha do Norte,MG,Southeast,2023-09-18
3709,e577e1b6-4dd3-4982-bdfa-45fa1da6f0f0,Vieira,CE,Northeast,2023-02-27
3710,c7be05c6-728a-45fd-bc32-964b871e8c56,Fernandes,MG,Southeast,2024-01-19
3711,dce2ab06-7a15-422e-bcc7-edc84c6694ab,Jesus,RS,South,2023-04-26
3712,a5279af5-3bd6-4f9b-b643-0f4d0bce8eeb,Pimenta do Campo,RJ,Southeast,2024-03-09
3713,5edd3492-aac2-4302-9a3b-c8d80daba507,Sales de Sales,MG,Southeast,2023-09-10
3714,0c286323-d27f-4d1f-9b0d-faab049f32c7,Nunes Verde,MT,Central-West,2023-05-29
3715,4a12d0d4-cda4-4f85-9099-5969b521d095,Oliveira da Serra,RJ,Southeast,2024-01-12
3716,fed024cb-b6f3-4bd4-8409-b7c8ef59a4b5,da Cunha de Pacheco,PE,Northeast,2023-01-22
3717,c1978cb8-6721-4261-aa64-d46bceacd779,Vargas Verde,SC,South,2024-09-12
3718,c7d012b0-de9c-4b51-a038-e284ceddadec,Novaes dos Dourados,SP,Southeast,2024-11-09
3719,4ba9008d-85af-4680-a39f-6cc716f39bed,Nascimento,BA,Northeast,2023-02-25
3720,62544d22-944b-4abb-9dbe-0139c89578d9,Casa Grande,RS,South,2024-11-18
3721,4b5e4a40-1a5a-4977-90ba-1d385492112f,Vargas,SP,Southeast,2024-07-19
3722,91c98ab6-4f41-4193-a328-9c3a801cbac1,Cavalcanti,RJ,Southeast,2024-10-16
3723,2f592f3e-1bbd-4513-b0bc-76c4e3fa6893,da Rocha,GO,Central-West,2024-01-07
3724,f8179896-c6b9-4ce2-a42b-ba10c7d0b0d1,Guerra Verde,DF,Central-West,2023-05-05
3725,0e05926a-f001-473c-b5eb-b7f98f523f8a,Pinto do Sul,PR,South,2023-08-31
3726,27ae2220-7915-4e99-8ed3-1834fd721fc2,Porto do Campo,CE,Northeast,2024-02-02
3727,f8eb7113-6aee-407a-8387-d8eb7509d8ba,Ramos,SP,Southeast,2024-02-07
3728,3745abe5-bfd0-46b4-ac85-ab3f712636bb,Novais de Goiás,DF,Central-West,2023-09-19
3729,53663145-386b-45fc-9b52-ba4d851e4fe8,Rezende de Goiás,RJ,Southeast,2023-08-30
3730,23763f57-852c-42ce-b337-7b9ee60587ef,da Paz,RJ,Southeast,2023-06-14
3731,583d2337-e5b2-4a6d-80c9-578ed3f8b32d,Ribeiro do Campo,DF,Central-West,2024-10-08
3732,b1f4e511-e6f9-4201-a478-03a1fb4a0283,Fernandes do Sul,RJ,Southeast,2024-10-21
3733,c8b93543-d956-4604-8df9-4cb58c9bcaa6,Guerra,MG,Southeast,2023-02-04
3734,8b64612c-5bd5-47b1-835a-dde3972bcd8d,Lopes,SP,Southeast,2023-03-24
3735,c89a10a3-17ef-41fc-841b-1a37a931f647,Oliveira das Flores,PE,Northeast,2024-05-18
3736,12a34b04-a15e-4dba-a82c-3bb2583f66bd,Albuquerque,MG,Southeast,2024-02-27
3737,6d0b4f01-cf09-4990-bb5f-b4278fd1bc4e,Rocha,DF,Central-West,2023-12-07
3738,254dbefe-e1dd-4d91-af88-239fd4a3218d,Moura,RS,South,2023-04-13
3739,fb0059ff-563b-46e0-924e-48b4504e4b66,da Cunha,PE,Northeast,2023-09-25
3740,445d3231-c6f7-4c83-b129-97afd7e305d5,Nogueira Grande,ES,Southeast,2023-12-27
3741,c5ecd23e-cbd9-4d47-966d-b02f3d980395,Moraes Paulista,MG,Southeast,2024-07-14
3742,dac97c5a-0a62-46b9-a624-76fea0443dc9,Cavalcante,BA,Northeast,2024-04-09
3743,00401b20-3946-4d23-8098-e2b47a798ed4,Rios,RS,South,2023-02-23
3744,99b351a6-6f2a-42fd-838e-dbe4da2a4996,Gomes de Minas,SC,South,2023-07-08
3745,d56e0949-1de5-4d73-8e1e-5ebdff99fe31,Montenegro do Oeste,SC,South,2024-10-18
3746,317e43a4-ab16-41fd-94ca-728c1336eb28,Alves do Norte,SP,Southeast,2024-02-15
3747,871eb65c-600c-4bc0-90f3-f41ff2020876,Pimenta,SP,Southeast,2023-11-09
3748,4b045067-1481-496b-877c-bc8ca5f604d7,Sousa,RJ,Southeast,2023-03-26
3749,6864fe6b-7400-47a1-8de8-25b25246cc34,Pires,SP,Southeast,2023-09-13
3750,951c4200-df30-42f5-b226-786f859530c1,Ramos de Jesus,ES,Southeast,2024-10-26
3751,badfbb75-0ce0-4819-a4c6-1f93a0819bf5,Câmara Paulista,BA,Northeast,2024-08-31
3752,7ec9ef95-e54d-4e58-844e-2d9b4526aeed,Macedo de Peixoto,RS,South,2023-11-24
3753,0ee503e3-298d-4c45-a407-675048107252,Carvalho de Silveira,MG,Southeast,2023-05-17
3754,6961a383-dcee-42eb-8351-c35967396010,Peixoto,SP,Southeast,2024-08-30
3755,8e32ebbf-04fb-4e52-9834-75e1231f1676,Souza,PE,Northeast,2023-10-16
3756,a01989d1-b998-4301-bdf9-e116df58c65f,Gomes de Aragão,SP,Southeast,2024-02-29
3757,b30408fa-90bf-447e-a935-72d3fb6333cb,Vargas,RJ,Southeast,2024-02-07
3758,65b411ed-05d1-4737-8377-be10c719f5ea,Azevedo do Oeste,CE,Northeast,2024-08-07
3759,3b6bc3b7-7430-4740-b3e1-f2af32ccea25,Cardoso,SP,Southeast,2023-01-24
3760,5b9df42d-506f-4bc0-ae6f-5a9cf4460236,Costa,DF,Central-West,2024-10-24
3761,66bc6735-f605-470b-aa73-23915840f425,Martins,SC,South,2023-08-23
3762,76d96b12-1443-4a8e-ad5a-cddc8b7080c2,Costela,DF,Central-West,2024-04-18
3763,e85af565-e62c-44bb-bf01-1f14d97bd00e,Rocha,SP,Southeast,2023-06-22
3764,29d374d6-9a59-4f63-941e-c6591a062a0e,Garcia,SP,Southeast,2024-09-24
3765,6c019c07-c016-415d-b807-ef3a1cd4aa85,Moraes,MG,Southeast,2023-09-24
3766,21e219ce-5158-4417-ab6d-0f79fac368c1,Monteiro de Nogueira,SP,Southeast,2024-01-12
3767,60404c51-584f-441f-b9f7-852c92ccadb2,Correia,SP,Southeast,2024-08-03
3768,e432d37d-1307-4fb6-b28e-a99437df79d8,das Neves Paulista,SP,Southeast,2024-06-22
3769,f613aed3-b9da-42b4-8c97-560197b1afbd,Pacheco,MG,Southeast,2024-04-09
3770,dd372743-240e-41db-8c3b-add852b19d01,da Rocha do Galho,PE,Northeast,2024-05-21
3771,18323765-d145-4528-b91b-ad400b022156,da Mota da Mata,SP,Southeast,2023-07-28
3772,73a524c1-3c8b-4189-8d8a-dcc6feb3a855,Rodrigues,SP,Southeast,2023-09-30
3773,65fae4a1-1a03-4833-94fd-fad6400840cb,Nascimento de Caldeira,RJ,Southeast,2024-05-21
3774,76949bb0-e7b0-427d-a44b-405aed7cb20d,Rios de Moraes,RJ,Southeast,2024-03-17
3775,133ee71e-2fc8-4f4d-aa48-9dae2b99f902,Castro,CE,Northeast,2024-09-06
3776,7dd7e170-e0d0-407c-979e-e93ba3999919,Caldeira,SP,Southeast,2023-10-17
3777,84f900cb-42d7-47a8-b181-b49ea0d60422,Cavalcante Verde,RS,South,2023-07-13
3778,d46a537b-bc0b-45fe-9713-412e8bceda58,Viana de Siqueira,MG,Southeast,2024-02-23
3779,3bde8b66-701c-4f0c-9b43-324cafd0c396,da Conceição da Prata,BA,Northeast,2023-01-30
3780,d91b8378-1d6f-4ffb-a06b-ae1f3e372c8d,Nogueira,RJ,Southeast,2023-09-26
3781,688e8d5d-5185-4418-bef4-4a33ae78dd3f,Fernandes,SP,Southeast,2024-04-06
3782,731bd233-c011-4674-928a-77e53a99bbcb,Monteiro,DF,Central-West,2024-01-14
3783,8b6acc43-96af-4fcb-b3eb-f780c91d95c7,Guerra do Campo,PR,South,2024-10-24
3784,0fa38669-b33a-42a9-ba73-42fc741d6857,Monteiro de Goiás,MG,Southeast,2023-01-11
3785,c7a69982-84ad-436e-a7b3-a154e67ae19a,Vieira,MG,Southeast,2023-11-28
3786,00938d5e-c3b8-422b-9d76-4bc403f54e71,Nogueira Grande,MT,Central-West,2024-02-12
3787,2bc2bdd4-d736-490c-a8ae-5c671598203e,Câmara,RS,South,2024-01-28
3788,ac83995b-53f0-4378-996b-f99fa1119bb1,Borges,RS,South,2024-09-03
3789,df9a7704-adc2-4f16-a4b3-0768fdfd984e,Albuquerque Alegre,SP,Southeast,2023-04-08
3790,efe3155d-7281-4822-bd26-ce318a00c9be,Rodrigues,PR,South,2023-02-23
3791,267cb754-91c6-4854-a7a9-cca943d10cf2,Moreira,RJ,Southeast,2023-08-29
3792,2c99562c-efe3-4150-8524-a1bea6bbb51c,Oliveira,MG,Southeast,2023-12-29
3793,65dec4ed-915f-4bf9-93cf-ff732384bb95,Sá de Peixoto,PA,North,2024-11-17
3794,9733b490-8eba-4d06-8a18-6676f473c022,da Costa das Pedras,MT,Central-West,2024-09-04
3795,49ef1088-8ab7-4eb9-9be4-e2ac9f999133,Castro,RS,South,2023-02-16
3796,09ac7ba5-eb28-43e6-a465-aed7207ad1d4,Andrade de Goiás,SP,Southeast,2024-05-31
3797,6ee2f9bf-8ad3-43b1-977d-d689a98d61ec,Montenegro da Mata,SC,South,2023-11-06
3798,e1eaf0f2-4c52-495c-a146-e7b4a5fb9e9a,Sousa do Galho,MT,Central-West,2024-11-18
3799,a5b38959-10e6-41fd-a127-f6638db4daaa,da Paz,RJ,Southeast,2024-07-26
3800,8bb27f15-a045-49e6-b3ad-562d58c68877,Sá de Andrade,SP,Southeast,2023-07-03
3801,17776760-70ff-4474-a7a3-208eb1fde4de,Cavalcanti de Goiás,SP,Southeast,2024-05-30
3802,72948c64-66d2-40a7-8b41-8bdfe52b9187,Mendes do Oeste,MG,Southeast,2023-12-14
3803,a81f3e5b-f8dc-4c64-84e4-37538a0d9af8,Alves,CE,Northeast,2023-05-16
3804,465fd96b-73b6-4143-9d96-d6ddef145b36,Vasconcelos de Minas,SP,Southeast,2024-06-27
3805,b82b2b93-1040-4bf3-9d30-b0f7f6a97c38,Monteiro de Pimenta,MG,Southeast,2023-09-24
3806,8abefd88-626c-4a12-be12-9751883e153f,Pinto,SP,Southeast,2023-02-15
3807,817c781a-6fbc-4464-aa52-4c6993188472,Silva de Cassiano,MT,Central-West,2024-05-26
3808,51f323e6-2126-480a-9586-cc32d64894cd,Monteiro,CE,Northeast,2023-10-15
3809,ca600b2d-09c6-48dd-bff0-90b9fe835c51,Rodrigues do Galho,BA,Northeast,2024-03-16
3810,2fad3d7e-a4bf-4846-a60a-3bdb002ae6c6,Freitas,RJ,Southeast,2023-09-27
3811,e20da100-44f2-40db-b20c-651e0d477c01,Ribeiro,SC,South,2023-09-28
3812,c16cd93f-5c40-4fa3-9e27-52bae50c27d4,Garcia Alegre,ES,Southeast,2024-03-22
3813,09cf1063-91b6-4a01-b4e6-0f83af844b8f,Rocha,DF,Central-West,2023-11-20
3814,e6571d38-4793-4cb1-aafc-c87e1ff49019,Vasconcelos,BA,Northeast,2024-05-18
3815,5fe1271f-da3c-4beb-97b6-b27cbf18d74a,da Cunha da Serra,BA,Northeast,2023-06-04
3816,75ef8169-64a7-4279-8609-a880ef29c0f7,Costa Grande,PR,South,2024-11-04
3817,9c83e2d2-d0b2-4078-9393-6f3e5a5f838f,Cirino de Goiás,SC,South,2024-03-26
3818,aefb886b-2212-4446-b39e-ab73a24a7b89,Vieira das Flores,SP,Southeast,2023-06-02
3819,ddc55228-38e1-4998-9dca-9cc3d48f16c5,Nogueira,SP,Southeast,2023-07-07
3820,92958d18-ec7c-44a8-a6c9-e05ef5e1ab65,Fernandes,SP,Southeast,2023-09-24
3821,14611ef1-42bf-48d2-aa17-879a67a79886,Cirino da Prata,SP,Southeast,2024-04-23
3822,fd481505-b8f0-4270-967f-d2e9c2f18bfc,Cavalcanti de Fernandes,MG,Southeast,2024-05-21
3823,935046f4-f7f8-4118-aaed-0848639a851f,Guerra,SP,Southeast,2024-01-01
3824,de4b2801-38be-418f-96d0-d89df2314c7d,Fernandes,AM,North,2024-07-28
3825,afba5ddc-c81c-497a-9ba1-cbe2879d19c3,Caldeira de Goiás,MG,Southeast,2024-05-19
3826,8125aedb-f088-4735-bdce-4f12dc4676c7,Novais,SP,Southeast,2023-06-01
3827,5da55873-5e85-4364-a426-f2e5b5eae220,Ramos,SP,Southeast,2023-04-06
3828,f4cd6362-434a-4842-84d8-ec6a7d5887a5,Novais Alegre,SP,Southeast,2023-10-18
3829,c1886c58-5208-42d3-9c21-592004007c5d,Vargas de Rodrigues,SP,Southeast,2023-06-22
3830,39659c7a-42ff-4b13-932a-27d1498ccdd7,Correia,BA,Northeast,2023-10-07
3831,1eb6dd1c-9f88-4e6e-a0cc-faff4e7e9ac8,Camargo,PR,South,2024-11-10
3832,7bf7bf91-9958-41e0-bb31-0f54e9f410c9,Aragão,PR,South,2024-08-20
3833,b4664f33-d541-4860-8583-d0bb32fb59fd,Pacheco de Goiás,PA,North,2023-01-05
3834,1604c332-09a6-4674-8b1f-a32544e5f394,Costela das Flores,PR,South,2024-08-07
3835,4b2ca54d-5343-4238-9694-c02c4ebd9823,Caldeira de Duarte,SP,Southeast,2023-03-20
3836,1b72ea6c-33c9-4fa1-93e8-7b79d3dd8cf8,Siqueira,SP,Southeast,2024-05-25
3837,e2d76077-9e8f-4807-9db9-64902c6b2108,Leão,RS,South,2023-12-03
3838,f35c02fd-d88b-4a71-ba53-d4ca79d1acbd,da Costa,SP,Southeast,2024-11-28
3839,d9ffcacd-7284-4356-ad1e-b9b4cc7e66de,Aparecida do Sul,AM,North,2023-05-05
3840,f3e62704-4408-4b43-9eea-d5def5b5777f,Sampaio,RJ,Southeast,2024-08-27
3841,1bee4909-cd68-411c-a4b0-190ddd40111a,Vargas de Minas,DF,Central-West,2023-04-19
3842,2d6527a1-5a96-4960-86bd-ce4309025afd,Gomes de Pimenta,PE,Northeast,2023-06-07
3843,1f3c4a38-ff62-499a-b2ae-7fce877a71fc,Novais de Araújo,SP,Southeast,2024-04-16
3844,21b2caa6-d5bc-4d83-bb85-3c919ae5fbbc,Abreu de da Mata,PE,Northeast,2024-11-06
3845,d83e6704-3c29-4c68-a138-fe3c5c699e1f,Guerra da Serra,MG,Southeast,2024-10-05
3846,54b56b05-ef67-4fc8-a308-961be3e32e42,Leão do Norte,GO,Central-West,2024-08-31
3847,c5de72fb-dd31-4c0b-930f-7e66f49eaaa3,Vieira dos Dourados,SC,South,2023-12-04
3848,4c745676-478f-4edd-b134-1dec89f653a9,Carvalho,MT,Central-West,2024-11-02
3849,829d03f5-567f-4e50-b4c3-13eb7e225d5c,Sousa Paulista,SC,South,2024-04-08
3850,bb9e88f8-56eb-483a-a1d6-0cf18a95e0d8,Fonseca Alegre,RJ,Southeast,2024-08-05
3851,9d180608-d771-4c05-b671-f1b2c9a0a9ef,Cavalcanti do Galho,SP,Southeast,2023-02-19
3852,9d482c49-f53f-42d3-8df6-720520ff622c,Barros,BA,Northeast,2023-10-17
3853,fc424352-6d98-4038-b174-429ccffa9e4d,Alves Grande,RJ,Southeast,2023-02-26
3854,e1eadd41-019a-4843-99db-ff58eebd342d,Aparecida,BA,Northeast,2024-07-14
3855,5f5c6553-4e8d-4654-8d37-10e627ebe3a5,Pastor,GO,Central-West,2024-01-26
3856,129f9fa5-3b6a-48cf-a0df-542da5b813c2,Cardoso,SP,Southeast,2023-09-19
3857,e211cc10-d368-4594-a09b-6f17a484be3e,Duarte,SP,Southeast,2024-02-13
3858,3556071b-11b9-41b1-913f-9d0fde550a06,Duarte,SP,Southeast,2023-08-02
3859,8593d3a2-08a6-4a64-bb03-f61b5705a33e,Porto,SP,Southeast,2024-02-17
3860,bcf7bbc2-8e38-440e-acf9-8cc8a20c9fea,Rodrigues,RJ,Southeast,2024-10-31
3861,48cc02e8-4da2-4b5e-88ae-4aba19b1cec8,Gomes Verde,SP,Southeast,2023-11-02
3862,7d99e386-b77c-4be6-bebe-e6a69eb5d8d2,Monteiro,MG,Southeast,2024-03-18
3863,fd8efc60-b0bb-49d9-99b0-0417f68d6979,Lima,BA,Northeast,2023-11-14
3864,c9f09bd6-a327-45f7-a61c-436872f1f318,Silveira de da Rocha,DF,Central-West,2024-09-09
3865,bf34d889-2653-4bd4-a9cc-aeb0a4a5308d,Cardoso,SP,Southeast,2024-11-12
3866,fc1b3217-83eb-4e95-9891-0c365dc57345,Freitas,SP,Southeast,2024-01-12
3867,f56ccffa-f31f-4ee0-b58a-e85449b4af17,Moura,ES,Southeast,2024-05-16
3868,2c4176f7-d045-417e-8e2d-b21537eb9827,Sousa,MG,Southeast,2024-02-02
3869,101b3c72-d61a-4a69-b0bf-9bd2223bda76,Costa,MG,Southeast,2024-07-30
3870,d756b927-e0f0-4008-a4a9-94d79b48c6fb,Pires,PR,South,2023-04-03
3871,0f199b92-17b4-46d0-9fc2-e9524e0bec8f,Sousa do Sul,BA,Northeast,2024-01-13
3872,3ea7d639-8503-43b7-9700-7953e2aef508,da Luz do Amparo,SC,South,2024-03-20
3873,8d80c2fe-b7b1-4072-b436-873728ffa490,Ferreira de Alves,SC,South,2023-04-06
3874,78bec228-c455-4a79-aa41-50de8852c78e,Moreira de Minas,SP,Southeast,2023-12-16
3875,c973c84e-2d4c-4413-b4be-3766aa47bfc8,Ferreira,MT,Central-West,2024-11-23
3876,42a5af9b-5223-46bb-b6d9-d64d7ae67ecf,Novais Paulista,SP,Southeast,2023-06-08
3877,279e04e7-6100-4856-a2bb-0c8d7bdc80ac,Duarte,DF,Central-West,2024-06-23
3878,82cc3039-1719-444c-9e5d-531a2477536f,Garcia de Ribeiro,SC,South,2024-06-21
3879,1a2d0d7a-bac4-42f8-bdb8-014a8dc5d246,Aragão da Prata,SP,Southeast,2024-04-24
3880,7085770f-b7e1-4b21-ae80-c748de78c603,Ramos,MG,Southeast,2024-05-04
3881,7508e10c-1035-4dda-acf0-c77d7801792b,Costa,RJ,Southeast,2023-05-11
3882,ba72186e-b79a-4c86-8986-b3e47161c888,Nunes,RS,South,2023-11-04
3883,2fa76c80-f774-4c4b-9522-496ea7c809be,Duarte,PE,Northeast,2024-06-19
3884,939f3536-27ba-43dd-ac2b-d5a32e89bdbd,Sousa,MG,Southeast,2024-08-05
3885,f4914ab0-2bd3-46cb-a1ad-d4fa6974eaee,Siqueira,SP,Southeast,2023-03-20
3886,a841588d-53b3-4daf-8ca5-ac2e6d566dcc,Porto,DF,Central-West,2024-06-09
3887,8cf7fbd8-8d9a-48d8-bc7c-53724d9e6b9f,da Costa,SP,Southeast,2024-03-11
3888,a73ff524-5339-4b18-aaa3-ed5ee58e8fb6,Sampaio de Goiás,MG,Southeast,2024-04-20
3889,e4ff5eec-db0f-4685-93dd-ee65ca12f3d9,Dias,SC,South,2024-08-05
3890,444b9490-4edd-4cfd-b08f-ecf78e525adc,Campos do Amparo,PE,Northeast,2023-12-30
3891,bcb39076-7688-476e-a504-ee5ab98b9459,Câmara de Castro,SP,Southeast,2023-03-25
3892,3f444245-4a33-4325-a4a1-0253cee8efcf,Oliveira,BA,Northeast,2023-01-17
3893,40ff5822-dd8d-4747-82d3-61aa5526db8e,Pimenta de Silva,SP,Southeast,2024-11-08
3894,e4ad77b0-2e32-4832-9dd1-8fcfb99b8d2d,Pereira de Pacheco,MG,Southeast,2023-07-06
3895,922fe35d-2fd1-4775-80b0-2a827054ef5f,Macedo,PE,Northeast,2023-02-16
3896,54c39b6d-0e31-475c-a97e-b3ce11e3d175,Rios,SP,Southeast,2023-11-01
3897,c27eb09a-77f0-4674-988c-a047e6acb189,Silveira de Camargo,RJ,Southeast,2024-04-10
3898,e537cd52-b53a-4800-bd86-1a5536d83fad,Carvalho Verde,BA,Northeast,2024-04-05
3899,ea3c2de7-f220-4acf-8eed-8d34f3843346,Cardoso,SC,South,2023-09-29
3900,acdb425c-cff4-40eb-8730-24e4263490a1,Carvalho,RJ,Southeast,2023-07-11
3901,baad0da4-65aa-4c06-9d43-3dc2cb115be6,Novaes,SP,Southeast,2023-03-22
3902,e224a224-09a3-457e-ac5b-2eb0303da252,da Luz,BA,Northeast,2024-09-10
3903,9b48d302-7d2b-4714-8de0-b52ac2d0af1f,Moreira de Montenegro,SP,Southeast,2024-11-20
3904,70390356-91a4-43a5-9d16-663a8183abc0,Rodrigues do Oeste,SP,Southeast,2024-07-01
3905,b477caf7-b8d7-4825-bd6f-6707b17d64df,Rios do Galho,SP,Southeast,2024-02-09
3906,a32e6cb4-3c9e-473a-af45-a1125b7c3988,Araújo do Norte,SP,Southeast,2023-06-25
3907,fa5d8ae7-4733-4a26-8470-32f633b5f51d,da Costa das Flores,SC,South,2024-04-16
3908,929a3bab-d08e-4441-94fe-9960a5396212,Camargo dos Dourados,RS,South,2024-11-04
3909,df2ff029-d5ce-4fac-98cd-9df3110024b8,Costela,MT,Central-West,2024-09-08
3910,e606b32f-920d-4830-ba5b-70e7df3bd35c,Almeida,RS,South,2023-11-07
3911,93c29f31-a495-4bf9-a632-fa9dc768edb9,Vasconcelos,SC,South,2024-09-23
3912,963dbc5e-f11b-4c1b-bad1-ffe7ed46d087,Ribeiro do Sul,RJ,Southeast,2024-11-20
3913,7a5c28ca-32e7-4520-8d83-b05517ac720e,Rezende do Galho,MT,Central-West,2024-11-22
3914,d2c07522-9cb1-4954-8e83-2587315eb39f,Abreu,RJ,Southeast,2023-11-06
3915,7858406c-fdff-47de-aa63-bd5b9398ba02,Costela,SP,Southeast,2023-05-19
3916,17ca35a2-7ff7-4b20-97ee-a179afd063d6,Casa Grande,SP,Southeast,2023-04-25
3917,26a3761b-a21f-46b2-8c65-057665d77fc8,Camargo,PE,Northeast,2023-07-12
3918,dde2134c-1e3a-4063-a84b-aa23350e0c9a,Jesus de Martins,CE,Northeast,2023-08-03
3919,0db26722-23bf-4f71-a901-bdb8c0ae50f3,Pereira,MG,Southeast,2023-05-29
3920,16d83599-ac66-49e6-befb-3cb8c578f4f4,Camargo,SC,South,2024-03-22
3921,2127130e-1ac0-4ff3-a717-1ab761f0e5c5,Aparecida,PE,Northeast,2024-07-05
3922,082bbc6f-b8bf-4903-9e15-00621ef70629,Carvalho de Silveira,SP,Southeast,2023-11-05
3923,ecef93a2-be19-437a-a966-544f57cad887,da Cruz de Costa,BA,Northeast,2023-06-01
3924,bacc5ea6-bf2c-457e-9f7b-3992ecec73f2,Andrade,MG,Southeast,2023-01-23
3925,6e73699b-3144-4c35-9266-facc4b2a2bb4,Fernandes do Oeste,SP,Southeast,2023-06-06
3926,2dc84e80-a90b-4c3a-836e-c6cb8941069b,Rezende de Rios,BA,Northeast,2024-03-31
3927,855fc748-c6d2-43f9-8d2c-d22dcfaeaf3f,Cassiano,MT,Central-West,2024-04-27
3928,2d17534a-4834-49b1-88f5-d39ec3ad1a08,Borges,SP,Southeast,2024-04-05
3929,8ef26cac-ca32-41eb-85d0-490248d1be77,Pires do Galho,PR,South,2023-07-26
3930,dc1eb9f4-564f-44ad-ac03-89c123ff18b2,Oliveira,RJ,Southeast,2024-02-06
3931,227763f8-fb63-4b0b-939e-a196aa386ce6,Peixoto,SP,Southeast,2023-01-09
3932,0461a44d-20f9-45d8-a025-cf7c4966055e,Sampaio,SP,Southeast,2024-03-18
3933,f7b9a2e2-fe9b-42d5-9de1-d542d8ccacd5,Silveira das Flores,MT,Central-West,2024-05-22
3934,cf7a9bd5-10e6-4719-8a7d-60a1d6f30b49,Cunha,BA,Northeast,2024-09-02
3935,98a0be4c-91a1-4855-aabd-4589b7365e1b,Cardoso Verde,RS,South,2023-10-25
3936,c6bfb986-045f-4a04-92d0-7acf7f1e6dcc,da Conceição,SP,Southeast,2024-02-14
3937,24522ef6-1e5f-4e58-b427-eefaf808e17a,Correia das Pedras,MG,Southeast,2024-08-28
3938,539e9c1f-8cb8-4f5d-9be8-7a2aef6739d2,Gomes da Mata,RS,South,2024-11-25
3939,36467544-215d-4b1e-ac8c-93ebc337ed45,da Luz,DF,Central-West,2024-05-14
3940,be1e0254-e35a-4c0c-932f-dba1f106f955,Alves,SP,Southeast,2023-03-04
3941,ee209e85-7b5a-4ea7-bd77-319f240e78ce,Lima,PR,South,2024-03-08
3942,2975cef7-9d3f-404a-9ca0-678b1f8452fb,da Conceição de Novais,PR,South,2024-07-20
3943,2a9608bd-0f70-4894-8726-78ac7eaef452,Macedo,SP,Southeast,2024-10-25
3944,15db0b31-f6c8-4ff5-b8b7-5626b805f666,Lima Verde,MG,Southeast,2024-04-29
3945,2146de31-3a6b-45aa-a98f-307205bab8a1,da Paz,SP,Southeast,2024-09-29
3946,e6afcce9-f1f5-4294-a66c-93f287f2b581,Fernandes,GO,Central-West,2023-12-22
3947,dd32b854-f3f2-43b7-82d4-f31c51c680ca,Rodrigues,MG,Southeast,2024-03-22
3948,38ca4da7-01f0-48fc-a45c-cc55a1b95e07,Andrade de Goiás,SP,Southeast,2023-10-22
3949,9dbb2aeb-0450-4237-9feb-fdaf0f038aaf,Guerra do Amparo,RS,South,2024-04-25
3950,a3cc77c1-c4b6-4e47-aa09-70c6907e5f2d,Freitas de Lima,RJ,Southeast,2023-08-26
3951,9f76cb6f-4eea-455b-896e-517fe49e6f6e,Freitas,ES,Southeast,2024-08-24
3952,c743eed3-ad54-4be9-9712-4b5a715c2507,Freitas da Mata,DF,Central-West,2023-12-14
3953,f21dfe36-2c27-4031-97ef-f6da6cd7f2a3,da Cunha,DF,Central-West,2024-11-03
3954,230933ad-1b3e-4ba1-9771-b4467ac53288,Martins das Pedras,MG,Southeast,2023-10-28
3955,8e10a3c7-0b4b-4f23-9c4d-acfd00b30bda,Vargas,RS,South,2024-02-04
3956,83a17fac-c89a-4cbd-8c19-2b501e56a4fb,Andrade,GO,Central-West,2024-11-20
3957,e955f593-ce5c-4b20-86d2-3bde350c559f,Novaes de Goiás,SC,South,2024-01-04
3958,46b3138a-660d-4992-b307-039f19b251ca,Mendonça,BA,Northeast,2023-06-15
3959,0ae95eb4-842a-4bac-ac7e-80ad29709912,Moreira,SC,South,2023-10-17
3960,ab91dd71-ba0d-44f5-8ff5-435718f1101e,Machado do Campo,RS,South,2023-03-30
3961,de519932-07cd-4beb-97be-4ad925ebfcee,Fernandes,RS,South,2023-05-13
3962,159d880c-76a5-425c-8f90-bfaab44d4088,Moraes,SP,Southeast,2023-06-10
3963,1a06cff0-73f5-4452-a899-25840ade0b41,Aragão,SC,South,2023-04-14
3964,550714a7-3aac-4179-b66e-58a876421a9f,Aragão,BA,Northeast,2024-05-20
3965,5c726f34-49a8-4d9e-9ec7-56cad02094d6,Mendonça da Mata,RJ,Southeast,2023-08-03
3966,2ccb87cb-668e-4827-8d10-1511331212d1,Santos,PR,South,2023-01-19
3967,90ac7063-0476-444d-8658-a5a83251561e,Cirino da Praia,RJ,Southeast,2023-09-25
3968,ad2654a4-8733-4652-9c01-ef9d881cf24c,Machado das Pedras,RJ,Southeast,2023-06-12
3969,40f6754a-989d-45ed-adf2-b925b41287fb,Alves de Costela,SP,Southeast,2024-05-30
3970,55717909-0166-43b7-8fae-987e1ed8d9a2,Rios,SP,Southeast,2023-03-07
3971,334b2922-c6e9-49c4-9f46-6896cdbc3b08,Castro dos Dourados,RJ,Southeast,2023-04-27
3972,6ffe5a67-d69c-4777-8114-a2dcec062d4a,Lopes Grande,SC,South,2023-05-04
3973,1067308a-95cc-44cd-9a6d-86ba1434faeb,Carvalho,PR,South,2024-05-13
3974,04dbe9aa-7999-429e-9a8f-55c4b310f0ed,Araújo,SP,Southeast,2023-12-15
3975,6a3098aa-6729-4b46-8418-dce5fad5ab17,Brito da Mata,BA,Northeast,2023-02-17
3976,96dd4b80-a078-4e8f-9490-9f0af70f8b81,Sá,BA,Northeast,2024-07-24
3977,0cf2a69a-1dd1-4a42-8b8b-e57b115c13de,Pastor de Mendonça,SP,Southeast,2023-06-04
3978,e9f746e7-1fd3-48d0-b7a4-d097aaa22344,Andrade do Sul,CE,Northeast,2024-06-11
3979,95e78fd0-433f-4d33-a7b4-d7c9bfbff315,Nogueira,SC,South,2023-04-17
3980,1164d2e6-8d52-4457-b104-9c45c4ad84e4,Oliveira do Sul,RS,South,2024-03-24
3981,ff5b2d52-aaef-4591-bfd1-80e550a6eb22,Dias,BA,Northeast,2023-04-24
3982,4169de84-0ad3-48b9-ac10-180ec8d2382a,Pastor,MT,Central-West,2024-09-17
3983,991228be-d483-464a-a586-88744c3167b6,Gonçalves de Viana,SC,South,2023-04-15
3984,7e29bddc-fd5c-474e-8778-dbe69b29f76e,Ramos,PE,Northeast,2023-02-12
3985,971f0676-7697-47b7-b2db-a13d10ab9db1,Rodrigues de Campos,ES,Southeast,2023-06-21
3986,9a5d5ace-61d9-407c-aa21-ab97d04c5e8e,Caldeira das Pedras,SC,South,2023-07-30
3987,197ddceb-f498-416e-a1cb-03f3e877a70d,Cunha,DF,Central-West,2023-06-10
3988,0c921749-f3da-443e-8962-394f7c2609e1,Mendes de Oliveira,RS,South,2024-03-28
3989,d4b6f0f2-3bb9-49b9-bf8c-c66b4423fcd5,Teixeira,BA,Northeast,2024-05-25
3990,35ffdd0c-2eda-47d5-afd8-440a5283889c,Pacheco Verde,RS,South,2023-04-12
3991,9c4cc0fd-fee4-4434-9d2b-11d0e976d79f,Albuquerque de Azevedo,SP,Southeast,2024-01-08
3992,439cf4f8-e93b-4044-9292-5f7cb624013a,Lopes,RJ,Southeast,2023-05-22
3993,a90ae1cd-f4ac-41f0-bcf0-86c5d91e7e1a,Alves,SP,Southeast,2023-07-26
3994,83fc7a2b-0d0d-43d3-b79e-e83d36df2239,Nogueira de Cavalcante,MG,Southeast,2024-03-01
3995,0e0f6619-6926-41f5-96ca-331c1b0e93e1,Ribeiro,BA,Northeast,2023-01-07
3996,a17db91d-0705-4d15-a8c5-840faa54e68f,Brito da Prata,SP,Southeast,2024-04-30
3997,156c992b-cc97-4171-b926-393cf1974022,Freitas,RJ,Southeast,2024-06-01
3998,9d7e5e48-c03c-4a32-b3aa-475caf314f40,Casa Grande de Camargo,SP,Southeast,2023-09-30
3999,f667a91a-71c7-4bf1-b9db-e07e15604ec8,Siqueira,RJ,Southeast,2024-02-29
4000,a03ef56a-80ef-4ccf-8999-b812d61676fc,Ribeiro do Galho,RJ,Southeast,2024-11-11
4001,d9f56388-d202-4cd5-90b8-bcbb07d1316f,Nogueira,SP,Southeast,2024-06-26
4002,4291b38c-e4e7-47a3-a624-f8eded965f31,Nascimento Grande,MG,Southeast,2023-08-22
4003,7387d450-1ec8-4ceb-8201-526f2924b472,Moreira do Galho,SP,Southeast,2024-03-15
4004,9232cc60-3bae-4b8e-ad56-9361bcc93b94,Montenegro de Freitas,MG,Southeast,2024-02-24
4005,8a02711e-02f3-44d0-aeb8-c6eb700affff,Araújo,DF,Central-West,2024-06-12
4006,8a43aa23-426e-42f9-8693-d01acfd6bb31,Leão,BA,Northeast,2024-01-06
4007,aaa54056-7928-413d-91f8-8167796c39ad,Cirino,GO,Central-West,2024-03-29
4008,903ce3b1-6158-4ec7-b05c-b0aed795187f,da Rosa,SP,Southeast,2023-01-11
4009,c3bd7384-176c-4975-a73a-0c97987e828b,Castro,RS,South,2024-06-13
4010,aca19386-7feb-4020-a417-eadf82ca3ac9,Vieira da Serra,GO,Central-West,2023-03-28
4011,8f47c5ae-6c68-437a-aba0-24bd99932899,Martins,RJ,Southeast,2024-02-16
4012,941eddf9-6460-4660-808d-551fb9e89990,Rios de Porto,AM,North,2023-06-18
4013,96be541b-0b0a-400f-8462-ecae0cce769b,da Conceição do Campo,MG,Southeast,2024-02-07
4014,16a3ce4e-ca5c-4c4a-a79b-d4394236fb0e,Camargo da Praia,BA,Northeast,2024-11-07
4015,e64b5523-7e8e-448b-8b44-f9076d59ae12,Cavalcanti,DF,Central-West,2023-06-04
4016,e4cda3b9-ac97-4067-88bb-ec177ccd3eb6,Farias,DF,Central-West,2023-03-01
4017,1b64ef32-5aa2-48e1-a09c-6c82b90db373,Pacheco de Ribeiro,MT,Central-West,2024-11-07
4018,2e858bc6-65ed-41d9-a424-2b77ab86fc70,Porto do Norte,CE,Northeast,2023-10-30
4019,6bf01ba6-ed1d-4817-9ad0-afdce2801ef0,Pimenta das Flores,MG,Southeast,2024-11-28
4020,b8692e43-3fa7-4954-8bfa-fb8c623c2c71,Pimenta das Pedras,RS,South,2023-11-08
4021,82fecfdc-73fb-4982-8401-4a72068f19b5,Cassiano de Minas,RS,South,2023-11-18
4022,8f92c2c3-2727-4ea4-82f9-378571a67925,Caldeira das Flores,DF,Central-West,2023-01-09
4023,eef474a3-fb31-455f-a8e9-209e24705fcc,Pacheco de Goiás,PE,Northeast,2024-06-24
4024,4674a2f5-6818-477e-a15c-6648d355441e,Abreu,SC,South,2023-05-31
4025,f5cca86b-92e9-4aa7-b7b8-a5e480a5fe0d,da Mata,RS,South,2024-04-01
4026,b25a2225-885f-40aa-a66e-f49188dcfe09,Pimenta,SC,South,2024-07-11
4027,233089c9-6f97-4ebd-a15d-96420a84bd34,Gonçalves do Amparo,SC,South,2024-09-25
4028,c0bdbeaf-fcce-4fb6-bd97-a59526be21e5,Pereira de Oliveira,SC,South,2023-12-20
4029,9f8c9841-05a5-42a9-acc7-3151117244f7,Borges,CE,Northeast,2024-10-26
4030,ffab82a0-36e6-4004-92e8-089e4cc639c9,Pastor,MG,Southeast,2023-07-22
4031,b98a953f-fe85-44e1-81b6-5800e5642b96,Fogaça,CE,Northeast,2023-03-28
4032,998549bc-fcb4-4e27-8167-dc84a9432abd,Costela,SP,Southeast,2023-12-09
4033,3b8ee0e0-1ba3-4c18-a84a-05d0b6f8dba9,Melo,RJ,Southeast,2023-05-10
4034,001bd08e-e4fa-4e93-a85a-9a7cb83f34ca,Cirino de Goiás,ES,Southeast,2024-07-07
4035,523b505c-4127-4bb7-ab19-071b0b35e0a1,Guerra,RJ,Southeast,2023-04-06
4036,b348f0fe-d47e-4b90-879e-46ae551b7d7f,Cavalcante,ES,Southeast,2023-11-16
4037,47465064-f4c6-41ef-a80b-bc7a5c3dae7b,Monteiro Grande,ES,Southeast,2024-10-12
4038,18ecae05-9dc4-405f-9fe3-c69c431e6874,Dias do Norte,SP,Southeast,2023-01-29
4039,4a05e06d-b26f-4bb2-b178-bdbbdf7facac,Alves Verde,CE,Northeast,2024-07-06
4040,102c89ba-d85a-4e1a-a6ed-b71c6a989799,Sá de Sousa,PR,South,2023-09-05
4041,ee6d7a27-e95b-4b7b-a585-fc3d7bf7202e,Vargas,PE,Northeast,2023-11-08
4042,4239a13e-b33f-4435-a074-79d2840aa19c,Nogueira,RS,South,2024-06-01
4043,babf9447-e855-4690-b4d8-57458a81b778,Guerra,SP,Southeast,2023-03-03
4044,253ce114-8d18-4c2a-9554-fadf76339d1d,da Mata,PE,Northeast,2023-09-23
4045,69e83561-4557-4dcb-b15e-ae421461f0d8,Viana,SC,South,2023-12-29
4046,9f5f4623-5392-4935-96f8-d94c39fa35e6,Gonçalves,SP,Southeast,2024-10-28
4047,43d8c607-f27a-4635-a064-62aea0683570,Pimenta da Prata,GO,Central-West,2024-04-04
4048,3fbce063-ea46-4d0d-8e05-2ac89e0e5cdf,Sampaio da Prata,RJ,Southeast,2023-01-06
4049,81b89c44-ee28-4856-8fc6-0d4370ba8e9c,Nunes da Mata,MG,Southeast,2023-08-30
4050,171da14d-dde2-4a23-a47c-666ab04dee79,Fernandes Verde,PE,Northeast,2024-08-18
4051,cdb75f57-5045-4f2b-ba98-f0cf42df3d68,Camargo,PR,South,2024-10-04
4052,b8edffe8-2280-429d-9d1b-40f51fc61eb3,Araújo,RS,South,2024-09-01
4053,7a4e438d-c7f2-4172-affc-e532d8460625,da Cruz das Flores,SP,Southeast,2023-11-03
4054,59ec3e63-0b63-481e-b1dc-3a91e39f95a1,Barbosa,RJ,Southeast,2024-08-09
4055,aec9c199-6c27-4a62-941f-8b4c79779361,da Conceição,RS,South,2024-01-22
4056,c0b15ca3-89ae-47cb-9893-e27dd5204b48,Costela das Pedras,ES,Southeast,2023-09-11
4057,f9d23cfd-6929-41b1-bfa1-292a507bbb8e,Brito,SP,Southeast,2024-06-12
4058,53e11f55-4289-481d-944a-f6a683c14496,Peixoto do Norte,PR,South,2024-01-05
4059,0c953522-01f7-4517-bc4a-42db61050668,Peixoto,MG,Southeast,2023-05-31
4060,4d17094c-9288-4bf5-a6bd-63a4a7f3cf5c,da Rosa,RS,South,2024-02-26
4061,400e4540-9492-4a69-b8a5-764a87c53450,Aragão,SP,Southeast,2023-03-05
4062,ffa6df21-6057-4624-aba6-71024b16d8a8,Rodrigues Paulista,MG,Southeast,2023-05-14
4063,dc8f79c8-bd95-4829-a72c-f300c917a68e,Lopes do Amparo,MG,Southeast,2024-04-01
4064,ca07906e-53ae-4bce-8ccc-f4326913ed3b,da Luz da Serra,SP,Southeast,2024-11-24
4065,ee6fc3f3-ca5e-4705-91f8-0fcf03acc634,Dias das Pedras,PR,South,2024-08-25
4066,c19aab0f-7d72-4f73-9d3b-64acdd7c5485,Fernandes de Nascimento,PR,South,2024-02-09
4067,735bea93-923a-4413-8778-9daee4787edc,Vargas Alegre,CE,Northeast,2024-08-21
4068,c8009f5e-3139-412d-b881-efd7f6fa5eb6,Lima,ES,Southeast,2024-03-09
4069,c84042f9-db66-4c53-be15-91ee217fc48c,da Luz das Flores,PA,North,2024-05-16
4070,217c82b1-c884-4ac6-a19a-4805e03a0ab6,Vargas,RS,South,2024-03-02
4071,4a086284-b35a-4b1c-9625-583a6b32264f,Caldeira,PE,Northeast,2023-05-28
4072,9a88d62a-5581-4914-a1f3-a5bc658064de,da Conceição do Norte,ES,Southeast,2024-05-11
4073,acde5588-ee92-4236-b1dd-ecb702580dcb,Castro da Serra,RS,South,2023-05-13
4074,4b4af20d-26f3-4f26-acc6-c3c21e50661f,Teixeira,MT,Central-West,2024-06-09
4075,f6de974a-6d9d-4598-b3b1-71e5cc564dff,Sales de Ribeiro,CE,Northeast,2023-05-01
4076,2263e16c-66b7-48bd-8f84-8c317954af2d,Pimenta de Minas,RS,South,2024-04-11
4077,143d9bff-1a89-483c-871a-8d5363e07207,da Mota,MG,Southeast,2023-06-10
4078,17a0fba1-1994-4293-bbc6-423eb58a4321,Montenegro Paulista,GO,Central-West,2024-01-14
4079,a3b0e3da-845e-4ab9-8c00-7490888d7c51,Araújo do Sul,DF,Central-West,2023-05-02
4080,896f07e5-fabb-4975-a789-3317c2afaa5f,Caldeira,PR,South,2024-02-23
4081,fb62f1dc-842a-4b95-96bc-3f42797e6c89,Mendes do Amparo,SP,Southeast,2024-01-14
4082,322570ff-20ba-4b3f-8f0f-7109fddbeb80,Cavalcanti,PR,South,2023-02-11
4083,f117bec0-e1ea-4d2e-9874-495293ed4b5c,Macedo do Sul,ES,Southeast,2023-05-01
4084,72349df0-45f0-4f1c-8d4a-3c8eee550e96,Silva,RJ,Southeast,2024-01-19
4085,da4d4948-435b-4a43-8ae3-22c36896a57b,Porto,RJ,Southeast,2024-05-12
4086,25b3cc2e-137d-4405-accc-0672cfde82ad,Cavalcante,SP,Southeast,2023-05-27
4087,40508324-875c-4067-b432-327f0db04a2c,Sousa,SP,Southeast,2024-08-26
4088,579729e8-7a8d-4320-a26e-750fc27d2696,Lopes,MG,Southeast,2023-11-09
4089,bac043ca-96b7-4f15-b249-848c58810e2d,Sá da Prata,CE,Northeast,2023-08-09
4090,59b0d399-8dd9-4f68-b611-7bbd0c4fde2e,Freitas,SP,Southeast,2024-05-15
4091,83992e41-f2af-477d-83c5-27a4fbc02c38,das Neves,SP,Southeast,2024-07-14
4092,8eb7cd02-abf7-4028-9f97-876120bf262b,Montenegro,RJ,Southeast,2023-02-15
4093,5cadf1a9-40d2-41be-a0ef-341653054058,Aragão do Norte,MG,Southeast,2024-08-09
4094,412498f9-6de2-4e22-b1cf-851bad0294a0,Rezende da Praia,RJ,Southeast,2024-04-08
4095,56aa814e-779b-4ee4-a6f7-0a504903528a,Costa,DF,Central-West,2024-01-22
4096,1c84f34f-13a2-4c03-a14b-400fd87356e9,Correia,MG,Southeast,2024-09-12
4097,fc16f82a-b682-4487-af45-88c3277747dc,da Paz de Vargas,SP,Southeast,2023-05-22
4098,bc89e2fe-c3ed-4a0e-9d62-0006898a52e0,Rodrigues de Pinto,ES,Southeast,2024-04-16
4099,15b9d469-fbb8-49fe-90cb-16e9bbc2b67c,Macedo de Vasconcelos,BA,Northeast,2024-11-14
4100,3e2e7201-34ce-4306-839f-cfb365ecc39c,Ramos da Serra,MG,Southeast,2023-11-30
4101,310e8aed-07dc-4a0c-ab72-d6947d41cba8,Rodrigues da Serra,SP,Southeast,2024-10-01
4102,798816f2-e5d2-4d41-92a1-720bd1d46f58,Silva do Sul,RS,South,2024-02-24
4103,cd1b3040-0f8f-4932-8afb-9ff3a7b1abcd,Pereira,RJ,Southeast,2024-02-09
4104,3f3753af-f65a-4aa3-a314-0fccc8b6b9a2,da Cunha,RJ,Southeast,2023-02-16
4105,31c1b3f3-a2a5-400c-b6fa-64725436273c,Gomes,GO,Central-West,2024-03-29
4106,fa96a00d-caf6-47d4-be8c-686a9bdf9c67,Duarte,BA,Northeast,2024-10-23
4107,d46a1235-80c7-40d4-8b9a-0113b81c9d0b,da Mata,SP,Southeast,2023-06-19
4108,54bdfe61-3abc-466c-a4cf-b2f39fc6ea49,das Neves,RS,South,2024-08-08
4109,ebbbae74-db9b-4d43-8927-d2fc030653e0,Moraes,SC,South,2023-11-13
4110,6576796d-df61-4be1-b714-6c4411b21524,Melo de Montenegro,PR,South,2023-05-07
4111,112458e5-e7ae-468b-83a1-dcf0495efe40,Ferreira da Serra,SC,South,2023-03-29
4112,eab2bbe3-411f-4b55-810c-de464762fc23,da Luz Paulista,SP,Southeast,2024-09-25
4113,881fea11-d36b-46cd-8db1-565d6d70799e,Nascimento,PR,South,2023-02-24
4114,10e29558-b03d-4665-9c93-e629e106ae32,Pereira de Pinto,GO,Central-West,2024-06-18
4115,c8c67501-b45f-452f-b349-3fec37aa530b,Albuquerque,SP,Southeast,2024-05-02
4116,c17264d8-a6a2-4998-afad-738ea44c26d4,da Costa do Campo,ES,Southeast,2023-01-20
4117,f5d92b55-74dc-4f13-8960-a41b25a744a7,Nascimento das Flores,SP,Southeast,2024-06-28
4118,944bad04-9161-4c6c-9f41-dfcfcdccb9d9,Pastor do Galho,SP,Southeast,2023-01-20
4119,e282338d-27ae-400a-86c2-e2be83b5c73d,das Neves,SP,Southeast,2023-07-30
4120,7b3299df-5083-4557-bc3b-8f4dfe42db8f,Mendes,SP,Southeast,2024-08-16
4121,730cce0e-d6f9-4298-8634-a5f61aca9cf6,da Cunha,MG,Southeast,2024-06-30
4122,cf6ad43f-0953-4c4a-bb88-79a26078ba69,Siqueira,SC,South,2024-02-16
4123,bf693365-8a5a-4c61-9924-c5eefc8afb1d,Santos Paulista,PR,South,2024-05-18
4124,e7912673-21d7-4f88-848e-84082ccebc86,Novais,CE,Northeast,2023-01-24
4125,73146dae-97a7-4f9d-b9f4-4feba61109cf,Moreira,RJ,Southeast,2023-07-04
4126,cad75ebe-9169-4fbb-bcff-13aa3c477d0c,Cassiano,MG,Southeast,2024-06-24
4127,a564ee98-fc3e-4ed1-9cdb-d909f9cd1b18,Alves de Gonçalves,RJ,Southeast,2023-09-21
4128,f1966b21-2838-4714-9121-1aedeb81e224,Cavalcanti,SP,Southeast,2023-04-12
4129,ec955752-83c2-439c-9def-6430845f6d5d,Silva,PR,South,2023-10-20
4130,364b9aa2-ec93-43cd-8e9a-8e7293fca973,Casa Grande,SP,Southeast,2023-09-19
4131,1df1f0f5-d0f3-4c28-8b76-d6f71f0226eb,Cirino,BA,Northeast,2023-06-07
4132,008a7385-e393-4f65-acfc-95d73ae28de8,Azevedo,RJ,Southeast,2024-02-22
4133,76185aee-62cc-43b9-85a3-3467b110f489,Garcia do Campo,RS,South,2023-03-02
4134,820740e7-07a1-412a-a8f8-6e430b996908,Silva de Gomes,SC,South,2023-11-30
4135,15678e9b-8c38-418b-82de-45561f27e8b5,Correia da Praia,SP,Southeast,2023-03-01
4136,49ec6e32-17ca-426b-8bfe-fd65623b3463,Silveira,RJ,Southeast,2023-04-12
4137,4a13b17c-8d93-4a1b-a5d2-5bc33c3826aa,Rezende de Goiás,RJ,Southeast,2024-02-27
4138,96f22a06-15c5-4e34-b183-0345a4229f14,Viana,DF,Central-West,2023-09-22
4139,c87533e5-6bcf-476f-86bf-c38b7b8ae091,Correia,RJ,Southeast,2023-05-04
4140,ddc969b0-689e-47e5-8f30-4094509ac91f,Rocha do Campo,SP,Southeast,2023-09-03
4141,bbbbdbd1-32d4-4c82-80ef-337708ed3047,Marques,BA,Northeast,2024-08-23
4142,ea7eee0b-677e-4e4d-8068-a64cd5d64a82,Abreu,SP,Southeast,2024-06-04
4143,47691dcb-d0c9-4fc1-913f-24955ebc23bf,Souza Verde,BA,Northeast,2024-01-30
4144,13149627-d586-4f50-b002-491661128e82,Almeida do Norte,GO,Central-West,2023-10-03
4145,e59a5f4e-f8f2-48d0-aecf-4ff16f97e80c,Lima Paulista,SP,Southeast,2024-04-20
4146,e7ad3be2-0356-46fe-92e6-3e97178f1dd7,Freitas da Mata,PR,South,2023-03-09
4147,171da81d-b57e-426c-9627-999ade14b989,da Paz,MG,Southeast,2024-02-22
4148,8aa9d39a-726f-46fd-8ec9-8bf10067eaa6,Brito das Flores,SC,South,2023-01-20
4149,ea9326f6-ec22-4123-9164-d6519d36dea0,Vargas do Amparo,SP,Southeast,2024-08-23
4150,03d9f317-9d7c-44ce-85d5-bed90abdbcd1,Vargas da Prata,RS,South,2023-09-10
4151,6b70d4d5-6e0d-4295-b1d4-6873c29d0b1c,da Rocha,BA,Northeast,2024-10-29
4152,88c79c98-60bf-484e-a40d-383a8dd064e3,Castro das Flores,BA,Northeast,2023-11-08
4153,03f2ffe0-c8ef-482f-b588-73899b5ffa2d,Nogueira,PR,South,2024-04-01
4154,852146cd-8e30-4e9c-8edb-0ef16ef68419,Melo,SP,Southeast,2024-10-13
4155,a910c002-ae9f-441d-beb8-bf0b8775a0f0,Viana de Pimenta,ES,Southeast,2023-05-26
4156,5ef993c3-07d7-4fec-9d34-a21912990cb3,Cirino da Praia,RJ,Southeast,2023-06-22
4157,91c0e6c0-13d9-4ad0-9809-5e6d741ad2c2,Garcia de Almeida,BA,Northeast,2024-07-04
4158,20629446-3c9b-4cd1-983e-5d3bb1766ffc,Borges,GO,Central-West,2024-07-22
4159,b39844f4-e194-4b21-ae7e-2fbc21f8b225,Marques do Galho,MG,Southeast,2023-01-02
4160,df681283-d4be-477b-8f1f-114793cabbe1,Garcia,PE,Northeast,2024-09-27
4161,1423040d-fa4f-466c-8d7f-6dfb03c2e3e5,Teixeira,RJ,Southeast,2023-06-21
4162,9256fa39-e5b6-4ad0-bafb-6c18f1904cec,Carvalho de Minas,SP,Southeast,2024-05-08
4163,55ead359-5c78-4e70-b603-2584c8b1ef8c,Campos dos Dourados,SP,Southeast,2023-09-14
4164,b4c0c39a-4a71-49c6-b4f8-96947c959cad,Rios,PE,Northeast,2024-01-25
4165,4bfaf1db-7cff-454b-a351-fc3abf79dcb6,Pereira da Serra,PA,North,2024-10-09
4166,8ab41a82-18b8-4130-931a-d6fac8b80c6c,da Mota,SP,Southeast,2024-06-06
4167,979bc54c-b678-49ff-9bca-0ac21786e4b7,Carvalho das Pedras,RJ,Southeast,2023-06-15
4168,2412e47e-29a7-4041-ad51-9614442a584a,Farias de Moraes,BA,Northeast,2024-07-30
4169,0dab4428-7303-4483-930f-0872966f3d47,Silveira da Praia,SP,Southeast,2023-04-02
4170,1af0bb95-21c3-40e2-aa8f-37c74432dbd9,Rodrigues da Mata,RJ,Southeast,2023-05-06
4171,d5c31b18-d55c-41b2-bc71-7adb5f72fe57,Dias,PE,Northeast,2024-07-23
4172,205cffb1-817b-43ce-878d-76426f63def8,Oliveira,PA,North,2024-03-18
4173,dea0f4f1-d835-4a00-a057-111f243bb306,Monteiro do Sul,SP,Southeast,2024-05-31
4174,f0271efc-049f-42fd-9313-ea0fb5d6a793,Azevedo,GO,Central-West,2023-11-22
4175,ece321fd-3834-480b-a638-6c22a1d280a2,Jesus Paulista,CE,Northeast,2023-12-17
4176,2bf30743-7598-4f10-8d86-ff36f35d164d,Carvalho,SC,South,2024-04-08
4177,785218de-dd50-47e7-98fd-838647483ec1,Montenegro,SP,Southeast,2024-11-09
4178,9c6c3c4e-8f5b-4149-ab67-212a29b76b37,Silveira Paulista,AM,North,2023-12-16
4179,7c4813d9-16c6-4b3d-8ef4-0214014b6836,Castro,SP,Southeast,2024-09-05
4180,73df2a11-b792-47a3-8306-79d8b0584c0b,Borges,RJ,Southeast,2023-05-17
4181,128e92ad-6b70-4ef6-be62-314e22e142fc,Nogueira da Praia,SC,South,2023-01-03
4182,0f1536da-10df-4c94-bb41-a3ad0199673b,Novais do Norte,SC,South,2023-01-05
4183,5f2e621e-9309-41a6-9dbd-3a83176a5eb8,Pimenta,DF,Central-West,2024-11-19
4184,e2cae78d-76bd-4773-9805-ee6a2d916caf,Ribeiro,SP,Southeast,2024-07-23
4185,6d6a53cb-2f99-4807-90a2-c011160f79f3,Souza,DF,Central-West,2024-05-15
4186,5cdbb28b-be6e-4511-8b2a-a744e14f043f,Vieira,BA,Northeast,2024-07-05
4187,91cb87c7-d220-4704-8da1-24c570ca6f70,Costa,SP,Southeast,2024-10-26
4188,122533fd-765e-4ce8-8867-6b2a0b39c366,Pastor Alegre,SC,South,2024-07-05
4189,f4fcb6bc-012d-41c4-83c3-c30dae344b14,da Cunha de Sampaio,SP,Southeast,2024-11-18
4190,162cf897-a755-44fe-bceb-e192d4796110,Novais Alegre,MG,Southeast,2023-05-07
4191,cf8be199-3a1c-4416-8b04-6117b2f9fa1a,Nunes,RJ,Southeast,2024-01-21
4192,97d54683-69c7-42dd-b7e4-2950859b6ee4,Jesus,PE,Northeast,2024-01-02
4193,41d0b488-985d-44c0-a1aa-50dd58389bc7,Melo do Campo,RJ,Southeast,2023-01-09
4194,168d1def-bb92-4370-9619-e0ce69d5ddf5,Melo,SP,Southeast,2024-01-15
4195,cf998da3-4f94-4b3e-8e05-a28133c25e62,Cunha,GO,Central-West,2024-03-31
4196,c6009101-b9b0-499e-8540-4be9e6d59568,Andrade,SP,Southeast,2023-01-21
4197,275ac9d6-0b9f-47a5-9510-f78642004a56,Vasconcelos da Prata,BA,Northeast,2024-11-27
4198,38c682d8-673d-4804-9c5b-ad2ea9fb1b54,Azevedo,DF,Central-West,2024-01-02
4199,369d2be1-4bf9-4d08-a474-72d077e0ad89,Macedo Paulista,SP,Southeast,2024-09-20
4200,d2e84094-e19d-468c-8391-a132862609ab,Fernandes,SC,South,2023-08-15
4201,6bb17a8b-26c1-48f2-ab1c-0430df114270,Guerra,SP,Southeast,2024-05-20
4202,8bb107de-faa0-4297-85e3-e268dcaeedcd,Andrade das Pedras,MT,Central-West,2023-02-07
4203,8c46b173-9699-4962-b19a-009f72a35369,Silva,RJ,Southeast,2024-09-12
4204,4cb0fe85-e418-4c38-8059-d846ff17bb76,Novaes,SP,Southeast,2023-07-20
4205,51632bff-2d47-4b5a-b7b9-6b0d4dbb5559,Garcia,AM,North,2024-10-15
4206,e8628d4b-cc3c-43f5-bb3c-d9c8ebcfa81a,Guerra Grande,MG,Southeast,2023-10-12
4207,5580885a-54b2-49cd-8c24-8f008a4a07e1,Machado,PR,South,2024-05-20
4208,46d5d341-ed50-484e-b1bf-d71bd0f95340,Gonçalves,SP,Southeast,2023-07-18
4209,55e77e00-9eb0-4a8e-b2f0-b90d5c2fe996,Barros da Praia,SC,South,2024-08-02
4210,34bbc278-28d2-47d6-a5a6-1c40f5feea0a,Siqueira,RS,South,2024-09-09
4211,08b52947-9814-400c-827d-df7ed31c63fb,Vargas Alegre,PR,South,2023-03-08
4212,a1027a45-7e4e-4273-8ae1-9e7e1b6d8927,Siqueira do Sul,PR,South,2023-03-08
4213,1a0a1af2-999f-44e9-bd78-0916aa846060,Brito,SP,Southeast,2024-08-06
4214,19a1459d-ff2d-40f4-9555-6b95f3777cff,Vasconcelos de Montenegro,CE,Northeast,2024-06-19
4215,99dce819-1841-4873-a34d-6e09f0ffd6b0,Casa Grande,RS,South,2023-10-08
4216,b443cda3-4b80-48c6-8e31-66c3541acd27,Rodrigues de Gomes,SP,Southeast,2024-11-25
4217,2d598b9d-b3e3-468f-afce-09490dd1db5f,Porto,SP,Southeast,2024-11-25
4218,9ef8b5a9-b792-4f65-a7f7-aba406174c62,da Conceição Alegre,PR,South,2023-09-16
4219,449ee02a-eea2-4810-ab7f-b03ed14c70b7,Rodrigues,RS,South,2024-04-09
4220,e4999ab5-002a-49b2-bf8a-bfc02d58293a,Rios,SP,Southeast,2024-03-13
4221,e6af993c-700f-4e85-aea7-56a8229ea406,Viana Verde,SC,South,2024-10-27
4222,0f3cc54f-f644-404d-9f36-57645b7aec04,Castro,SP,Southeast,2023-11-27
4223,cffd1e28-c271-448f-aaed-2058dc247a02,Barros,MG,Southeast,2024-02-21
4224,36eff201-5656-45f9-9c6a-16e051cb3f06,Ferreira,SP,Southeast,2024-11-27
4225,afb6f3c9-a798-4eba-8c46-4bb8f773e927,Macedo Alegre,ES,Southeast,2024-05-22
4226,0b382c49-4853-438d-b024-cf9408308982,Brito de Teixeira,RJ,Southeast,2023-02-14
4227,d832c732-30f6-49cd-b445-6f0d7164a9a2,Martins,CE,Northeast,2023-08-18
4228,ee45a744-0cad-4d63-8cfd-980c984f5419,Santos Verde,SP,Southeast,2024-03-06
4229,072e4e7a-a4d7-409a-9dbc-7f05ac8ff183,Rios,PR,South,2023-11-20
4230,0c5332b3-10d5-45b8-9448-a70dc04147f5,Gonçalves,SP,Southeast,2023-07-19
4231,9f3e0f38-ad73-486b-b517-aed049b04036,da Rosa,RJ,Southeast,2024-08-08
4232,34091297-031f-4ae1-b8ab-8e09c5da3dcc,Abreu,PE,Northeast,2023-08-20
4233,f00c4cc5-2045-4d2d-9924-47394705ecba,Cunha,MT,Central-West,2024-03-09
4234,9c902821-81a8-42b0-8bac-e8ac6dac29b6,Azevedo de Minas,GO,Central-West,2023-09-13
4235,9d09cf19-a079-465a-8cc5-b7058af263bd,Câmara,SP,Southeast,2023-12-04
4236,e16874df-5639-4a74-a768-b119fd9077b6,Nogueira,RJ,Southeast,2024-10-03
4237,c002cd6b-c28d-4433-989a-8b9d5bf2d6af,Freitas,SC,South,2023-01-29
4238,25818b22-5728-42b6-912c-4ca9af9f504b,Fonseca,MG,Southeast,2023-01-25
4239,0f2fea57-0883-4311-9216-e243634ee115,Mendonça Verde,PR,South,2024-10-03
4240,a4e565b7-0357-40d1-93de-2f9ef0c935a9,Gonçalves,GO,Central-West,2023-09-14
4241,e9fc5fb3-f162-41e0-adb0-6ad89239b3a0,Barbosa,SP,Southeast,2024-04-29
4242,7071878c-b795-4127-a309-15e18bf6d88b,da Luz de Aparecida,SP,Southeast,2023-12-15
4243,3ddbd9d1-e53b-4727-b209-21cdc73e4517,Montenegro de da Mata,PE,Northeast,2023-12-08
4244,b776cbf6-2014-4450-ae22-c5bbb1c36cb3,Ribeiro,ES,Southeast,2023-08-31
4245,49fa555e-d928-4011-91fd-9b9d319fda66,Pacheco da Praia,GO,Central-West,2024-09-06
4246,00b62158-0540-48d7-b99b-747bdca4b19e,Mendonça dos Dourados,SC,South,2023-04-08
4247,d8b4f757-d91a-4e99-823e-471a60818fb2,Farias,SC,South,2024-08-15
4248,292254f9-37cc-4228-820f-8fa553fdd1f7,Albuquerque de Minas,SP,Southeast,2023-03-04
4249,6125cb48-fc41-4721-b667-7c4a7e4456d7,da Cunha Grande,DF,Central-West,2024-01-22
4250,492eb70c-2f03-4a0c-a423-421be61aa316,Marques,RJ,Southeast,2023-03-08
4251,95055ac7-2f0b-4138-8138-aeea89887d52,Pires,BA,Northeast,2023-03-05
4252,929b4c7b-f270-4a23-a957-811d2fd02b45,Câmara,DF,Central-West,2024-03-28
4253,54be6170-4ec6-4d97-b8a8-9514ca0e0bc2,Azevedo,SP,Southeast,2024-09-17
4254,082dc372-c996-454b-bcbb-065803e6551e,Ramos,SC,South,2023-03-09
4255,d6c4222e-6bf8-4001-a470-dab0e520b332,Fogaça,SP,Southeast,2023-02-27
4256,c3a98532-a31f-4add-8170-38743e897b35,Moraes Paulista,PR,South,2023-10-29
4257,e2eb0222-26c6-4746-8391-ddc53e33a833,Borges,PE,Northeast,2024-02-16
4258,384e40c1-71ae-40b9-a480-4241624f88a5,Pimenta,SP,Southeast,2024-02-25
4259,e57977ec-4816-4644-81a9-abd0ed71d874,Marques Alegre,SP,Southeast,2024-09-05
4260,9004c585-fefb-4480-a05f-8184c115ae8e,Duarte de Nunes,BA,Northeast,2024-09-30
4261,2bc6206b-1675-4427-afa2-27c3dc5714da,das Neves da Serra,SP,Southeast,2024-01-29
4262,f4084628-3b1f-48f0-8be2-9694652e8957,Leão,MG,Southeast,2024-03-14
4263,2ddecd40-e1de-431a-8dd9-f251abc90bba,Sales,CE,Northeast,2024-09-26
4264,5a8d9931-5ebb-4417-b523-8331243711ee,Barbosa,SP,Southeast,2024-10-28
4265,769f3d26-fbb9-44ee-b641-f1fb417e5edc,Sales,GO,Central-West,2023-01-27
4266,e846d688-0047-4acb-a046-eeb59888d27b,Camargo de Borges,MG,Southeast,2023-12-03
4267,297f8f1e-d783-49d0-9820-ea4fcd185ea5,Silva,PR,South,2023-04-21
4268,2e519870-0191-473f-8cfc-b112c07ec4c4,Lopes,SP,Southeast,2024-09-01
4269,1956673f-2b12-4551-b51a-797bb34efd5b,Azevedo,RS,South,2024-08-30
4270,86413c79-e90f-4aac-a82a-e2455a422292,Moreira,BA,Northeast,2023-07-18
4271,b908b9f4-7d24-48d4-a8ec-a39b92a6584c,Rodrigues,DF,Central-West,2023-05-10
4272,6f093f45-182e-4fd2-90c7-73ba5db4eef0,Vargas,SC,South,2023-09-20
4273,3620ab79-6fc0-4603-80cd-513e1cb04376,Farias da Prata,RJ,Southeast,2024-05-07
4274,96aaa3ca-baf6-489f-94e0-a8d38cf431de,Nunes dos Dourados,RS,South,2024-03-31
4275,2adfedf8-786f-486a-b90a-3610b0b55ce7,Garcia,SP,Southeast,2023-05-21
4276,b575dd69-0b61-49c4-844a-a5c98e56dda6,Sá,BA,Northeast,2023-03-03
4277,eacb8329-56f4-427f-85eb-a017fe0eeda1,Mendes,SP,Southeast,2024-08-21
4278,b309887d-ceec-49d5-83fd-913088f45162,Azevedo,MG,Southeast,2024-10-29
4279,9bd0e94e-601c-4f82-baa5-9b3b8c283b62,Moraes,BA,Northeast,2023-11-15
4280,e632ef0a-7ac6-4859-94f6-614ee89afbfe,Moraes,PR,South,2024-07-08
4281,e1cf33a4-f621-4132-94ea-371846af357c,Aragão do Campo,BA,Northeast,2023-05-31
4282,2b0a0050-235a-48e9-838f-d802fed46e35,Castro de Abreu,MG,Southeast,2024-09-09
4283,36b86a13-8d1b-4ecb-ad79-4edf0dd14338,Nascimento Grande,RJ,Southeast,2024-01-13
4284,fab8cd39-d6b3-481a-ad37-0c84a011d446,Carvalho,MT,Central-West,2024-06-14
4285,0f25152b-27ce-4017-b20d-3aeaa998a3ee,Borges Paulista,PR,South,2024-11-25
4286,475ce39f-fcc6-413a-bcbe-08bc475bce8c,Siqueira,SP,Southeast,2023-09-01
4287,dc399fe1-bfd2-45d7-acaf-9eeb21b5b893,Azevedo,ES,Southeast,2024-07-26
4288,f4e1048a-f417-4dc9-b954-018b6be4d062,Oliveira do Oeste,CE,Northeast,2024-03-08
4289,2064774f-ac52-40b5-829c-fbdab37b574e,Cardoso,RJ,Southeast,2023-07-25
4290,fa8a7ad2-3536-4888-a250-b2fc093ee080,da Mota,SC,South,2023-07-26
4291,26366874-b225-48de-b6e2-887aefe61690,Cardoso,BA,Northeast,2023-12-16
4292,7f7eb2ed-705c-4053-b789-593e216dfc70,Cardoso do Campo,SP,Southeast,2024-05-02
4293,31a79435-b7c5-4ba7-9f78-63183e63131e,Vasconcelos,RS,South,2024-04-23
4294,17f20b40-80da-446f-a171-ce00c261c03d,Farias do Norte,PR,South,2023-12-06
4295,32714f01-6557-4cee-80e3-200c683b81bc,Rodrigues,CE,Northeast,2024-08-02
4296,582cd97f-0eb4-462e-932b-3c0dfbff1829,Macedo,MT,Central-West,2024-09-22
4297,65dbb404-5b19-4207-b5a8-457d74f894e2,Pimenta,RJ,Southeast,2023-12-03
4298,c4956e6a-21cc-4211-b968-1e1d898a7752,Rodrigues,SP,Southeast,2024-04-10
4299,fd9c70c3-2972-4882-a6d9-d3d105ddf023,Leão,CE,Northeast,2023-02-13
4300,af8fc8b4-d01d-4c22-a22a-75ccaec13f6e,Melo,ES,Southeast,2023-01-04
4301,9bada6c6-dd7d-48c9-a0cc-7abd4c6cfc1c,Castro,SC,South,2023-08-24
4302,87e823e5-f4ae-4f01-bfc3-535d950097ce,Campos,MG,Southeast,2023-08-07
4303,437feb6b-0777-4ad1-8900-20bff1b159b6,Sousa,SP,Southeast,2023-12-06
4304,111f1a28-46a1-419b-9238-b8048a8ce2d7,Gonçalves da Serra,PE,Northeast,2024-01-20
4305,cd2c614b-14c6-4496-9146-f70a269d2c22,Campos,SP,Southeast,2023-07-08
4306,80474077-0394-4c90-bca2-101f6b77fbe4,Fonseca,PE,Northeast,2023-01-07
4307,5e5ae447-e282-40cd-8ea3-59f967e69ffe,Gonçalves dos Dourados,RJ,Southeast,2023-03-17
4308,e413a4d3-e083-4bb5-80cd-f96df43c67ba,Gomes,RJ,Southeast,2024-07-22
4309,ee0b683a-64dd-4384-b34f-21ca3bdec3f4,Barros,SP,Southeast,2023-10-25
4310,64ca98e8-cdde-4ccc-831b-ef0392010309,Fonseca do Norte,MG,Southeast,2024-10-08
4311,c75fa0cf-4974-41b7-94ca-68d94d9e4c77,da Rosa do Norte,PR,South,2024-01-04
4312,643a6898-6e75-4006-b71e-b55d70e3c153,Rodrigues,SP,Southeast,2023-01-31
4313,3045c38c-c52c-4f93-9aca-f1594e6120f3,Nunes,SP,Southeast,2023-10-18
4314,4d6396fe-022f-4ca5-9802-9d896ab584fd,Cavalcante dos Dourados,SP,Southeast,2023-09-26
4315,2b3fde5d-d8b4-4672-a125-52fa3094f256,Carvalho das Pedras,RS,South,2023-12-14
4316,16a54aa0-1e12-46dc-9582-8d59e1cef59e,Casa Grande Paulista,PE,Northeast,2023-09-09
4317,aa5be353-6933-4443-892c-2f783768c08e,Sousa,SP,Southeast,2023-01-23
4318,8e07b7b4-a790-4401-b0da-c80a57f119fb,da Mata Grande,SP,Southeast,2023-09-26
4319,d9a3742a-83c2-4870-adde-98b619f620a2,Nascimento,DF,Central-West,2023-01-22
4320,fc800953-f2fb-422f-be34-be79bc25d3bd,Sousa,PE,Northeast,2023-05-21
4321,25c3cc9d-6856-4bad-ae28-7a929f6e292a,Silveira,RJ,Southeast,2023-04-24
4322,b6123cda-d216-4058-a84d-faa44fa6897e,Ribeiro,RJ,Southeast,2023-08-04
4323,61592130-aec5-409c-9226-15b299cd0df3,Câmara do Oeste,RJ,Southeast,2023-09-03
4324,3d4ac183-ce14-4868-96bd-ebf58f48de0a,Silveira,RJ,Southeast,2024-01-17
4325,481faf4b-fd44-44db-b660-37cff737b4aa,Cirino de Fonseca,SC,South,2024-06-23
4326,8818d277-5d5b-4bd9-8ebf-1523aaad8926,Câmara,MT,Central-West,2024-09-30
4327,33ca623f-f301-43f0-82bf-fd8b3eda9150,Sales,CE,Northeast,2023-03-08
4328,b4d70339-1424-4cfc-93da-35053daaae57,Rios do Galho,SP,Southeast,2023-05-14
4329,5fb56c40-072a-4087-a7d9-d83b7fdfc5c0,Freitas dos Dourados,BA,Northeast,2023-07-16
4330,ea87fe7d-63f1-4953-ba4e-c145c742bbaf,Monteiro Alegre,PR,South,2024-01-19
4331,963a4320-66c0-4e7b-b41a-a26dcbcafbdb,Silveira Alegre,RJ,Southeast,2024-03-15
4332,f790df8a-5c49-4e43-b309-cd89f26de669,Lopes,MT,Central-West,2023-09-08
4333,fdba93eb-78e1-4240-9077-1f715ee76dc6,Gonçalves das Flores,DF,Central-West,2024-09-22
4334,c6e4472d-983a-4d16-ba66-f439ee62af25,Azevedo das Pedras,PR,South,2024-07-02
4335,20608b8d-47c5-4d53-a7eb-ff3f35683bea,Cavalcanti,RJ,Southeast,2023-06-02
4336,05aa0cd3-5eb4-4406-8919-d9ff57dfba1d,Oliveira,RJ,Southeast,2023-02-24
4337,efd52c09-d6b9-4f52-ace0-0105550099df,Moraes de Minas,SC,South,2023-10-14
4338,c2aabe0c-2f74-40dd-9779-0735d094805e,Peixoto Grande,CE,Northeast,2024-06-04
4339,5f07fe07-f0a0-477d-8959-dbb952b673d4,Gonçalves da Mata,MT,Central-West,2024-05-15
4340,1ce33118-2e85-4464-b259-e6c4d8201466,Albuquerque,SP,Southeast,2023-03-25
4341,46b3fcbf-fb18-491f-9ebf-e7d37404efd3,da Costa,BA,Northeast,2024-11-10
4342,96a805bb-b7a7-41ba-86e4-34945e317e80,da Mata,SC,South,2023-06-21
4343,eee14ab3-1f5e-44d2-a282-a4d52e7cdb3f,Aragão Paulista,ES,Southeast,2024-10-22
4344,32069ba3-9561-4574-8b61-d80da691fdda,Vieira,BA,Northeast,2024-01-19
4345,6a5b54e4-f0e2-4a55-a84c-3ab4e5b2df55,da Rosa,ES,Southeast,2024-04-20
4346,4f171a4e-e2d9-4970-9115-898bc6d93097,Silva,SP,Southeast,2024-01-18
4347,910ad032-73eb-4a4e-8e4b-4dbfcf4180b1,Câmara dos Dourados,PR,South,2024-05-09
4348,e84f52ad-f607-48a0-9ab0-1dc139db7ebb,Alves,RS,South,2024-05-21
4349,bb1a56bd-afae-421d-a547-20e088be9288,Monteiro,MG,Southeast,2024-08-18
4350,5b345ede-d26b-4c21-87e4-7dbaf0ad73fb,Casa Grande,MG,Southeast,2024-08-20
4351,5e4cdce6-1453-4cdb-9ec8-8633ee926321,Borges de Novais,SC,South,2023-08-01
4352,358893f1-280b-4996-917e-71e047e5df56,Ribeiro Paulista,SP,Southeast,2023-07-27
4353,6ed5855d-2d1c-42b3-a571-5f31bd37414a,da Luz de da Mata,MG,Southeast,2023-08-29
4354,e3ea46a8-a686-4e54-ae26-9692d819a8d1,Aragão de Camargo,RJ,Southeast,2023-11-10
4355,f701f1f4-a48f-43b4-b1a9-b14c7f49d0d9,Ramos,MG,Southeast,2024-01-22
4356,067b0c70-ad3c-419f-90dc-b7a3ef0ad184,Vieira Alegre,PR,South,2024-01-19
4357,25c85224-d202-465b-bdf1-de53e01473df,Macedo,SP,Southeast,2023-03-28
4358,93ca3df0-21ce-4ad0-b3f5-9a4e767a004b,Guerra Alegre,SP,Southeast,2023-03-28
4359,77d0da32-31ea-4821-b034-7270681ff528,Camargo,RJ,Southeast,2024-06-15
4360,a54cf489-0fdb-4768-a939-0c7f47561669,Teixeira,RJ,Southeast,2024-08-20
4361,d0b6eada-5b6b-4e34-b344-a147a119ca40,Macedo,SP,Southeast,2024-06-08
4362,064b4edc-1019-45bf-8979-7b17eeb3ab22,Duarte do Galho,SC,South,2024-03-12
4363,094f5166-0bae-4d2b-bbec-e5d5a8856294,Cassiano,MG,Southeast,2024-03-18
4364,2d9d4bd8-aeb2-498c-9b38-c2f27bdd42e3,Azevedo,MG,Southeast,2024-05-24
4365,768eaf58-51dd-4a9d-afb1-eb404f26fedb,Campos,RJ,Southeast,2024-01-27
4366,4d167503-9aad-4ae8-86c6-b8c26ce87f51,Oliveira,SP,Southeast,2024-03-28
4367,c4ecdf3a-1f98-40b1-8ab0-d331b13a8dc7,Teixeira,SP,Southeast,2024-10-22
4368,a0a6e38e-ce5e-437f-8772-381865e31112,Monteiro,SP,Southeast,2023-03-26
4369,08fb27dc-e88f-42a4-aa1b-41edfe530a7e,Campos,RJ,Southeast,2024-05-28
4370,588a7de7-9f57-4bfc-a0ca-13d132b7b456,Santos Grande,ES,Southeast,2024-10-21
4371,2d0f0209-6409-43ec-868b-751f84a2092d,Peixoto,SP,Southeast,2023-10-11
4372,b9ebce1f-935b-47b4-afbd-9d23a5168cda,Viana de da Cruz,DF,Central-West,2023-04-11
4373,5f9f9701-b819-444a-a0b8-d865580e60e4,Ribeiro do Oeste,SP,Southeast,2024-01-04
4374,2b42023a-25fa-4457-bc10-cbcfe8d7ea29,Porto,SP,Southeast,2023-07-25
4375,715463ee-d08e-48b5-8556-f034b1773184,Sampaio,RJ,Southeast,2024-11-22
4376,85afb75b-e4c4-4071-b0aa-a9ae9daeceaa,Abreu,RJ,Southeast,2023-11-06
4377,79432f6f-da55-4d25-9d14-4588498e6ba4,Viana,BA,Northeast,2024-11-30
4378,3a04e4d7-2113-4ce0-b9ba-7d2f5aa249bf,Lima de Minas,PE,Northeast,2023-07-15
4379,08e5ed83-f8d4-466f-999a-20f181dcd57c,Gonçalves de Borges,RS,South,2023-05-22
4380,f9e33543-8d1d-47a3-8c88-4f7be84b3c55,Aparecida de Moraes,PA,North,2024-07-10
4381,7f720ffc-9b6d-472f-a39b-66512ffbe857,Teixeira,DF,Central-West,2023-01-09
4382,d46b78f3-288c-41cc-8e92-b02181735a2a,Garcia,BA,Northeast,2023-10-16
4383,7dcbe113-039f-446b-9942-74cf09e002f0,Cassiano,PE,Northeast,2024-02-18
4384,a5120438-5aae-463d-998a-f6fd657c2801,Novais,GO,Central-West,2024-08-16
4385,f63fa63f-a1d2-4dff-8f6a-9f1bad8264e3,Santos,BA,Northeast,2023-01-13
4386,7e34edc3-dbe9-464c-b6b2-41f316f2af16,Santos Paulista,MG,Southeast,2024-06-08
4387,c783870a-421e-4683-9c0a-1c8e88bce600,Mendes do Oeste,AM,North,2023-06-02
4388,433d65c2-c0f5-4e46-b14f-4be5530619e4,Casa Grande,CE,Northeast,2023-08-22
4389,f6d4017d-f849-4b53-bacc-2e3535b6c692,Sales,SP,Southeast,2023-08-03
4390,f3c8e316-2442-46d7-a71b-b0acfb834299,Silva,MG,Southeast,2024-06-12
4391,1b2b5f8b-a27e-4970-8452-ba518223c495,da Cunha Grande,PR,South,2024-07-19
4392,ab9c405d-fd8a-4b0a-8f6a-201a589a691e,Silva,BA,Northeast,2024-04-17
4393,af71a929-fda5-41d1-aa3d-b493d0d0d99d,Cavalcanti,RJ,Southeast,2023-03-29
4394,67afdfd7-5a8e-42f5-b556-b55cbbf7f858,Garcia,RJ,Southeast,2023-07-12
4395,9e30d1d6-e370-41f6-9230-85882edbbd89,Cunha da Praia,MG,Southeast,2024-03-03
4396,63bd916b-e674-42ca-8c9f-82ada7f57ee0,Porto,SP,Southeast,2024-04-05
4397,dd4f6de8-7a91-4144-b8d8-e96cca54c1d7,Azevedo,CE,Northeast,2023-01-31
4398,8815251c-1d5f-4ff2-a5d3-39afdae6c21b,da Mata,RJ,Southeast,2024-08-14
4399,7de50d45-cb00-4bbf-af05-45d36595fa90,Caldeira de Goiás,CE,Northeast,2023-11-09
4400,50b4927c-ab43-4d83-bc4e-1b98019db91e,Novais,GO,Central-West,2023-01-10
4401,1f3d0200-c5ac-4275-8e0d-4d6ff324a4fd,Cassiano do Sul,ES,Southeast,2024-11-05
4402,3841a305-125d-4ccd-a8f5-314fe37355f3,Cavalcanti das Flores,PE,Northeast,2023-12-14
4403,c8d7f25c-823b-476b-8ead-4e04a93dbf91,Ribeiro das Flores,SP,Southeast,2024-03-11
4404,b8582767-d403-4364-9227-31e93aaf6187,Ribeiro de Fonseca,RS,South,2024-02-18
4405,bb01e392-5057-49f3-9031-a58262d884ee,Vieira do Amparo,BA,Northeast,2024-07-04
4406,405d861c-5184-4088-9c8d-5e9d0b874724,Cavalcanti,RJ,Southeast,2024-08-24
4407,113a19a0-a8e1-4405-a04f-3f5cefd10af8,Borges das Pedras,SP,Southeast,2023-02-02
4408,126ff5ed-4485-460d-b86a-d0f8fa33dec0,Nunes,DF,Central-West,2023-06-07
4409,579bca3c-ac58-4464-ab16-7eb0c4349170,Lima Paulista,MT,Central-West,2023-12-05
4410,aba78b51-eeef-465f-91cf-b23504540420,Oliveira,PR,South,2024-09-09
4411,fc199ebc-97a9-4b57-a03f-ea1db88cacbc,Pastor,DF,Central-West,2024-08-10
4412,7f2487bc-8c10-4bc1-b36b-8385522fb6b0,Cirino do Norte,CE,Northeast,2024-01-26
4413,cfab07f4-0022-494c-8dad-77367a272eb3,Almeida,SP,Southeast,2024-02-05
4414,f9f4fbcd-6f41-4c23-ab31-b5e740ed4d57,Rios,SP,Southeast,2024-01-31
4415,ddebaa54-9f6c-407f-9234-f67203d11260,Brito de Carvalho,SP,Southeast,2023-04-22
4416,2650d902-16fd-4c70-a960-bd87ba9d64d4,Barbosa do Oeste,RJ,Southeast,2024-04-07
4417,b7696e0e-c07c-4f32-be5f-e7f59252a620,Pinto das Flores,SC,South,2023-11-08
4418,a5b33e2e-9108-43b5-882f-dc647677450f,Guerra de Andrade,SP,Southeast,2023-04-17
4419,797d3028-85f1-4c46-b473-bdb490ff3e09,Barbosa,RS,South,2023-07-01
4420,e4a8844f-7d94-46ce-ad26-16e22a3bb73f,da Conceição de Barros,SP,Southeast,2024-09-09
4421,c53ee9f9-fc2e-4b04-9a18-e0e8cc4282cd,Cardoso,MG,Southeast,2023-07-11
4422,acc9874d-63af-41a4-a6eb-b88c7016e105,Marques,SP,Southeast,2024-01-31
4423,93a79138-b209-4314-96d0-7ef3f58a7328,Rezende de Nogueira,RJ,Southeast,2023-08-27
4424,d7357f9d-3cbb-42de-9a37-fe116b9c7d7c,Pires,RJ,Southeast,2024-06-20
4425,ea74b216-e66d-4edc-9258-b0c0af581559,Costa do Campo,SP,Southeast,2023-02-28
4426,c51c5229-a145-476d-9779-5b669a452aca,Farias da Mata,RJ,Southeast,2023-01-12
4427,8332d1b9-f42d-457f-87e7-918130396a9f,Cirino de Goiás,SP,Southeast,2024-02-25
4428,28960c25-0bb1-4ad8-a50d-235f1feba1e7,Pastor,RJ,Southeast,2023-04-24
4429,060556e8-d798-4e8b-9a1a-e46111ba91f9,Mendonça das Flores,SP,Southeast,2024-03-04
4430,902369ab-4864-4025-be41-862045b4a13e,da Paz de Mendes,MG,Southeast,2023-03-12
4431,004e0721-0cc8-4a21-b601-e5b201c363cd,Leão,RJ,Southeast,2023-07-31
4432,6548dfc8-76da-4747-8fae-e492f7d9f605,das Neves da Prata,SP,Southeast,2023-07-30
4433,7f14d81c-6f6d-48c6-8334-33e0aa566d79,da Rosa Verde,RJ,Southeast,2024-11-11
4434,ec6123eb-733c-4dee-97d4-798672a4bac6,Borges das Pedras,MG,Southeast,2024-09-10
4435,e3f9899a-62ba-4966-b388-cf1bd0f383cd,Lima do Norte,PR,South,2023-11-14
4436,0874688e-54a3-45ae-9b9f-658f41c6444b,Jesus,PR,South,2024-05-29
4437,b2f3bc00-5092-4470-9a5e-6d183e881490,Melo,RS,South,2024-04-14
4438,bd36a04a-96bf-4ee0-89a2-737332fd7344,da Mata Verde,SP,Southeast,2023-01-08
4439,f67fb352-2fbc-4834-9dd0-3cde6d3745e8,Macedo de Barros,PA,North,2024-04-01
4440,90c031a8-a28e-4ff6-a1fa-b7e41c230f19,Carvalho Verde,SP,Southeast,2024-02-13
4441,52335cad-3905-4fc0-a151-f6edb2297aff,Aragão,SC,South,2023-09-10
4442,77489b6b-97f3-471d-9ef7-5904b1d94480,Cavalcanti,PR,South,2024-08-05
4443,2958d9ab-1c30-43f5-998a-2bd15e35b247,Martins,CE,Northeast,2024-04-16
4444,6d33758b-34d4-4b34-aca6-dd4b69dcce11,da Costa de Minas,MG,Southeast,2023-02-10
4445,4a3c2fe2-9d34-4254-9063-317dda738817,Pimenta das Flores,BA,Northeast,2023-10-22
4446,69f876b9-481d-47d0-ac2f-b9e659432772,da Cruz da Mata,SC,South,2024-04-12
4447,43006c97-c0f3-4eb1-9495-9740f8ed8b6a,Souza de Goiás,RJ,Southeast,2023-11-01
4448,c91ac2f2-41e4-4392-b583-6d914eb13673,Vieira,RJ,Southeast,2023-06-29
4449,1f0e523d-9cab-4954-8e2b-952ee58d55cb,Nunes Verde,MG,Southeast,2023-07-03
4450,3e11bb31-9b82-4fab-80c3-65283e9d547a,da Mota Verde,DF,Central-West,2024-03-18
4451,932df381-39f6-449b-88fb-95d1736d8da9,Jesus Paulista,MG,Southeast,2024-11-05
4452,ad0fc0f7-c252-414e-869c-6fdd0465a8d7,Casa Grande,SP,Southeast,2024-08-05
4453,5404211d-97e3-423f-8c38-f74b397ab7cc,Cardoso do Amparo,SP,Southeast,2023-02-14
4454,fd030266-37f1-4695-af67-e86ab93a502f,Brito de Goiás,SP,Southeast,2023-06-11
4455,020ab8a8-f7a3-4987-9a86-45c4285e9704,Cardoso de Araújo,SP,Southeast,2024-10-05
4456,dc449179-1d7a-4bd0-ac5f-d1cab0f732d8,Teixeira de Aparecida,PR,South,2024-11-13
4457,e634727d-4d25-4614-93aa-b43a7a9b2b2c,Correia da Mata,DF,Central-West,2023-08-11
4458,69ad2a79-c8cc-484d-b5b2-872ba15b293e,Fernandes do Amparo,DF,Central-West,2024-02-26
4459,dbf0d42a-21c4-46d5-95ea-378bcce3edb7,Andrade,PA,North,2024-07-20
4460,4d40e14f-0afc-42bc-8299-e3553e933783,Nunes das Pedras,SP,Southeast,2024-01-13
4461,edcc6a95-61aa-442d-8dec-48e4d92757a8,Casa Grande,SP,Southeast,2023-04-18
4462,910af69d-3933-42ed-9c66-75cdb9398e8e,Alves,ES,Southeast,2023-11-30
4463,dfe88339-bcbf-4a3d-a5b1-7208243517e0,Caldeira Grande,MG,Southeast,2023-06-18
4464,bbdcdd1f-343b-49ce-9d63-734cc75e769c,Farias de Gonçalves,SP,Southeast,2024-06-02
4465,b4fc8fdd-875d-44cb-9b32-7b4edd44051b,Correia Alegre,SP,Southeast,2023-01-28
4466,ad735097-a0c4-4637-965e-a7b89514e86e,Abreu de Novais,SP,Southeast,2024-11-22
4467,ce60cada-f889-478a-ae24-7a6bf09ea0d0,Oliveira,BA,Northeast,2024-01-26
4468,119bd998-f1c3-420d-b7e9-1ea49c0723c4,Santos da Praia,RJ,Southeast,2024-02-13
4469,426664cf-306c-4d84-8c60-507b8d73f2a6,Gonçalves das Flores,CE,Northeast,2024-02-11
4470,390ae185-128d-4b82-95ab-1a4738a6484c,Aragão do Oeste,SP,Southeast,2023-09-14
4471,30c431e6-2efe-4238-a3e7-589e4bef82f1,Castro Grande,SP,Southeast,2023-05-20
4472,31e5266a-3fa8-4ff8-9ba4-444b089280fd,Marques da Mata,RJ,Southeast,2024-04-20
4473,3539bd22-6815-4607-83df-1c142ee066ca,Almeida,MG,Southeast,2023-03-11
4474,73652790-a9cd-4750-bb63-be004d1f3b9a,Montenegro das Flores,SP,Southeast,2024-11-03
4475,d4c933f2-8a4f-48b2-9251-63adc80bdbd7,Andrade,SP,Southeast,2024-03-24
4476,fd135ac5-e6cf-4f54-8a9d-c28c8d5af123,Santos Grande,SP,Southeast,2023-10-13
4477,61a55642-47d4-4385-9c40-410491af4892,Cassiano,PE,Northeast,2023-06-24
4478,16f4a6b5-a760-47df-8e01-fa3fe2d8d2e6,Macedo de da Paz,PE,Northeast,2024-09-13
4479,3035fa61-4374-48bd-b73f-bb30107d4224,da Rosa,SP,Southeast,2023-10-29
4480,0ef6465e-518b-4376-976a-bc033534f521,da Conceição,SP,Southeast,2024-02-05
4481,d5afe4fe-ca97-4dfa-8b3f-99af895c186b,Aragão da Serra,SP,Southeast,2024-11-18
4482,9c0851d4-8f20-4a19-90a8-36ae2977fb6e,Lima das Flores,BA,Northeast,2024-11-24
4483,c06947d3-72cd-4dd0-ae61-6bd7569d7aeb,Siqueira da Serra,SP,Southeast,2024-03-27
4484,85334baf-222b-4537-b377-7a8232efb83d,Pinto,RJ,Southeast,2023-08-10
4485,22e40b50-0262-4f90-bbd8-8e22cb0fab8e,Carvalho,RS,South,2024-11-22
4486,fdd35eea-92d8-4eb1-a6b9-ce275487452b,Cunha,PR,South,2024-03-28
4487,3acf0cbf-028c-4ae1-a0b8-773134544a6a,Câmara,RS,South,2024-10-12
4488,77ec1430-6885-4a47-80ee-7a6e32803153,Azevedo de Siqueira,PE,Northeast,2024-10-18
4489,e6a19ff8-ab9a-4585-9f73-7931b137d223,Viana dos Dourados,SC,South,2024-11-06
4490,02bda3a7-d0d7-4aa0-aecc-f1465d7dc0fd,Lima de Casa Grande,DF,Central-West,2024-02-04
4491,9c266a1b-9c13-4f71-ba77-a4dec6a1c1ef,Sá Alegre,RS,South,2024-03-30
4492,0e81a1fd-bf96-4bad-a60d-99413fc68e14,da Mota,SP,Southeast,2023-01-05
4493,0e594ba4-35ea-4f1e-9ec5-1b50a44a0d54,Cavalcanti,SP,Southeast,2024-01-22
4494,94ebae5d-bc16-4b0e-bb17-b288e9052c4b,Mendonça da Serra,BA,Northeast,2023-09-13
4495,4556a328-377f-45c1-876f-632f3c282939,Aparecida,RJ,Southeast,2023-09-02
4496,755d2764-4bc6-4db9-8a49-7bbd2086ba87,Pacheco,SP,Southeast,2023-01-17
4497,ffd8ca90-cc12-444b-bdcc-5163cf3b5aa8,Borges,MG,Southeast,2023-01-15
4498,f5260cb1-29bd-44d4-b7bb-24ab7447b052,Ribeiro,RJ,Southeast,2023-07-16
4499,0d57aef5-4aec-4057-a1e5-259fcc0cb19c,Araújo dos Dourados,RS,South,2023-03-06
4500,69e0d8c3-b8e2-4864-a0f0-c823d0778d1f,Ribeiro da Prata,SP,Southeast,2023-04-09
4501,f55c6af8-c6b4-4036-baca-2a87766afbe7,Melo,BA,Northeast,2024-11-11
4502,7ec4eb39-b0e4-40ce-a2d4-faa0a466c489,da Luz das Pedras,SP,Southeast,2023-06-21
4503,d51878a7-c962-4855-9f4e-f5d61b1a5a06,da Luz,SP,Southeast,2024-06-08
4504,a3cb29bd-5c19-47e1-a2e5-b19a0ccfd7fb,Nascimento,SP,Southeast,2023-12-01
4505,277230de-70d2-4fea-aba5-c500df556ba6,Pires de Casa Grande,RJ,Southeast,2024-10-03
4506,ee5eccf7-df49-44f2-817b-676756e80e7e,Cirino,SP,Southeast,2023-08-01
4507,0a4434d1-994a-461f-9110-7df927d23eca,Gomes das Flores,GO,Central-West,2024-02-09
4508,b66db5df-4820-4942-88a5-9343c21ca2c1,Montenegro Grande,GO,Central-West,2023-05-04
4509,3fc543c9-7c47-4df2-bf55-f644f278b488,Machado,SP,Southeast,2023-04-19
4510,1388fee7-f0c3-4c02-84f8-c5ce92ca910d,Brito,RJ,Southeast,2023-06-27
4511,fab522e5-1600-4e9c-95a4-2c522147129e,Campos,SP,Southeast,2024-10-31
4512,83759222-f74c-42c0-b538-40d987ea19f2,da Costa,RJ,Southeast,2024-02-03
4513,b0385cd1-fb86-41c1-98be-6c14b2675285,Souza do Norte,SP,Southeast,2023-08-14
4514,f9db00b0-e40f-4972-aa94-a772ab6b897b,Marques,SP,Southeast,2023-10-13
4515,d30a835d-dcea-4b59-8caa-f782dae5108b,da Rocha de Sales,SC,South,2024-01-13
4516,eeba719d-a118-466a-8c45-a5fe093ad01f,Peixoto,SP,Southeast,2023-08-12
4517,96773d4c-1a83-4f9e-9a3e-de1226ab406f,Sales da Praia,MG,Southeast,2024-09-05
4518,bc374a1e-517e-416a-9922-2b372d9eb2d2,Monteiro,ES,Southeast,2023-04-15
4519,2460fdd7-2ced-41f9-ac33-acb91a1e3904,Gomes de Souza,RS,South,2024-08-05
4520,8ebc02b1-3866-4e81-bff1-254b4128b138,Cirino de Castro,SP,Southeast,2023-04-08
4521,4a0d08ae-db6e-42cc-9c57-eb93057eaa6f,Casa Grande,PR,South,2024-10-08
4522,607b7b22-2d18-41d7-a02c-98871cecb536,Rodrigues Paulista,RS,South,2024-11-25
4523,61eb8774-a563-4759-a10a-bc649752800f,Correia,DF,Central-West,2023-05-17
4524,b13e3f6d-0062-4f68-bc66-99ffbd731fcc,Costa,RJ,Southeast,2024-10-12
4525,4d529e8a-4b5f-4c24-8a36-acf1f9e5c053,Almeida de das Neves,BA,Northeast,2023-11-22
4526,7fc4bd3f-84c0-4bed-9732-bacd8090661f,Albuquerque Paulista,MT,Central-West,2024-11-13
4527,2a8cbefe-cdef-4f07-8553-c66b76f1a8e8,Freitas,MG,Southeast,2023-12-10
4528,c415a467-60a5-4b8e-aee0-ba179d254068,Barbosa Alegre,SP,Southeast,2024-08-22
4529,72bce91a-ae8f-491f-89bb-dda43080e036,da Cunha de Pinto,MG,Southeast,2024-06-07
4530,65b2e4c5-2e81-49fe-a75d-b776b3b5ab5c,Porto do Oeste,SC,South,2023-08-27
4531,990501f8-e0ad-4c81-b297-ca6e28f30754,Leão de Goiás,ES,Southeast,2023-01-14
4532,ebd92165-73cd-4e91-af5b-46f7449c230d,Melo de Dias,SP,Southeast,2024-09-23
4533,e97c0337-28f6-4012-aba5-a631cb776246,Nunes Grande,BA,Northeast,2023-05-08
4534,e2c53f4d-149f-45e3-ab19-b289047d4bc7,Ferreira da Prata,RJ,Southeast,2024-03-14
4535,9ac62e25-cf3c-4829-a44a-603e156e57f8,Alves,BA,Northeast,2024-09-26
4536,b9a1f8c5-929c-4513-9e6f-46b9a77465af,Cassiano,SP,Southeast,2023-05-21
4537,12431159-1df5-4402-892c-a61297affdcd,Vargas das Pedras,RJ,Southeast,2023-10-31
4538,9766cd43-26d1-4922-8ac3-3b9c37e6daaf,Dias Verde,SP,Southeast,2024-01-20
4539,3e8e9f65-6f96-4845-bb8b-1bf766f8197e,Rios de Silveira,SP,Southeast,2023-02-08
4540,689a5f90-a550-4af1-a777-a40bcff716ad,Pinto,SP,Southeast,2024-09-04
4541,c391ef93-aa01-4ab9-8bf1-d7a8b9042b4e,Aparecida,AM,North,2024-03-30
4542,55d145d2-1374-475f-a081-f8de6e74745d,Pinto do Galho,BA,Northeast,2023-12-03
4543,8d1d122a-ab37-4f0a-a574-625f06edeb11,Brito do Oeste,SP,Southeast,2023-11-22
4544,3918d757-1b62-4489-b94e-52be346b544c,Aparecida,SC,South,2023-02-10
4545,da06e439-88d0-44a9-92ea-e3b645c9db9b,Santos,ES,Southeast,2024-02-29
4546,d1a4e006-1071-47d9-a833-6002db049d89,Cavalcanti,SC,South,2023-10-23
4547,f3234331-1828-4e61-a6de-fcafd9ba9cdb,Viana,BA,Northeast,2023-08-23
4548,4bcb68bd-bfca-49d8-9f42-cf6b138664e3,Silva,PE,Northeast,2023-12-06
4549,dea6a37e-2755-4942-89cf-c27c5f5b787e,Nogueira das Pedras,RJ,Southeast,2023-07-30
4550,66c64e18-fdce-4d79-bfdf-76ae89293c77,Albuquerque do Campo,PR,South,2024-11-11
4551,87e504ce-1c17-4c69-9535-99c6c379b61d,da Luz da Prata,AM,North,2023-08-16
4552,4f2e8a08-63b3-4fd0-8ef9-0bcc8988266f,Sá Grande,SC,South,2024-01-26
4553,003eea09-ac78-4ec5-9639-d8aad650e1f3,Vieira,ES,Southeast,2023-07-07
4554,ed95e829-91ec-46b7-ad7b-37026365798b,Macedo de Porto,MG,Southeast,2023-01-07
4555,d4f7f15f-3e9a-44fb-bafe-378086403806,Moreira Alegre,SP,Southeast,2024-05-18
4556,63416840-f5b3-429a-bc9b-944fc6a3e5d4,da Paz das Flores,SP,Southeast,2023-07-17
4557,becfa316-c66b-4a01-8f90-1410bfba290b,Peixoto,SP,Southeast,2023-05-25
4558,37bbf154-2119-41c1-b966-83556f72bb3c,Ribeiro da Serra,GO,Central-West,2023-05-09
4559,b701001e-2412-42ab-9c4a-b63d1c9e7844,Casa Grande da Serra,SP,Southeast,2024-08-29
4560,04612c71-2eda-433f-b17c-a1021339ff4a,Sales de Minas,PR,South,2023-07-29
4561,9c9a9d7d-29c0-4a85-88c9-55720ba40fdb,Nascimento do Oeste,SP,Southeast,2023-03-22
4562,480a202f-1cde-4b69-b8fb-04f3cbbc04a3,Moraes de Nunes,MG,Southeast,2024-04-23
4563,dda7c33a-b334-4e5b-9ca3-aa0ac5c19ddb,Borges,RJ,Southeast,2023-07-22
4564,724eb58d-9d70-473e-9cd9-f69f789759ef,Teixeira,SP,Southeast,2023-06-30
4565,9814697c-9c02-4145-968f-86586800155d,Oliveira do Galho,SC,South,2023-11-07
4566,8381023f-292f-4ba1-a6d5-010318b685c5,Camargo,RJ,Southeast,2024-04-04
4567,0e98686d-0518-42dc-8caf-7d2abc4047fa,Lopes,MT,Central-West,2023-07-26
4568,bcccd4b3-055c-4cac-a8ea-0d226c187782,Santos,SP,Southeast,2024-05-07
4569,590bbfbc-0160-41c4-8ff8-a84c008ba779,Souza,SP,Southeast,2024-01-04
4570,31821fde-562f-42e8-8a0b-b8e4294a8a71,Correia do Campo,MG,Southeast,2023-06-21
4571,0be1bd38-a1be-4068-925f-38eb00fc3ce3,Cavalcanti Paulista,MG,Southeast,2024-03-08
4572,e62e54eb-878a-4369-a2e4-4a013e889897,Novaes,ES,Southeast,2024-03-19
4573,5af380a4-ef70-48b6-807d-3d37b5b46dcd,Leão,BA,Northeast,2024-05-08
4574,2bc12824-9dae-4912-8f70-ea88d7aae31f,Araújo,SP,Southeast,2024-01-26
4575,b28fc8c6-88b3-4922-a5ea-60d8737b6961,Castro dos Dourados,MG,Southeast,2023-03-27
4576,3e7b15a3-eefd-41cf-afa7-60a9c19bfe2a,Cavalcanti,BA,Northeast,2023-11-04
4577,e3b89773-fe31-4a9e-8e49-9061d805aa2b,Montenegro,PR,South,2023-06-06
4578,ac553173-62a7-4ff5-a498-d1a89c028ab7,Cunha,PR,South,2023-06-29
4579,e66ecec5-6852-433e-bbd0-a126d086d4d6,Montenegro,SP,Southeast,2024-04-19
4580,e21e2ae4-1d32-48db-a28f-57d05612ad53,Cavalcanti das Flores,RJ,Southeast,2023-10-18
4581,6f1e2050-3f71-4dab-9ad1-36d67472bd84,Vasconcelos do Campo,RJ,Southeast,2024-09-12
4582,309b7234-130a-4f28-b920-31df0035c555,Ribeiro,MG,Southeast,2023-12-08
4583,337ceef0-2827-47c0-8a85-a82c817ed3f4,Silva,SP,Southeast,2024-04-25
4584,ac4b7dbd-1961-4a1f-a700-b5609bd89990,Ferreira,SP,Southeast,2023-07-14
4585,bcb760a9-7609-4580-afd4-6a8ee5d06bcf,Moura,SP,Southeast,2024-05-27
4586,f019eca2-b54f-4e0b-934b-3dbb7a14330b,Guerra,RS,South,2024-01-19
4587,7e35cb46-7b76-4a50-a549-84aef3e205de,Brito do Norte,MG,Southeast,2024-03-01
4588,b92d933d-a10f-43db-8169-9add6c286e65,Pacheco da Serra,GO,Central-West,2024-01-18
4589,ef30681c-e61b-4afc-a282-84df019b2b5d,Rezende,RJ,Southeast,2023-11-12
4590,c533fd1e-3f53-4270-8432-dbd0d02f1905,Pinto,SC,South,2024-08-25
4591,71d0f4fd-9b50-4cd7-b793-231f209f9f95,Camargo dos Dourados,SP,Southeast,2023-02-09
4592,1c54cdb8-b1dd-4dbb-80cf-9dc7eb108621,Pastor das Pedras,PA,North,2023-05-08
4593,a4ac2176-8882-4b82-9a6d-33da945dbe02,Nogueira,RJ,Southeast,2024-08-02
4594,a926550e-5995-45f4-8c85-45c1b159f8a4,Cavalcanti de Sousa,SP,Southeast,2024-03-22
4595,b7584252-fd9c-4d09-8442-46cfacf14cbe,Sampaio,GO,Central-West,2023-12-23
4596,b2288b79-5e5f-47a9-a07a-93ea640ac369,Nascimento das Flores,ES,Southeast,2024-05-15
4597,deb04c83-9c94-45d8-abba-86f4c3831cda,Oliveira do Campo,SC,South,2024-01-13
4598,3442853a-72be-4fb8-92dc-383c236bf12c,Pimenta do Galho,RS,South,2024-10-28
4599,f3d210db-e41f-4a4b-90c4-e57a97da6c23,Fernandes,RJ,Southeast,2024-03-10
4600,45d81a45-9a33-46ee-b938-5322537e95ed,Pires do Sul,BA,Northeast,2023-09-06
4601,4c40a716-bcf8-4a8f-b1c0-1cb1c395428a,Pacheco,MG,Southeast,2024-01-06
4602,71eeea51-05c0-48c6-9b9a-bb6ddc954d75,Pires do Amparo,SC,South,2024-11-23
4603,69793532-9e0a-494e-83cc-0aac248941f4,Pastor da Mata,SP,Southeast,2024-11-12
4604,92f7d82a-7018-4dce-83b4-4bae101c1fa0,Mendonça do Sul,SC,South,2023-09-25
4605,c8271dd9-8da1-4439-80fc-21fd8ffbcc0f,das Neves de Rodrigues,SC,South,2024-11-28
4606,8f2473da-4141-49c5-bf7e-edaaae01d882,Rodrigues Verde,SP,Southeast,2023-09-11
4607,1344c2f6-469a-4da3-a7d7-3e5748c31385,Pereira,PR,South,2024-11-09
4608,4d617ffb-d8d3-4c89-810a-9f84cd4ebc4b,Jesus,PE,Northeast,2023-01-13
4609,d6c1de57-49fa-485d-be16-918f764878d7,Moreira de Pires,SP,Southeast,2023-04-05
4610,bbaae0a4-660f-4b0b-b4cd-510f57e69df9,Garcia,SC,South,2024-01-29
4611,88a0d69a-9593-4df6-86c2-86af4affe799,da Luz,MG,Southeast,2024-08-23
4612,cad67b77-0287-4139-90e7-ceb84a3e7903,Ribeiro,MT,Central-West,2023-03-24
4613,64fdda37-ce63-4ae0-83c7-f1d9a3d7ad9b,Duarte,ES,Southeast,2023-07-13
4614,d5f00f27-1e46-488e-abc0-30e4f7009428,Castro,CE,Northeast,2023-06-19
4615,756c1d0f-f60f-4bf2-a3b8-f54266023be3,Gonçalves,PE,Northeast,2023-09-16
4616,9a117c5a-8d89-47fb-8a35-718466747987,Almeida,RS,South,2024-05-27
4617,4543646b-2ddc-4792-8b5b-73dfd7018ade,Fogaça do Galho,MT,Central-West,2024-11-05
4618,0023b3a5-38b0-42da-852a-05701ab84c1b,Rios,CE,Northeast,2024-08-23
4619,7b82ff4c-5473-4446-8a88-bdd7cdf392f9,Rios da Prata,RJ,Southeast,2024-02-26
4620,98523535-9e6d-4d62-bca9-7d028d129c6c,da Luz de Souza,BA,Northeast,2023-04-02
4621,58fe79a1-8da7-4e1a-9b21-eb27feae0fb8,da Costa do Sul,SP,Southeast,2024-08-09
4622,7273b748-f5cb-4af8-acea-934f263d979a,Albuquerque do Norte,BA,Northeast,2023-12-19
4623,adfe0110-0bc1-4150-b67d-9aad0029691e,Silveira das Flores,PE,Northeast,2023-10-03
4624,1a110a4f-673e-49fe-adc7-7c49c2806fd5,Ramos do Oeste,BA,Northeast,2024-02-12
4625,f347e18d-f7de-435a-a941-cff1046cf25d,Gomes da Mata,RS,South,2023-01-07
4626,c46ac405-42d4-4734-8ed6-586018dafb7a,Macedo,AM,North,2024-05-18
4627,d83c575c-aa3b-4db7-8a96-b857fa8f3923,Lopes dos Dourados,SP,Southeast,2023-03-13
4628,c2dc09c1-80ad-483c-8d41-de2691c99644,Silveira de Almeida,BA,Northeast,2024-03-03
4629,78dbd04e-87e3-4955-9e49-e6e1a754251d,Leão,PR,South,2024-11-01
4630,08f07b8a-cdbb-4c7a-a48a-8be5e0d0dacc,Camargo,RJ,Southeast,2024-03-17
4631,6d7f80cd-343c-4990-8007-e123a18abfa8,Sales do Campo,SP,Southeast,2024-01-19
4632,eb3f4202-4579-409a-bb1d-fabe0c2fded5,da Rosa Paulista,SP,Southeast,2023-05-18
4633,f02a1b37-9865-496f-99f8-d29021abbbf2,Gonçalves,SP,Southeast,2023-07-06
4634,57cb2f2e-aa4e-4133-8635-d22a7be40393,Novais das Flores,ES,Southeast,2023-04-23
4635,2a329b37-5fcd-49c7-aaa2-c166d1893aba,Andrade das Flores,MG,Southeast,2023-08-06
4636,20448d4c-c732-4a9b-8992-e0cc244a9ac8,Duarte,SP,Southeast,2023-03-02
4637,98ec5b6a-9c7c-4745-981d-0820e90052ed,Mendes Grande,BA,Northeast,2023-07-16
4638,c4a36864-6ceb-4d92-aeb4-50c850bfc860,Cirino,SP,Southeast,2024-02-23
4639,1ff868e7-2e48-495b-9ae8-6239f05e6b17,Farias,MG,Southeast,2024-10-01
4640,a29c9dbe-ee8f-4a88-b728-0c983c64b7e5,Macedo do Sul,SP,Southeast,2024-10-13
4641,7afb83cc-4eab-4bdd-bfb8-2b3e4234e83e,da Rosa da Prata,SP,Southeast,2023-10-28
4642,535fc8cc-c914-43ac-af4a-bf3149dff748,Peixoto de Goiás,SP,Southeast,2023-05-08
4643,2bb47785-5385-4e02-afe4-0ae899ccdde6,da Conceição,SP,Southeast,2023-12-17
4644,01903474-5002-4c14-b9a8-4a8388ccf7ad,Barros de Carvalho,SP,Southeast,2023-08-29
4645,5902bf0b-ba89-4427-9540-990249979fe3,Caldeira,MG,Southeast,2024-11-19
4646,dca261ea-d432-416a-b396-9a862a8daa45,Abreu,BA,Northeast,2023-01-10
4647,20b2a35f-64f6-42b5-bfc7-6ec5bdb3a39d,Borges,SP,Southeast,2023-01-08
4648,ede652f5-1167-41d8-9e71-a4acee367214,da Costa de Vasconcelos,RS,South,2023-02-12
4649,f84c0ee5-a220-4dd1-a4a7-dce4a3dd1a45,Monteiro de Castro,SP,Southeast,2024-06-18
4650,893bfecf-454c-476e-85bc-10a96cf40909,Pinto,BA,Northeast,2024-01-20
4651,b65d95c2-522c-42e1-8e41-602958b48e1d,Novaes Alegre,PR,South,2023-09-30
4652,ab28efa9-959e-477e-ae52-635d2bc4a319,Cavalcante da Praia,GO,Central-West,2024-04-29
4653,5008606f-dbf5-4afe-b67a-3c0723d34fb6,Guerra,BA,Northeast,2024-09-10
4654,53e39b1a-809a-494c-ba3d-55271d9ba450,Freitas de Pimenta,MG,Southeast,2024-01-15
4655,0e03622c-110a-456d-b2d9-32a41583367e,Aragão do Galho,RS,South,2023-12-18
4656,5cff7279-0c12-4a1d-a300-df89da07aa8b,Peixoto de Minas,PA,North,2023-09-03
4657,4ea8599e-7440-4c5f-b2bf-a6934221ad1e,Melo de Goiás,GO,Central-West,2024-11-12
4658,36feb3a6-a37d-499e-9dba-2337c3c27248,Vargas Grande,MG,Southeast,2024-09-17
4659,876796d9-dfb4-4eef-b038-63384c2d189b,Camargo dos Dourados,SP,Southeast,2023-12-31
4660,4cdf2ab5-94a0-4435-9b3d-7f2a1e7c30a0,Costa de da Luz,CE,Northeast,2023-04-13
4661,9a607945-e6bb-4a9e-98ef-8f094a1521ff,Andrade,SP,Southeast,2024-02-16
4662,82b3158f-7d03-4875-bb3a-ef0a5557bd35,Câmara,RS,South,2023-05-23
4663,37bffcbd-87a4-4304-9ff3-a9f831faf7e0,Barros de Minas,SP,Southeast,2023-05-06
4664,d353db1c-3d59-4f7b-b377-4ed1b039ba0d,Lima,CE,Northeast,2023-10-14
4665,79748626-8352-45d6-8995-4fc3efb3eb37,Novais,GO,Central-West,2023-09-12
4666,2c910cd0-cb5e-4dab-9a45-b8cc117d3f63,Nogueira de Melo,RJ,Southeast,2024-09-25
4667,d3c40794-4905-4e12-8277-f1413240ab15,Cirino Alegre,RS,South,2024-05-01
4668,2e795ba5-503e-49cb-9006-37c7af2c65fa,Macedo,ES,Southeast,2024-11-07
4669,53a3939e-6899-48d6-8e44-4af9b106c45a,Duarte,SP,Southeast,2024-10-15
4670,cfea3a8f-7b8d-432f-b9f7-113dba9bb777,Brito,GO,Central-West,2023-11-26
4671,1b7d405e-dd0c-4405-9084-b6de830ad57d,Lima do Amparo,SP,Southeast,2024-01-04
4672,de8e2646-477a-4887-8ae3-ba943020366c,Monteiro de Minas,CE,Northeast,2023-11-30
4673,be07d0c9-7154-4572-baac-3fd3bc376bf5,Castro Verde,RS,South,2023-08-28
4674,eea0e30e-96be-452e-a5c1-efd6cf1f5a98,das Neves,SC,South,2024-02-14
4675,6563c7d9-d04a-4a73-b5bc-040f3977c6c3,Pastor,BA,Northeast,2023-03-25
4676,e37f24d7-41c7-4406-9359-fb5d9ac72520,Pires das Pedras,RJ,Southeast,2024-05-02
4677,5769993c-e7f1-4c14-b8bf-491d4311fb26,Pimenta,AM,North,2023-04-13
4678,ca50e117-95f9-4dfa-933a-c61c966925ed,Sales,BA,Northeast,2023-10-28
4679,8842955a-0c58-4c0a-9cb6-e17b097452d8,Mendes de Goiás,SC,South,2023-05-27
4680,e7ea6db4-8802-4bd2-8457-9d6f93d3125a,Rodrigues,CE,Northeast,2024-08-08
4681,185f014a-29e9-4fa2-9723-2faab5788525,Nogueira,BA,Northeast,2024-05-31
4682,85a63296-a9df-4c0c-a8db-76b3982df078,da Paz da Serra,SP,Southeast,2024-05-24
4683,46e53c29-63ce-4666-8b78-9b1fa68a8457,Pinto dos Dourados,BA,Northeast,2023-11-05
4684,2bb2c51f-7023-4aca-9ee6-fdea9534ee94,Vasconcelos do Amparo,PE,Northeast,2024-07-15
4685,922e047f-b5c1-4af0-a296-884f541eb2a4,Sá do Galho,AM,North,2024-04-23
4686,bdecfa9d-84b0-449a-b208-deed205cf4ec,Pastor,SP,Southeast,2024-04-01
4687,124b035f-24b9-4e69-addc-c8290d24c21d,Souza de Pacheco,GO,Central-West,2024-05-08
4688,9bf4b57d-89ef-4861-bb2b-35a276777d6d,Carvalho,SC,South,2023-09-04
4689,30020f5e-8a5a-4b4d-8760-80e14c9af99a,Barros de Martins,SP,Southeast,2023-06-24
4690,c028286b-5402-4337-ad1d-6d2703aefa62,da Luz Alegre,BA,Northeast,2024-11-06
4691,4410710e-ca37-41d2-9950-4cc0cf962bfa,Lima,RS,South,2023-04-19
4692,28eda191-dfb4-4b5f-82b3-5e097f101f15,Moreira do Campo,MG,Southeast,2023-01-30
4693,37b71c72-b9e2-46e0-aea6-4fad153f7fee,Costela,SP,Southeast,2023-12-01
4694,c0821f39-577a-45a1-80b6-068f8735b2bb,Nascimento do Campo,DF,Central-West,2023-10-15
4695,3eea3cf0-93ff-41ea-94f8-72f6c67e0a01,Nascimento de Barros,SP,Southeast,2023-09-21
4696,5628c13e-ea9b-45eb-b1fc-8f26466d19a5,Almeida,RS,South,2024-11-17
4697,a81ce995-9e00-401d-8b80-52e1bce642a4,Caldeira,SP,Southeast,2023-05-20
4698,0c07cdc3-93bc-406c-b7cf-865f71fed889,Dias Grande,DF,Central-West,2024-10-10
4699,ecb359bf-6cdb-430c-9c87-885e8f6e1e30,Pacheco do Oeste,RS,South,2023-04-03
4700,5fa8c28a-ca10-4941-92b7-828638942fe2,Pires,BA,Northeast,2023-12-07
4701,be98703f-5026-4309-a830-b0bad43d347d,Sá,CE,Northeast,2024-08-12
4702,bfbe9ca3-f610-450b-b6f5-3b65b8cf3f6a,Vargas,BA,Northeast,2024-09-07
4703,31f5ee86-5183-454f-ab3f-631bd60ce979,Rocha,SP,Southeast,2023-12-18
4704,be91dd2a-bf02-4c09-851d-180065022273,Campos,RJ,Southeast,2024-01-26
4705,95a155de-c98a-4fa2-bdba-c4d7935f52da,Albuquerque,SC,South,2024-07-29
4706,885afb35-db8e-4298-b561-f4c33fa58bda,Oliveira,MT,Central-West,2024-03-23
4707,22681c70-4eb0-4c3d-b96c-6ae6fc19285d,Ferreira do Campo,PE,Northeast,2023-08-17
4708,0ad1b7b6-6d35-40b7-b937-c04f3e4c23fb,Sales,SP,Southeast,2023-10-25
4709,88f68352-d38b-4a4e-93fd-b67487f766a9,Montenegro,SP,Southeast,2023-04-02
4710,488d5d8d-0aef-47ed-9f7e-09deb79908b6,Araújo Grande,RJ,Southeast,2024-08-29
4711,76069f22-b6f2-4b07-b651-42584ca15720,Guerra,GO,Central-West,2023-04-29
4712,eec335f7-57df-4c9a-a7e0-fe2511d67820,Costela de Garcia,PR,South,2023-05-11
4713,ea3e442f-23cd-4c84-a6ed-34e2c1ed3940,Barros de Cunha,CE,Northeast,2024-01-25
4714,b87ad896-8278-4194-9943-0636b0b169f7,Nunes de Goiás,PR,South,2023-01-02
4715,cc692137-3df3-49d6-9a6d-4596358017d6,Santos,RJ,Southeast,2024-08-27
4716,8b67cdcd-5578-426e-a06a-e93d01d23fc9,Sá das Pedras,PR,South,2024-02-02
4717,f4a3ee30-a203-45c1-9de1-3be7172104cb,Machado de Goiás,MT,Central-West,2023-11-24
4718,dc5bb24f-5595-4cd1-a691-c0e61600b3cf,Garcia de Goiás,BA,Northeast,2024-11-26
4719,2f9997c3-916e-4d7b-bcc2-89b795b45992,Ferreira do Campo,GO,Central-West,2023-05-10
4720,3f005dab-4a49-4f80-a13c-984719ec4e51,Rocha do Norte,ES,Southeast,2024-09-08
4721,82101862-d69c-45b2-a24f-6444a8f75fed,Melo,PR,South,2023-04-20
4722,0736591d-74f9-4d90-ae84-98c67c74eb6a,Nogueira,RJ,Southeast,2024-07-05
4723,c40586bc-ff2c-47dc-abfc-abd798313d75,Jesus do Sul,CE,Northeast,2023-11-20
4724,4b842799-3fd6-499e-aa03-486f57d66988,Moreira,SP,Southeast,2023-10-31
4725,41404d41-cea7-4521-a0b1-aac5150b8146,Azevedo das Pedras,PE,Northeast,2024-05-26
4726,1ad6ff7b-e4af-45aa-88f3-43a91398592b,Duarte de Porto,RS,South,2023-05-31
4727,8910d70e-55b2-482a-b469-b0dee442c26c,Jesus Paulista,PR,South,2023-05-30
4728,f69d1805-5f90-4a2c-b9ae-1b300af875b2,Andrade,BA,Northeast,2023-02-05
4729,8bff35b3-8f6a-4979-ab55-db54305c5d6f,Carvalho,PR,South,2023-11-13
4730,021e2689-36c8-4263-bae9-bf9d7d8bd58a,Casa Grande do Amparo,ES,Southeast,2023-05-07
4731,2262dad8-6c16-478b-b562-43476b715b34,da Luz,SP,Southeast,2024-08-10
4732,4545448d-ad2a-494b-8258-828ba23e189b,Camargo de Moura,MG,Southeast,2023-08-09
4733,978bd951-3adb-42b2-943a-1af1c1463a0a,Vieira do Oeste,MG,Southeast,2024-01-21
4734,696932ac-9349-466a-8588-15b3ed335d5f,Leão,SP,Southeast,2023-12-08
4735,b1f6d38e-4297-4b04-a6f2-1e777ecbca9c,Nunes,SP,Southeast,2023-08-04
4736,895d603d-8172-413b-ac52-75582c77a125,Pimenta do Galho,PE,Northeast,2023-08-19
4737,df04ea9f-4505-498e-83e8-212d744feff8,Sá da Praia,RS,South,2023-02-23
4738,3cb48481-b4f8-4d12-9b0d-c10e1ca48caf,Nascimento dos Dourados,DF,Central-West,2023-07-03
4739,1f8fa9dd-7daf-4db1-988a-2b6722c2ca83,da Mata de Costa,CE,Northeast,2024-02-06
4740,6cc0e350-f7c4-4cb2-a44d-3bc00572257e,Viana,RJ,Southeast,2024-11-06
4741,d6d21f63-623d-45f4-81ef-62521b0c6cad,Vasconcelos do Norte,DF,Central-West,2023-06-13
4742,3550d3f7-f275-4e56-8e18-dcc733fe09e7,Montenegro,PA,North,2024-07-15
4743,784aed02-8c62-4a8f-b49e-b0da7e509ec4,Rezende de Souza,RJ,Southeast,2024-03-08
4744,38f222b9-8310-4b55-b638-900a5bf0e042,Cunha,RS,South,2023-12-23
4745,7992ce54-c2cf-4589-88b1-e8cc679a9d56,Albuquerque de da Cunha,BA,Northeast,2024-02-05
4746,022862c4-b7ab-4799-bb88-46e618239790,Pinto,SP,Southeast,2023-10-17
4747,f3966a62-f12c-4046-9cdb-06cbe9c3d371,Correia do Galho,RJ,Southeast,2023-07-19
4748,6b4c2dac-df93-4659-a30c-e666d36e7cca,Cirino,RS,South,2024-07-15
4749,221c08a3-6559-4255-a0b2-03ce8b81ea62,da Luz da Serra,RJ,Southeast,2023-05-15
4750,4310357d-ec80-4a6f-8a1d-ee98f84a9bca,Rezende,RJ,Southeast,2024-08-17
4751,deb1289a-dcc3-445f-ab9e-6568d8ee0d81,Barros,CE,Northeast,2023-02-25
4752,a701e867-b962-4064-88eb-f1789c787640,Machado dos Dourados,PE,Northeast,2023-11-08
4753,c209cac4-44be-41b9-81df-e84a224a94a5,Azevedo do Sul,MG,Southeast,2023-06-17
4754,7ea7ccb8-b0ad-494d-b510-0bca0e7d25c3,Brito Verde,PR,South,2024-03-28
4755,5f09058e-454e-4370-a8d8-fdf437103c3f,Novaes,RS,South,2023-10-26
4756,9f130820-0f3b-45f9-9345-c526a4abce56,Silva de Pimenta,DF,Central-West,2023-08-03
4757,a260f227-f46a-4817-994a-589d4f3fbe07,Casa Grande,SP,Southeast,2023-07-20
4758,f3be0191-8b42-4cfc-86ec-9b9cc02ac918,Alves de Pastor,BA,Northeast,2023-01-10
4759,7983efc0-8eda-45d9-bc41-c770baedb7ab,Souza,RJ,Southeast,2024-08-12
4760,dd94b1cc-4179-4153-bba3-805163c84474,Costela da Serra,SP,Southeast,2023-06-01
4761,fdea42aa-1400-4cbc-9f89-a98c2d6dc2cb,da Rosa de Vieira,RJ,Southeast,2024-03-13
4762,0394c4d8-4a24-4d4b-af7e-618424e73747,Sales do Oeste,RS,South,2023-06-22
4763,1b9e2c84-1984-4c74-ab51-bda02c21d6c5,Andrade,DF,Central-West,2023-04-09
4764,869d7b01-61f0-4b99-8e33-db3731425d81,Brito das Flores,RJ,Southeast,2024-04-30
4765,03126153-7992-4753-8cdd-df9237119879,Nogueira,SP,Southeast,2023-02-23
4766,a71dc051-b1c8-4969-b2da-c793663c36c1,Araújo,SP,Southeast,2024-06-11
4767,c76ee7c0-26c5-4162-ae12-5271ef2b03e0,Andrade,SC,South,2024-08-30
4768,cadc3379-c788-4847-95d1-0dfc9834e02f,Gonçalves,MG,Southeast,2023-06-02
4769,b8b06743-6a02-41e2-8d76-6247e4acda19,Azevedo,SC,South,2024-02-18
4770,68c5eddc-3253-49fa-9c42-952b923cddb6,Albuquerque,SP,Southeast,2023-05-02
4771,9adbb8f1-79cd-459e-b700-2b6656c65adb,Alves do Norte,SP,Southeast,2024-05-15
4772,22f5b1a9-3e4f-42ba-beb3-eae71885048a,Nunes do Sul,RJ,Southeast,2024-09-02
4773,375816cf-761d-497f-8c6c-774506a7bafd,Borges de Correia,GO,Central-West,2024-10-30
4774,a7836218-08dc-45ef-8758-61c1c0acb3e0,Cavalcante de Castro,BA,Northeast,2024-11-17
4775,8a608ef3-3446-4c61-9bf1-b7e117f13397,Nunes do Norte,SC,South,2024-04-19
4776,e2751ce6-78fd-4b16-8262-8a03be4543f4,Rezende,CE,Northeast,2024-10-27
4777,2f85f6a6-247d-4d52-bee0-938e63cd0cb1,Alves,RJ,Southeast,2024-10-09
4778,50f35bb4-40fe-4948-92d9-3f36cde44f3a,Souza das Pedras,SC,South,2024-01-12
4779,7ef86974-ffb0-4027-9ca3-d15acad743d3,Nunes,SP,Southeast,2023-04-30
4780,fe28cbd9-cec8-4000-8c12-86042acc8fee,Melo,SP,Southeast,2024-05-15
4781,41bff5b9-746c-4f4e-819c-2251d59065fa,da Cruz das Pedras,SC,South,2024-06-05
4782,250b0aeb-fa76-41da-bbb6-4c040dc56a75,Teixeira,SP,Southeast,2024-08-23
4783,c9594659-db59-4d88-8b0a-f1e04d315b7c,Cirino,PR,South,2024-08-09
4784,a5dfc68a-17c4-4e8e-a4eb-e8de5c4cbcb4,Albuquerque Grande,MG,Southeast,2023-04-07
4785,e94f82d9-36f4-4d3b-ae5b-80a157a25d1c,Sá de Minas,BA,Northeast,2023-07-05
4786,e9f2e2ba-bb89-49fa-b450-45ad24549c98,Pacheco,RJ,Southeast,2024-10-22
4787,d2c351c2-bded-4bba-8e1a-701945876487,Melo de Cirino,RS,South,2023-11-02
4788,354f7ca8-05c9-4f58-9df5-4a2160363d28,Leão,PR,South,2023-04-12
4789,50d8ae13-5a66-4824-a021-6b00a43ccdd5,Câmara,RJ,Southeast,2024-07-04
4790,68b29ad3-7867-440f-a16b-b956ec466708,Rezende,SP,Southeast,2023-01-21
4791,4cd3dfc4-d17e-4ecb-9a49-192f7732c94b,Rocha,RJ,Southeast,2024-07-03
4792,584e6851-f2b1-48c7-8535-8d5a2249aa0f,Pacheco da Prata,BA,Northeast,2024-06-26
4793,097c763b-61dc-4d58-9ca8-8afb59cb1e01,Caldeira,MG,Southeast,2024-06-15
4794,1c45cd81-aadb-42fc-9331-653d1b3684b4,Nascimento Verde,PE,Northeast,2024-07-05
4795,2bb4ee38-1746-4451-9772-aea9ec147855,Nogueira das Flores,RS,South,2024-10-29
4796,4918df40-b3ff-462e-81e8-1da9fe4d58c1,da Cunha do Amparo,SP,Southeast,2023-08-01
4797,e0f99296-ca89-4460-ad8e-c7578e562fbe,Cardoso do Oeste,MT,Central-West,2023-05-01
4798,0f0cb156-ffc6-4e15-a11e-568476af13c0,Montenegro,SP,Southeast,2024-09-05
4799,74c8a3a4-4fdc-4645-84ec-89bb86886817,Alves do Galho,RS,South,2023-01-06
4800,d2242ae5-7035-4ec5-bb10-8cbabfcbaa55,Nunes,PR,South,2023-11-18
4801,7d9e3bb2-0853-4212-9267-30dc1c0a8411,Pinto Verde,SP,Southeast,2023-05-12
4802,4cffa037-6feb-4d46-95f3-f9e12170ef53,Aragão,PR,South,2024-10-30
4803,b9e1aa73-bcaa-4722-923f-720a675684ce,Gonçalves,SP,Southeast,2024-07-29
4804,a0157233-baf9-4557-b642-35139ba143ac,Costa,SP,Southeast,2023-02-05
4805,3aff81d1-faca-4c41-9377-0d9dc9117c27,Nogueira Paulista,SP,Southeast,2023-05-08
4806,72f4c4b3-453a-4e55-afe2-43b3828648b4,Montenegro,ES,Southeast,2024-01-08
4807,92f72f86-3958-489b-9e05-4c8a28605c20,Dias Paulista,MT,Central-West,2023-06-25
4808,b6e3f5d3-25e5-41c8-afff-74056e83766e,Cavalcante,MG,Southeast,2024-11-04
4809,33057245-2a9f-4994-bf74-7a8a10e00199,Rodrigues de Souza,SP,Southeast,2023-11-04
4810,5bf9bfad-03b9-4598-9dc0-96d225fc850a,Abreu do Oeste,SP,Southeast,2024-06-15
4811,0f9b0aca-0081-4704-b7c2-00e3c2e8a700,Almeida,DF,Central-West,2023-10-28
4812,3fa8a0e3-607c-4d33-84dc-ff4d8c6d5cde,Souza das Flores,SC,South,2024-03-31
4813,1c798fe1-97ff-4642-bd40-f9b074147301,Abreu,SP,Southeast,2024-05-17
4814,c4a360a6-925d-4ff4-8566-4da48422edc7,Campos,RS,South,2024-06-19
4815,cc5ec79b-67fc-40e0-9e7e-0e2d408b1ac0,Almeida,DF,Central-West,2023-12-27
4816,d9b37816-db1a-4e44-b477-461494639e57,Gomes,SC,South,2024-06-06
4817,a0b5e6c3-bdcb-4eb2-80c2-8c419155ed93,da Costa,SP,Southeast,2023-04-12
4818,339839aa-7e95-4992-af7d-a5d4238c929d,Sousa de Pacheco,SC,South,2023-02-15
4819,c5f93dca-f1f0-4b90-882c-bb08ac5a61d3,Sousa de Silva,SP,Southeast,2023-07-12
4820,0247b04d-6361-4032-8b73-633f9e269012,da Rosa da Prata,SP,Southeast,2023-08-09
4821,150b1760-f371-477e-97b7-98ecfd2e93ed,Mendes Paulista,GO,Central-West,2024-09-08
4822,0cf832b3-0a66-4211-beb4-a3ee63754082,Peixoto,PR,South,2024-08-28
4823,96e89593-f8f1-41f4-9756-1954d0e12881,Rodrigues de Goiás,RJ,Southeast,2023-05-12
4824,e3ebebd7-1e65-4a50-af3f-753b3fc12984,Silveira,RS,South,2024-03-08
4825,72176085-f3fd-4abb-be8b-a891d5c4b30a,Brito,SP,Southeast,2023-09-19
4826,517ec7c8-15cd-4d70-a1e3-afdf85fcfa18,Ribeiro,SP,Southeast,2024-10-27
4827,5e8fb079-a550-44d1-8e27-e0449aa833b4,Farias do Galho,DF,Central-West,2024-02-14
4828,f67d8488-92c5-43d7-825c-dea8243ac2d4,Cassiano do Sul,MG,Southeast,2023-09-18
4829,ce0f3a53-4280-4061-a2cb-c85c3069ae7c,Azevedo,RS,South,2023-05-27
4830,c33c518f-52ed-4bdb-b415-83df5ceecd7b,da Mota,PR,South,2023-03-14
4831,724c5cd0-07ac-4372-a93e-e2d569b20a83,Garcia Verde,SC,South,2023-10-03
4832,488bd31f-4019-475a-98e4-18359b7215f8,Guerra das Pedras,PA,North,2024-10-23
4833,0dbd384d-b753-4ff5-a5f5-0323710dcbb7,Araújo,SP,Southeast,2024-01-17
4834,e19896da-4459-42fd-a350-92758ceff4f4,Carvalho,PR,South,2024-10-25
4835,e906222b-8a00-4f6f-851e-21bdb4d2b229,Sales,PE,Northeast,2024-09-11
4836,23451386-ebaf-4098-a6f7-12cc81ca7732,Moraes,SP,Southeast,2023-06-07
4837,c45de840-ec25-40fa-98b1-d51e725d71f1,Abreu Grande,RJ,Southeast,2024-03-20
4838,24076ed2-641d-43f9-a403-cbbbf60249b5,Moura,RJ,Southeast,2024-09-10
4839,11ed5768-e322-444a-8034-3d4d58be184d,da Luz de Sales,SP,Southeast,2023-10-04
4840,77b299e6-22cd-4c19-a7a3-3be5532394aa,Vieira,SP,Southeast,2023-04-23
4841,f88f7584-a31d-4d15-9bc7-6084e9a98188,Jesus,RS,South,2024-02-21
4842,ee38a9e9-f377-471a-a8e6-a63b4fc34028,Ferreira,SP,Southeast,2024-10-17
4843,0227e56b-0474-4ebc-b455-c604fee931f4,Borges da Serra,SP,Southeast,2023-12-08
4844,c586e43c-fe13-491c-983e-57269ea84284,Novaes,BA,Northeast,2023-05-30
4845,8c881f36-1b70-4635-94fe-f8cfb3831f17,Rodrigues,CE,Northeast,2023-08-20
4846,a0db01ff-11c7-4935-b032-56d86b2e258e,Viana,SP,Southeast,2023-04-11
4847,58904829-53ce-402b-b97c-4b6aa1ad0add,da Paz,RJ,Southeast,2023-08-16
4848,65c7fb93-e46a-4676-9dc4-5dd4aa620cd9,Andrade,RJ,Southeast,2023-04-18
4849,2c42b7f3-9a03-4182-b6f3-304d0f92b3fb,Araújo,BA,Northeast,2023-05-07
4850,06062b52-688c-4e17-ad2d-2c6c43b66a27,Barros,SP,Southeast,2023-11-10
4851,85ba2504-3e07-40f1-8fc2-3d2620b6a33c,Marques,PR,South,2024-05-16
4852,b9312771-16f8-4d97-8795-7c4a162fbcea,Costa,SP,Southeast,2023-12-24
4853,915b3aca-208d-4d01-a771-c17cfbcdcfde,Azevedo da Praia,RS,South,2023-10-16
4854,a7a52a11-0784-481d-a006-1fdb16ee2513,Nascimento da Praia,PR,South,2024-09-14
4855,6dec0f06-bc45-4b7c-bf6d-19a802f38593,Sá Alegre,SP,Southeast,2023-02-19
4856,c59b7de8-d09d-4263-b4aa-15ac397183ef,das Neves das Flores,SP,Southeast,2024-02-03
4857,e014ec53-f87c-418a-8bc6-e292b9b436d3,Rezende da Serra,SP,Southeast,2024-11-25
4858,70972046-fa7c-4893-a4f2-95fce4d24857,Câmara da Mata,MT,Central-West,2024-06-28
4859,067070e0-f765-4613-9341-72ff620072e0,Pinto,PR,South,2024-02-17
4860,01c08038-3c91-4ccc-9538-b109168e8bf6,Monteiro do Oeste,MG,Southeast,2023-05-11
4861,7de7ca5a-4f22-4d57-bb5d-13c5f6cb4071,da Luz,SP,Southeast,2024-06-09
4862,f60ad0a3-8eee-4e95-9987-67113c20fe71,Barros do Amparo,RS,South,2024-11-04
4863,2b48a034-88e5-476e-a8ea-c538ffc9cf29,Dias,SP,Southeast,2024-01-23
4864,adec6f15-bfdc-4b0d-99ff-a018c1c1ba4f,Marques,PR,South,2023-10-01
4865,64ecfbeb-2eea-48b3-b3e5-118aab0dbf11,Abreu de Moraes,SP,Southeast,2024-10-16
4866,b41ea125-6b16-4276-98e8-ea7d64591a9b,Ferreira das Flores,MT,Central-West,2023-09-13
4867,21491f7c-db1d-42c3-a713-9873f3e4613a,Barbosa dos Dourados,RS,South,2024-03-04
4868,da3069f5-68a5-42b9-bf6f-26cae2459327,Moraes de da Mata,RS,South,2023-07-07
4869,792a83f4-4b1f-4862-9fa0-aa69ca44724a,Barros de Ribeiro,MG,Southeast,2023-12-29
4870,a39cd730-0f62-46f1-9403-ad3d28de68ab,Fonseca,BA,Northeast,2024-05-29
4871,f99773b2-69ac-430e-8958-06df03d9f8c3,Moraes,RJ,Southeast,2024-03-14
4872,7bbe4efe-90cc-41e5-8027-39e54da598e4,Casa Grande Grande,ES,Southeast,2023-08-23
4873,45999d7e-dd35-4aa4-902e-55983c3c3182,das Neves,RJ,Southeast,2023-03-31
4874,6b55ae42-b9de-4348-8ea7-2fb30dbbd8ed,Novaes Grande,GO,Central-West,2024-02-21
4875,163dcf6f-269b-4ed7-9c47-4b1cf28dacb1,Vieira das Pedras,BA,Northeast,2023-04-03
4876,bcfe4408-9ac7-45a7-80b6-0c17d7ee15bc,Castro da Praia,SC,South,2023-03-20
4877,2c0c9e4b-c920-4ae9-9328-317841bc3273,Guerra,RS,South,2023-04-06
4878,cd104ac6-46c2-446e-b0e2-8479a8f0d513,Ramos de Minas,SP,Southeast,2023-02-28
4879,abab2bc7-19e0-42e5-9fac-6d85c433c4f0,Vasconcelos de Costa,SP,Southeast,2023-10-20
4880,87fc7d1a-148f-4e3c-8ce9-0fdf8bf4a93a,Martins,PR,South,2024-05-19
4881,ab2f4642-db6f-4a27-80a5-3ee73fc38d4c,da Conceição da Mata,PE,Northeast,2023-01-11
4882,9635dc67-ad5a-4575-965d-6ed039b05c64,Montenegro do Galho,MT,Central-West,2024-03-10
4883,1094f482-b959-470a-adc3-e080ce691f9d,Pastor das Pedras,RS,South,2023-05-20
4884,67b80731-fe39-4e8d-85f0-604a896e5e77,da Luz do Sul,MG,Southeast,2024-06-11
4885,d109fd54-192c-487d-98c4-198d58e9bf38,Aparecida,RS,South,2024-11-24
4886,d0af7986-2937-47e9-9752-db082e86d47e,das Neves do Oeste,CE,Northeast,2023-05-08
4887,150f1ad2-476a-4f1d-bfef-bd38a8112386,da Cruz,MG,Southeast,2024-09-23
4888,b54ec323-1e53-45da-8780-b3eedcfa02a9,Aragão da Mata,SP,Southeast,2023-01-08
4889,8723f7f4-f378-49ee-be75-17679c7e3507,Abreu de Goiás,RS,South,2024-07-01
4890,b6a9e66b-19b9-4096-a46c-4e5b7f25d908,Aragão do Norte,BA,Northeast,2023-09-08
4891,ffdf6588-0ffe-4184-a9c4-91dd33dfeff6,Caldeira,PA,North,2024-11-08
4892,d3fc8621-8cfe-4711-b25c-5c5f983c9686,Barros,GO,Central-West,2024-06-24
4893,084d93a6-46a9-48c5-8ebe-11c816e7350e,Costela,RS,South,2023-02-13
4894,798f5e3f-efd1-422e-ab42-82154c3d8a35,da Costa,SC,South,2023-06-22
4895,7f12e3cd-b09a-46e3-800d-ec5e1b6046ee,Pastor,RS,South,2024-06-20
4896,a6f8a5ac-c30d-4fb5-b775-6059d298404d,Aparecida do Campo,DF,Central-West,2023-06-29
4897,6350eff7-c1f6-4fec-a15e-0655e276db30,Teixeira,SP,Southeast,2023-05-17
4898,af09c66e-5ad2-4420-b09d-ba8afcd9915d,Silveira,ES,Southeast,2023-02-22
4899,94f319ac-1938-4fc7-8224-91e981e02a64,Porto dos Dourados,MG,Southeast,2024-01-24
4900,de09b668-5422-4954-861d-3a8fd24c39a6,Albuquerque do Campo,SP,Southeast,2023-04-26
4901,70033ea7-f54c-427a-b4be-949b13b8fad4,Câmara Alegre,RJ,Southeast,2024-11-26
4902,1e8fada4-b4c7-4a96-aa67-f03087b53b85,Melo,SP,Southeast,2024-07-06
4903,874ac31d-8ee0-48b6-aa9d-a1f7ec3115d4,Moreira de Souza,PE,Northeast,2023-05-01
4904,c786140f-2339-4f60-b8bf-9e2300e2f562,Peixoto de Teixeira,RJ,Southeast,2024-05-09
4905,77cb751d-3a08-4aae-b70e-19200e659eba,Leão,RJ,Southeast,2023-08-07
4906,8d72441d-0709-4bf8-ad3f-9e041b14a2aa,Vasconcelos,SP,Southeast,2024-10-08
4907,d5b4c4a4-f9d7-49ad-b850-b7b19d95f5c5,Cardoso,PR,South,2023-08-11
4908,98813adc-ad45-494d-b3ea-df2fe4cd46e1,da Cunha do Amparo,DF,Central-West,2024-10-20
4909,8914d039-1ee0-46ff-865f-72e47d8b8291,Mendonça,ES,Southeast,2023-02-06
4910,0a524e33-3a08-47d8-9666-7ba856bebe18,Leão de Novais,GO,Central-West,2024-09-24
4911,e726f649-e650-4ae5-9b25-97f3dd00a64c,Cirino,PE,Northeast,2023-02-28
4912,03d21514-8c0a-468b-896b-75fecc5b59b5,Viana da Praia,RJ,Southeast,2024-09-22
4913,8020da65-f864-4f2f-9dfc-55c2772c7498,Albuquerque,MG,Southeast,2023-11-02
4914,ab4c150a-41c3-401d-a6bd-af112b72895b,Correia Grande,RJ,Southeast,2023-01-06
4915,f6c94743-652f-4941-a057-c0143699febb,Castro,RJ,Southeast,2023-07-10
4916,64051dd8-1f1d-4ae0-9301-6d19f8642165,Vieira,MG,Southeast,2023-01-10
4917,ab3c5a66-9a3b-4264-a26b-6e7afe49d6cd,Novaes da Praia,SP,Southeast,2024-05-18
4918,65fe3fdd-4273-409d-b4b5-65f8d8cf7b88,Almeida de Gomes,SP,Southeast,2024-06-25
4919,aec16f6c-aea7-4c2e-b146-a1c1cd044f6c,Azevedo das Pedras,ES,Southeast,2023-06-07
4920,3ef3d085-1e4f-4499-b0a9-f87f9ea786bc,Sampaio Grande,MG,Southeast,2024-05-14
4921,bc5d618f-0e0f-4704-9265-072a16e5b746,Jesus,SP,Southeast,2024-11-03
4922,252b473a-d2cd-4683-8c56-4c15e507b981,Barbosa do Sul,SP,Southeast,2024-04-26
4923,37b3b0f6-0278-4c34-ad80-9b957af7bd84,Fonseca,RJ,Southeast,2023-11-03
4924,f47a4d1b-f0e6-4cd5-baae-7f710be23972,Viana da Serra,RJ,Southeast,2023-07-06
4925,b3ebc460-363d-4a7c-9939-90b64835b194,Pinto,PR,South,2023-10-03
4926,93f06c26-38dd-4a5e-9d9e-ae7389c70e18,da Paz,SP,Southeast,2024-03-25
4927,80de1dbe-4af7-4ae2-9af3-98378ab55352,Câmara,SC,South,2024-03-25
4928,e9b2286b-4d2a-4ec7-829d-b4a00609ac3b,Sousa,SP,Southeast,2023-12-29
4929,cf3ab554-cf32-4d14-99c6-9fcf6cd27618,Albuquerque,BA,Northeast,2023-01-06
4930,0bfe68af-3a87-43e2-9baf-d3b150ff1ea7,Brito,RJ,Southeast,2023-07-23
4931,6086ce8d-123e-42fb-a95e-17415e48f8b3,Silveira de Fonseca,SP,Southeast,2023-10-19
4932,8cd00b4a-b6dc-4204-8ebb-1f39c37e9c25,Sampaio da Mata,SP,Southeast,2024-02-09
4933,3ebcc752-cb4f-4656-b681-9b33677ee2ce,Rios,MG,Southeast,2023-12-06
4934,dcccea61-9d4d-4b69-af8b-3927de23f191,da Conceição da Mata,DF,Central-West,2023-06-14
4935,00cdcce8-17ed-4eb8-9739-1cff8cc99052,Almeida do Campo,RS,South,2024-05-05
4936,e97e55d4-46b0-4ed1-82d4-705de1661e4d,Leão de da Luz,GO,Central-West,2023-09-30
4937,7d96e941-27cc-41dd-be5e-36e2c4ca0233,Campos Alegre,SP,Southeast,2024-05-15
4938,56430354-8d43-43a2-bf2d-195578f30ce3,Souza do Campo,PR,South,2024-11-29
4939,138c549c-c53a-4bfc-8bc7-393e23065b37,Monteiro de Farias,RS,South,2023-11-29
4940,3bf5337a-224c-4ee6-9936-059ccea35945,Teixeira Verde,BA,Northeast,2024-02-14
4941,5763c5c0-1934-449c-81b6-69c67f6c945f,da Luz Grande,ES,Southeast,2024-02-03
4942,a3b5bc49-f05a-4b4a-9aa5-1cfb605a79a3,Teixeira,SP,Southeast,2023-04-21
4943,763c714b-993b-4792-8fe5-aa88abe3ec98,da Conceição,BA,Northeast,2023-05-10
4944,274c51a1-04d4-4f6a-a223-61eebbfe7e0e,Viana da Mata,SP,Southeast,2024-05-27
4945,d7b30cb4-bcf7-4f08-8225-15fe6f64ca2b,Vargas Paulista,SP,Southeast,2024-12-01
4946,77f3cc6c-766b-4138-85ee-154f6c3ffefb,Andrade,SP,Southeast,2024-11-25
4947,1a0c0048-7108-4569-908d-6ac75baca439,Marques,PE,Northeast,2024-03-15
4948,8002a34f-d3b0-40d8-8fa7-45c7341d706a,Campos de Fonseca,MT,Central-West,2023-01-09
4949,c133ef02-4379-4d48-8e35-d5ea625fc924,Nascimento de Ramos,MG,Southeast,2023-10-24
4950,aa21e153-7b2c-4fe1-bad9-6cc4c0acea64,Cunha,RJ,Southeast,2023-03-26
4951,4e90b61e-516b-4c7b-bc96-cc0019030a15,Moura,BA,Northeast,2023-09-11
4952,e37fb2dd-2f8a-48e5-86bc-b0d00415052c,da Rocha de Barbosa,SC,South,2024-06-07
4953,d8bfc4d5-80d5-4f85-8d3d-22c1d72d6882,Santos dos Dourados,SP,Southeast,2023-10-15
4954,0cc0623f-6221-4ec6-ae5a-7731abf5c5d8,Nunes,BA,Northeast,2023-09-27
4955,c544966b-4272-48fd-9513-a16e2c39e3ba,Rodrigues do Galho,PA,North,2023-09-11
4956,e4bc9bef-25c2-48e5-bb34-31dd671fa59b,Cirino de Novais,RS,South,2024-03-15
4957,ff3d782f-4cdd-4af2-957a-d46184255121,Machado,SP,Southeast,2023-04-16
4958,22d7e45d-402c-44cb-adb9-6fa26aa792a8,Machado,RS,South,2024-05-29
4959,aee5b68c-6093-418a-a472-3a97a7178558,Casa Grande,SC,South,2023-07-13
4960,dc131f79-114e-46d5-b212-8a487a6d9868,Fernandes,PA,North,2024-08-28
4961,f7867063-8c69-44b8-ba04-5dfb354f9914,Melo das Pedras,SC,South,2023-06-02
4962,9a8ed6e8-5bae-4471-a36b-c49cb10e91b4,Cunha,SP,Southeast,2023-05-16
4963,b8d7529c-6e65-4294-876d-732ae4a3482f,Pereira de Aragão,MG,Southeast,2023-10-08
4964,b1af6608-abfc-4586-a55b-116e680c40c1,da Luz,PA,North,2023-05-30
4965,85f801f0-efa5-4ccb-ab24-4b05845aede2,Pastor de Goiás,MG,Southeast,2024-09-23
4966,55a8edb9-b1a4-4a6c-8eba-92ac2d264022,Vasconcelos de Goiás,SP,Southeast,2023-02-22
4967,c9c7eb4c-58cb-4de8-818a-f2d2427c3d5f,Rodrigues,RJ,Southeast,2024-06-21
4968,9a9eb406-d591-41ce-b18f-2155865b0427,Melo,RJ,Southeast,2024-10-10
4969,be010fe7-6b09-4a42-93e4-d5f733342b79,Duarte,MT,Central-West,2023-08-16
4970,6dd7286a-730a-4bb4-9a8f-a656989f5496,Vasconcelos do Sul,RJ,Southeast,2024-05-05
4971,a7ff3051-ae8b-4239-b11d-3751507409da,Jesus dos Dourados,SP,Southeast,2024-03-13
4972,800c8efb-7943-4f07-bc9b-58720eca3630,Monteiro de Santos,SC,South,2023-11-08
4973,28a625e1-4133-4ed1-9821-8c7556c8c3c7,Barbosa Verde,SP,Southeast,2024-01-08
4974,3dc1e882-0712-4fb9-9cd6-f58eb457bba6,Casa Grande da Serra,RJ,Southeast,2023-12-26
4975,670662f2-dc3d-4f96-b5c6-5a817a134ada,Marques,RS,South,2023-09-10
4976,0f445302-2e25-4cf4-b4cc-4768ba885454,Cavalcanti,RJ,Southeast,2023-02-18
4977,7b6de071-25b0-4a57-a4ba-1e5cf195dc4c,Caldeira,SP,Southeast,2023-01-01
4978,76fc61e3-d5fe-4180-9333-f00ec2f6b14d,Rezende do Amparo,SP,Southeast,2023-11-26
4979,f7fd8283-1ee5-4bec-9b53-ca4f6d0982b7,Caldeira de Lima,SP,Southeast,2024-04-28
4980,4b662fe0-c789-4c91-8ea5-102b2a14eafd,Pimenta,RJ,Southeast,2024-09-13
4981,1d306afa-5f38-4b5b-8b0e-d975e20ef794,da Mata da Prata,SP,Southeast,2023-07-09
4982,3b9180f5-8daf-4c97-93be-6e0f67764388,Freitas,SP,Southeast,2024-05-18
4983,d5e652b7-1a83-4240-b0a3-a4122cfc142d,Pacheco do Sul,RJ,Southeast,2023-11-08
4984,ce74ec56-db42-4295-95a2-b7e4351399ed,Cirino,SP,Southeast,2024-11-16
4985,bf335ada-2e20-466f-a603-5c26079313db,Nunes da Prata,SP,Southeast,2024-07-19
4986,fab34b7f-ff33-48fc-987c-de97038fe118,Cirino das Flores,BA,Northeast,2023-05-14
4987,13d29821-d42d-447a-bed6-2e8c44c56f6a,Lima,RJ,Southeast,2024-01-06
4988,124abc16-de4c-4944-8678-4f498bdeb84a,Martins de Teixeira,BA,Northeast,2024-08-26
4989,ce64a89a-374e-4e12-abed-65d404f299ef,Guerra,PR,South,2024-01-16
4990,e31896d5-7216-406c-b1ab-2c49ec817e3e,Fernandes,SP,Southeast,2023-10-10
4991,086c030f-f0fd-4ea9-82c2-7f97af6c9a31,Pacheco do Oeste,SP,Southeast,2024-01-29
4992,d5cb20a3-69cb-4c4e-af4b-c0ce356bf588,Cirino de da Cunha,SP,Southeast,2023-04-19
4993,93dbc3a5-6071-4669-8797-fe1eeab4bce8,Camargo,SP,Southeast,2024-09-08
4994,28efd75b-70c9-4b33-8eef-5d5cdcef3d32,Viana dos Dourados,SP,Southeast,2024-08-23
4995,ea771919-3ddd-4241-ba98-66196ee83e03,Nogueira,MT,Central-West,2024-11-01
4996,0852a95e-9015-444f-b539-1cd538e8279f,Sá Alegre,PE,Northeast,2023-07-17
4997,e187ab6d-2801-4e89-8f94-e2f942968a4a,Pimenta da Prata,RS,South,2023-04-12
4998,9a870bf7-b2e9-4a66-9bd5-72b4533679f2,Sousa,SP,Southeast,2024-07-13
4999,7646c493-2091-46d6-b990-d7119ace5bb2,Teixeira,SC,South,2023-11-05
5000,dc7639e5-8a79-4c75-ae20-6e6f7e460b4e,Castro,RS,South,2023-07-26
5001,d27ebe78-1e2c-4bca-9295-626be5121da2,Câmara da Praia,PR,South,2023-06-07
5002,f995ae6a-4c68-4609-8c39-de51a6f7b85d,Araújo Grande,SP,Southeast,2023-07-16
5003,6b76c990-b7f1-46e8-ae31-c7bdd4980e1d,Gonçalves de Ramos,MG,Southeast,2023-09-16
5004,7420431e-2bf0-4535-92f5-c7bc54c4c8ba,Novaes,DF,Central-West,2024-07-27
5005,fa2bc70f-5b1c-4cd7-8dc0-c04ca4ff58a2,Pastor,MT,Central-West,2024-01-10
5006,bfb9209f-9f99-45ad-83c8-4b217d3f9e08,Almeida dos Dourados,MG,Southeast,2023-05-01
5007,dbf21273-8173-4b33-8025-6416b908803c,da Rosa do Sul,DF,Central-West,2023-03-11
5008,fe6441f0-7ec2-4ade-bf88-f7496b2fa6bc,Sá das Pedras,MG,Southeast,2024-06-20
5009,2b6dee52-058e-4844-9efc-4d67d8b3680d,Nogueira,GO,Central-West,2024-05-30
5010,ec202e90-b701-4da2-aa44-7966029e6783,Nunes,BA,Northeast,2023-06-20
5011,2bf84a05-d82d-4078-97a7-d4f6f5b77414,Cavalcante,PR,South,2023-05-13
5012,e7744ce2-13e7-4504-858a-ac512fa8e33b,Vasconcelos da Mata,RJ,Southeast,2024-08-02
5013,9ea46e7d-3cfa-43f8-9058-58eae1d26681,da Mota,SP,Southeast,2023-07-14
5014,e9f35e11-928a-44dd-8ace-87b74250f956,Pacheco,BA,Northeast,2024-02-12
5015,28291eeb-e614-40d9-ac60-d81539a4c71d,Correia de Goiás,MG,Southeast,2024-06-29
5016,f51875ec-01ad-4395-ac5e-405e34cf6b7f,da Cruz,CE,Northeast,2023-03-18
5017,276a3335-0a6d-4d8b-9136-5b345b867d34,Rezende Alegre,SP,Southeast,2024-06-05
5018,0f337fe5-f932-48ef-9a7f-6f615813d26f,Pinto,RJ,Southeast,2024-02-04
5019,fd43754e-39eb-405a-bab9-0085e27e12e4,da Paz Alegre,MG,Southeast,2023-10-06
5020,e5c013c2-aed5-4608-b7c9-2e13cbd4b8db,Câmara,SP,Southeast,2023-01-04
5021,81196352-94b5-4d54-a7a2-4ab3daf60099,Sales do Oeste,SP,Southeast,2023-08-12
5022,c6988643-c14b-4769-b192-75849fb02727,Correia,PR,South,2023-01-10
5023,d98c9dc3-4b67-4fac-a986-04bce009a2cd,Gonçalves,CE,Northeast,2024-06-09
5024,6d3fcc72-9793-4217-a9c8-388ceb4c8643,Abreu,MG,Southeast,2024-06-21
5025,58c92bb8-06d2-4f43-8993-48fccfd51f1e,Campos,SP,Southeast,2023-08-14
5026,c9e5a194-f746-482a-94e7-3adb2056dff5,Sá Paulista,RJ,Southeast,2023-10-02
5027,946cf4be-e134-4504-a964-aa991728c576,Macedo,PR,South,2023-06-25
5028,9933a462-c058-4c0f-9555-c133c7b30b41,Dias Grande,SP,Southeast,2024-06-30
5029,24843f73-1e2e-4b93-8e72-f8dff38d906a,Monteiro,SP,Southeast,2023-02-10
5030,7b2ad1ba-1343-47f9-b2b5-e3d066c7f340,das Neves de Pastor,SC,South,2023-10-12
5031,10c8f7c9-28f9-4da0-8721-84895f276ba7,Gomes,DF,Central-West,2023-10-04
5032,ddf15e0b-c65e-43c7-9865-6bba2ea816ef,Ramos de Minas,CE,Northeast,2023-02-22
5033,72b91684-e6d4-465e-b401-9a9a90fcc940,Pinto do Campo,SC,South,2023-09-12
5034,65410267-2e49-4904-a1e7-8734960144c0,Barbosa de Sampaio,AM,North,2023-08-04
5035,5f541a0d-7b4b-4a29-9991-61163aa4fcd6,Silveira,PR,South,2023-01-02
5036,6c6deaa2-f1b4-459f-a0cb-bd966699aac3,Melo Alegre,SC,South,2024-10-09
5037,8239e5a8-da61-4a73-aaf3-9dd526b16c7c,da Cunha das Flores,SC,South,2024-01-13
5038,24516596-e7dc-4d43-a5b5-64c91a56b638,Pinto,RJ,Southeast,2024-07-16
5039,cf03c9ad-72d5-48d4-9ed6-d4366cfc3638,Alves,SP,Southeast,2023-05-17
5040,2888ead9-97d4-481b-9232-6c4601278844,Dias Grande,MG,Southeast,2024-09-18
5041,2a8d16b0-30e8-4669-8fa3-3a9a453e50e0,Azevedo,RJ,Southeast,2023-02-28
5042,dc2ce1c4-3af3-4608-b0ea-d4df5a94ca8a,Fogaça do Sul,SC,South,2023-01-11
5043,35baf0bd-455a-44d6-9816-1864515b045a,Brito,PE,Northeast,2023-08-13
5044,4cacdd3d-1ae5-4384-a3cd-07bb94f686bf,Rios,RS,South,2023-10-14
5045,d9f23b37-8475-4248-8ca3-7885d7607ffe,Mendonça de Pastor,SP,Southeast,2023-01-17
5046,42cc32f8-23c0-490e-a341-0b6f7603ccca,Pereira de Cardoso,PR,South,2024-08-20
5047,4056c9bd-bdc2-4e8f-b142-b54e5fd62bb0,Cassiano,SP,Southeast,2024-01-27
5048,8b95e8ea-8070-4d95-97ea-a7faf882ee16,Santos,GO,Central-West,2023-09-21
5049,cc42d8ff-a0d7-4005-811e-8bacd1924b21,Sampaio da Prata,CE,Northeast,2024-10-11
5050,2e2a485c-9738-4a4d-9c05-a85bca8d3149,da Rosa,SC,South,2023-07-31
5051,7e1d890f-7bac-4b44-8af0-744cc58b8f79,Lopes,PE,Northeast,2023-08-14
5052,d45b1527-61d8-4be9-a250-ed787e223279,Costela,RJ,Southeast,2023-07-28
5053,2b8f5009-c1ef-49ec-bc06-c2b3e170cfb3,Fogaça do Campo,PR,South,2024-02-09
5054,f1587598-9e15-4705-9f63-2d7a5ba3d1da,Cavalcante,SP,Southeast,2023-08-26
5055,8afb9b2d-b766-40f6-b79f-00d5571d7650,Lopes Paulista,RS,South,2024-03-20
5056,55631bf4-850f-4739-a227-d70e0ead2ebd,Sousa do Galho,RJ,Southeast,2024-05-05
5057,bd2321ad-d45c-42cf-b12d-d27a87c89c01,Vasconcelos,SP,Southeast,2023-07-05
5058,b5e9fa21-6fef-4a24-b310-83a0521565ee,Carvalho de Guerra,MG,Southeast,2023-06-30
5059,bd5a19be-049a-4501-ac01-b5a6c9dd80a8,Gonçalves do Amparo,SP,Southeast,2024-05-17
5060,c7673644-95a1-4c98-a890-f9a82015949c,Fonseca,GO,Central-West,2023-07-04
5061,dcbd4d9b-377a-432c-ac89-cea74e1de367,Sousa da Praia,SC,South,2023-01-22
5062,644c5b7d-95ea-4734-8925-f7fa1484e9d6,Novais,RJ,Southeast,2023-07-01
5063,de9c8ed1-2efe-4d84-ac30-663928b5cba6,Albuquerque do Campo,PE,Northeast,2024-09-14
5064,bab5c54b-5a48-4fd6-aef0-17e7888546da,Cavalcante da Mata,SP,Southeast,2023-05-27
5065,6943b154-8d6e-473f-ac0e-f6cf727d264a,Pastor,SP,Southeast,2023-09-09
5066,2e26d622-e17c-4345-807f-eda6c2aec132,Borges,MG,Southeast,2024-10-22
5067,cafcbc0e-2b66-401c-b21d-96e7d9e07cbd,da Cruz,MT,Central-West,2023-04-13
5068,4997dd20-1652-4d40-8605-dd14ec0c0047,Peixoto,RS,South,2023-05-21
5069,9b0108d2-0371-4d3f-89be-5dce02ee09bf,Gonçalves da Serra,RS,South,2023-01-13
5070,0a2d8b66-7181-4d9d-b191-58b4d4db9051,Jesus,PR,South,2024-01-22
5071,eb26cc82-4324-487e-8010-2b4d660438cc,Aragão Verde,RJ,Southeast,2023-04-23
5072,2f637877-31b7-4072-ae28-b3e95c7e954d,Mendes,PE,Northeast,2024-10-21
5073,0a121024-a5a2-45ac-88f8-672bd60112bd,Silva,GO,Central-West,2023-05-16
5074,0cc664cb-132a-41fa-9d51-65083b4a17cd,Oliveira,SP,Southeast,2023-03-27
5075,c354fc52-5ee8-4627-bee0-5165383819b8,Nascimento,SP,Southeast,2024-10-04
5076,290ade9e-226c-4bcc-ad79-97059e830948,Martins de Minas,PR,South,2023-01-10
5077,38e1a05d-9785-4b5a-b31b-74f8163b6001,Abreu do Norte,GO,Central-West,2023-04-19
5078,ee8819c9-0571-4c8d-b710-2c896b7cbb92,Martins,PR,South,2023-12-13
5079,5203d212-098a-462c-a8b9-31bb7c60e5a9,da Mota das Flores,CE,Northeast,2023-03-29
5080,bf94abfa-af61-425e-ac68-74df1c63c39b,Araújo do Amparo,SP,Southeast,2024-05-06
5081,213a839c-decc-47f2-af98-e008f9c20003,da Paz do Oeste,BA,Northeast,2024-03-30
5082,f07c0e77-b696-4feb-8695-b07eb56e1e96,Albuquerque do Sul,PE,Northeast,2023-11-11
5083,76890ed4-3a6f-4931-9358-30aa928b9e4d,Costa,RJ,Southeast,2023-06-08
5084,71d764ba-1712-4f48-ac74-eed44578f4e6,Ribeiro Grande,SP,Southeast,2024-07-10
5085,1c7fbd64-ac5d-4bd1-b912-0821db7de40b,Costa,RS,South,2024-10-04
5086,032eaa56-1d5a-438c-a90d-c911c9581c41,da Paz de Minas,PR,South,2023-01-22
5087,2320a56a-4cb7-410c-af6e-0a4ef70a1523,Silva,PE,Northeast,2023-04-16
5088,46a95d1a-5955-46c3-a39b-5d1d19615b05,Camargo do Oeste,PR,South,2023-04-16
5089,78494ae5-76c3-47c2-adbd-c89a75b3452a,Moreira da Praia,ES,Southeast,2024-03-01
5090,e4f08e67-6b93-406b-b376-2c9c7a030894,Lima,SP,Southeast,2023-08-18
5091,ca4000c5-355b-4d83-b14a-ba86dbd0afca,Pereira da Mata,SP,Southeast,2024-03-13
5092,0b854f50-f984-4030-9fa9-35b12e187603,Lima de Minas,RJ,Southeast,2023-12-28
5093,57161810-dbbc-41d6-93ea-4b54792f873e,Moraes,SC,South,2023-08-20
5094,ff7d485c-050f-44d6-b0fe-4ca28cec3149,Monteiro,DF,Central-West,2024-12-01
5095,30544160-908b-47f9-9d91-21b29ea62325,da Rosa,RJ,Southeast,2023-04-26
5096,e1d82cb7-0a8a-48d9-aec8-d7c7b2846e07,da Paz,MG,Southeast,2023-04-23
5097,4ec24fb4-71fe-40ab-b81d-02e58f73e0f5,Vargas Paulista,SP,Southeast,2023-10-16
5098,2b105a3d-7f07-42ad-84c1-d18113e8b22b,da Mata,RJ,Southeast,2024-09-22
5099,55d25c83-c7e9-407b-adab-aa1c5868e32a,Montenegro,RJ,Southeast,2024-01-05
5100,416a4f9f-9295-4162-a383-3b28d2ec1379,Nunes de Teixeira,DF,Central-West,2023-03-28
5101,5be330e5-2a5e-481a-82c2-7ee1ff57c8d4,Vargas da Prata,DF,Central-West,2024-09-11
5102,60e565b6-39b3-442d-becf-bc0b5ea62cb9,Leão,SP,Southeast,2024-03-14
5103,47e75b71-0a9d-484c-915c-a65d8f359e6c,Cavalcanti de Costa,PR,South,2024-09-06
5104,b4c2d392-bbe3-42f6-af12-546d84061322,Azevedo do Sul,SP,Southeast,2024-03-11
5105,987a8f71-00d2-4f9f-b510-3222fab0509e,da Conceição do Galho,SP,Southeast,2024-11-14
5106,e2b910f0-a035-4595-9653-cc44dfd87a1b,Mendes Paulista,RS,South,2024-10-01
5107,b9e28abb-640c-40d9-9764-0a6f2ca43d0d,da Costa Alegre,PE,Northeast,2023-12-23
5108,0418cd27-9a78-4eed-9708-094cc7bd251a,Pacheco,CE,Northeast,2023-10-05
5109,889c0299-7a19-42f3-b86a-76b1c7f06fea,da Luz,DF,Central-West,2024-11-08
5110,4e027022-0cc6-46d1-ad66-392cac05ad5c,Ramos de Porto,RJ,Southeast,2023-09-29
5111,4b295ee5-1807-4bff-bcae-99f6691acd19,Marques,PE,Northeast,2023-03-20
5112,85c5db09-e812-4d3d-b4c8-8b1d81540e0f,da Mota do Oeste,BA,Northeast,2023-06-02
5113,ba4d436d-656c-4188-8d1d-5dbc750056ea,Barros da Prata,BA,Northeast,2023-05-31
5114,a6de041f-d7de-4a33-b38d-21e8c0a00701,Leão Paulista,RJ,Southeast,2024-02-04
5115,77a4802c-d95d-48ed-aa02-0dcae566a39e,Rocha,MG,Southeast,2024-05-04
5116,3bdcf115-c148-4224-a340-4548e0788722,Novaes de Minas,PE,Northeast,2023-04-26
5117,e1dc5188-4c03-4875-a8bc-30fa5e2467ba,Moreira,PR,South,2023-10-13
5118,bf1d8f89-847c-4b1d-9104-99485f6da884,Araújo,SP,Southeast,2023-11-27
5119,ecac3756-79b2-4e7e-b3eb-73ce262edf5e,Oliveira,PA,North,2023-07-06
5120,c6ee1f6a-02d6-4d31-9c28-bbd8d7d6eda6,Farias do Norte,BA,Northeast,2023-12-28
5121,d75ca92d-a65a-458b-b455-008bb28fa46c,Almeida da Mata,RJ,Southeast,2024-03-10
5122,69721c75-5d03-4927-bc76-cf5bf9ee5687,Andrade Alegre,MG,Southeast,2024-02-28
5123,b4b511b9-3a57-4c6e-8958-63f4e640bc25,Macedo,PR,South,2024-10-13
5124,97967ef5-6cc0-4241-aa33-6701445ab4a6,Cunha,RJ,Southeast,2024-10-31
5125,a5054cab-7ba8-478b-a577-b89106ecbbf3,Rios de Cunha,DF,Central-West,2024-01-28
5126,7893aa69-6790-4027-9142-a87105b2622f,Novaes,MG,Southeast,2024-05-24
5127,bc221d90-2edb-4916-a2b9-4234eeda2259,Leão,PR,South,2024-05-19
5128,79b22b20-db8d-4836-a34a-4e23690a3f42,Vasconcelos de Minas,PR,South,2023-08-24
5129,830bed4f-c566-42fa-8422-0efc9d435023,Moraes de Ramos,RJ,Southeast,2024-08-17
5130,37d0d024-543f-4086-ae4f-fb1c81cf1f8d,Rocha do Norte,RS,South,2024-06-23
5131,348b03d8-c05d-4544-b881-a49263203fa9,Costela da Mata,PR,South,2023-08-13
5132,b245ab9c-2b4e-4135-902e-4cccae0343a9,Guerra de Alves,RS,South,2023-08-29
5133,cc7f7718-509e-4cc2-9805-8bb7bdec9144,Almeida da Mata,RJ,Southeast,2023-07-28
5134,d4145ed2-2395-4ed7-a357-448a922d2afe,Sales,PA,North,2023-01-18
5135,a5dd8a7f-432a-43a8-8f05-d46c7495d544,Teixeira de Minas,RJ,Southeast,2024-04-30
5136,aecb9625-66c6-4a9b-9d43-fb548b8961fa,Alves de Jesus,GO,Central-West,2023-04-23
5137,d6c480da-2fd3-4f16-b4b8-0226640876fb,Teixeira,SP,Southeast,2023-12-24
5138,29b12582-c354-4cd8-a6f7-d56a11d9b407,Melo,RJ,Southeast,2023-05-23
5139,9489133c-cf40-4e1a-b189-918931107d36,Vargas,RJ,Southeast,2023-05-28
5140,9d9f2662-d6dc-481a-824b-debbd6442ee9,Rocha,PE,Northeast,2024-07-18
5141,895892ee-d0ff-4971-910f-ff44fec52f69,Mendonça,MT,Central-West,2024-03-07
5142,6b2e9570-2767-433c-8fd5-8d211eb830f6,Vargas do Oeste,SP,Southeast,2023-08-18
5143,76b1cd87-3bbe-41b4-8de5-7aa6c5ca18e9,Marques,SP,Southeast,2023-05-22
5144,018e2f1d-ec0b-4b99-aa17-6ff6bccf45c8,das Neves Paulista,SP,Southeast,2023-05-27
5145,4abc5d91-965a-48c5-a7bc-d5a72bef0136,Alves,RJ,Southeast,2023-01-27
5146,976343b4-b209-483e-b7cc-715734cc97ac,Borges,RS,South,2024-03-10
5147,f527fa92-3cc6-485f-8565-ad41acb0bce4,da Rosa do Sul,RJ,Southeast,2023-04-19
5148,c66c2104-5bd9-43c9-8843-4dec1cea99dc,Machado do Sul,SC,South,2023-03-17
5149,2dfc60b7-994b-4696-a160-ac3cfe6f2cf7,Pimenta,MG,Southeast,2024-08-31
5150,706eb43a-89e2-4a88-91cc-75315708d618,Abreu,CE,Northeast,2023-01-31
5151,9b75459c-ff09-438c-822a-aaa75e2c5cf9,da Mata,SP,Southeast,2023-05-25
5152,833bb2f3-e997-4938-8fb8-a4a33b645e6d,Ribeiro de Goiás,SP,Southeast,2023-03-20
5153,258e0162-b287-4686-8de6-d57ecfcd1535,Martins,SP,Southeast,2024-03-02
5154,6a0e99b2-1c94-45c6-89ed-4d64b984933d,Montenegro de Abreu,SP,Southeast,2023-07-06
5155,f42f6497-607c-4b47-a24e-fba762e8cada,Ribeiro de Goiás,MG,Southeast,2023-05-24
5156,e20e22b8-57ff-4548-9d28-67a0ad845afe,Caldeira,BA,Northeast,2023-11-03
5157,40aa3ee9-d9d5-415d-a686-9a68612e5c86,Rezende,MG,Southeast,2023-12-12
5158,006083dd-541d-4136-97d8-ea6482d10a80,Machado,MG,Southeast,2024-10-22
5159,79d81ee9-1d4b-4914-8bdf-a5f0c653705e,Peixoto,RS,South,2023-10-21
5160,a17cd064-698a-4888-a7f4-9771fa32126e,Aparecida dos Dourados,SP,Southeast,2023-03-03
5161,07f55f28-341e-4895-8c44-c0fde13ce64d,Moreira,CE,Northeast,2023-02-02
5162,f6002685-ddbd-4afb-a5f3-fcb9a3ffcbbd,Marques,SC,South,2023-06-27
5163,87585e33-2674-4da1-a6f0-c1f528ca1d6f,Peixoto,ES,Southeast,2023-01-12
5164,2c81a569-8cde-4998-aa24-7a0cf2247b8d,da Rosa do Galho,MG,Southeast,2024-03-09
5165,07ba9437-f24f-4dc4-8094-7fb553850d92,Marques,RS,South,2024-04-10
5166,a8e6c1fb-81f4-497b-842e-de0725b5ca9a,Nunes da Serra,PR,South,2023-09-22
5167,a19fe22a-7788-41a1-a597-b0b5a43ef9dd,Borges de Minas,DF,Central-West,2024-05-28
5168,6c48923d-008f-43ca-8a32-c05e6b403352,Silveira,RJ,Southeast,2023-08-21
5169,628764c1-e4f3-404d-a272-69b1998f2a87,Cavalcante,MG,Southeast,2023-06-10
5170,64546b25-67f9-4636-b8e5-3c5bccc049ac,Albuquerque,SP,Southeast,2023-04-05
5171,222b0436-87c7-4b31-8878-d2bd8eb64f1d,da Costa,ES,Southeast,2023-05-09
5172,0e8ba9bd-74cf-433f-9ebb-649f9ff979be,Leão,BA,Northeast,2024-02-15
5173,e1e28d5b-e6bf-4285-ac2a-20f631d281dc,da Mota Paulista,SC,South,2023-08-13
5174,9848e22e-cd95-47a8-9378-e6f637e54364,Pires da Serra,RJ,Southeast,2024-07-26
5175,ff91e340-5581-4a42-80c9-f77ea45532d8,Abreu de Barros,SC,South,2023-03-21
5176,bf12ac2c-bc5c-42d0-82cd-c06e2dbb8752,Ribeiro Grande,PE,Northeast,2024-04-24
5177,e07cdd5c-a85a-472c-a98c-e7b44c5a8b5f,Cunha das Pedras,MG,Southeast,2024-10-30
5178,170bdd14-95e7-4610-84c0-d48a98bf6a3e,Câmara,SC,South,2024-01-25
5179,024adee9-3fa7-4273-9d3e-4cae75622dff,Novaes,SP,Southeast,2024-01-16
5180,738b9ebb-91e3-484c-8429-9fa1e8d333b1,Santos do Norte,SC,South,2023-07-19
5181,a62683ed-6070-432e-9c2b-e6973ffb1f97,Abreu de Cardoso,SP,Southeast,2023-04-17
5182,3e064311-4b2c-4073-8114-3151eb151b3a,Dias Grande,SP,Southeast,2024-09-09
5183,b0908f13-e432-4c84-83cd-8b60d82ea394,Aparecida da Praia,BA,Northeast,2023-12-10
5184,c39bf1f8-b2ca-4bd2-b8e9-09f05ad817ba,da Cunha do Galho,SP,Southeast,2023-10-16
5185,8864d32c-b32d-442a-9443-c6c9c0ff8a48,Vieira de Freitas,SP,Southeast,2023-04-20
5186,adfed4e5-4744-4006-b10e-b0eac764f8c7,da Cruz,SP,Southeast,2024-09-03
5187,b3a1b80f-d3ba-4c13-a66d-7739dfab100b,Moraes da Prata,SP,Southeast,2023-11-13
5188,dfd0b3e0-5a2e-46fa-9e6d-602525994912,Monteiro de da Cruz,SP,Southeast,2023-07-26
5189,f066e6f7-46c5-4d5a-9e93-8891848c9fe6,Jesus Grande,SC,South,2023-02-03
5190,208e6aff-f5f2-4a5f-b294-f6d3ffc29344,Lima,SP,Southeast,2023-03-29
5191,ce8a4293-673a-48f7-a193-ab0809d73a75,Pereira de Vasconcelos,MT,Central-West,2024-08-01
5192,686279e7-8768-45c2-b85c-24c39ffb5fa9,Pacheco de Minas,SP,Southeast,2024-05-10
5193,4f77283d-94db-4a54-9f71-ff4c211cef6b,Rios de Cavalcanti,SP,Southeast,2023-11-19
5194,f3896fad-0ced-4b07-bf9d-599222880c89,Cirino do Galho,SP,Southeast,2023-11-13
5195,f61437f1-2a70-4c30-af3c-a15a630f4268,Nunes Grande,SP,Southeast,2024-01-01
5196,65ed7ecc-6abd-4c97-a242-ca8002d61d66,Marques,BA,Northeast,2024-02-12
5197,955a2740-91b6-4376-ae71-4b0cf2d94421,Cavalcanti do Oeste,ES,Southeast,2023-11-19
5198,9c3ad6fc-6080-452e-9841-b548e47d85ce,Pastor,BA,Northeast,2023-12-31
5199,ca8733db-9a6b-4a29-bcbb-8f94ea3131cf,Cunha,MT,Central-West,2024-11-21
5200,bc1c1ae9-8d87-413b-8062-04a25213e852,Guerra de Novais,SP,Southeast,2024-02-22
5201,7ed4a540-b5ca-4226-b6c8-226283c7d3fb,Pimenta de Cirino,DF,Central-West,2024-05-30
5202,6f0f5fdc-c7ee-4466-aa96-dda45f4676a1,da Rosa,SP,Southeast,2023-06-03
5203,8672f96f-413b-4738-bf3f-433d1f1540cc,Aragão,SP,Southeast,2024-01-27
5204,ceb6f894-ddef-4b92-b291-231885f430f2,Pereira de Goiás,MG,Southeast,2023-02-08
5205,9a663d0a-333c-42bf-93ce-8fb6187c3bb0,Teixeira,RJ,Southeast,2023-06-05
5206,fdb4efd7-279e-4687-95aa-d29d997836f3,Guerra,RS,South,2023-03-22
5207,e5950021-0121-4aeb-8782-3bfb02851b01,da Rocha,CE,Northeast,2023-04-06
5208,fa9873b9-a701-4096-8cb7-321f4c285c29,Guerra de Casa Grande,GO,Central-West,2023-08-26
5209,bf3aee2d-b970-405d-9def-c281d70f34bb,Vieira,CE,Northeast,2024-11-28
5210,a94d3fca-a6ed-4e0c-bdbe-b5704e11d627,Andrade,SC,South,2023-06-14
5211,ef8f8421-bb28-4937-88c4-3b53dee730eb,Cunha,PA,North,2024-05-28
5212,34418d4c-0445-40e7-9e42-ee2d4ceed038,Duarte de Cassiano,ES,Southeast,2024-09-15
5213,8b27036b-d7f7-4004-a2b4-91ffe6b0aca0,Cardoso de Andrade,SC,South,2023-12-16
5214,6f4da8c9-8a47-455f-9ce6-dabe976865b1,Rios das Flores,MG,Southeast,2023-05-15
5215,c931065a-be06-4f44-a8e6-9d584c103b64,da Rocha,RJ,Southeast,2024-01-04
5216,9eff689a-545a-4a02-82e8-42e9e89966a5,Araújo,SC,South,2024-03-17
5217,563aba44-3bc8-44f7-aec2-3ef684c253c3,Alves,SP,Southeast,2024-11-30
5218,fe4aa003-7c06-4533-aeb7-898191fa7144,Lima do Campo,RJ,Southeast,2023-08-02
5219,8f06eb0e-42d2-406c-b17a-9d8f9f54a3d2,Cardoso Verde,PA,North,2024-09-13
5220,c6db92db-d3c8-4a2b-ba0d-454bf0aea873,Rezende,SP,Southeast,2023-06-06
5221,66fd046f-5eb9-4bd8-9b78-7079fcdc5b25,Abreu,PR,South,2024-05-24
5222,5d4f9126-a8ac-4981-b94e-c32315ce0875,Pires,SP,Southeast,2023-01-16
5223,9d9daa19-72d5-4a20-80b6-11a2ef6c1067,Jesus do Campo,SP,Southeast,2023-11-13
5224,9266226b-6e3c-4e9f-86b4-8979efbb0288,Mendes Grande,PR,South,2023-03-31
5225,ea5480e5-a6d1-4539-83b5-0b86c1f857c4,Abreu da Mata,ES,Southeast,2024-04-10
5226,4eaeba0b-f07a-4ab7-8b9f-82a53f76f3b0,da Cunha de Campos,RJ,Southeast,2023-10-30
5227,39bce100-5167-43df-a9d2-680ab5f861b0,Ribeiro,SP,Southeast,2023-10-14
5228,9e61575c-a914-4701-bb6e-f5d231b53390,Guerra do Campo,PR,South,2023-12-28
5229,7d7d38cf-7f07-414d-8d44-b7c1034273dd,Costa de Ramos,SP,Southeast,2023-07-03
5230,fd969b8d-7f0f-4ba8-92c2-1f8a2b682bb2,Araújo de Goiás,RS,South,2024-04-16
5231,935a7058-c1f0-4055-960e-a58f6b4672f8,Aparecida,SP,Southeast,2024-04-29
5232,d554da12-5561-44a4-b1ec-2961258869d9,Pastor,MT,Central-West,2024-03-28
5233,31811ada-7bf9-4984-8400-bf6e32c2368c,Marques,SC,South,2023-05-24
5234,bb54c7f4-4c5b-4bf4-b09b-cc9a0a5211cf,da Rocha,GO,Central-West,2024-08-05
5235,466a7107-4f7d-42c7-bf0d-f117da0e862a,da Paz de Novaes,MG,Southeast,2024-01-08
5236,455be7a1-c79c-4ed5-8005-99309be3148c,Lopes de Alves,CE,Northeast,2024-02-15
5237,88d7f2ac-f571-4282-bff2-653c71a57dee,Cardoso de Goiás,MG,Southeast,2024-09-26
5238,ec4a0dfd-10d0-4d27-bc87-aa3950b1d09f,Sales,DF,Central-West,2023-05-13
5239,52442cd5-69dd-4ebc-b86e-7eefd641beaf,Vasconcelos,MG,Southeast,2024-06-08
5240,c95351ad-1240-48bb-9bb9-9a3cc1ce653a,Pires de Andrade,PE,Northeast,2023-11-18
5241,8eaf599e-b024-46a7-ab3e-383afa3a9fe0,Borges do Amparo,RJ,Southeast,2024-11-29
5242,a84c04b4-f604-4cef-bd28-0b41b1f088ea,Nascimento,MG,Southeast,2024-04-05
5243,449aa284-1415-420e-98dc-6a9997d4b6bd,Gomes do Oeste,SP,Southeast,2024-11-29
5244,9ae27ece-097b-4a0a-817b-aa39f8bad003,Novais,SP,Southeast,2024-10-21
5245,005f6552-8246-4029-9aa0-e815cb771603,Ferreira da Prata,SP,Southeast,2023-09-08
5246,bc92379c-ba9a-4c30-943c-dd5ebdf2e68f,Duarte,RS,South,2024-07-28
5247,42b4d955-73af-4d34-95cd-8ed2e52baa7c,Silva das Flores,SP,Southeast,2023-04-18
5248,9a2ed905-3fb6-4c7e-9da1-7dc9ab489f7a,Gonçalves,RJ,Southeast,2023-06-12
5249,d23df990-7dec-4519-a588-64ff0c010c94,Abreu de Aragão,PR,South,2023-03-16
5250,3eeeb636-967c-4be7-82e5-134348f975a1,Silva,SP,Southeast,2024-04-18
5251,4fcf635b-e48d-48b9-91a5-9b654fbd4f39,Nogueira,RS,South,2023-12-24
5252,fe94ff67-04b4-4910-bc16-16b146bb08ea,Pereira,MG,Southeast,2024-10-19
5253,8bc22e17-b63b-4c5f-89d8-a701ec518d97,Cavalcanti,PR,South,2024-04-21
5254,062d9f59-8a25-49a4-8de4-c36f14d8eae0,Pastor,SP,Southeast,2023-07-04
5255,290aa46e-c4d9-4bd4-a4c6-a7c761f350e5,da Costa,RS,South,2024-02-11
5256,d21dd567-ea53-409d-9f2a-cb168384907b,Rodrigues Paulista,BA,Northeast,2023-07-24
5257,be65f35d-b180-474c-b8db-aad1a0db05fa,Ribeiro,MG,Southeast,2023-03-08
5258,032fc3b2-8a5d-47fc-88bf-e70571df76c1,Gonçalves,RJ,Southeast,2024-09-10
5259,b2a3f8e5-9bab-49cf-a84e-8078525aaa7d,Borges das Flores,MG,Southeast,2024-05-02
5260,b5944a43-6ff4-4125-b12a-22b44850e865,Costela,SP,Southeast,2024-04-10
5261,b8888244-57b1-44de-bc9a-5634b8ed8fe4,Cardoso do Oeste,SP,Southeast,2023-06-09
5262,9adad16b-309b-4c2c-aeba-fafd0e34d6f5,da Rosa de da Luz,GO,Central-West,2023-05-30
5263,e86b063d-80cd-4f52-854a-4d99d999e026,Teixeira,SC,South,2023-11-24
5264,7cc51149-6e97-481c-9726-869bc4c467de,Montenegro,PR,South,2024-09-07
5265,8ef29773-9ae9-4610-b707-42ddb8470eb8,Aparecida de Peixoto,BA,Northeast,2023-03-05
5266,adf3a371-faa2-42d8-8a80-b2902b0e57a7,Peixoto,GO,Central-West,2024-01-06
5267,8a753c9e-17b8-44c9-9d79-6635b304c4db,Câmara de Minas,BA,Northeast,2024-04-29
5268,db2d3a13-ae45-48bb-b31f-06691785274c,Gomes,SP,Southeast,2023-08-05
5269,55d549a2-18a3-4e10-99aa-a35660ea1d9e,Novaes Alegre,CE,Northeast,2024-12-01
5270,29bafb63-57c8-46f6-8c0b-2fd78f95a628,da Costa da Serra,MG,Southeast,2023-09-16
5271,98105b90-1c87-49d3-9e8a-c3aaa87bd62a,Andrade da Mata,SC,South,2023-03-27
5272,af09dba1-cc78-4060-b46f-3431fe839021,Casa Grande,SP,Southeast,2023-10-08
5273,99c23641-39d3-4232-9044-1f1504a182cf,Rocha de Abreu,MG,Southeast,2023-11-02
5274,45cb86d6-f3b4-4009-ba37-593d79de5576,Silva Paulista,CE,Northeast,2024-04-07
5275,b2becd65-b9f5-4903-baf1-834d4bd814a2,Nascimento,CE,Northeast,2024-06-21
5276,c5c78363-adcd-4655-a447-450cadcc2270,Porto,SP,Southeast,2023-09-23
5277,719c6ba4-1476-4da4-b25a-08ffe538ef54,da Rocha,SP,Southeast,2023-02-25
5278,d2a7e34e-12cc-49c8-bef3-294863f15a67,Siqueira de Goiás,SP,Southeast,2024-03-14
5279,e05bb317-6bd5-4f21-85b5-687e939aafe1,Gomes de Jesus,RJ,Southeast,2023-11-01
5280,2e0780aa-684e-43dd-9f6e-7c1921dc7b1d,Duarte,SP,Southeast,2023-12-24
5281,603cbf33-9383-4620-824a-2989b3ffde9b,Fonseca,GO,Central-West,2024-05-08
5282,234b4f71-037b-486e-b9e9-c0da3b6a31ce,Barbosa da Prata,MG,Southeast,2023-06-14
5283,5fbc8473-2136-41f4-8435-aa874d1be4b9,Novais de Machado,MT,Central-West,2024-03-23
5284,63651ce9-e827-4a4f-b751-237f0185216f,Aragão Alegre,RJ,Southeast,2024-08-07
5285,64b3f1a9-0d44-4a84-9006-9c8fed99b044,Aparecida,RJ,Southeast,2023-01-11
5286,6f18d5e8-3d1b-463a-a553-c98b656f1ba7,Freitas,PR,South,2024-09-03
5287,87e92ea5-bb1e-4e3a-a117-8e9f0b44af4d,Ramos,SP,Southeast,2024-11-14
5288,d66122f9-4417-439f-adce-abefa21f1f28,Pinto,PR,South,2023-05-29
5289,02cd8d8f-1ee5-4544-9677-fc878b8657d5,Pastor,RJ,Southeast,2023-11-21
5290,fd0a2eb0-1e46-47e3-97a5-3ed00b369735,Araújo,SP,Southeast,2024-04-14
5291,a39bb330-3cbc-49f0-bda3-c0e3ce34dc5e,Casa Grande,GO,Central-West,2024-05-26
5292,9bba3501-05f7-491a-a2a0-1cb05d65ec01,Fernandes da Serra,CE,Northeast,2023-04-27
5293,f1589241-c473-4713-b335-3b1bb0457086,Sá de Freitas,BA,Northeast,2024-11-21
5294,98f2dd3e-b234-43ac-b7ad-7bd591843738,da Conceição do Campo,MG,Southeast,2024-06-17
5295,2fc9cc19-d30a-4e78-a636-61009310ff3b,Aparecida do Norte,RS,South,2024-04-06
5296,6e2d9483-888f-4d6e-b773-9c479f8f57a4,Carvalho,GO,Central-West,2023-05-09
5297,594c100c-76a5-4fbc-b78d-d77adcf03433,da Rocha de Ribeiro,SC,South,2024-10-16
5298,45fa8cb6-cfb2-4f29-81fe-7f645259ab00,Aparecida,MT,Central-West,2023-04-10
5299,8e8cdc0b-bf46-4fa2-892c-275851ab79e0,Sales da Mata,SP,Southeast,2023-07-12
5300,83880cf3-39a2-4ed1-9452-185cecfc912a,Campos,MG,Southeast,2024-07-13
5301,8fa19d9f-a170-4c93-842b-949e8eb440cb,Silva,BA,Northeast,2024-09-07
5302,590d674b-63a8-4c95-9861-d7de8c4b4d3b,Moura do Oeste,RJ,Southeast,2023-12-23
5303,d8637fe1-d6c6-4578-a2e5-8a89488c7a64,Teixeira Alegre,SP,Southeast,2023-07-15
5304,282a9d92-67f9-44fe-baf8-46f765ec4cf2,Peixoto,MT,Central-West,2024-08-13
5305,263f9b57-5ef9-41f8-af92-7913cb50d1f5,Monteiro,GO,Central-West,2024-01-15
5306,509d1c7a-0d65-40dd-bebb-0b459dd4f9f4,Garcia do Sul,PE,Northeast,2023-01-17
5307,688c2b33-cfc6-4c97-b831-a42e3c1782b6,Leão,RJ,Southeast,2023-11-11
5308,8ab0d57f-4f41-4e69-a3b8-e0d6d72199da,Alves dos Dourados,ES,Southeast,2023-05-08
5309,dd1af7be-72eb-4f83-8bdc-759502af2537,Sá,RS,South,2024-10-26
5310,67f67fc3-ebe7-4a06-a6dc-35676bedefb2,Cardoso,PA,North,2024-02-28
5311,fe8ac951-ccbe-4f51-9a73-24eb325d930b,Fonseca,MG,Southeast,2023-12-27
5312,122d774d-06f4-41bb-9d7b-83be810409fe,Costa do Sul,PE,Northeast,2024-03-12
5313,adec8d32-3afb-4580-b0f3-bbcd115eb800,Lima,ES,Southeast,2023-12-10
5314,50e79079-1809-42f6-8f18-383a7f3eb240,Aragão da Praia,SP,Southeast,2023-06-30
5315,0fd4a3c9-9273-40c1-b0a6-4fb386cc9733,Cardoso da Serra,MG,Southeast,2024-01-18
5316,358d6616-1336-41b5-8d5e-6dde4172f01c,Pastor,SP,Southeast,2024-09-01
5317,9131e5c3-713d-4a0f-8ebe-4453538ec545,Araújo das Flores,SP,Southeast,2024-03-22
5318,bece704d-bb5f-4cf5-83a3-8e86f7f814cd,Cunha do Campo,RJ,Southeast,2024-11-06
5319,b1c3f9d5-51e3-42b1-8fc8-5399ae1518b7,Pacheco de Aragão,RS,South,2024-03-23
5320,1f840586-75d1-463b-b901-aec951bed16c,Teixeira,SC,South,2024-09-27
5321,a3212daa-8653-44a3-aeb2-26f2a49ab750,Lopes da Mata,GO,Central-West,2023-04-12
5322,94ab24e9-6794-4589-b7ef-ef05d8fd2048,Lima,PA,North,2023-04-17
5323,1f808e1c-e29a-4f4c-a36a-76b6548148d8,Correia,SP,Southeast,2023-01-17
5324,9b7641e8-b6a6-438f-9280-3ae5e1903719,da Luz de Pires,SC,South,2024-02-26
5325,655f7974-75c2-452d-8f3f-ba72aba9569e,Freitas,SP,Southeast,2024-09-30
5326,c5a19411-0c96-4cda-b7fd-35a0afc94350,da Cruz,DF,Central-West,2023-04-13
5327,7a6fd125-b1ae-4df9-beff-e333fe6b01fc,Siqueira de Borges,SC,South,2024-05-30
5328,db04954b-3e8e-4b61-83ee-94c28ac48085,Ramos,PR,South,2023-02-03
5329,29f8212a-2f84-4b62-904c-264719aabe5a,Pereira,RS,South,2024-03-06
5330,3decdd27-7d26-4350-aeb7-71e45c21245e,Correia,SP,Southeast,2024-04-10
5331,b0b128a2-24c6-4b6d-913f-cc1ad9add770,Cunha de Viana,PR,South,2023-04-28
5332,90c61381-35d8-475b-a21d-6bb1aebfaef7,da Rocha Paulista,SP,Southeast,2024-04-25
5333,8f8822b7-de5b-42f7-afa0-88860a381313,Duarte,GO,Central-West,2023-12-26
5334,d0c31c50-29f3-48cf-8359-a4373d756daf,Marques das Flores,MT,Central-West,2024-04-20
5335,a71a0595-97ff-4ccc-9c05-fa819e082083,da Luz,MG,Southeast,2024-10-22
5336,eb1f4a1c-7930-486b-b075-b4c12a5395ae,Pinto,RS,South,2024-02-10
5337,394d35ac-28d1-4460-b588-247feedc7fbf,Rezende Grande,SP,Southeast,2024-01-19
5338,af9e62a2-3d01-40f7-a2fc-31db0bf6c417,Almeida,BA,Northeast,2024-06-03
5339,b051411b-4059-45b1-980b-3063934261a2,Azevedo,RJ,Southeast,2024-11-05
5340,3a5b23ea-305b-4d26-9de9-b5186c5c1138,Moreira,SP,Southeast,2024-02-29
5341,3661039c-2367-42cc-8b18-020347660299,Monteiro de Minas,RS,South,2023-01-05
5342,263bda8d-8678-4d01-974b-18d99aca56fc,Rocha,DF,Central-West,2024-02-29
5343,5232701e-d1e3-4b26-94d6-97a87bb7acd2,Farias,SP,Southeast,2023-01-27
5344,5793a319-b0a6-41c9-84cb-6c8dd7bde1f5,Gomes,SP,Southeast,2024-01-19
5345,714bfa37-ed0d-4578-aa32-df390ebd7e73,Lopes Verde,PE,Northeast,2024-06-15
5346,11c6d2ab-9f51-4516-9bfe-7b18b091e536,Novaes,PE,Northeast,2024-09-06
5347,078a53cf-1fd3-4eeb-b89c-730cf59b2080,Silva,RJ,Southeast,2023-06-24
5348,48cae643-c9e1-493f-a4b2-6ea8d5141f05,Cunha,GO,Central-West,2024-03-16
5349,c6014415-2f2e-4dbd-a79c-168eac663647,Pires Grande,SP,Southeast,2024-02-05
5350,730be62f-7e25-4982-a0d7-05c7e9e26867,Martins de Cunha,SP,Southeast,2024-10-21
5351,6a06e108-134f-46ef-b071-9a6a342917d7,Gonçalves,RJ,Southeast,2023-02-22
5352,bae8b3cc-4c7a-43dc-adb7-67a666dcf5de,Alves de Macedo,BA,Northeast,2024-08-14
5353,5c8bac02-8efa-4f51-b513-ee5300e208d1,da Costa,MG,Southeast,2024-10-13
5354,55c65dc2-08d8-4a8b-8c2d-93c860e23d57,Cavalcante do Galho,RJ,Southeast,2023-06-27
5355,a1531da4-22a1-4052-8de2-6097cbd069d9,Barros do Norte,MG,Southeast,2023-11-22
5356,b543622e-ca84-42aa-b911-1299a3eb9098,Siqueira do Norte,ES,Southeast,2024-03-23
5357,452f03c9-7efd-48da-a5d6-ab9b21dcde12,Rocha,SP,Southeast,2023-05-10
5358,79267133-6f30-4ca6-9e58-c75ba5e39314,Montenegro da Serra,ES,Southeast,2024-10-08
5359,23419ff0-6b95-4f6f-b414-d8f76d933815,Nunes do Sul,PR,South,2024-02-06
5360,d4958480-6e00-4063-ad0a-d4fad783f6b5,Albuquerque,PE,Northeast,2024-10-04
5361,b4e2fbce-3ebf-4bd9-8a3e-1572d7bfc03e,Correia do Galho,DF,Central-West,2024-07-20
5362,a2610257-5b59-48ed-bb6b-af69a9906847,Vieira Paulista,SP,Southeast,2023-11-27
5363,122b5652-ba9b-4f09-a960-20a4f2242914,Oliveira dos Dourados,SP,Southeast,2023-04-06
5364,7c56ea1b-9852-4f02-90a7-db25446b87ee,Caldeira,SP,Southeast,2023-01-12
5365,fb1ee55a-37b3-4f4d-ace1-36fe85d0e33a,Souza de Oliveira,SC,South,2024-08-30
5366,471da96d-b543-48c5-8aab-c40bd6b14c5a,da Cunha,SP,Southeast,2024-09-24
5367,818edbdf-b4c0-48de-a9f5-02a099472966,Andrade Verde,RS,South,2023-03-22
5368,50a37369-e384-4b3b-9ec6-cb21bd76b92b,Albuquerque da Mata,PR,South,2023-01-26
5369,a96e4559-cce9-4a81-b3c3-655898e31b8f,Casa Grande,BA,Northeast,2023-05-14
5370,df552ac3-c66b-4b69-aabc-f7ecd2d3ea0a,da Rocha do Oeste,AM,North,2024-10-11
5371,38f14931-becc-4545-a1bc-dcff20a7b4a8,Garcia do Campo,SC,South,2024-01-02
5372,b7f63ccc-282d-4674-99d0-eebb2179a342,Ribeiro,SP,Southeast,2024-10-30
5373,545d03f7-1ab5-44d2-a904-cd0eddf547e3,Novais Alegre,DF,Central-West,2023-11-01
5374,010ba241-042b-4a24-8060-d9e93a5ccb68,Cirino,SP,Southeast,2023-09-09
5375,bdc6a804-6fdb-40da-b34f-61caaf5fd46a,Carvalho,RS,South,2024-01-23
5376,9771ae2a-d10e-495e-b16f-8ff5e8dccba9,Monteiro da Mata,BA,Northeast,2024-11-06
5377,eddc60d8-e3b6-43d4-93a3-53392c3126c0,Fernandes,SP,Southeast,2023-03-26
5378,bf1c25a8-760a-44e8-b712-eb5865cf1f1d,Azevedo de Moraes,GO,Central-West,2024-10-04
5379,242f1baf-86bf-4beb-804d-ca01c63be21f,Costela,SP,Southeast,2024-08-16
5380,8bc90792-a499-4739-869e-bbf47343aa18,Araújo de Farias,CE,Northeast,2023-04-24
5381,d90abc7f-f8f7-4cbe-8bf1-9e1ea8427c3f,Azevedo das Flores,MG,Southeast,2024-09-02
5382,b29139a9-6269-43e6-8caa-73c985ac0d30,Siqueira,SP,Southeast,2023-05-26
5383,41631003-b92c-472e-b2aa-1712332e83c9,Guerra da Mata,RJ,Southeast,2023-07-04
5384,93303626-fac3-4112-bf62-47e277b09c85,Gonçalves do Sul,SP,Southeast,2024-05-21
5385,83eb9c88-5316-479f-adf0-505bc0c71eee,Rodrigues dos Dourados,PE,Northeast,2023-08-01
5386,c6694eaf-913f-4871-84f3-6f679f9fcd78,Correia da Prata,RJ,Southeast,2024-05-17
5387,db378723-00f2-4636-b897-baf03dcf2273,Cassiano de Costa,BA,Northeast,2024-02-28
5388,0cfa5dd9-1e8c-4c82-8dd1-f547651cd985,Oliveira,SP,Southeast,2024-10-02
5389,156ba919-6acc-4d15-a405-7f26e14b6985,Guerra Grande,SP,Southeast,2024-03-05
5390,52994a47-6b2f-42d6-9955-35d301e58ea3,Dias dos Dourados,RJ,Southeast,2023-11-18
5391,f37a3110-6806-4fc4-81ae-6716af33c727,Farias do Amparo,SC,South,2024-04-06
5392,f2700781-85d2-40fb-ad42-0c0faa5ed7c1,Duarte Alegre,PE,Northeast,2023-07-04
5393,e3729afb-5bc4-4273-8236-d295c0695fb8,Fogaça de Brito,RJ,Southeast,2023-07-02
5394,41385321-2c11-4260-b74f-e2b9fdbf27b0,Lopes de da Mota,SC,South,2024-10-08
5395,62ec14eb-0d63-4cae-81c0-d4460176ec49,Fernandes de Moreira,SC,South,2023-02-02
5396,cef075bc-6a38-44a3-8f2d-f4a6c9720c70,da Rocha,SP,Southeast,2023-12-18
5397,12402261-5b7f-406f-8eb7-a76eaeec5022,Garcia da Praia,PA,North,2024-05-10
5398,27666668-1b44-4468-9339-7fbe415ee12f,da Cunha,PA,North,2024-09-06
5399,11970cc7-4290-474e-8d73-09bddc902b7a,da Rocha de Abreu,PR,South,2023-06-12
5400,d54bcec5-d918-4ff5-8d3a-9adb24cada76,Costa,ES,Southeast,2023-09-18
5401,88cf22ad-e982-4e9a-a812-bc74877f226b,Almeida do Galho,DF,Central-West,2023-07-17
5402,517aa0e7-d624-4181-bbbe-decec6893b88,Aparecida de Siqueira,SC,South,2024-07-02
5403,f555364d-0516-489d-b3df-e83510430a9f,Jesus,SP,Southeast,2024-06-08
5404,9f493777-e1c3-4e98-8bab-40d631a90ecf,da Mata Grande,BA,Northeast,2023-08-10
5405,a49ad87c-833f-431e-b650-2aefea9317e9,Araújo da Serra,CE,Northeast,2023-04-28
5406,55315e27-b195-406b-8c1c-bebc0b93aded,Nogueira,DF,Central-West,2023-01-31
5407,392cbbe0-88e0-4703-bc62-eccf9c88df90,Pereira,RJ,Southeast,2023-08-14
5408,bf283a6e-4729-4073-9f66-02d9c6e03c9e,Cunha,SP,Southeast,2023-05-10
5409,031a0885-9411-41bb-ab00-4e6544e4b56c,Porto de Minas,SP,Southeast,2024-05-08
5410,98ac23c0-79c2-49d4-9b7e-b2c8d2dc3373,Oliveira de Mendonça,SP,Southeast,2023-04-05
5411,562dbc19-45d2-467e-9738-177c228abcd7,Novais,RJ,Southeast,2024-07-18
5412,5cd1f293-35b1-47d4-9c09-3b8244cb3cf6,Pimenta Paulista,SC,South,2024-04-23
5413,51599534-4c7f-4ca1-835f-edea86d10303,Martins,BA,Northeast,2024-05-22
5414,c52391f2-c0e6-48f6-9a9b-a58634638bf0,Sá do Amparo,MG,Southeast,2024-02-14
5415,f94344b1-826a-4f3f-bce4-34484c956e1e,Oliveira,DF,Central-West,2023-09-14
5416,a39fe087-a3e5-421c-bf8e-51985265f227,Oliveira,SP,Southeast,2023-10-15
5417,e365bcfd-04d2-49f8-ad44-c4f8404f9c86,Pacheco da Prata,MT,Central-West,2023-04-16
5418,fb8b161e-a869-459e-a3ee-5bf60b8f6f57,Abreu da Serra,PR,South,2024-08-24
5419,453013c6-403f-4009-9df3-2389b79c3150,Rezende,RJ,Southeast,2023-07-30
5420,0b56ec02-db4b-44d1-8f09-ba78df35afc6,Borges,GO,Central-West,2024-05-14
5421,99b80c76-87cb-4208-a94e-13035a90f2bc,Farias,MG,Southeast,2024-04-01
5422,d76e9ec1-9c4b-4fe6-87c6-1c3f854506ed,Martins,MG,Southeast,2023-10-06
5423,275006d7-4fea-44ed-9829-8d3730f32015,da Conceição,PE,Northeast,2024-09-29
5424,70a50d6c-be7d-4442-9042-efc718aba437,Melo de da Paz,SP,Southeast,2024-01-28
5425,5cd1a960-75d4-43be-afd1-3b5e8857d802,Camargo da Mata,MG,Southeast,2024-08-03
5426,6ce470af-e63c-412e-8373-c5c71112d66c,Rodrigues do Galho,RJ,Southeast,2024-10-09
5427,00f20f74-3393-4094-a8b2-0e34b8bd0a51,Pereira,PE,Northeast,2024-04-05
5428,851eb39e-a431-4df2-8965-afa751eb8526,Sampaio do Galho,SP,Southeast,2023-02-04
5429,1b243463-46c5-4b95-b003-ea91ce54c3a9,Castro de Goiás,GO,Central-West,2023-09-17
5430,2b16b591-3843-4480-8436-44fea58e5128,Alves da Praia,PR,South,2023-10-28
5431,b7680e3d-6072-4952-8c73-6bf4b8fa7348,Cavalcante dos Dourados,PR,South,2024-10-22
5432,4ae39c1e-7b06-483b-96b1-59816b8476fb,Brito,GO,Central-West,2024-06-27
5433,3145b366-7186-4b89-bb70-d096d96c270c,Gomes,RJ,Southeast,2023-01-31
5434,97218986-d7ea-490f-ae8a-01756721837f,Ribeiro,SP,Southeast,2023-11-27
5435,ae6f0fa2-ea2d-47c8-a469-f111f77384cd,Freitas,MG,Southeast,2023-07-10
5436,8795e6a7-cfdc-494c-bb52-654c179f2f47,Martins,RJ,Southeast,2023-03-16
5437,4b7ea28d-264a-46f3-802a-c7178a77444a,Garcia,SP,Southeast,2024-01-16
5438,5702c06f-d25b-4508-9c9f-d48dd2c5ab6b,Leão da Prata,RJ,Southeast,2023-11-18
5439,eefe1006-05fd-46c5-9602-7e8297fe0542,Cassiano de Goiás,SP,Southeast,2023-11-23
5440,24f82a96-b995-40cf-b5cd-9559222e34e7,Rezende,RS,South,2023-12-03
5441,9fea9f54-7347-43b0-9e79-df28794826b3,Cassiano,SP,Southeast,2024-08-04
5442,78b5f340-3a5e-4449-abd7-e12ee2477f64,Andrade,BA,Northeast,2023-08-27
5443,c34e1629-cbec-482a-9003-5e3fb55ba184,Dias Paulista,PR,South,2024-01-30
5444,8aca873c-b6e7-452f-8ca8-f708df77c1cc,Araújo de Rios,RJ,Southeast,2023-08-06
5445,cf56e78b-47d3-4d63-8d5c-45f9e379742a,Machado de Pacheco,PR,South,2023-04-16
5446,1212ed81-426d-4154-b409-4d7452ad8e91,Leão de Monteiro,PR,South,2024-09-14
5447,97e5ae89-33d8-4e7b-905a-14fc505fb203,Nogueira,GO,Central-West,2024-11-18
5448,0a2fc756-af7c-41b8-9fd3-1f6d8a7102d8,Souza de Costela,SP,Southeast,2024-10-23
5449,5a4d52c7-10f9-4efe-83a1-d8c4767805f4,Duarte,MG,Southeast,2024-03-21
5450,8ecdb525-0ede-457a-9a3f-493e7e7e2824,Freitas do Galho,RJ,Southeast,2023-11-24
5451,b6533b97-c319-4a33-9bc8-42e3fcd123a0,Cavalcante das Flores,SP,Southeast,2023-02-20
5452,816a47ad-35c8-4998-8cc8-1670d3a779d3,Novaes do Galho,PE,Northeast,2024-05-25
5453,866e8085-3492-4bcf-a938-edd8717bb519,Cassiano,SP,Southeast,2023-10-09
5454,7a9ede9d-af6c-4716-8453-2d47f5a0cc24,Barros Grande,MG,Southeast,2023-05-08
5455,ae66f964-662e-4227-97fb-450f3ce02798,Cirino,MG,Southeast,2024-09-07
5456,c94e5103-a1b0-411a-af87-08461d50f098,Pires,RJ,Southeast,2024-01-28
5457,16954ee6-bcfc-4e7f-956f-f5ffd9878d2d,Cassiano,SP,Southeast,2023-01-22
5458,ca03382e-a5a4-457d-912b-a8a6edab832d,Rezende do Campo,RJ,Southeast,2024-10-21
5459,d0c34115-2241-44c0-845b-2a9582c016fa,Rezende,BA,Northeast,2024-08-12
5460,ea583411-01cd-4f3c-bd0b-57ced3d857db,Gomes do Norte,AM,North,2024-04-17
5461,74660343-0c0d-40d9-9e50-e261df81ee4a,Câmara,RJ,Southeast,2024-02-17
5462,96e82445-2590-4585-8782-8c907b25f00e,Gomes,SP,Southeast,2024-06-30
5463,3b20b43a-e4ba-48fc-9b50-63668da3b59e,da Mota,DF,Central-West,2023-02-10
5464,a9aa3883-82e9-4b99-b4d9-4221e7c10651,Ribeiro da Mata,RJ,Southeast,2023-01-17
5465,ebdba48c-7441-4d13-a6f1-58909b8347fe,da Cruz,SP,Southeast,2023-04-08
5466,6bb482c7-0b53-4a90-90f1-5b8cb6bec014,Duarte de Marques,PE,Northeast,2024-03-01
5467,dcbc8f64-69ec-4c8e-9d3b-201282d3066f,Correia,RS,South,2023-10-09
5468,7233060c-b0c5-48f2-9ab4-45ac569c16ba,Mendonça,RJ,Southeast,2023-12-21
5469,19ffec0d-bd5f-4732-bc72-bab17137e5ec,Ribeiro,MG,Southeast,2024-07-23
5470,19a36ee8-37d0-4fb3-a13e-02b5e6179f06,Farias Alegre,BA,Northeast,2024-05-20
5471,d81ab7dc-ae6c-4993-8aee-eac9a1d2fc0f,Macedo do Norte,SC,South,2024-02-07
5472,17f718db-a4ca-4318-a081-a7805b8392ce,Pinto de Pereira,RJ,Southeast,2024-04-10
5473,38ff2d39-bd38-4afa-a08e-7b53acedb08c,Santos Paulista,MG,Southeast,2024-10-18
5474,5e1df2e2-4fa9-47fc-8b72-46e2436eaced,Caldeira,MT,Central-West,2023-05-05
5475,105b2fdc-4fb5-41b3-938b-aaf1f8cbb96e,Mendes do Norte,PE,Northeast,2024-09-24
5476,1a3710ae-b399-4b7e-ab74-7d0da6c2325b,da Conceição,SP,Southeast,2023-08-18
5477,529cbc09-cb14-41d0-a5ee-e681fa4f961d,Costa,SP,Southeast,2023-01-11
5478,71a7fdb6-fd90-4bcb-8927-2f04668d7b72,Duarte,SP,Southeast,2023-11-27
5479,d1b2dd0f-64bf-4bff-8003-6851a0b68808,Souza,CE,Northeast,2024-03-22
5480,701ae861-a38c-4df1-9531-06900997ed80,Pinto de Machado,SP,Southeast,2023-04-01
5481,e1ea3804-dfab-4b0e-8dae-08ee89a87774,da Conceição,SP,Southeast,2024-01-13
5482,cde66117-4d74-4fac-b938-c93ca38905fd,Fogaça das Pedras,PE,Northeast,2024-07-04
5483,6979bafa-436e-4bb8-8abb-6f54832b3664,Oliveira de da Rocha,AM,North,2023-02-23
5484,fd5b641a-c2e3-4a0a-aa3c-179f065557aa,Vargas,SP,Southeast,2023-02-14
5485,6d61c2b7-db31-4c10-b9c2-d65b6c5aaa25,Almeida de Minas,SP,Southeast,2023-11-08
5486,227c85aa-f008-4202-b7ca-34f66e97f8ce,Mendes do Oeste,SP,Southeast,2023-12-04
5487,a9729e19-818b-4ed4-bfa4-d8ffc2255b2c,Campos,RS,South,2024-01-24
5488,7f8b4f9f-f1e5-4e88-9511-19685ae5afa6,Machado da Serra,SP,Southeast,2023-06-24
5489,ab5b2ca1-b40b-458f-a8f6-8c8199f6a893,Ribeiro,DF,Central-West,2024-08-20
5490,8250b470-1abd-4dcf-bbc8-0f65706e3f71,Novais do Oeste,MG,Southeast,2023-05-10
5491,909f9248-22ff-4be3-89a9-b688b5ee7e5b,Farias,RJ,Southeast,2023-06-01
5492,b489593e-ebf8-4648-9e48-2c028f286cdb,Ramos da Serra,BA,Northeast,2024-02-28
5493,3a0505ee-3a0d-42a1-9257-5c4bfef540ca,da Rosa,SC,South,2024-11-15
5494,fe1f4ee7-dac2-465c-a03b-fb9017290ea5,Azevedo da Prata,SP,Southeast,2024-06-24
5495,41191db3-bd26-451f-a077-da2558d25613,Pacheco,SP,Southeast,2024-05-04
5496,0622a294-6399-439f-8c0e-8c1b6ecff11d,Costela de da Rosa,SC,South,2023-10-15
5497,d8b817d4-6261-4710-8b72-0f384aa8b839,Santos de da Cunha,RJ,Southeast,2024-05-09
5498,1f5121a6-ba26-4bc3-ad3b-4adc6386d673,Souza Verde,SP,Southeast,2023-09-28
5499,a67a2cc7-488f-49a6-8b76-011a5b5316a8,Pires,BA,Northeast,2023-03-26
5500,ee906cfe-bda0-4104-848a-441e7cafb69b,Lima,RJ,Southeast,2023-09-06
5501,5630033c-00c0-4124-b123-dc83104ad7ea,Castro,SC,South,2023-07-30
5502,837c9e63-13b1-429b-aa63-c44ee5c67b63,Guerra,RS,South,2023-03-18
5503,a5417b63-1261-44df-8d43-830e9085f5b7,Brito de Goiás,MT,Central-West,2023-03-03
5504,d6788ff7-4cc3-47ef-8361-9cd3c9a90afc,Rios do Amparo,SP,Southeast,2024-11-17
5505,0efeae46-e3ad-4b6e-b2f4-f8d562f87a47,Novais do Oeste,SP,Southeast,2024-01-30
5506,7322b792-cf94-4b7d-bca2-6cbab1a9a576,Alves Grande,SP,Southeast,2023-04-18
5507,dc0382e2-b80e-4079-8f74-12ff976bf9d7,Nascimento,RJ,Southeast,2024-08-27
5508,a30d5097-aa18-4a7d-89e2-b4f467b28af7,Costa,BA,Northeast,2024-06-10
5509,cfd92fcf-0757-48ff-af2a-3540c5495a63,Lima,CE,Northeast,2023-11-16
5510,590eb880-a269-43db-9a4d-407df634cd4f,Oliveira,RS,South,2024-11-02
5511,626cae1a-95cb-46a3-a553-c7eab9dbb9fa,Camargo,SP,Southeast,2024-05-31
5512,6a65d16c-3048-46aa-a404-5f1e8ecdf68c,Machado dos Dourados,SP,Southeast,2023-05-14
5513,60a75fb5-bf0a-4f68-998b-64161f846af3,Jesus das Pedras,SP,Southeast,2024-01-08
5514,23b989fa-0062-450e-93f5-27c1f3da1664,Souza das Flores,RJ,Southeast,2024-04-08
5515,2c84740d-4723-4612-bd92-1577ea4f2cb7,Carvalho,CE,Northeast,2024-06-09
5516,20c4ff5d-d699-4908-995a-017ccb1e7a8c,Rodrigues,SP,Southeast,2024-02-14
5517,44c73898-385d-4b33-ba95-ce1cb2ee47db,Barbosa,SP,Southeast,2023-10-12
5518,b9a693ef-3571-4561-bd12-c52be64f17e3,Lima de Novaes,MG,Southeast,2023-11-11
5519,7cfc206b-6bc5-45b3-a41f-58453880446d,Pinto do Sul,GO,Central-West,2024-08-14
5520,73cc8561-dd3f-4d3b-b96f-326618027280,Duarte,SC,South,2023-05-31
5521,46ad0f26-4def-4085-a2ba-ec1a26540ba4,Campos Paulista,MG,Southeast,2023-04-20
5522,2a094fde-9de5-42c3-86e3-08f54b343a6f,da Cruz,BA,Northeast,2023-09-04
5523,100af3a9-59b7-4e4b-9bbc-9e37c6e09031,da Rosa de Gonçalves,SP,Southeast,2024-04-16
5524,e1b5eaf4-6f2d-4a1b-9c49-7fbae8706ff9,Carvalho das Flores,SP,Southeast,2023-01-30
5525,8cb1a229-1c2b-4267-8d73-b07ed04536d0,da Cruz do Amparo,MG,Southeast,2024-06-27
5526,37dafdb6-612e-4fcf-a0d4-61bac0696036,Nunes,MG,Southeast,2023-09-29
5527,5b50f72b-c01c-45b4-8844-78ba95a57efe,Pimenta Alegre,SP,Southeast,2024-07-17
5528,286f756a-c207-4ff8-9528-688e5b23ccfe,Mendonça,SP,Southeast,2024-03-17
5529,d9ce8b26-6029-4a67-b04c-c8c3af706ace,Borges da Mata,SP,Southeast,2024-02-11
5530,376186d8-06bd-49c7-8b83-e34e9b9c72a2,Abreu da Serra,ES,Southeast,2024-06-04
5531,57e0dffa-55a3-453f-8d34-73edbe320b1a,Siqueira,RJ,Southeast,2024-03-27
5532,d4ed2401-3552-4fa3-ba90-a745b8d56915,Vasconcelos da Mata,SP,Southeast,2023-04-11
5533,e0005105-417d-4986-aeef-c38eece45dd8,Mendes Grande,SP,Southeast,2024-01-27
5534,89339ade-e91d-4821-888f-db712e39b34c,Oliveira,RS,South,2024-03-08
5535,c14988c8-7804-47be-8cfa-0607003402c6,da Conceição,SP,Southeast,2023-07-13
5536,5c776b87-ecd6-4988-80b0-5a6b10ec3c87,Garcia de Minas,MG,Southeast,2024-08-31
5537,4adb6da1-7b71-42b0-afc7-7dad5fb0ca70,Cassiano,SP,Southeast,2024-09-14
5538,42be2d2d-1d4d-48e7-97c1-69a55b8b8ccd,Moura de Moreira,MG,Southeast,2024-03-19
5539,511acc95-d2eb-43d1-96f3-00a4777042d2,Azevedo,SP,Southeast,2023-02-21
5540,0211597b-b02e-4da7-9ff6-1376224eae65,Albuquerque Verde,SC,South,2023-04-24
5541,70d91273-3e6d-4f97-8910-f373527db562,Rezende de Lopes,SP,Southeast,2023-02-24
5542,31bee6d3-838a-4b8c-9842-192b6cc7f157,Sampaio,DF,Central-West,2024-08-12
5543,80863f67-5fbc-431d-8dec-945e87410f48,Araújo,SP,Southeast,2023-03-09
5544,8931a16a-b25b-4a6d-b91c-35161993644b,da Cruz de Barros,PR,South,2023-10-10
5545,15953106-9511-4c5f-b4c4-f6ad4fe08871,Borges de Minas,SP,Southeast,2024-09-27
5546,7b3bca78-6ee1-414b-ba95-416f400b2ed1,Cavalcante do Campo,RS,South,2024-02-19
5547,7c62f997-03c8-432f-8cd9-1ab2f1fe6e7c,Novaes,RJ,Southeast,2023-04-14
5548,9d79c79e-0b9b-49e4-98e9-d1fd74c377c5,Pires do Galho,SP,Southeast,2023-10-02
5549,20fde180-4d1a-4053-ac59-c38c51f0fe1d,Teixeira dos Dourados,ES,Southeast,2023-06-25
5550,a46ebe69-6813-4889-8d89-7b1fd6c56584,Casa Grande,BA,Northeast,2023-12-22
5551,94040039-d26c-4105-ad85-33a2dd1d125f,da Cruz,SC,South,2024-09-02
5552,127546d6-b8b3-4edc-8f02-bdb8ecabe1e9,da Luz da Serra,RJ,Southeast,2023-01-04
5553,0321fd27-3238-4612-be38-42e3b4ec2cea,Andrade do Norte,SP,Southeast,2024-05-30
5554,2f5d6fd6-0de2-41b2-b1fb-18bc2f47980c,Farias Alegre,DF,Central-West,2024-09-29
5555,acdf286c-04d4-45cb-b204-11c9e8f2b844,Carvalho da Serra,MG,Southeast,2023-11-09
5556,1888d0b8-1877-4282-bdab-a6d849ce7695,Viana Grande,CE,Northeast,2023-09-02
5557,7afb7830-68aa-455f-a759-eb9306fdb09b,Caldeira,SP,Southeast,2024-11-28
5558,51dbb17f-418f-49ac-934c-9e8650a64568,Almeida,SP,Southeast,2023-07-11
5559,66dc0f3d-dc23-4929-bbac-b2e8186f4fa5,da Cruz do Oeste,RJ,Southeast,2024-04-11
5560,24019b6a-84f1-4a20-bd7c-ff65d94b413c,Carvalho,SP,Southeast,2023-01-14
5561,09904f9b-4722-46d9-a2fa-304dda566160,Dias,RS,South,2024-03-14
5562,964c97a2-fa31-4198-9e7a-c7523b6b6054,Cirino,RJ,Southeast,2023-07-01
5563,5f581cc5-0c14-4ea9-ad14-f0beaa32e76f,Carvalho do Sul,MT,Central-West,2023-03-20
5564,bd399a47-a9cb-426d-b5fc-402b18799ef1,Barbosa,SP,Southeast,2023-01-10
5565,418aeb2e-352e-4768-8217-14981d26b39d,Costela de Goiás,PR,South,2024-04-30
5566,3a52bbe6-3143-435f-99dd-0522936c9d62,Fonseca,PR,South,2024-05-15
5567,f4924446-60fb-498e-845b-a11c2e791bbb,Vieira,CE,Northeast,2024-04-28
5568,bba1c927-3e46-46c2-a887-e9be36f51698,Farias das Pedras,SP,Southeast,2023-01-18
5569,20514ac6-5550-4d75-8886-e36fade4f5f9,da Rosa,PR,South,2023-10-25
5570,4c640286-6654-4fd6-8027-25052f88198b,Pimenta dos Dourados,PE,Northeast,2024-06-21
5571,2c5af0c8-0146-4442-8b05-68b66d9e4e0f,Pacheco do Galho,ES,Southeast,2023-05-31
5572,4482ebb7-317d-4b7c-aded-13fe6e17a778,Souza,BA,Northeast,2023-04-13
5573,9555fba1-cf6b-407d-bacc-78f80df4495a,da Cruz das Pedras,RJ,Southeast,2023-12-10
5574,ab867e53-a2fb-4aaa-b42d-5ae3c017367b,Pires de da Cruz,MG,Southeast,2023-12-26
5575,8cd66615-92a6-4189-a970-60ed46d7a3ea,Cavalcanti do Amparo,AM,North,2023-09-21
5576,679ebc27-5b30-4b41-bb67-d90cd4939e89,Farias,RS,South,2023-09-17
5577,6236c6f1-ff4d-4a0c-ad74-cf85b0383895,Freitas Alegre,RJ,Southeast,2023-01-14
5578,447b9b0c-10fb-4052-98d9-192e900e7426,Teixeira de Gomes,PE,Northeast,2023-11-05
5579,c99bd782-5ea6-40a0-a85f-6c82f5df7921,Porto,RS,South,2024-06-14
5580,ea86ff03-9e9d-4a73-8f82-157a82ca2598,Leão da Mata,BA,Northeast,2024-09-02
5581,c862b70c-7904-4fb1-843f-f7331af01dd6,Câmara de Goiás,MG,Southeast,2023-10-04
5582,b2ae1be5-94e4-4f2f-9957-cd9667818049,Castro da Mata,RS,South,2024-10-17
5583,fe0fd9ec-c707-4546-b108-3466e0cee4a8,Teixeira das Flores,SP,Southeast,2024-02-25
5584,aabb7d32-515a-4417-b83c-e50d6f2e6e73,Fernandes,CE,Northeast,2024-11-06
5585,b2e0c353-949f-4826-8faa-586e3558483c,Cardoso Verde,PA,North,2024-01-01
5586,bf78d7c8-56ce-4395-a362-cf128d2b73b3,Cassiano,ES,Southeast,2023-09-08
5587,e9291608-e09f-4c1f-b3da-2f194a2597ae,Monteiro Verde,PR,South,2024-03-17
5588,56b8a1c5-1a6f-49ab-8c3d-4a8126968a0a,Barros de Castro,RJ,Southeast,2023-04-02
5589,a515a145-dd08-45b1-b529-a2f6a4158988,Costa da Prata,SP,Southeast,2024-01-22
5590,457df923-52f0-44c3-b97f-bfd4ee647303,Ribeiro,SC,South,2023-10-08
5591,541a1fab-8c6c-4191-a92b-c7c4495fe032,da Cruz Verde,CE,Northeast,2024-11-26
5592,19ecb4a0-c8e8-4531-a9b7-aabc06b0bb2f,Siqueira da Prata,PR,South,2024-04-05
5593,786b6874-90c5-4d15-8bc8-f4c925a953e1,Pimenta,AM,North,2024-06-23
5594,c2486251-e3b0-445d-8086-65ec9bc150d9,Leão,SP,Southeast,2024-11-26
5595,397f9ba7-dc46-4101-9abf-8127189f59f5,Brito,RJ,Southeast,2023-12-06
5596,83e8ac28-c817-4181-a59d-ad4d64c656e1,Sales,RJ,Southeast,2024-03-03
5597,3eae0a11-077b-4a9d-96a0-5dd7763f61f1,Monteiro,GO,Central-West,2023-10-10
5598,217c0678-7957-40a0-b54d-db65ce706e5a,Araújo do Amparo,RJ,Southeast,2023-02-12
5599,d4814780-c667-4b08-aa82-007ab0ee1d54,Brito,PR,South,2023-12-18
5600,6c71dad1-9d11-421a-894b-50af461c52c2,Novaes de Silva,PE,Northeast,2023-05-06
5601,23d2f968-e56f-4112-8e51-8e4304e3abdc,Siqueira Paulista,MG,Southeast,2024-04-10
5602,21be9f38-1e29-415e-b53f-e8c392e73ba5,da Paz,PR,South,2023-12-22
5603,97975b0b-324b-4851-88a4-1ff065f28679,Viana dos Dourados,RJ,Southeast,2023-01-09
5604,a4773a78-52c4-4108-af16-ec7f6598a7bc,Casa Grande Verde,ES,Southeast,2023-05-31
5605,2a193ff9-a201-43ac-94d3-32e6fdd29e6c,Sampaio da Mata,MG,Southeast,2023-06-03
5606,34826796-67cc-4176-802a-c52a582f5c69,Peixoto,ES,Southeast,2023-10-24
5607,bf8048b4-2381-4db9-b5c3-2e981bdfdf34,Albuquerque do Oeste,SC,South,2024-11-11
5608,4323c3c7-9299-4d80-9216-bc346539b1f8,Rios,SP,Southeast,2024-05-13
5609,69e27089-a45c-46e9-ae78-3af91c1e4c10,Silva da Mata,RJ,Southeast,2023-10-29
5610,9ed3f7e1-16a3-4d0d-b5cd-58b2913132de,Machado do Sul,SP,Southeast,2023-02-11
5611,8cfaeea8-e395-42fc-ae92-d5ea6964c5b4,Cunha,SP,Southeast,2024-08-30
5612,1c666748-999e-4f31-b87e-1146542186b7,Caldeira,SP,Southeast,2024-05-15
5613,2b788de2-1b80-4ffc-a3be-c0cff4b7ff1f,Viana Verde,RJ,Southeast,2024-03-16
5614,c6ac9119-66bf-42ee-9d14-2405070cdacd,Nunes,RJ,Southeast,2023-01-01
5615,95c930ea-bb3b-4320-85a8-e9ac9a048d5b,Teixeira,SP,Southeast,2023-05-22
5616,39f6c0f7-31d7-48f2-94d0-53c8c11d1f00,da Mata,RJ,Southeast,2023-10-18
5617,79eabc73-3727-4969-859b-082cf8d91bd6,Mendes do Oeste,BA,Northeast,2024-05-29
5618,8892161c-460c-4e9c-af86-d54cf4fdc90c,da Paz,RS,South,2024-07-28
5619,8ba5944f-9037-421c-9355-94550babd139,Borges do Norte,SP,Southeast,2023-03-30
5620,6f25222d-dd6f-4420-9237-7609f47bc25b,Peixoto de Cunha,RS,South,2023-05-27
5621,404482f9-fe75-4dea-92eb-fd9409a686a9,Caldeira,PA,North,2023-07-21
5622,486dd2df-f9ae-4b43-82ab-02c366845490,Vargas,MG,Southeast,2023-03-24
5623,4fc1c667-d932-4ab3-8c2c-ef310660d917,Andrade,RJ,Southeast,2023-02-02
5624,d4aee54d-8fd3-4455-8796-47bc26889e4a,Leão do Campo,MG,Southeast,2023-12-30
5625,ffcef759-8b56-4bbc-aa7d-934967798ac0,Souza,SP,Southeast,2024-11-25
5626,9eefa930-e04c-4e7a-9285-c5f5f6fe34c8,da Cruz,SC,South,2024-03-08
5627,f46c0289-1f3a-4de8-a4f6-0d624abf132d,da Luz,MG,Southeast,2023-04-11
5628,ef3daf04-be22-4440-a533-9b2a807f690e,da Rosa da Prata,DF,Central-West,2023-11-06
5629,ff14eeba-27eb-4195-a35e-232c42d99eff,Costela,PR,South,2023-06-27
5630,6ceb699e-131e-4238-b28e-2a6451ba7725,Sampaio,PR,South,2024-11-26
5631,abda4e04-fbff-49e3-90c2-ebf07a61d601,Mendonça,CE,Northeast,2024-08-15
5632,97783a80-ed9a-41dc-b070-2886d65b7bc2,Costela,SP,Southeast,2023-07-24
5633,0f0af0b7-61d5-4454-8b25-c717ebb848a7,Duarte,SP,Southeast,2024-03-02
5634,daef3802-1950-455f-bb05-7bd0c9863afd,Vieira,PR,South,2023-11-05
5635,e07cd9b2-340a-49db-9db2-93e77ed9e689,Viana,RJ,Southeast,2023-11-01
5636,ae8d67b5-953d-4f7d-9906-de77b496c0e4,Almeida Grande,PR,South,2024-10-05
5637,ab440950-76c4-4543-a7fd-86304daf3bea,Castro,MG,Southeast,2023-07-07
5638,8e3ec6ee-8550-4b27-aecf-6a72f87c7b50,da Rocha,RJ,Southeast,2024-03-23
5639,d72352ce-21ec-44d2-9e85-edf7178e564d,Pires de da Rosa,SP,Southeast,2024-06-23
5640,7c0d5c79-e89c-4fca-a2ff-e9fc512e5e8e,Vargas,MG,Southeast,2023-11-17
5641,f841b86c-368f-49b8-9b89-d676edef86d1,Melo do Galho,ES,Southeast,2024-01-02
5642,4b688c40-616c-4b19-bda8-f7d75e562c48,Correia de Minas,MG,Southeast,2024-03-13
5643,f6c7a1c1-c9e2-4ec1-8dda-01243d24c1c1,Andrade,MG,Southeast,2024-02-25
5644,4d39f29f-7fd3-4daf-a31c-6761eb002062,Ribeiro,MG,Southeast,2024-07-26
5645,c84f20dc-1f42-40cd-a102-ebf3fc623364,Cavalcante de Goiás,SP,Southeast,2024-03-07
5646,592d899e-1e74-480a-a6d9-3400a433ce4e,Aragão de Minas,SP,Southeast,2023-05-24
5647,eb8a7207-1518-4e2c-bcca-bde2b5c1accc,Cunha Alegre,SC,South,2023-11-06
5648,a9d87a64-98c8-4b51-a934-fa890d287eec,Ribeiro da Serra,BA,Northeast,2024-08-17
5649,8c410b8e-6811-411a-9101-82d163771964,Ferreira Alegre,ES,Southeast,2023-05-11
5650,2ced976e-52bb-4866-bf93-3b6d2acef9bd,Sousa de das Neves,SC,South,2024-08-02
5651,2390f607-0084-48f5-9336-980ee4b7405a,da Paz do Amparo,CE,Northeast,2023-02-24
5652,ef2a2bd7-10a4-43de-8f08-ac06b87d6e7a,Pacheco de Nogueira,BA,Northeast,2024-02-07
5653,46a28301-9d13-4149-b46c-e5f898e2cca7,Lima das Flores,SP,Southeast,2024-11-17
5654,91f97c16-81b6-43bd-8846-8d499ac11a87,Araújo,SP,Southeast,2024-06-14
5655,9741c0fa-1b20-457e-9e86-ca3d07d712df,Lopes dos Dourados,MG,Southeast,2023-02-25
5656,eac176f3-a9d5-4bcf-b067-8d81590de23b,Costela da Praia,SP,Southeast,2023-10-04
5657,4bd6a07d-813e-422d-873e-77c75d332535,Cirino,PE,Northeast,2024-10-27
5658,161fc0eb-b972-4f40-a35d-e60372c0d42d,Cassiano de Gomes,SP,Southeast,2024-08-31
5659,a745e323-c2aa-4e29-a21d-eb4f677a21cf,Guerra da Praia,SP,Southeast,2023-10-25
5660,dfbc2770-61fd-4942-824d-346906a0bfb4,Melo,PR,South,2023-12-06
5661,153fb118-0af7-41a9-a9d0-716a05c62ffa,Rezende Paulista,CE,Northeast,2023-05-05
5662,014dd114-38f4-4961-96bd-b5611c79ac85,Moraes das Pedras,BA,Northeast,2024-11-21
5663,0a5fdcff-42bb-4a8c-ae16-9e20dc740ec7,Vasconcelos de Caldeira,ES,Southeast,2023-02-24
5664,f7ea0599-00e0-4047-8151-62f1e07fb751,Jesus da Prata,RS,South,2024-06-12
5665,459e141c-ac1c-43b2-8f1a-4334997929e3,Mendonça,SP,Southeast,2024-05-22
5666,01f9214f-2406-425c-894a-de1822b51524,Jesus de Cavalcante,SP,Southeast,2024-11-22
5667,1c7f8315-b859-45b0-8062-72a131325047,Ferreira,SC,South,2023-06-08
5668,294d6e96-a8db-4b01-8af1-3eb1dec43905,da Conceição,RJ,Southeast,2023-11-15
5669,2e54ca50-25e8-483d-8d5d-e8d9249031eb,Novais,RS,South,2023-01-07
5670,893a9348-035f-4c06-88ae-3a4727af9995,Melo Alegre,PE,Northeast,2024-09-30
5671,314e8bc7-86a8-43f2-a7d1-c679ddc7af59,Pereira Verde,RS,South,2023-04-28
5672,005476f5-082d-4c63-8c12-b1b49872643b,Borges do Norte,SP,Southeast,2023-06-06
5673,449a1d03-8de2-4c8d-8055-ceb0b9ee2247,Pereira de Camargo,PR,South,2023-05-04
5674,c8211db0-e3d0-4f71-9f7e-9ce03a698c2f,Santos,ES,Southeast,2023-09-11
5675,58d6e90d-3f0b-4bda-af9e-83f41d8eddbc,Vasconcelos,SP,Southeast,2024-04-30
5676,f7993edc-5195-4d56-b1b9-b512507dbc11,Casa Grande de Cavalcante,SP,Southeast,2024-06-01
5677,9790808a-87d6-4a5b-a4a4-11c9c421fa75,Abreu,MG,Southeast,2023-02-26
5678,4a0d7cd8-6fca-4dbf-adf2-7628caa2bc81,Porto,DF,Central-West,2023-11-04
5679,5c009a69-aa37-4383-af9e-3c5cb340e35d,Novais de Aparecida,MG,Southeast,2023-07-08
5680,86315f2b-76e0-4135-8259-05bf994aa04f,Alves,PE,Northeast,2024-07-13
5681,0466cd04-8a5a-4470-ad37-e6c820ac14c2,Alves,SP,Southeast,2024-09-19
5682,9f3f4d91-1a32-4483-8cd3-7b05e51bc4b4,Silva Alegre,RS,South,2024-11-04
5683,9cfee5c9-13c3-46ce-8d20-d60f3e1a09ae,Teixeira Grande,SC,South,2024-03-18
5684,c2cda60a-82b2-485a-8319-cd6fc9617519,Rezende,SP,Southeast,2023-01-23
5685,8e40669a-7833-4ea1-89b4-8c9b433c2de9,Marques da Mata,SP,Southeast,2024-11-04
5686,20ff1efc-a0f9-40b4-a23f-cbccbb966a3d,Cavalcanti,SP,Southeast,2024-06-07
5687,ac941700-828b-4347-a43d-3cc615c2b871,Almeida,BA,Northeast,2024-07-13
5688,58278283-c189-49f2-b8d5-d87262b1d31f,Novais de Ramos,SP,Southeast,2024-05-06
5689,ac76dac0-0662-4d8a-b7d3-48efb5dab58c,Martins,RJ,Southeast,2024-11-14
5690,1d8b6c98-c5ea-4727-95ce-8a808eed7ac9,Brito,SP,Southeast,2024-08-25
5691,9edd5a9b-a920-435f-92eb-985f38cfa8b6,da Cunha de da Costa,MG,Southeast,2024-11-14
5692,98a494d1-670a-42c8-b872-76f0d26fdb7e,Dias,SP,Southeast,2024-01-31
5693,52bacd95-8d73-43f8-94f9-9b39d0775ab4,Monteiro da Praia,RS,South,2023-04-20
5694,b2a7c9b5-4e5a-446b-9279-68e997a4acb5,Nogueira,MG,Southeast,2024-03-11
5695,936f017a-2fc3-46b1-873b-dfcbc2728e4a,Leão,SP,Southeast,2023-10-18
5696,910220ca-6e0f-47b7-b6f9-c71f9a4d5aaf,Sales,MG,Southeast,2024-07-31
5697,2739d4f3-e4d4-4692-9bfa-2c974c4c2c7d,Albuquerque das Flores,RJ,Southeast,2024-08-17
5698,637536e0-0c68-4763-ba56-d9b01111c859,Leão dos Dourados,RJ,Southeast,2024-10-22
5699,c192c933-73cd-450a-bbc8-81603d977c5f,Freitas dos Dourados,SC,South,2024-11-03
5700,6629a922-153f-4e28-8b11-34bbe4c834a7,Casa Grande dos Dourados,SC,South,2023-02-13
5701,3900f29b-ed2b-4674-97de-253f6a147272,Ribeiro da Prata,DF,Central-West,2023-12-30
5702,e61f82b0-9676-43ab-8c80-d6c611b154fc,Carvalho,MT,Central-West,2024-04-24
5703,053f349f-a290-4eda-b84e-c60d5b932aef,Correia do Amparo,CE,Northeast,2024-04-14
5704,9d20b9fe-9daf-4563-a602-0424b90f0ddf,Porto,SP,Southeast,2023-06-12
5705,4bb6fdab-65d4-4bba-9950-2b0d9ce505e9,da Rosa dos Dourados,RJ,Southeast,2024-05-30
5706,dc14124d-7fb7-491d-965d-7815c61c79b4,Duarte,SP,Southeast,2024-06-21
5707,0257ac68-cfc4-4f87-a05e-5522cd7e3ac6,Rocha da Serra,RJ,Southeast,2023-03-06
5708,e6a4ee0e-240d-4fae-be73-49703d8a1627,Cavalcanti do Oeste,SP,Southeast,2023-06-05
5709,c44c8117-0138-4010-8325-07834d2de4cb,da Mota,RJ,Southeast,2024-07-30
5710,2042c893-b59d-4b55-b451-8a2f147bf656,Camargo Alegre,RJ,Southeast,2023-05-24
5711,df83d859-f13a-4d89-bf21-360a578dd65f,Peixoto do Campo,RJ,Southeast,2024-11-05
5712,50b9286d-5689-409d-88da-0ce153df7070,da Paz de Pacheco,RJ,Southeast,2024-02-08
5713,2c92f14d-6259-44b2-875f-0f97ed9c52a7,Nunes de Garcia,SP,Southeast,2024-10-22
5714,2a1f7077-470d-4b46-a982-c35f03d38568,Machado do Norte,MG,Southeast,2024-04-28
5715,36804804-c34c-4fdf-bf2a-f7ad3d39b5bb,Ribeiro,SC,South,2023-07-04
5716,56830bf8-cb79-4cb5-9ede-807c24f753a3,Fogaça da Serra,PR,South,2024-06-03
5717,15231a90-d92b-4a25-b8e4-cbdfee509b8d,Porto da Prata,BA,Northeast,2024-06-22
5718,867e0a97-23a9-41a6-8f78-59ebebef7531,Câmara do Norte,SP,Southeast,2023-11-28
5719,d400f069-e961-4a72-852f-7be7478f8cad,Pereira,PR,South,2024-08-17
5720,e7a25a16-2f0e-4497-a46e-6d6b6f619f65,Macedo,RJ,Southeast,2024-09-24
5721,4ba548a8-7c41-46be-9965-befc286e3525,Peixoto,PE,Northeast,2023-03-11
5722,06c4f4a2-218a-47c0-9447-c810238aa954,Borges das Pedras,SP,Southeast,2023-06-12
5723,c4e3a5ed-ed77-4d37-8aa4-99b776c96825,Campos,SP,Southeast,2024-11-12
5724,97208a86-3da1-4020-af3b-32b95bf36412,Guerra,SP,Southeast,2024-11-26
5725,798f0d6b-35bd-4f08-9aa7-d84c61e839c5,Gonçalves,MG,Southeast,2023-08-26
5726,d1c4a375-204e-4480-bc77-c40538a68341,Sá do Norte,AM,North,2023-08-31
5727,d6c8cdd4-1f01-4085-b727-a7a5f89f057b,Pastor,SP,Southeast,2023-06-28
5728,4d547b96-0b8f-443d-8007-519f282a09a1,Abreu da Serra,RS,South,2024-01-29
5729,186050e9-6b01-4fae-8b8a-93b126b699a6,Caldeira,BA,Northeast,2024-03-06
5730,3e573ce2-a49a-4b02-bd46-aa7f93928100,Freitas,DF,Central-West,2023-03-05
5731,9aac8b79-7d49-48f9-b9c7-02ee9e7677dd,Barros de Pereira,SC,South,2023-04-28
5732,a5689f3a-0ee1-4c9d-8087-1d180fd1be3b,Cirino,SP,Southeast,2023-03-16
5733,57728c55-a5e5-4d3a-94ee-b2afb56f8994,Brito das Flores,MG,Southeast,2024-01-19
5734,572bcbf9-d778-41a0-af28-1d8e256efea5,Silva Paulista,SC,South,2023-01-31
5735,839d8c61-1061-4bba-be02-bf27b3341bf8,Fogaça da Mata,DF,Central-West,2023-11-25
5736,94516729-7312-4d26-ba22-d6d500a10bb3,da Conceição,SP,Southeast,2024-04-05
5737,c7963a8d-cb3e-45c7-8920-aa02001ed520,Siqueira do Oeste,RJ,Southeast,2024-10-14
5738,15354005-3bfd-4c43-be2e-af0a22ffd90b,Rezende dos Dourados,PR,South,2023-07-24
5739,88d3542b-c826-49b4-aa82-30457729407f,da Paz,SP,Southeast,2024-05-17
5740,70eb6a37-4a24-4243-a078-e10054dd07dc,da Cruz dos Dourados,MG,Southeast,2023-10-20
5741,1e46ecdc-bd76-4a7d-8849-7cca034a0aab,Sá da Praia,SP,Southeast,2023-06-15
5742,b3054c89-9d41-401d-ad7c-61a73220b757,Barros,MG,Southeast,2024-06-25
5743,7fbb667d-f95a-4a97-b38c-5016ab8a5d03,Leão das Pedras,PE,Northeast,2023-07-16
5744,2d427251-5837-42f9-8ef4-2cd85709044b,Ramos de Teixeira,SP,Southeast,2023-01-25
5745,06c8e1aa-2001-4ab7-9120-20996b07fa47,Novaes,SC,South,2024-11-15
5746,a5e3862e-b346-4a56-9245-19b316278558,Mendes da Prata,SP,Southeast,2023-02-04
5747,12fd66db-a984-4f6c-a822-b2cd0e10d045,Cassiano,PE,Northeast,2023-01-06
5748,acd819c6-11ba-43d4-bef3-ba2121cdbab6,Gonçalves,RJ,Southeast,2024-02-22
5749,ae044525-8c0e-4204-a045-b3f37a7c61f7,Alves de Gomes,PR,South,2023-03-15
5750,a1f2cce6-7a52-41d5-936e-8d21a113384e,Costela Alegre,RJ,Southeast,2024-11-29
5751,32cbd134-26b2-4c9a-a2af-08443efebc12,Campos de Nogueira,RS,South,2024-10-19
5752,12552f58-27c2-4d0c-95f5-442f5b117f20,Garcia,PR,South,2023-07-14
5753,b8702def-844e-49ff-a2c1-1893d198a560,Ramos do Galho,PE,Northeast,2024-08-07
5754,e95f9710-387d-4826-aa01-7abc5e1d47af,Barros de Barros,PE,Northeast,2024-05-27
5755,9b34c649-26f8-43c6-9886-8d4d493bafc4,Correia do Sul,RJ,Southeast,2024-09-25
5756,bf17d94f-f05f-49e7-8767-2b820a4037eb,Marques,DF,Central-West,2023-05-22
5757,e88859dd-c5dd-4f8b-962e-d43fd4868d2d,Nunes,BA,Northeast,2024-03-25
5758,e869c41d-9089-44b1-89b2-1c3bc099739c,da Cruz,MG,Southeast,2024-01-21
5759,3509b022-12b9-4e57-b281-b0d1b3fa5d5f,da Luz,CE,Northeast,2024-08-05
5760,a8a0edf5-9974-484e-9836-5e9e6ff66a79,Garcia do Oeste,SP,Southeast,2024-06-13
5761,c1456f26-7a8f-46a2-b88c-d2b020769df3,Caldeira do Amparo,RJ,Southeast,2023-05-01
5762,cd2ba7af-33a2-47b9-8dc2-2e35a8bb7de9,Jesus de Fernandes,ES,Southeast,2023-02-22
5763,fc45400a-e1e3-45cf-9252-f53b91f3b11c,Costela do Galho,PR,South,2023-12-05
5764,192e3dc1-1820-4c03-8a8e-f99723b3b81b,Rios do Sul,SP,Southeast,2023-10-24
5765,5a64b5e8-cdc7-43a0-a349-2ba3d084b7df,Sampaio,DF,Central-West,2023-09-15
5766,2f19e912-4af7-4f8c-a496-5ca56d8f75e7,Macedo de Goiás,RJ,Southeast,2024-01-02
5767,1048fc1f-5e69-4168-a332-6293df1aebe7,Mendonça,SP,Southeast,2023-06-11
5768,50e04efe-4797-422c-be50-fbba2ede3ede,Câmara de Goiás,MT,Central-West,2023-03-18
5769,5d8ce9d0-d59c-4ab8-b33f-24e77d2fb0ae,Dias das Flores,PR,South,2023-09-05
5770,6925c72b-fa38-45d4-b821-884b9d1490d3,Moura dos Dourados,CE,Northeast,2024-09-17
5771,6d05317a-96b3-453b-8b23-27aa82e52a40,Cavalcante,ES,Southeast,2024-02-13
5772,93e7d699-cd5a-4c3f-906b-ddc54757b52b,Santos da Praia,SC,South,2024-07-13
5773,4e8c378e-058c-45ca-9ecc-e184d4991725,Pires Grande,RS,South,2023-04-24
5774,69cc7010-f565-4938-817c-ff67509d612c,Nunes,PR,South,2023-09-27
5775,88a934a1-6211-4e17-93b5-af5a6b36e98e,Camargo Grande,SC,South,2023-02-03
5776,ddca4b45-0de2-4365-ac13-30dfd18432b5,Vargas Grande,RJ,Southeast,2023-09-25
5777,6afae130-e035-4af5-b282-e9b8c02d7852,Cavalcanti de Peixoto,SP,Southeast,2023-03-02
5778,51cfc712-bd5c-481b-bb3e-0420f1d5181f,Pimenta,SP,Southeast,2024-07-14
5779,372bb847-c712-423d-9595-212570db85f9,Rodrigues Paulista,PE,Northeast,2023-12-04
5780,2188966e-12ac-4cff-a373-9fe7ddd12868,da Rosa,DF,Central-West,2024-11-10
5781,a8205206-c857-4376-9e61-95bd6fe4e214,Abreu da Serra,DF,Central-West,2023-03-05
5782,4aeedf72-3225-4d64-8994-7eba25b85a8e,Martins de Novaes,SP,Southeast,2023-03-16
5783,ef56cb9e-b087-40e9-9b66-5e25fbe53218,da Paz,PE,Northeast,2024-07-31
5784,7e24a483-f8f3-43d1-984a-a3d5e92425d6,Carvalho de Freitas,DF,Central-West,2023-02-06
5785,4a9313ba-850e-4e3a-9d30-58481dc06c56,Marques,RJ,Southeast,2023-03-14
5786,a654b58b-3aec-460f-b41f-e7010633c388,Borges,GO,Central-West,2024-09-04
5787,ae3e0c98-8e35-490d-b3e9-9f684ae8285c,Vasconcelos,BA,Northeast,2023-03-24
5788,a525c6d1-71d8-47b8-b16c-e5583e364321,Sales,CE,Northeast,2024-05-05
5789,b2df1a53-9140-45e8-ad2c-cc5a0e5c969b,Dias de Minas,GO,Central-West,2023-10-05
5790,7cfd24be-650b-4d2c-ac2a-db5fb7bfa049,Vargas dos Dourados,RS,South,2023-04-17
5791,6830e63b-3277-42a7-a53a-846503021844,Rios,SP,Southeast,2024-06-03
5792,c8a8a522-dce6-43a6-9944-8ec923fffc04,Costa do Sul,SP,Southeast,2023-12-25
5793,2368d3c1-fd0a-4f40-913e-bdde1ce20449,Alves,MG,Southeast,2023-11-07
5794,0c8bf152-d74c-4860-b2fb-62c6d25b53f5,Montenegro Paulista,BA,Northeast,2023-08-22
5795,40ccf2e8-d12d-48e2-a340-3148206250f2,Costela,SP,Southeast,2023-02-26
5796,6c4086e2-3667-4765-80b3-713afe2b7fe8,Rocha de Oliveira,SP,Southeast,2023-07-20
5797,ca3c5cf8-f26e-4ef7-85df-756b618ae5f3,Sales,PR,South,2024-01-24
5798,7faf15be-67cc-4df3-9af1-cbf08a4e4e3f,Sampaio,RS,South,2023-01-19
5799,da10f64f-023b-4fcb-a195-b4ec34f3d38d,Porto Paulista,PR,South,2023-02-23
5800,e401ce0f-4939-4f9b-aad7-bec59b4974a5,Peixoto Grande,RJ,Southeast,2024-01-22
5801,5ed73ae0-fc41-4175-8ff2-51cf06269f70,da Mota Verde,RS,South,2024-03-16
5802,1d1d0eaa-0d4f-4743-957d-5102b716d761,Casa Grande,RS,South,2024-07-16
5803,c37b2471-5e9d-470c-9f23-403a42f5010a,Nunes,SP,Southeast,2024-03-24
5804,0cc7754d-5fcb-495b-b714-00c3ee371cff,Barbosa,SP,Southeast,2024-09-22
5805,4ab1ab59-54f0-4ec2-a61f-c0611bb85112,Camargo do Amparo,AM,North,2024-01-12
5806,87d5292c-e64e-4b2d-897e-48285850a652,Nogueira,RJ,Southeast,2023-12-18
5807,f39fe641-377c-45a4-8c7d-5796e0b5ddd0,da Paz,MG,Southeast,2023-03-01
5808,0fae2755-1171-494f-a357-ba67415a16b4,Araújo Paulista,SP,Southeast,2023-04-05
5809,67d9c8e4-593b-4230-905a-12423df31349,Moraes Alegre,PR,South,2023-08-21
5810,d5694a38-36ac-4970-afe6-052b136ac2c8,Correia do Galho,MG,Southeast,2024-07-03
5811,4641baf6-1a60-4807-a78f-49f2a261d6dc,Mendes,PR,South,2023-01-16
5812,5a2df2b1-51d9-470e-b544-d3e64f6f727a,Costa,CE,Northeast,2023-09-13
5813,0313e3ef-a3a0-4a1b-9fdc-f6ea0ac4a07c,Guerra,PE,Northeast,2023-03-20
5814,61a59adc-5158-4b86-ae70-06f2842d85cc,Machado do Campo,SP,Southeast,2024-03-25
5815,7367d2c7-d0cd-45c3-973e-56327cafd9ae,Andrade de Minas,SP,Southeast,2023-02-14
5816,09860e01-9bb2-4446-ad59-2398f649ff09,Martins,RJ,Southeast,2024-09-08
5817,1a4b0992-a834-4352-a972-1813ca51be9e,Pereira do Galho,SC,South,2023-09-08
5818,b40a6f51-a555-4445-8f0a-89a5b1a4675d,Mendes,PA,North,2023-05-13
5819,17e9a413-6f99-4420-9a53-1cf9b3a45d11,Fonseca,SC,South,2024-05-05
5820,6c9e7b87-63a6-406f-ad87-1e968415c038,Camargo de Minas,SC,South,2024-11-03
5821,d39c2bfc-7853-4a36-923f-d0d791999d5f,Macedo da Praia,SP,Southeast,2023-09-14
5822,8574fb9c-b67a-4172-bc60-37889442ae6b,Ribeiro,GO,Central-West,2023-07-30
5823,10cff03f-69f0-417b-a8ea-b54a32ff2dc2,Aparecida de Silveira,MG,Southeast,2024-01-01
5824,5534f77d-0730-4155-9d65-fdf25223111f,Freitas,DF,Central-West,2023-08-14
5825,a4c487d5-5b46-4364-816d-ea2630890e76,Pastor,MG,Southeast,2023-11-06
5826,709240bc-53c0-4a59-ac07-03795907f268,Nogueira,GO,Central-West,2024-07-18
5827,f3acca68-5d5f-4efd-bf35-bd0d5e9f40f8,da Cruz,RJ,Southeast,2024-10-31
5828,c53d1c46-97e0-48b9-a7f8-5f029418bc47,da Paz,SP,Southeast,2023-10-01
5829,a8d23fe2-6672-4dfa-a34d-2c5028c2cbfc,Brito,RJ,Southeast,2024-07-08
5830,b34d5ab6-c6da-479b-a7c9-b4b377d70311,Farias de Novais,ES,Southeast,2023-02-25
5831,548b525a-ae6a-4388-9108-7e170b16a65d,Lima das Pedras,RJ,Southeast,2024-02-25
5832,de773d4f-9ad1-4cac-bc20-ecf58c4d33b5,Abreu,RS,South,2024-09-28
5833,33d013fd-c6c0-4a8a-9ffe-2dbcd095e5bb,Cassiano,MG,Southeast,2023-03-22
5834,345aac28-5749-477e-83f3-c616c9e7cab3,Martins,SP,Southeast,2023-05-21
5835,625e1ea8-c102-4a6e-ba9f-143b2dc3d6a2,Pastor da Prata,PE,Northeast,2024-06-17
5836,414ab65f-38d3-4674-a5b8-a9eccfa57f25,Azevedo da Praia,SP,Southeast,2024-07-20
5837,0facc51f-b5ca-4315-bd18-5220cf9e18eb,Dias,SP,Southeast,2024-01-17
5838,5ee0bc37-8492-47cb-9ff2-180720333e81,Lima do Campo,RS,South,2023-05-26
5839,cdc54cae-0121-4ca8-bd11-d205f7e14071,Correia de Abreu,SP,Southeast,2023-08-29
5840,ec81f021-9076-47b4-aa85-5d668900f547,Cardoso de Silveira,RS,South,2024-10-27
5841,74e8fa93-a38f-4315-820a-80acd7a5914a,Novais,BA,Northeast,2023-04-27
5842,2abb1647-d838-4f30-b70b-da21dd728d56,Vieira de Melo,SP,Southeast,2023-02-04
5843,bf348ab6-eb7b-4ad8-b4b4-96507819bc81,Campos,SP,Southeast,2024-08-25
5844,4ae09629-8052-4055-828c-708de0fa546a,Dias,RJ,Southeast,2023-03-28
5845,7b1137b3-bb84-417e-b17b-b80020d6697c,Costa do Sul,SP,Southeast,2024-09-16
5846,0234eddf-0fbd-4e7f-9a40-013bc7bd5595,Barros de Casa Grande,RJ,Southeast,2023-01-20
5847,243d0405-d3c8-44d6-8c4d-007312bc2507,Casa Grande do Oeste,CE,Northeast,2024-01-29
5848,7d25eadb-4a4e-46c1-acd5-b1384b927128,Rocha,MG,Southeast,2023-08-18
5849,bd25e347-594a-4000-8d44-ab64f6dd2650,Sales de Ribeiro,SP,Southeast,2023-07-08
5850,180c2ae3-783b-4d47-bc46-d1b77270e707,Campos Verde,SC,South,2024-06-29
5851,1bbbefac-7988-4901-a182-74339522eda1,Fonseca das Pedras,SP,Southeast,2023-11-09
5852,6713250d-6615-42bb-8599-f9ca5990e243,Jesus de da Rocha,SP,Southeast,2023-12-23
5853,b932ab84-9c01-4345-9b75-1b4f0a6ac930,Moura de Goiás,GO,Central-West,2024-09-15
5854,441982d6-c76b-45ad-899e-52b531dc8958,Almeida,BA,Northeast,2023-12-11
5855,26ffb2a1-5ddc-4abb-b6a1-60619d7032c1,da Paz,DF,Central-West,2023-09-26
5856,aca9af9e-fc85-4916-a36e-d0d0f1e9f9bd,Rodrigues da Praia,PE,Northeast,2024-08-28
5857,9fc7d5e4-757a-4380-87c3-cb29323f2ffd,Sales,SP,Southeast,2023-01-29
5858,1697201f-d679-4fe3-a08f-23902eab253e,Teixeira,RJ,Southeast,2024-09-28
5859,9faf30fd-fbec-4b87-be6e-bd2c4224b70e,Marques,MG,Southeast,2024-03-13
5860,48d5e760-b17a-4315-9ca1-eca40570b7f6,Rios de da Cruz,BA,Northeast,2023-02-28
5861,1d3042ee-c323-4ba4-8cd1-4fc16bdc8206,Monteiro Verde,PE,Northeast,2024-07-20
5862,f1d6d202-e86a-4ba5-9526-52ea1d4211f8,Andrade do Campo,RJ,Southeast,2024-11-25
5863,b5767c1a-659f-46ba-91b9-e56c0b3a2953,Leão,RJ,Southeast,2024-07-01
5864,085ecfbc-8100-4c08-87dd-ebf30248256f,Guerra,MG,Southeast,2024-08-09
5865,b7bfa181-9262-45ac-8f7e-91de5941109a,Rios,RS,South,2024-06-15
5866,e8e465ae-77fe-4355-983d-f6ae42fbc4a0,Peixoto dos Dourados,SP,Southeast,2024-01-26
5867,da98948d-eb23-4938-8e6a-0b5edd0f73e8,Câmara,MG,Southeast,2023-09-01
5868,8019cce7-81f2-4460-89fd-5ee55192afa7,Fogaça,SP,Southeast,2023-01-16
5869,99a1a943-16d9-4a91-a4f9-6c657df37d45,Caldeira,RJ,Southeast,2024-11-29
5870,78d493ab-6725-4e25-9209-5726489fc777,da Cunha,GO,Central-West,2023-03-29
5871,e5706947-f865-471a-be12-400c62684b43,Porto das Flores,PA,North,2024-07-09
5872,d4eddb5a-adc4-4057-889c-0d72da626326,Cassiano,RJ,Southeast,2024-08-07
5873,17745bc2-3529-4231-a068-9f1905dfc5bb,Sales de Carvalho,RJ,Southeast,2024-09-22
5874,6c5c3ffe-685c-40b7-a84b-588ed139b53f,Casa Grande do Galho,SP,Southeast,2023-10-03
5875,89e9f343-6491-43fb-8f74-edc2245942f9,da Luz Verde,SC,South,2024-10-30
5876,b87984be-fd0e-4b7b-aa9c-37e3e6d1fdde,Rios de Cardoso,PE,Northeast,2024-09-14
5877,cf937908-0a15-479a-80ab-4b074a43e10c,Sales,SP,Southeast,2023-11-11
5878,a8677ad1-ace0-4b86-bc11-330ae16dac5b,Almeida,PR,South,2023-11-25
5879,0cb484d4-aa00-4ba5-a420-a2868bcd7eb4,da Rosa,PE,Northeast,2023-07-03
5880,ca37973b-6082-4fe9-bf0c-6693aaa25864,Dias,MG,Southeast,2023-01-18
5881,8f39f8f3-062a-4d31-96d7-aa0116052cda,da Mota do Oeste,MG,Southeast,2024-04-22
5882,e09e0c95-7ed9-407d-a4ab-6f4dd2eb35a1,Guerra,SP,Southeast,2024-01-03
5883,bac93cc8-33f2-42b2-a6d5-f800f450d66c,Ramos,MG,Southeast,2024-07-23
5884,fd04a25c-32b9-4acd-b9b9-c6d4b231e7d7,Dias,SP,Southeast,2023-03-01
5885,a7cbe0b3-d852-43b5-abba-1c76e60aada1,Garcia,PR,South,2023-03-23
5886,d525aa88-c33b-48b0-b677-fcbe99286625,Albuquerque,SP,Southeast,2024-09-16
5887,0e8eaab3-0ee7-4218-a836-08fe16e384c4,Pastor,PR,South,2023-03-07
5888,985e4886-d21d-4696-86bd-20ac0d6b15ec,Azevedo,MG,Southeast,2023-09-22
5889,1d2c5ae2-8562-43ab-b180-84878d94508a,das Neves,BA,Northeast,2023-10-10
5890,f798e193-881d-4168-92ee-5de5da860c3a,Cavalcanti,SP,Southeast,2024-05-21
5891,f2c76b30-fb7e-4256-a4c9-56c886d79a32,Farias,SP,Southeast,2024-10-07
5892,108109b5-4757-4291-b3ab-bd8bb2f2feb7,Nogueira da Serra,SP,Southeast,2024-09-24
5893,9f23a324-0cf2-4f5a-aed5-57269fff8f80,Aragão,SC,South,2023-08-27
5894,387ae2d2-b4ce-43c1-8333-fe5aec6808bc,Leão de Lima,SP,Southeast,2023-02-09
5895,6ae03e1d-c533-4386-be10-a57c16a946ed,Cavalcante da Prata,SP,Southeast,2024-06-02
5896,8308450e-0654-4f2a-a487-cde9ea8b6d73,Carvalho,CE,Northeast,2024-08-16
5897,a29bc628-aca4-4c10-a319-56a8fc2bedfc,Moreira de Minas,RJ,Southeast,2024-07-20
5898,dd7edcf9-fbf0-4c30-9a61-73ed594a4f2e,Vasconcelos dos Dourados,RS,South,2023-03-04
5899,41a5b2f0-fb3c-4d94-b289-4d6fe4e5ab2a,Abreu de Ferreira,GO,Central-West,2023-09-23
5900,12dabc46-3864-4b10-b7c2-3f92e94eed3f,Andrade,MT,Central-West,2023-01-17
5901,8c6931d9-ae4e-41cf-994e-5567fabf14cd,Rocha,RS,South,2023-12-28
5902,022456cb-3e98-40fb-bdde-dcbfc79e0484,Monteiro do Oeste,PR,South,2023-02-15
5903,80fb89ee-9e65-47d0-b2a7-410e9acb0437,Carvalho do Campo,PR,South,2023-12-25
5904,1ff25e0d-fcc8-419e-95a3-ba618ec565cb,Carvalho das Pedras,SP,Southeast,2024-06-03
5905,ffaaaf7b-7970-4db6-bb97-810d9b3d4cfa,Siqueira da Praia,MG,Southeast,2024-06-07
5906,ba7d3996-c1e9-4e0e-875e-3b87a5cba86d,Guerra,SP,Southeast,2023-07-28
5907,7a9b9038-6d59-4967-bc5e-d0a2cff287e1,Moraes,RJ,Southeast,2024-01-16
5908,dea6d2a8-65eb-4f76-ba8d-25b47ec805c2,Ribeiro,PE,Northeast,2024-11-28
5909,f54bfabb-cf7c-4ca0-8aed-ea8a87e0913b,Jesus,MG,Southeast,2024-10-19
5910,8b748936-6eb4-4828-bc76-c902ed452fa3,Alves de Minas,MG,Southeast,2023-10-17
5911,e10c8e36-6581-43d3-a79d-10a8ba8cb85a,Marques,SP,Southeast,2023-12-01
5912,9795795d-2c01-4a94-a6c9-e45feca021c6,Cirino,SC,South,2024-01-04
5913,71a05d6c-6f5a-4ff3-aea8-4a386cd44902,Nunes,RJ,Southeast,2024-02-22
5914,72926459-31d8-4c57-b012-c7e6b30131e0,Barros das Flores,DF,Central-West,2024-01-19
5915,2b441d12-532a-447f-9128-6916fd508f47,Novaes,MG,Southeast,2023-10-29
5916,ad0ce9fa-9a2b-4246-a40d-080deab1e0a9,Martins,SC,South,2023-06-14
5917,3de90fd9-956f-469b-94ae-02444a9b69e3,Nunes da Prata,RJ,Southeast,2023-10-25
5918,5765e2bb-52ce-42e8-a2b5-4f371b2e1e89,Mendes de Martins,DF,Central-West,2024-08-28
5919,f97ae55a-529d-4531-af0f-c08b26fcbc1d,Garcia de da Rocha,SP,Southeast,2024-09-15
5920,301e35cb-d6ae-4adf-8c8e-302106624e64,Sousa da Prata,SP,Southeast,2023-11-17
5921,ec9d7658-0781-4ccd-912c-aa25064e97f5,Santos,ES,Southeast,2024-06-04
5922,1ff2ca83-4a78-4fe0-af60-9bc6f0f1da53,Caldeira de Vasconcelos,BA,Northeast,2023-12-19
5923,8d2ae9c0-7b9b-4abf-9464-b1356335450d,Oliveira,GO,Central-West,2024-01-23
5924,239a6d42-d2ad-42a6-b411-d9d111e99ec4,Gonçalves da Praia,PE,Northeast,2023-02-03
5925,886a9dcb-88cd-465c-97c2-9048cd2aac5b,Barros de Ramos,SC,South,2023-06-03
5926,4ef153c8-fa1c-4272-976d-6de71d38fbc5,Aparecida do Norte,RJ,Southeast,2024-10-26
5927,c61c3397-5c6e-4e01-a6c7-efe0df7f6207,Abreu,SP,Southeast,2023-03-21
5928,430b3d76-2f02-4f5d-9a7c-f2c0b7e90497,Peixoto da Serra,GO,Central-West,2023-08-18
5929,8fa95ec3-727c-4301-b2a9-30fe85d9b1ba,Ferreira de Porto,PR,South,2024-08-11
5930,a05fa3ef-0cbf-40ca-be0f-1bc9768aceb7,Ramos,SC,South,2024-03-04
5931,96f35771-242b-47bf-8621-068e0443d9a8,Almeida,PR,South,2023-05-05
5932,e08f6d7b-bb28-4a6d-9a07-657b1f9d1e74,Fernandes,PE,Northeast,2024-06-24
5933,a4cc89db-1055-463c-8360-99c9a234ed21,Pires do Norte,BA,Northeast,2024-09-13
5934,9255bb41-2bc1-4bf7-8675-ef607e4ff60d,Guerra,MG,Southeast,2024-06-21
5935,5839a477-99c9-4a43-a4a4-08f5a95c7f25,Cirino,ES,Southeast,2023-11-21
5936,30647094-d9d9-4610-ba20-bb07297c2bb1,Pereira do Oeste,SP,Southeast,2024-08-12
5937,8f902934-a24d-484d-9e7b-1fddd2228ef8,Gomes,RJ,Southeast,2023-09-07
5938,037dea9d-0ab6-4866-a2ed-70132b0bc27a,Porto de Costa,RJ,Southeast,2024-01-06
5939,cff88b63-22d7-4c4f-b0bf-602305127656,Viana da Serra,SP,Southeast,2023-11-19
5940,b5e8f105-a6b5-45be-a288-75b8e79a52b2,Carvalho Paulista,BA,Northeast,2023-04-29
5941,7383f5ed-92ff-4ec1-8e0f-e7afb3a5d2cb,da Costa do Amparo,RS,South,2024-03-31
5942,a2930d60-bc1a-491f-8ae8-29a6f1f8049a,Alves Alegre,BA,Northeast,2024-02-24
5943,b0bcb6e5-c82a-4eb4-a256-50f97eac66c1,Ramos,RJ,Southeast,2023-12-27
5944,641a6d82-4e19-4e19-86ef-5599c33c62ee,Jesus do Amparo,PR,South,2023-03-20
5945,6163d267-b869-45ca-8cb9-1e8741765a5e,Viana de Costela,DF,Central-West,2024-10-31
5946,40ce922c-4dce-488d-a55c-67bd5ca4a098,Câmara Paulista,MG,Southeast,2023-08-24
5947,47db2124-10ca-4429-b97c-5829548ef512,Rezende das Pedras,MG,Southeast,2024-03-04
5948,89556389-f9a5-49f3-8c89-7fe4e575741f,Fogaça do Galho,SP,Southeast,2023-05-09
5949,df61766a-bf5e-4bf2-aa8f-d30932d93235,Montenegro do Oeste,DF,Central-West,2023-09-08
5950,bdcd00a9-8fc2-4e2d-8bf2-cc01c95b44d8,Ribeiro,BA,Northeast,2024-02-22
5951,a7a873e5-5a69-47ad-ad44-ab9df095562e,Pires da Serra,RS,South,2024-11-12
5952,7e991651-d506-44d6-aa9f-2613dacc0bfc,Lopes,SP,Southeast,2023-09-24
5953,4cba06ed-d472-42cf-a442-5305fa87fb09,da Costa Grande,BA,Northeast,2023-12-16
5954,cfb82cef-a9ba-4163-9c55-4e9c07801bde,Melo de Fonseca,RJ,Southeast,2023-03-25
5955,ec9fb045-012b-4ad5-b893-6d2d864743c7,da Cruz da Serra,MG,Southeast,2024-06-01
5956,6894520a-a683-45d8-a242-2489c5ec796d,Ribeiro,AM,North,2024-08-12
5957,4cff00d7-4077-4c4a-a619-95ded44141d4,Siqueira,MG,Southeast,2023-07-22
5958,b0c52fa8-98d9-4e8f-bf2f-63836e3d5887,Nascimento do Norte,DF,Central-West,2024-04-09
5959,b95bfa5c-c35e-42d8-8616-64a35b24da29,Dias do Norte,SP,Southeast,2023-05-04
5960,08295bfd-b881-4322-be99-43425c762bd6,Nascimento,MG,Southeast,2024-07-21
5961,2a498fca-76a6-4248-a6a0-ed0444e65aaa,Aragão,RS,South,2024-04-26
5962,2c164dc4-47c5-40aa-b273-6c917537fe4f,Nunes,BA,Northeast,2023-05-10
5963,7263e1e0-77aa-4f40-b26a-dae20bb19467,Sousa,CE,Northeast,2024-03-17
5964,d8338894-2452-460d-a830-331b7d721ae1,da Mata da Praia,SP,Southeast,2023-06-20
5965,af85203c-f830-4ea5-a0fe-a964aabd847f,da Costa,AM,North,2023-05-16
5966,103d5175-0750-4866-ace5-73078fee2edb,Carvalho Alegre,ES,Southeast,2024-06-26
5967,1c24f102-59e5-4402-be28-95ad8f20d2d1,Andrade Grande,DF,Central-West,2024-03-08
5968,013edeb2-a2d2-45db-b27b-d350b06aab8f,Fernandes do Sul,RJ,Southeast,2024-02-16
5969,8ff4a938-f59c-44ca-af5b-98e8a86e5687,das Neves,RS,South,2023-09-05
5970,e27ce6ea-3a1b-46b9-97ea-38ad35b00f9f,Carvalho,RS,South,2023-05-02
5971,43cb74f5-98bc-4b45-b6c8-63e0e8aac4a5,Câmara,RJ,Southeast,2023-12-11
5972,dbc4da67-9ed5-40f7-bdd1-0830c0271c77,Correia de Minas,PR,South,2024-09-23
5973,e7d88614-b991-45ea-b8b7-8c4acc281fa0,Camargo,SP,Southeast,2023-02-16
5974,5a438639-a825-410c-bd2f-24d32469980a,da Mota,SP,Southeast,2023-12-30
5975,66aed15d-2ab7-4b10-9e72-ac23fe66f861,Cirino dos Dourados,GO,Central-West,2024-02-23
5976,8d25f8e1-2624-4543-83a2-1d52d12e73a1,Rocha das Flores,SC,South,2024-03-22
5977,aaf76d3b-ce5e-4a7e-aee4-cbbde7f6dec2,Camargo do Norte,RJ,Southeast,2024-05-03
5978,3933a7d4-7ef3-484e-9d0c-da738608da42,Novaes,RS,South,2023-07-07
5979,593b5528-599f-4aaa-ad49-207ab7047f41,Fernandes de Minas,RS,South,2024-08-26
5980,6e6f8060-c1b0-4882-a1c5-8ede42717ada,Pereira,DF,Central-West,2024-06-05
5981,14b0bab5-a035-4f66-a8aa-db20d2e45ed5,Duarte,SP,Southeast,2023-01-08
5982,aa6248e0-7a04-48fc-9411-876018011cfb,Ferreira da Praia,PR,South,2024-01-14
5983,384ca561-af2b-4e5c-817c-0907500ac7b5,Sampaio de Andrade,RS,South,2024-04-09
5984,22be0d3b-6afa-4ea3-83ce-7118ec7e91c6,Cirino de Nogueira,RJ,Southeast,2024-03-25
5985,74a40131-6a6d-4c9d-9b8f-2eefd85f18ce,da Cruz,SP,Southeast,2024-08-25
5986,18709d0d-62a1-42f4-800b-c861713812b7,Borges,RJ,Southeast,2023-04-10
5987,79c2bcb5-d498-488b-9145-1785aaf4fd66,Lima da Serra,SP,Southeast,2024-05-20
5988,e20a5582-41e0-4166-ace7-24f7c2d43572,Cavalcanti,RJ,Southeast,2024-07-31
5989,83818bda-075b-4c90-ac9f-e79bc0d57ad6,Moura do Campo,ES,Southeast,2024-06-21
5990,a7ae4221-c895-4289-b9c7-ec6e82dba4db,Gonçalves de Castro,PR,South,2024-03-12
5991,eed3252a-9f16-423f-96d2-e428039d148b,Lima,RJ,Southeast,2024-01-29
5992,9a7f7500-1576-4b3e-bbea-22db922e5cc6,da Costa do Sul,RJ,Southeast,2023-07-02
5993,ec4643db-3c20-47bf-9815-c81bca43f7c5,Barbosa das Pedras,GO,Central-West,2023-02-12
5994,0f2f5a82-f0e7-425c-be7b-7dacbea6bb61,Farias do Norte,PE,Northeast,2023-08-04
5995,9d94601b-b89a-4e7c-9476-4d30b657c7e8,Cardoso,MG,Southeast,2023-10-12
5996,b93c3567-b432-4669-ad5b-a4d9ea14c6e5,Macedo de Goiás,PR,South,2024-09-22
5997,f298b8b0-1996-4caf-8dc7-bd02ad3c2179,Teixeira,RJ,Southeast,2023-12-22
5998,3aa9b02b-c819-4cb4-87c8-195c371ec161,das Neves,RJ,Southeast,2023-05-02
5999,ef8df74d-d9a7-4d36-981a-a08580886f1a,Ribeiro,RJ,Southeast,2024-05-13
6000,0ea3a189-26fa-4827-a674-5a3f4ab047e0,Freitas,MG,Southeast,2023-06-23
6001,6696c1a6-3e06-424c-90df-7ce39b993874,Fonseca do Norte,RJ,Southeast,2023-09-23
6002,8d8fe74d-250e-43ee-adf5-2580dbe8cd0d,Viana,AM,North,2023-04-19
6003,3f0e9926-1b68-4dbb-bccf-d7d2b8ec0c1d,Cardoso do Amparo,DF,Central-West,2024-11-13
6004,710a4cd6-5eff-4485-8461-3bbc5c9fb42d,Martins da Serra,RJ,Southeast,2023-04-09
6005,1c360249-105d-4857-9c10-f74d9b3b9f88,da Rocha Verde,SP,Southeast,2024-06-04
6006,a0f330b4-4905-4447-bf9c-d75c063766dd,Correia de Minas,BA,Northeast,2023-01-29
6007,33ffe304-b50e-43d7-99d0-9e8b85765c2a,da Cruz das Pedras,PR,South,2023-02-10
6008,399b29fc-5f5c-44f9-9d73-1175e207dbb6,Andrade,GO,Central-West,2024-07-06
6009,2822f0a9-db12-4d2e-a736-6835af887619,Mendes de Campos,PR,South,2023-07-19
6010,5218f3fc-1b71-48e3-a47b-fb9aad9ec165,Jesus,SP,Southeast,2023-01-27
6011,1d5c795c-95a4-481b-aeee-0e2c25a6dcf8,Pereira de Cardoso,RJ,Southeast,2023-10-16
6012,f5beee1a-c842-4488-a73b-63f363cbb148,Azevedo dos Dourados,GO,Central-West,2024-08-07
6013,825d22b4-2966-497e-9b73-a0c036b06ba7,Lima,MG,Southeast,2024-03-31
6014,155878da-9d48-4003-af70-5e12242942a1,Siqueira,ES,Southeast,2024-04-09
6015,d1f1df71-3a84-4e76-bd3a-5cd480e01d95,Castro,RJ,Southeast,2023-04-23
6016,3f06051f-8cc9-4087-97fc-fb3a19134417,Nunes de Minas,RS,South,2023-05-03
6017,37c3c8f7-7151-4ed7-927f-d409c96ec149,Lopes de Vasconcelos,MG,Southeast,2024-03-18
6018,06e33f44-c5db-448f-9d29-18e07bea76c1,Carvalho Verde,MG,Southeast,2023-03-30
6019,7cc14251-7383-4649-aeb4-b13c838b54b4,Macedo,CE,Northeast,2023-10-13
6020,d9b69c3f-58a4-4e03-8ac1-a8f4a4ba67d7,Freitas,RS,South,2023-04-30
6021,41198320-0e75-4409-b24d-9c77dd070b9d,Dias do Norte,MT,Central-West,2023-03-22
6022,2d75fd4f-fcfa-4369-8f11-be9402a6727c,Cardoso,BA,Northeast,2023-08-16
6023,be0e023b-6095-4a9f-a56d-7dbac6af63a8,Novais,RS,South,2023-12-01
6024,08c252d6-9ce8-4e82-8e11-4e0d7e8eda3e,Souza,SP,Southeast,2023-12-10
6025,58a1e189-a350-4524-8f47-188bf0ac7edc,Cavalcante,SP,Southeast,2024-10-07
6026,665700be-80c4-4989-90f3-0807982d91ca,Teixeira de Gonçalves,BA,Northeast,2024-11-19
6027,c773d861-a608-4248-bcdc-82710c1752fd,da Mata,BA,Northeast,2023-11-19
6028,b80504fd-c7e7-4b71-9ac6-3645022da24e,da Mata,DF,Central-West,2023-02-09
6029,7590a2f6-b095-4247-af51-f151687862c4,da Rosa de Minas,MG,Southeast,2024-06-17
6030,256d1405-b93d-40b6-b603-01aa89561001,Viana,RJ,Southeast,2024-07-25
6031,18a461ca-8146-4f20-8aad-15376c88e9d7,Barbosa,SC,South,2024-10-03
6032,8ca9724a-d481-4a96-be5b-b677e37f9a63,Machado,SP,Southeast,2024-10-11
6033,df10a1ff-0c68-4931-9259-07352c2a7a45,Brito de Goiás,SC,South,2023-09-09
6034,0f6322ae-6013-461a-87e3-a4293e9bf492,Nogueira,SP,Southeast,2024-01-21
6035,00bf7f2f-261e-417f-a8e0-fd9e4f7d3715,da Costa,CE,Northeast,2023-08-14
6036,2b4772f4-8c01-45cd-a854-24dd891119e8,Vieira de Goiás,RS,South,2023-09-29
6037,8cd8277b-c55c-4d19-8812-1b352c7efbe2,Rodrigues,MG,Southeast,2024-05-11
6038,c0942bdf-e1a8-4cda-93a8-fde4bb3030c3,Moreira do Campo,PE,Northeast,2024-05-23
6039,693c3019-a31d-44f8-879c-b953b942190f,Leão,RJ,Southeast,2023-07-23
6040,8997b384-3cd0-4b12-8250-49abd752133c,Rezende,SC,South,2023-04-01
6041,fd880bfa-7a98-4635-b38f-da15f03bbd44,Sousa,GO,Central-West,2023-08-08
6042,7742614d-033b-4e59-99a8-d90461604bd6,Ramos do Amparo,SP,Southeast,2023-03-10
6043,0bd1fe08-2f26-455a-bb6d-b4c46dac527f,Almeida,MG,Southeast,2024-09-17
6044,41c962f2-14ae-4155-a120-75d15a84c172,Vasconcelos,SP,Southeast,2023-07-02
6045,e9cfa66e-7950-4d1f-b76e-173b0ce401aa,Marques,SP,Southeast,2023-09-27
6046,44dccebd-3dcf-494c-af07-11811d3845db,Vieira do Sul,SC,South,2024-10-08
6047,887b6650-abd9-487c-a77a-5affcb61756c,Caldeira da Serra,PR,South,2024-10-15
6048,87723389-01a4-49bd-b572-765a37791983,Barros do Campo,RJ,Southeast,2024-06-27
6049,c0e3ba61-958a-40b0-87f4-e7c7e1d4be55,Pinto,SC,South,2023-07-04
6050,4dce8015-a480-43a5-8c6d-9c7143cbfd81,da Luz da Praia,CE,Northeast,2023-08-26
6051,244ae9f0-78fd-47ff-9b02-912b6b99cfc8,Ferreira Alegre,CE,Northeast,2024-11-15
6052,999c35a0-1d69-447d-929c-a30763b54f04,Marques,MG,Southeast,2024-10-07
6053,3c7ff37d-1408-449b-bf9e-c3a06d8363da,Machado de Siqueira,RJ,Southeast,2024-01-01
6054,b0273a8c-1dc7-4d19-8f95-e764af31e92d,Sá Grande,PR,South,2023-10-30
6055,95abe7ae-3d92-40f0-acf7-dc55d8b16dcc,Guerra do Campo,SP,Southeast,2023-04-26
6056,c3d14c96-66d7-4338-bdff-d9c6226cc1ec,Vasconcelos dos Dourados,MT,Central-West,2023-10-22
6057,06776680-f0a0-4ebb-b800-91ac8b3d36ba,Fonseca do Amparo,MG,Southeast,2024-04-02
6058,3212a83b-1933-4ad6-b571-b6d7351cf739,Souza de da Paz,RJ,Southeast,2024-11-09
6059,2a76ab82-0be9-4ea0-be25-0f62d2bae51d,Cunha,MG,Southeast,2023-06-30
6060,b7a6beb2-ed79-4d94-a7c0-37b5aff8d43e,Rios das Flores,MG,Southeast,2023-11-23
6061,4c1003df-4d4b-4444-919f-fe03f61f4793,Garcia da Serra,SC,South,2023-12-22
6062,ba3ed4f4-346d-492e-ac9c-7ebd7e8673bf,Abreu,RS,South,2023-05-12
6063,1c467349-ae12-44b6-b390-ca5d4bfecfa6,Marques,BA,Northeast,2024-05-10
6064,af27966d-18c5-4a57-8775-69006a8543a7,Cavalcanti do Campo,PE,Northeast,2024-05-15
6065,82e86755-4ba7-4d82-af81-70515fe5581d,Camargo,PR,South,2023-08-29
6066,8828418d-fd87-4360-a593-837999d8dfd2,Costela das Pedras,SP,Southeast,2023-10-02
6067,d77ae419-06f7-40ff-baac-b531430df7b8,Gomes Alegre,ES,Southeast,2024-02-23
6068,90bc850e-fa19-410d-89e4-d2f0608a20f7,Pastor do Galho,SP,Southeast,2023-11-27
6069,0597cbff-ed4e-449f-bba8-43a3e7034c12,Garcia,SP,Southeast,2023-11-22
6070,f6172de1-c787-44de-8f09-1ace8d1bde2f,Abreu,MG,Southeast,2024-03-28
6071,384aaaa9-8a91-419e-873e-ed62073f1d91,Rodrigues de Pereira,MG,Southeast,2023-09-24
6072,66ccef46-3a53-4c4c-a404-aeebeba81faf,Sales,DF,Central-West,2023-10-02
6073,5832295f-c3f8-425a-9429-7ac2d7cadeaf,Souza,MG,Southeast,2023-08-13
6074,f477649b-c78a-49dc-a51c-8c20f3bc1432,Ribeiro,RJ,Southeast,2023-02-16
6075,ef5eecaf-7b88-4ce4-aaec-3c2ba4d34b17,Gomes,RJ,Southeast,2024-02-24
6076,47b88951-391a-4488-992a-da0b546fc668,Aparecida,SP,Southeast,2023-06-20
6077,608af5ee-0cc4-4865-83a4-14a2e8686363,Pacheco,PR,South,2024-10-02
6078,73a0294a-8b10-45df-94fb-11b7181cb16f,Cardoso,SP,Southeast,2024-09-20
6079,7ad51b22-47e0-44b7-a829-2b598378dd18,Moreira,SC,South,2023-05-13
6080,895654d7-1666-4c2b-853a-6494314ce4b2,Machado,SC,South,2023-01-21
6081,fd28a4d7-c5ce-445c-9558-fa31b24f59f9,Rezende do Norte,GO,Central-West,2023-01-22
6082,55aca899-7aff-4380-93cf-6541d9155e77,Moura de Pimenta,PE,Northeast,2023-04-03
6083,ba2865ad-d625-48ba-8a41-48afbaa6302f,Oliveira do Amparo,BA,Northeast,2023-12-08
6084,9d42cad0-94e6-4ced-88ec-8cc6e4f6be87,Pinto de Peixoto,DF,Central-West,2024-07-20
6085,ee0b349c-2946-4d29-90d3-46e80e8fb3d4,Caldeira,SP,Southeast,2023-02-20
6086,4776fcba-1c41-49cf-9fce-1d867d866eaa,Vieira Alegre,ES,Southeast,2024-01-06
6087,844bf02f-5b1f-4979-aae1-dd7efce364dd,Novaes,PR,South,2023-06-10
6088,1a1d07ec-a9b4-415f-88d7-6d5a9eabeffc,Lopes,PE,Northeast,2024-02-10
6089,a1c06f17-3615-4724-be15-878913b445ba,Jesus de Goiás,CE,Northeast,2023-08-23
6090,333ad1ae-686e-477b-be3f-4d89183f1aa9,Cavalcante,RJ,Southeast,2023-06-15
6091,f4806394-fb27-4440-b603-fce398ac352b,Fogaça dos Dourados,DF,Central-West,2023-12-06
6092,dde2482c-beae-4132-ad91-f696d166e1b4,Caldeira das Pedras,MG,Southeast,2024-07-20
6093,6917e2e2-9bda-49cc-8e1a-443a98c03fd6,Mendonça,BA,Northeast,2023-01-14
6094,122f0f94-81d2-445b-8f80-72b9e9f276a9,Oliveira,SP,Southeast,2023-01-21
6095,868ad1f4-3615-4464-a442-5217d6d4836b,Gonçalves,BA,Northeast,2024-06-23
6096,2aac2c7f-f2a0-4e81-ba60-291f87c860bf,Camargo,SP,Southeast,2024-02-12
6097,d2c3ab9b-a49b-4679-b509-d895c37beeab,Monteiro,BA,Northeast,2023-02-13
6098,7e6681b7-fdb9-4388-ad0f-881213ad147a,Correia da Serra,SP,Southeast,2023-11-05
6099,cd6f0c98-38c8-4b7c-a396-a6331d6b5978,Leão,SP,Southeast,2024-10-08
6100,d66b8c9e-cd65-46ee-9edb-568bebc19f82,Barbosa,BA,Northeast,2023-09-11
6101,86e1d4b3-dc69-4efe-9d29-e050785f7313,da Mata Verde,SP,Southeast,2023-05-07
6102,0b9fec78-d90e-4921-811a-a7ba0960a59c,Sales do Norte,PE,Northeast,2024-01-22
6103,29d0cb45-ac2c-46e7-b9e9-a90b3e1fcad1,Souza da Mata,SC,South,2023-05-15
6104,55397a02-c6ca-465f-8411-45315f1f4fae,Fernandes,PE,Northeast,2023-10-04
6105,f7ba4319-e75f-49d8-abcd-1399b1e155ce,Rodrigues,CE,Northeast,2023-03-20
6106,8c542108-9603-4f79-aac5-0d4b9902fea3,Cassiano,SP,Southeast,2024-03-01
6107,ffcaf334-4748-4b80-99c1-ab2d7b5926b1,Pereira,SP,Southeast,2024-07-08
6108,e9289e9d-253f-4bb6-a774-e089a1d27505,Vasconcelos Alegre,SC,South,2023-06-05
6109,45b75b82-cf08-4740-b01d-2fe41b186be4,Peixoto,SP,Southeast,2024-08-25
6110,529a9573-2f2b-48ba-bd61-592eb358279c,Pires,BA,Northeast,2023-07-18
6111,e739fc11-fb40-4faf-97d1-a5fcbd32a40a,Monteiro das Pedras,PE,Northeast,2023-11-16
6112,ef5ffb6e-e794-4ab1-adf3-fbdde5e55049,Santos,BA,Northeast,2024-03-11
6113,30183922-b4e8-48bd-aea4-790bfdd02c32,Andrade do Campo,ES,Southeast,2023-01-24
6114,3bb7a577-6529-480c-8ac0-8318b23b0c42,Fogaça Paulista,RJ,Southeast,2024-04-14
6115,b92c0430-3539-4963-9327-0cc01900c321,Dias de Goiás,SP,Southeast,2023-09-28
6116,37b678c4-63bd-494c-905f-1c4d180453a0,Pereira,MT,Central-West,2024-08-13
6117,c595806e-e50e-4faf-8238-a72d3e0b6622,Peixoto de Guerra,MG,Southeast,2023-10-26
6118,5671dcd8-bca4-4fc2-a956-97508574fe6d,Rezende,MG,Southeast,2023-08-16
6119,a95ebce8-b21d-4ed2-adbb-f0f8964f05a1,Fonseca Verde,MT,Central-West,2024-07-28
6120,a12ff09f-22b7-4d0e-b6fe-0b4889d33a59,Siqueira do Norte,RJ,Southeast,2023-10-19
6121,9c7cc702-bfcf-448c-bc3a-c0878ff9aa6c,Sampaio,DF,Central-West,2024-06-30
6122,a2d43fa4-7bc3-47b1-b5fd-b0a01b8c674a,Farias,ES,Southeast,2024-01-27
6123,ecfc9822-c2ab-48e0-b219-ec35a69e22fd,Leão,SP,Southeast,2024-05-23
6124,1108eec8-107a-4d8b-821a-dae466848d4a,Cunha,RS,South,2024-01-17
6125,312e1608-7870-404c-9f27-bc06f68695aa,Machado do Sul,BA,Northeast,2023-04-21
6126,1efb6bc5-22d6-4eca-b141-d1f07a6c9048,Ribeiro de Câmara,MG,Southeast,2024-08-14
6127,02de5777-f980-429c-8b32-2b05b4e48d56,das Neves,MT,Central-West,2024-02-11
6128,a5767e70-2bf1-4f70-a684-4cf321f257f2,Sousa,BA,Northeast,2024-04-02
6129,181428f9-4537-477c-b1f1-d6fbd9da15e6,Araújo,RJ,Southeast,2024-07-30
6130,3ee1d728-e990-4a64-ac78-3741696b6093,Siqueira,SP,Southeast,2023-11-15
6131,4efc8d6d-500b-4933-af12-ba3d3c148b57,Brito,RJ,Southeast,2024-10-07
6132,a618a46b-1991-4b61-8b55-cfe6e43d482d,da Rocha Paulista,MT,Central-West,2023-04-08
6133,f8d690af-c2c2-4d9f-8be9-72b52b0ee2c8,Cassiano do Sul,PR,South,2023-08-01
6134,3ea16e1d-478e-418e-b170-c9b928478f5d,Abreu da Mata,CE,Northeast,2024-05-16
6135,b398e4fc-59dd-4452-a94e-69c370709b65,Campos,PR,South,2023-03-27
6136,6d0102f9-83c6-486c-bc5f-eb6aab1635f0,Fernandes,SP,Southeast,2024-09-23
6137,021081cd-4622-4884-bd5c-8bcd6aa19b75,Caldeira da Mata,PE,Northeast,2024-06-19
6138,9ef9ab9a-3141-4cc0-99ff-60d67eb7d909,Correia,RS,South,2024-08-03
6139,4fa0b716-51e6-4610-89f7-689877ab5595,da Rosa,BA,Northeast,2023-03-02
6140,17e50b8d-fd78-4451-9325-4d59d6b9ad4a,Moraes,BA,Northeast,2023-09-16
6141,62b2fa87-2dd8-4931-931c-6274e8c7c867,Rios,MG,Southeast,2023-12-12
6142,1212c8d8-c7a7-4071-9262-1558e6dd8969,Ramos,PE,Northeast,2023-02-07
6143,51cc6390-6221-489c-917c-8165331b36c7,Cirino Verde,RJ,Southeast,2024-08-01
6144,090501a0-2ce8-4005-bd75-a89a97f84962,da Costa,PR,South,2023-01-06
6145,61b0d81f-b60c-498a-a1d9-e4fe7af3f398,Pacheco das Pedras,SP,Southeast,2023-08-03
6146,2afa3f05-c67e-4ffb-ac5b-5c649996379f,da Conceição de Goiás,BA,Northeast,2024-05-15
6147,9195164c-17e0-43ca-a23b-b1c68989d605,Borges de Minas,PR,South,2023-11-17
6148,c84db23a-8ab1-4c8d-929d-c973a0075f86,Pereira,GO,Central-West,2023-08-30
6149,9f012883-d5f5-43d8-8428-7972ad433e2d,Viana,RJ,Southeast,2024-05-09
6150,47cb1782-2077-4cc9-8e38-1d81cb430603,da Rocha,ES,Southeast,2023-03-25
6151,ac608144-6cb5-4299-a0e8-6fd500903816,Moraes,DF,Central-West,2024-03-11
6152,68fd116b-4529-4253-b015-03eebea35692,Costa,RS,South,2024-01-20
6153,8473d2d6-acaf-48fb-8cc6-c4d9ce52f6b3,da Costa,SP,Southeast,2023-01-14
6154,5ef512bb-78fe-4c67-b56c-820641e1f836,Sousa,SP,Southeast,2023-05-05
6155,e70c3280-6fa9-4de7-a199-87c086dd0792,Siqueira do Norte,SP,Southeast,2024-03-24
6156,cef1878f-c6aa-44fc-af45-bada81fa9da6,da Paz da Serra,CE,Northeast,2023-04-27
6157,8fe08af7-ba3a-469d-bfc4-520b48c67ec3,Gomes,SP,Southeast,2024-03-10
6158,22306240-f1d8-4f10-9ec6-e137f19b583f,Fernandes do Sul,ES,Southeast,2024-10-03
6159,570bee97-3446-4c32-84dc-6f427323eab3,Oliveira,PE,Northeast,2024-05-13
6160,f95d62ff-29c0-46fc-98ee-f3cfdca9fd33,Pereira Paulista,SP,Southeast,2024-07-14
6161,7ac7578f-ebd1-4ade-bc49-f545e10f2f09,da Cruz,MG,Southeast,2023-01-10
6162,e780ac62-ce81-4541-ad4a-a11691bed6c8,da Paz Alegre,RJ,Southeast,2024-03-21
6163,189bb8d4-99d7-4f60-929d-82f835a3b604,Guerra de Farias,PA,North,2024-11-23
6164,1fe5d69e-7539-41bc-8234-8b760b781dbb,Abreu,SP,Southeast,2023-11-27
6165,cc54d981-9787-4df2-8313-e1be09a27c56,da Mota Grande,SC,South,2024-01-16
6166,7490759b-f315-4cf7-8237-75928cec2d07,da Mota,PR,South,2023-06-19
6167,bacf5012-bd54-4545-88e8-c79afc678db7,Rios das Flores,SP,Southeast,2024-06-19
6168,6e00c90c-6f02-4b0d-b67e-bec9842f2c4b,Pastor de Nascimento,RS,South,2024-09-20
6169,74fcfa93-421a-41df-9452-f39a9c7d8944,Jesus,GO,Central-West,2024-01-16
6170,b3458e14-7523-44be-9b43-0a8ab367618f,Lopes,ES,Southeast,2023-09-15
6171,d8a5c329-15c2-4a8c-8d2e-773e9590e345,Pinto dos Dourados,MG,Southeast,2023-08-04
6172,06bcb3c0-14ae-434d-9500-46e3e87ed008,Moura,GO,Central-West,2023-05-19
6173,f37ab829-f38e-4e7c-8bce-5f0242bde34a,Caldeira de Fernandes,SP,Southeast,2024-04-30
6174,5bc66ea4-d44a-4dde-bafd-c08164667f70,Lopes Alegre,SP,Southeast,2024-03-02
6175,139a538c-56b5-483d-a712-0dfe00036056,Almeida do Campo,SP,Southeast,2024-04-26
6176,4ae352b6-a985-4bd9-bdcc-0c666265617a,Nunes da Serra,SP,Southeast,2023-01-06
6177,351de11b-b1bd-449c-88b9-e631345439ff,Pimenta das Pedras,RJ,Southeast,2023-07-12
6178,04c60509-53e1-4eef-8462-2ac59352e5e1,Duarte do Sul,SP,Southeast,2023-04-07
6179,68b1a6e5-c812-4eae-95ca-ab20a54d72ab,Santos Verde,PR,South,2023-12-05
6180,7c0664aa-3ab5-4e50-b2c9-cc0fca7e2d4e,das Neves do Norte,SP,Southeast,2024-10-01
6181,bfd80514-b641-4eda-9327-aa9722be2e23,Cavalcanti da Prata,MG,Southeast,2023-06-10
6182,d4d92be8-78bc-4b5b-9275-35e16f442446,Farias,SP,Southeast,2024-10-13
6183,4cf83b40-1fd6-41df-b219-90e8cd318c53,Cardoso,PR,South,2023-08-20
6184,dcb96c70-faf7-4850-8e42-291254979c9e,Nascimento,RJ,Southeast,2023-01-15
6185,ffbdefdc-b4aa-4ace-9f0d-13ac52dfb707,Lima de Souza,DF,Central-West,2023-10-09
6186,dfe223fd-605b-4b1b-816d-074a2c2459bf,Moraes de Minas,RJ,Southeast,2024-03-12
6187,c18119a6-c2b6-49f5-a949-20eca11244cb,Moreira,PR,South,2023-11-10
6188,3e972573-92ae-4d72-899b-0c67a5965343,Novais do Norte,RJ,Southeast,2024-02-17
6189,52b52069-3224-48fd-a2a7-1fd7abd20197,Câmara do Sul,GO,Central-West,2024-07-28
6190,059077ef-15a7-4b2d-9703-9652b857d87a,Teixeira,PR,South,2024-11-06
6191,93feba88-8c9d-4e58-b074-52ae242c60e4,Peixoto Alegre,SP,Southeast,2024-08-29
6192,9c42831c-ce77-4a9d-b782-b24b1584e6bf,Abreu,SP,Southeast,2023-08-10
6193,ebb06b15-a488-4369-8b40-0975c253dac4,Casa Grande do Amparo,RJ,Southeast,2023-09-27
6194,6044abd0-8630-4789-99ab-d41c75acb371,Aragão de Cunha,PR,South,2023-05-10
6195,258ce2bf-6a3a-4b21-93da-2de863258518,Correia,BA,Northeast,2024-08-24
6196,40f46987-3733-47c5-ac26-78a1bf52d943,Rodrigues da Mata,SC,South,2024-01-28
6197,4217199a-985a-4a57-a0fd-7ea03616c37c,Moraes das Flores,RJ,Southeast,2024-08-29
6198,3e9e7190-b7fe-4e51-bd1e-b06fbf490d20,Caldeira,SC,South,2024-09-22
6199,f6876db2-ac9c-4563-926a-9d3c89870d1b,Costa,RS,South,2024-04-29
6200,adfc11fc-7093-472e-9eeb-afad38ebf35d,Borges do Amparo,SP,Southeast,2023-01-03
6201,e6f507a9-be27-41cd-979b-37a1b6ccece5,Machado,BA,Northeast,2023-08-10
6202,1fc08d8f-d694-4cdf-b847-7d4de1fedffb,da Rosa de da Mota,SP,Southeast,2024-09-21
6203,762831bf-7603-4d8e-9b79-d9c0ddcb8943,Cavalcanti das Pedras,SP,Southeast,2023-06-18
6204,3eb88403-635c-4b32-a2ca-a952e3e3a2b2,Macedo da Prata,MG,Southeast,2023-01-01
6205,826aad17-0a88-4932-b255-b709502b5dc0,Monteiro de da Luz,RJ,Southeast,2023-02-23
6206,c5fc71d6-f758-40c1-beec-7024c8972af5,Pimenta Paulista,SP,Southeast,2024-03-26
6207,3d4b1695-a66a-4b58-896f-48e1af23b0ab,Montenegro Alegre,MG,Southeast,2024-04-28
6208,d93378c0-5aa9-4609-9662-0519236a1333,Machado,RJ,Southeast,2024-05-27
6209,40f5c102-c986-412d-b5ae-9fb5bff9bf1d,Sá,BA,Northeast,2023-09-04
6210,63a8bb64-79e8-401d-bd72-5a59c8b4c241,Leão de Novais,PR,South,2024-01-22
6211,43e01c80-0667-4aa2-8809-57a479ae8ee7,Almeida,BA,Northeast,2024-04-30
6212,6bd7117b-7ae2-4d85-9dd7-f32df552fd9d,Fogaça de Barros,RJ,Southeast,2024-06-18
6213,59c99716-71f5-4def-98c6-1a6d4ee14e1b,da Rosa,RJ,Southeast,2023-03-22
6214,c11f1ed9-512c-4058-9376-ca781698a88d,Vargas de Costela,CE,Northeast,2023-08-08
6215,0f348245-353c-4d5c-86e6-921da6d87a72,Viana,GO,Central-West,2024-10-10
6216,0be82a0b-b7b6-4a25-a4b2-914a084601b2,Sousa do Norte,PE,Northeast,2023-05-27
6217,65ff6086-5f62-41be-a8b6-ec5bcbdae3ef,Silveira do Galho,PE,Northeast,2024-07-27
6218,4a5e84b3-beaf-4c57-bdfe-bb6e26676451,Fernandes de Goiás,MG,Southeast,2023-09-14
6219,cceced0c-f566-49d5-bbb2-66f4867c45aa,Rezende das Pedras,RS,South,2024-07-25
6220,f42e466d-578a-4568-bef9-f9775d8e96f7,Costa,DF,Central-West,2024-10-29
6221,f10543f9-2150-40d4-ad44-fe0cdd6b5802,Lopes do Norte,RJ,Southeast,2023-01-26
6222,ea5af913-ea59-4204-aefc-5daea19cbbff,Andrade,CE,Northeast,2024-04-22
6223,daffe5fa-0766-4276-b766-fa13429e5407,Azevedo,BA,Northeast,2023-12-21
6224,d09f6ec0-3eda-4f9b-bc51-16280f57928f,Pacheco da Praia,RS,South,2023-08-07
6225,142359e3-13ea-4ae0-abe1-de7dd3109606,Dias de Minas,SC,South,2023-07-15
6226,aecf1445-1a0f-476e-8c30-bb021636244e,Montenegro do Oeste,RJ,Southeast,2023-07-03
6227,c99d3b68-72a4-468e-b62f-7486bfb65261,Guerra das Pedras,GO,Central-West,2023-01-11
6228,4e710f53-baec-4ca3-8fdc-8ac813958e2f,Machado de Lima,SP,Southeast,2024-01-05
6229,a490e9d1-82be-4c49-97cf-76e2ec5e7dae,Moraes do Amparo,PR,South,2023-01-06
6230,b875c81f-47d9-4ac7-8003-ed63ab3ef81d,Siqueira de Pacheco,PR,South,2023-12-03
6231,a6a148c3-abd4-49a0-a65f-8993695f30c5,Novaes Grande,SP,Southeast,2024-01-13
6232,bd8927fb-040c-450a-9d36-51cfb54a9d93,Silva Grande,DF,Central-West,2024-05-29
6233,fa5afb37-57d4-48c4-a774-26865e6d9db3,Almeida do Galho,DF,Central-West,2024-09-13
6234,46b6c5a8-115b-4d5e-9e6b-42d2a453cfdc,Sampaio,SP,Southeast,2024-10-24
6235,00ec8333-3b47-47e5-b110-54823b904a84,Oliveira,SP,Southeast,2024-05-05
6236,6c3d7a28-7f12-4ba4-af99-7d4cb451b3f2,Almeida Alegre,MG,Southeast,2023-09-17
6237,ae2f4a94-7b2e-46f3-9692-b225473ab3de,Pinto,SP,Southeast,2023-02-28
6238,ea24ea3a-2cbb-41d7-ac1d-e2fa88f7b88e,Azevedo,MT,Central-West,2023-02-01
6239,113629da-5ac4-41de-8e07-0e0040dd4e0f,Borges,CE,Northeast,2024-04-27
6240,08405335-6047-4b30-a377-ff85882cd5af,Mendonça da Mata,PA,North,2024-10-09
6241,369531db-3e5e-4d9f-9e1c-01f373792444,da Cunha,MG,Southeast,2023-06-27
6242,801675ef-bd9b-4532-bbb5-1d4b742b1e85,Cavalcante Paulista,MG,Southeast,2024-10-25
6243,4d6d1283-dd5f-4cf6-8c9a-7c9874887503,Abreu,BA,Northeast,2023-04-17
6244,43304aa7-9b0f-47c1-93ca-dfcd301f4cda,Caldeira do Sul,SP,Southeast,2023-01-30
6245,dfaed25c-bf0d-4fc6-a5ae-565cee15fd4e,Silveira,SC,South,2023-06-06
6246,7b190a51-812a-441e-8878-a7ad39d68ef9,Fogaça,RS,South,2023-07-01
6247,ea705729-898a-4024-9503-a2aafdfb1095,Jesus da Mata,CE,Northeast,2023-05-15
6248,7f34e05a-dd51-4d4b-9df7-e954ecf8c922,da Rosa de Brito,SP,Southeast,2023-05-03
6249,341c3b08-f828-4db0-9715-8cbe342b6225,Barbosa do Galho,SP,Southeast,2024-10-14
6250,242fcaa4-0237-47a6-b01a-1db9ac9ff95f,Moraes da Praia,RS,South,2023-11-18
6251,f1d64fc9-e694-47d0-847d-38ec321289ec,Vargas Alegre,SP,Southeast,2024-07-11
6252,59693879-141a-4b56-9091-259688d5c2b6,Pinto,RJ,Southeast,2023-07-18
6253,89b80812-c69c-470f-86f8-6d78ef87bdbe,Porto da Serra,SC,South,2023-01-18
6254,8ce58787-7d2c-40bd-9e72-0652b19aadda,Fernandes do Norte,RJ,Southeast,2024-11-19
6255,4db7fad7-85c3-4220-93cc-50accf10869c,Cavalcante,PE,Northeast,2023-11-21
6256,faad409b-8dd2-4b1b-bf7a-3f96f89baffc,Farias da Praia,DF,Central-West,2023-06-23
6257,e318ea61-d6e9-4eba-84d1-fe3bcec23863,Garcia,DF,Central-West,2024-08-23
6258,9eeef474-c205-4109-985c-86a075f17430,Cunha,RS,South,2024-01-11
6259,da9397a6-f145-42c8-b49d-e09f89bcc9fc,Pastor,ES,Southeast,2024-11-11
6260,c31fd749-8851-4e04-8fa0-e7f43868272e,Novaes,MG,Southeast,2024-11-14
6261,0a8267b1-c3f3-4de9-b76b-05b3e43b37eb,Costa,RS,South,2023-03-08
6262,d1b2205f-10a5-4952-886a-22caf5e476c6,Gomes do Oeste,SP,Southeast,2024-05-28
6263,9b50b5fb-b41d-4663-a08b-efee42556846,das Neves,SP,Southeast,2023-10-01
6264,b06b4ec8-1a50-4c62-a830-3f49ea2b9b89,Oliveira dos Dourados,SP,Southeast,2024-03-30
6265,fa631e09-3dfe-4ff4-9757-d743be9bab1a,Pastor,SP,Southeast,2024-09-15
6266,2c6336ba-1a02-4693-ac7a-4974bc4a171c,Moraes,SP,Southeast,2024-06-01
6267,e7940b08-78e0-49ac-a79c-e2d1507c2d8d,da Rocha,MG,Southeast,2024-10-12
6268,4bb47f88-164f-4b8c-bd7a-39501736aadc,Borges do Oeste,BA,Northeast,2023-01-04
6269,e1f599ee-5514-4e7e-9577-06e63fdc848e,Fonseca do Oeste,RJ,Southeast,2024-07-28
6270,1011d01a-f3c7-45f2-8dd1-3aa2d9566b19,Câmara do Norte,RJ,Southeast,2023-12-16
6271,4eabfd0d-cef7-477e-8f13-280b309757d9,Albuquerque dos Dourados,MG,Southeast,2023-03-30
6272,abf5c0bc-1683-4329-8867-260d70e22b70,Aragão,PR,South,2024-04-19
6273,bd8afd0e-e353-4d4c-bff3-f7ef9ddc0c0b,Fonseca da Prata,SP,Southeast,2023-04-03
6274,5017bace-c49f-4e14-a9e4-8f214d9698aa,Marques das Pedras,SP,Southeast,2023-03-30
6275,6ea1f76d-b53a-45c3-96e3-965fbdcddaab,Souza,SP,Southeast,2024-08-28
6276,fcea8251-5356-4937-8e30-7317ccdb3925,Campos da Prata,SC,South,2023-01-21
6277,98feaa2c-2f0b-47d6-b947-e835bdf29031,Casa Grande,BA,Northeast,2023-01-11
6278,db915ffd-9d26-42d1-b052-8bff681791ea,Fernandes Grande,SP,Southeast,2024-01-19
6279,af373150-4e89-4769-aabe-f1300e197c86,Pinto,MG,Southeast,2023-09-10
6280,1a5cd165-cdbe-4893-bbd6-8d8cead82bb6,Leão,RJ,Southeast,2024-11-28
6281,b1dcbffc-eaef-41c8-9ac9-c9d3f8c14375,Ramos das Flores,SC,South,2023-07-15
6282,046bc3d7-17e1-4c8b-9da8-f780b0a54369,Sá,BA,Northeast,2023-05-16
6283,b3cb3f5a-d98d-46a0-9717-7de4e3604e7e,Castro,RJ,Southeast,2024-01-24
6284,ccd0d9c4-224d-4afa-8003-d920aa05fbd5,Guerra,RS,South,2023-07-02
6285,d30087ae-6ada-4044-a432-7c6f89199f95,Cassiano,RJ,Southeast,2024-08-01
6286,cf805983-a200-4835-956e-9644afe027b4,Fogaça de Porto,RJ,Southeast,2023-08-20
6287,c83be551-a67f-4850-aba5-d62a66f09429,Pinto Verde,PE,Northeast,2023-10-07
6288,2560f364-f460-4485-a1a7-442fc772e2ba,Moura,CE,Northeast,2023-07-01
6289,7f1f2b30-455f-4ac0-a1a5-366b318cac32,Souza,MT,Central-West,2023-09-23
6290,91968637-5863-429c-82d8-eb6300fe6ccc,Carvalho,RS,South,2023-09-28
6291,a223621e-a257-40d7-8cb6-0e9ea97c0644,Monteiro Grande,SP,Southeast,2023-12-30
6292,a0968dda-8d1f-49e4-a1f6-9c30c2938347,Aragão de Santos,PR,South,2023-12-24
6293,07cf3600-2551-40c2-a86c-2d4733844055,Ramos,BA,Northeast,2024-06-19
6294,d8649c33-e9b1-4858-b69a-ff7ea937d4c7,Novais Alegre,MG,Southeast,2024-10-08
6295,20fa3560-bc2a-4357-be4b-e8949d9d817c,Correia da Prata,RS,South,2023-06-24
6296,250e3556-1f41-498b-b074-5dda768c73d9,Borges da Mata,SP,Southeast,2024-08-22
6297,b79ba014-e6a5-4f84-afaf-265c55ad6655,Farias,RJ,Southeast,2024-07-04
6298,e2741915-8300-4f15-beef-fc7fad48c174,Santos,PR,South,2024-03-20
6299,a1ba835e-e9dc-405e-a5bd-4eadee03f18e,Almeida das Flores,RJ,Southeast,2024-11-29
6300,0757912b-8d6b-456e-89bc-bc580b3e32c1,Vieira,BA,Northeast,2023-08-01
6301,431c17b6-2e92-43f5-94ed-cca1ef70014e,Leão,RJ,Southeast,2024-05-30
6302,4ce95e09-d8e1-4e32-9bce-01c4c87e332c,da Luz de Machado,PR,South,2023-10-03
6303,b14d94c0-662d-4fb1-8dfd-1fe9f461eef8,Aparecida Verde,SP,Southeast,2023-08-04
6304,155bc59a-dee1-4213-81d6-437105f694c8,Lopes das Flores,SP,Southeast,2024-04-23
6305,3448ec44-4274-4e66-b014-5cbbf683065e,Brito,SP,Southeast,2023-04-29
6306,a0836609-5448-4874-a390-d5d3e68c6a15,Lopes Grande,ES,Southeast,2024-10-08
6307,7dfcb03a-8f11-460e-83cb-763e38767632,Siqueira de Garcia,SP,Southeast,2023-05-24
6308,fb877cc4-b27f-4e82-acf2-059b58fbf7c7,Barbosa,MG,Southeast,2023-11-27
6309,f57fd15f-a8b4-4926-a3ac-a07b34bca6b4,Leão,RJ,Southeast,2024-01-22
6310,ed6f37cb-e292-439c-a0c3-18d5a5abe7f9,Pastor,SC,South,2023-02-04
6311,fe06ba7d-1693-4dc7-a27d-114a05e54cf0,Siqueira,RJ,Southeast,2023-04-18
6312,61d73db1-8e56-4716-b18b-2903de3e2bc2,da Mota,SC,South,2023-01-09
6313,46efa551-96d0-4e38-94a9-45207b63fc26,Barros de Sá,SP,Southeast,2024-05-01
6314,36dd9d1e-03f2-4047-9d8a-c4b993d1a873,Costela,RJ,Southeast,2024-10-25
6315,b8957c93-c28a-43ec-9f0a-7308544b1a44,Moreira Verde,DF,Central-West,2023-07-11
6316,529954a6-c3ea-4af4-bd86-29e2cc321064,Novais,DF,Central-West,2023-11-10
6317,91cd3af7-b7df-438c-b363-97c02b220ef0,das Neves de Minas,SP,Southeast,2024-07-13
6318,1f3db3ac-c0e4-4ec7-b617-9ea996d0a7d2,Marques Verde,SP,Southeast,2023-01-23
6319,5c978975-f500-4058-8c3b-491fbb27dcbb,das Neves,MG,Southeast,2024-09-23
6320,3d4740c7-8f90-464f-a0ce-29eb70c497ac,Borges das Pedras,MG,Southeast,2024-08-12
6321,0e6960ed-a3bd-4289-b70d-b45e796746be,Siqueira de Goiás,RS,South,2024-02-13
6322,64d2e86a-baeb-4ab7-a852-71652047bbff,Albuquerque de Novais,MG,Southeast,2023-09-07
6323,c256f224-82b2-48b6-9d51-ef25417f38c1,Pires do Galho,SP,Southeast,2024-01-18
6324,d5afc2dd-69f3-4bf1-852d-50fdbf8aff19,Garcia Grande,PR,South,2024-05-09
6325,5e1868c9-2ab3-4719-a413-42ec97ceecf5,Castro,RS,South,2023-11-04
6326,b78707bd-2a2d-4813-a7fe-e67f86899a05,Teixeira,SP,Southeast,2023-08-28
6327,37e4b927-86e5-4158-9c5c-4751c391af62,da Cruz,BA,Northeast,2024-06-03
6328,6fd17141-0aaf-4b46-b5ac-d71b5f9ec8e9,Lima da Prata,SP,Southeast,2024-03-12
6329,f12ee3a3-ae77-44d2-8c4b-6f67ba3cfc84,Mendonça das Pedras,BA,Northeast,2024-08-14
6330,04ba966f-809c-487c-bec6-0551a39e9671,da Mota Alegre,MG,Southeast,2023-01-30
6331,7ac9080c-3803-4d7f-8d39-db39cd3ce090,Siqueira Paulista,SP,Southeast,2023-06-20
6332,9328cf63-d4b9-42b2-9350-f06993148969,Farias de Casa Grande,DF,Central-West,2024-09-03
6333,a2dc95f5-5b7f-4f66-bb26-28be14503e5b,Barros,MT,Central-West,2024-06-20
6334,e5b069f5-5287-4036-ba42-6a39f0086838,Rodrigues Alegre,SP,Southeast,2024-08-04
6335,ec7be9e9-289c-4d9c-a0e5-ea709985f511,da Mota de Nascimento,BA,Northeast,2023-05-14
6336,46c462a7-f722-4aff-b515-26dfb562b72e,Rodrigues,RS,South,2023-02-25
6337,4a87aa78-a2d8-45c2-b4ac-4cd1107a8d83,Rodrigues da Serra,MT,Central-West,2023-11-13
6338,c2b787b1-52bf-4c8a-b19a-704d6db4f3b8,Souza,BA,Northeast,2023-05-25
6339,9dfa00db-ca37-48da-9e29-3577a6e3d14a,Lima de da Cunha,BA,Northeast,2024-04-14
6340,9cf5fe16-44aa-4ea7-b959-5bb255ab4e6d,Fogaça Alegre,RJ,Southeast,2024-04-16
6341,c75596ad-5bb2-4e79-847b-15e0126ac1ba,das Neves do Campo,SP,Southeast,2023-06-01
6342,8785ffc6-70cb-4492-a73e-d6069c8339b9,da Costa do Sul,SP,Southeast,2023-06-26
6343,90d35298-0cc1-473e-8f16-f365e9dc1dbc,Ferreira,RJ,Southeast,2023-03-24
6344,2f0602c6-d174-43d2-811a-e804bc8493da,Camargo,SP,Southeast,2023-07-28
6345,d64dbbb0-3111-4e09-88c6-cbbb65606cc7,Barros,MG,Southeast,2023-09-08
6346,935afe43-53c8-404f-bc85-3e82c233abaa,Rezende de Porto,SP,Southeast,2024-07-22
6347,47e151e5-ec05-41e7-ac2c-5d5b27bd668b,Cardoso,PE,Northeast,2024-01-19
6348,8a9c7a82-c263-47e8-87e0-2c05863a329b,das Neves,SP,Southeast,2023-06-13
6349,2ada4447-99a6-4d39-a9ae-7949c5b504dd,Garcia de Jesus,RJ,Southeast,2024-04-27
6350,a0e0c1c8-9156-4743-8c7f-758b8da4e2e5,Lopes do Norte,PR,South,2024-02-08
6351,a23ea4cb-cdf1-40a1-9533-35f8f4757b23,da Mota,RS,South,2024-04-28
6352,32501f53-3438-4df6-8b2b-970402134726,Novaes do Sul,RS,South,2024-04-19
6353,5569af97-dab5-44bb-96a8-4942126de6c4,Macedo,RS,South,2023-04-09
6354,cb685168-5fee-4bc9-bdf4-6bd2bf6c9c59,Guerra do Amparo,RJ,Southeast,2023-11-22
6355,53882299-588e-4ff3-adb5-0d4c1ab52a7b,da Mata das Pedras,BA,Northeast,2023-05-17
6356,3ebb7dfe-5855-47a3-8409-aaebe178e8f0,Gonçalves,MG,Southeast,2023-12-01
6357,6ffaa787-e3f9-45ff-9d74-321a0a789cfd,da Mata de Souza,DF,Central-West,2024-11-21
6358,a20bc47d-6724-4e29-bd95-8b6ed31f3cf4,Monteiro,RS,South,2024-03-10
6359,552f9fed-a10e-4d9e-8c4e-d3f422d30f66,Gonçalves,PR,South,2024-06-30
6360,cb164140-da41-445c-b25f-1f04ecd884c7,Pinto Verde,SP,Southeast,2024-05-15
6361,b0dd1d66-996b-46f2-9b69-f51d101e92c6,Santos,RS,South,2024-08-23
6362,5959a5c3-fb41-4306-922d-d1da87dcfa74,Macedo Grande,SP,Southeast,2024-09-15
6363,bce49724-5d4b-4593-8055-f3c8cd92b0bb,Cavalcante,SP,Southeast,2023-08-29
6364,e1990278-e125-47f7-95e2-c230fb2a5d58,Duarte do Oeste,RJ,Southeast,2023-12-15
6365,05052c45-dc63-4396-bef3-4fdb8e9cfa94,Marques de Fernandes,ES,Southeast,2023-01-02
6366,2385c221-8c8c-4dd5-91ed-328bdfefbce2,Castro,SC,South,2024-02-12
6367,4283ab42-6ab2-4bc8-aeb1-4ec462e3129d,Pereira,DF,Central-West,2024-10-23
6368,a42f5d7c-7a4a-4e76-a5cd-5ee75eeb78bf,da Paz das Flores,SP,Southeast,2024-05-26
6369,9c08de1b-8fa9-47a9-b220-abf900a5a790,Mendes,SP,Southeast,2023-08-05
6370,aa92e1d3-150a-4591-97e8-a949d483cb09,Pereira,RJ,Southeast,2023-04-06
6371,7bb7e068-74c1-49b4-908e-7b32813f51fc,Freitas de Minas,RJ,Southeast,2024-10-31
6372,b02044ec-ad76-49b1-9295-096427369729,da Rosa do Campo,SP,Southeast,2023-06-04
6373,c7df6600-9aa0-4f74-8e8b-afc4cb208d25,Fernandes,RJ,Southeast,2024-02-01
6374,6df00b4e-19ad-4ec2-ac14-45af34bcfbd0,Pinto da Prata,RS,South,2024-05-07
6375,ac475be8-c263-4f0d-851f-9a502d871eb0,Moreira,SP,Southeast,2024-03-07
6376,a9b7fb58-561a-45be-a4e3-43dbc7d6f18b,da Mata de Macedo,SP,Southeast,2024-02-12
6377,6115914c-59ba-4160-af33-12ce71e7ac0c,Pacheco do Norte,RS,South,2023-04-19
6378,537e2657-5c94-4008-84cc-47737b3d9b73,Silveira Paulista,MG,Southeast,2023-03-26
6379,35d2bcad-b557-4a16-8b35-eba9a60d69d9,Câmara das Pedras,RJ,Southeast,2023-04-14
6380,7e1cf27d-a841-4ef7-b883-1ccc897bae29,Fernandes,SC,South,2024-02-19
6381,904d27d3-ccfa-40aa-a918-4fe9dc1d6309,Casa Grande,PE,Northeast,2023-01-13
6382,950f2960-d47f-4d50-80af-2badb9d6279b,Vargas do Norte,SP,Southeast,2023-05-12
6383,f30fe9da-f254-470f-a7a8-87ef7ca3f6b2,da Rosa,PR,South,2024-01-29
6384,35e3ebf6-5884-48c3-9cd0-4b14dd79170f,Pastor dos Dourados,RS,South,2023-01-12
6385,0d0b44e9-fe7d-4350-9fff-4d8677747cd0,Camargo,MG,Southeast,2024-11-17
6386,a4b912f1-5541-4f59-b322-986c1f8178d2,Martins dos Dourados,MG,Southeast,2023-02-25
6387,49a917d6-c439-43ed-ba8d-24d6dbdadb93,da Costa de Minas,RJ,Southeast,2023-09-22
6388,432da027-a8c5-492a-a4f9-6eedd192dcc4,Carvalho de Cavalcanti,BA,Northeast,2023-04-29
6389,77e267ad-5d83-45ff-b14d-34105a36bad7,Guerra Paulista,PR,South,2024-04-06
6390,45368ab5-57b5-45d1-b926-f68b1a96b9d0,das Neves de Brito,ES,Southeast,2024-04-29
6391,e0232429-542c-4bf1-88b2-13b364bcef25,Martins do Oeste,RS,South,2024-07-01
6392,26d27228-5067-4451-aa49-faab9e9c6f2a,Casa Grande,MT,Central-West,2023-04-25
6393,5f75047e-f77c-4763-9de1-44408951f2a5,Novaes do Sul,BA,Northeast,2024-03-10
6394,bff7eb5c-ac95-4a16-8676-9625d5805bc0,Mendonça da Mata,PR,South,2024-01-28
6395,ed8f2ec6-5cb4-4f8e-bce0-6759d5369970,Rezende,CE,Northeast,2023-03-23
6396,27c73e18-0b57-4c73-a707-174668a6143d,Pires do Campo,SP,Southeast,2023-12-12
6397,2aeabc3a-6919-43ce-b183-c226c6d575e0,Cunha,GO,Central-West,2024-08-27
6398,c97f4cbe-a7bb-41f3-bc6e-8fd5bddda93f,Macedo do Sul,SP,Southeast,2024-06-11
6399,1a0d12e1-770b-48a3-84ab-90e44cf30233,Guerra Verde,PE,Northeast,2024-04-10
6400,a2338347-71d0-4a74-b9ce-407aff416009,da Cunha,MG,Southeast,2024-04-20
6401,ab607bb0-7e21-4706-baa4-7f5cbac2b1e1,Silveira de Sales,RJ,Southeast,2023-05-05
6402,1fde4909-4a74-4570-b964-bdab3edcd10d,Silva Alegre,CE,Northeast,2024-04-16
6403,0aaf7ae7-fea4-4402-970d-3b3892686857,Monteiro,RJ,Southeast,2024-09-05
6404,b6c12525-5f73-4838-888c-fa0ff0572b06,Andrade do Campo,RS,South,2023-09-16
6405,9bc58ca7-30e2-4be9-8680-809e7623850e,Brito do Sul,MG,Southeast,2024-11-22
6406,9da368c9-5912-4e03-b5ca-3ff813ecde60,Ribeiro,RJ,Southeast,2023-01-25
6407,1ad81d87-c20a-40f1-8a10-75efd8ac9c9d,Souza de Andrade,PR,South,2023-07-03
6408,92a19e46-75c3-4754-a21a-8cbff0ab8589,Oliveira do Norte,RJ,Southeast,2024-03-03
6409,b362fb84-6eb6-41e0-8b01-c9be7d27519b,Moura,SP,Southeast,2023-11-29
6410,190dcc47-ae0e-417d-9056-3fa850069ffb,Santos Grande,RJ,Southeast,2023-02-06
6411,5d7b783f-cc52-4538-bfcf-939e1c1e9a5a,Rios,PR,South,2024-01-01
6412,ec607079-ca9d-42b9-8549-58d78cb7a5ea,Macedo das Flores,RS,South,2024-06-28
6413,ff8afa10-5a5a-4071-bfff-2063ad466df0,Vieira,BA,Northeast,2023-09-12
6414,3d7aa6a5-fff6-43fa-bc9f-62d96dae0002,Rocha da Praia,SP,Southeast,2024-07-01
6415,68532e2e-9827-4523-86f5-cdaab406f1c1,Mendonça,SP,Southeast,2023-05-29
6416,2201c388-20ca-416d-b457-22800ecb845e,da Mata,SC,South,2024-03-17
6417,36b088a9-f78f-4863-95db-1e89c7727807,Ferreira,DF,Central-West,2023-12-20
6418,31a0261e-c0d7-4f89-9b41-a626d1fd6684,Barbosa,MT,Central-West,2024-09-24
6419,9a8598af-0c10-4a7a-b087-1aa945a8abb1,das Neves de Cavalcante,SP,Southeast,2024-06-20
6420,f9bfa7ad-4f4c-4b42-a29f-ef1e7e14686b,Lopes,PR,South,2023-02-11
6421,ec422181-ac20-43d4-99df-734f67ba704b,Dias,SP,Southeast,2024-01-17
6422,ba287777-c59a-449d-b657-294f7ad320e2,Macedo de Minas,SP,Southeast,2024-09-15
6423,85293585-449d-4f4f-b1cb-0501f360af76,Costa,MT,Central-West,2024-10-15
6424,f9303a7e-daa9-491a-8484-4fccb41eb704,Rios,PE,Northeast,2023-04-14
6425,ac6d680a-74ce-40ca-aa07-3d860d325a89,Fonseca,RJ,Southeast,2023-03-22
6426,d7ee5d4f-6fdc-4550-a0fe-f4d6c6309f00,Novais Grande,RJ,Southeast,2024-10-14
6427,837fa030-0672-4829-9309-648463cc0601,Fernandes,BA,Northeast,2024-03-08
6428,ab5d0aad-fddd-49ad-b2d6-5ef92e7520e4,da Costa do Amparo,MG,Southeast,2023-07-08
6429,43b0cd6a-f22b-47ae-975f-455bcf4d9e6c,Casa Grande,GO,Central-West,2023-09-21
6430,c37a7562-dd2e-433a-81af-3834e2e8396d,Lima Verde,RS,South,2023-03-23
6431,20524c9a-cf6c-478f-96a5-5b731a8b2e45,Costa,PE,Northeast,2024-03-19
6432,1357d2fe-2a8f-49ce-8d61-647ccbf8b7e9,Pires da Serra,MT,Central-West,2023-07-16
6433,ce1b4bf8-28b8-4843-9de2-7d0a52805fbc,Barros do Campo,PR,South,2023-11-07
6434,a4544a75-ca2a-473a-bd3e-4cc195e8a0a0,Farias,SC,South,2024-07-06
6435,4e5ecba4-dd7a-438d-9e62-e113cf5cf1dd,Teixeira Alegre,CE,Northeast,2023-09-07
6436,a111bdbc-439c-425d-b6b9-0ae07395d3fc,Garcia da Praia,RS,South,2023-02-20
6437,5ff1e393-2e4d-4186-b6fb-2d19b3378e70,da Mota da Mata,RJ,Southeast,2024-04-29
6438,85514ed6-1c00-4740-938f-aa8eecae4832,Vargas,SP,Southeast,2024-03-23
6439,d999b615-aa6d-4584-8846-59fbb0022232,Barros do Oeste,SP,Southeast,2023-07-10
6440,30054231-733c-4b95-abde-aaf961cdcd0c,Rodrigues,SP,Southeast,2024-11-18
6441,34c17f45-0ed5-41e4-a4f6-61b4568f84d5,Sales,SP,Southeast,2024-02-13
6442,d6667cff-71ce-4101-b765-305597d63070,Moraes da Mata,DF,Central-West,2024-11-25
6443,c751f523-897c-4f4e-9987-0d8cc7c33f17,Monteiro de Minas,RJ,Southeast,2023-01-06
6444,2273c684-abb6-4922-a1ca-df6b429a8d6f,Alves,MG,Southeast,2023-01-20
6445,a970b211-42d3-488c-9312-7c2bf234d465,Costa,BA,Northeast,2024-11-03
6446,f98b05df-4457-4f40-92da-47ac3e30ed5e,Brito,SP,Southeast,2023-10-01
6447,2b428873-7162-4f9f-af40-e7221c7da3b3,Gomes,MG,Southeast,2024-10-12
6448,8216a806-006a-418f-b212-84c402ec48f1,Vasconcelos de Gonçalves,RJ,Southeast,2023-08-15
6449,e86e99ec-77fd-4050-8a84-35edeb8deb4e,Aparecida de Siqueira,SP,Southeast,2023-11-29
6450,6bfa4a3e-fdcb-4139-82b4-869992b0c7cd,Lopes de Caldeira,SP,Southeast,2024-09-18
6451,c685d4ec-3cbb-46ad-8b20-658ef8a8b40f,Garcia de Casa Grande,RJ,Southeast,2024-09-15
6452,00a95273-5f88-4f61-9a8c-1761bd8ef507,Leão de Rezende,PE,Northeast,2024-08-25
6453,10d06ee8-d69d-4bf7-b065-1d397b977dce,Cirino do Campo,MG,Southeast,2024-09-01
6454,482d2649-0ab3-4f56-a5b4-41ff7fbda7a0,Novais do Norte,RJ,Southeast,2024-02-03
6455,8041ca31-1a5c-44bd-8cbf-fa9da8221fae,Oliveira de Goiás,MG,Southeast,2024-07-25
6456,d3bd7e0d-e2d4-4e2a-b9e7-78780b7283ce,Gomes,SP,Southeast,2023-12-15
6457,54190014-a782-49d2-8c20-a369d84eaf52,da Cunha das Pedras,RJ,Southeast,2024-03-31
6458,96bd0f63-1bf3-42e5-8c6b-3119779ee330,Guerra,SP,Southeast,2024-05-25
6459,e7fd3482-b7c9-4ebe-92a9-a87f09792863,Pereira,SP,Southeast,2023-06-24
6460,c8dd57fd-630c-4e84-853b-1b94ae85e861,Vieira Verde,RS,South,2023-09-19
6461,b8253bbb-9086-4cf7-b71b-0645087f29de,Ramos de Albuquerque,MG,Southeast,2024-11-07
6462,56174d9e-2174-4b53-8c61-d5053abe6b28,Santos,CE,Northeast,2023-03-22
6463,aec3ec41-735c-44d4-989f-73caf61998ee,Campos,SC,South,2024-07-28
6464,dd063bad-bcc5-4886-91b3-e6a98d644744,Novais Verde,AM,North,2023-03-27
6465,fe540e0f-65a8-4dc1-b015-8278198f2ed1,Pacheco,SP,Southeast,2024-06-26
6466,02c22093-f459-4b86-b6ec-8b2364299af4,da Mota de Cavalcanti,RJ,Southeast,2023-10-26
6467,ec1a1d25-5505-49a3-b5f2-1b991e2c723c,Azevedo,BA,Northeast,2024-04-07
6468,e6bd7270-a33a-4286-bfbc-6187992e31ac,Siqueira Grande,RS,South,2023-01-31
6469,f3dda144-5747-4072-9fe7-b319c7eceb5e,Guerra,SP,Southeast,2024-08-21
6470,2c9a7b9a-23fe-4431-80e1-ebaecbbf77ab,Lima,SP,Southeast,2023-12-27
6471,c1b923b6-ede1-4254-bc27-070192466753,Novaes,PR,South,2024-03-01
6472,5de91f0f-749b-4bee-8292-3f7fb534efc5,Moraes do Sul,PA,North,2023-01-24
6473,ed951bcc-d7d1-4fa2-9d66-1ebb243d9300,Costa,BA,Northeast,2023-10-18
6474,8b949c8b-5e38-4f70-be60-2765c5cfd696,Sá,PR,South,2024-05-17
6475,312f0c12-4c4c-43d0-93da-b73b80e46e2b,Abreu,AM,North,2024-01-20
6476,3d439f5e-72d9-4645-9cb1-c89e68834f57,Barros do Amparo,DF,Central-West,2023-05-15
6477,40f3de91-eb14-4767-968b-e1db4fbe5bf9,Oliveira do Oeste,RJ,Southeast,2023-05-07
6478,585c7b4f-b4bd-4fca-b0b5-61e7c580424f,Alves,SP,Southeast,2023-08-12
6479,14dc5ccc-bc01-414d-a9b5-6963e046e5c8,Aragão de Minas,SP,Southeast,2023-04-24
6480,3e9a66d6-8b07-475a-a92f-924a2689e8a8,Borges,PR,South,2023-07-02
6481,8362dbe6-5e1d-4fb8-9496-57d69244704e,Nunes de Pacheco,CE,Northeast,2024-02-15
6482,56c07f2b-3875-4569-ae85-fb01030e22b3,Brito de Monteiro,PR,South,2023-12-27
6483,db65aeb8-14d9-4397-be31-97b5edcf79dd,Sampaio de Alves,BA,Northeast,2024-03-04
6484,692a8cc2-586c-4d23-885c-4bf0313701b4,Araújo de Oliveira,DF,Central-West,2023-10-13
6485,40ef2762-212b-4709-92de-e9714dafde3f,Abreu Alegre,RJ,Southeast,2024-01-07
6486,40dcdba4-6464-4fe2-b692-b9be17dd70d0,Teixeira,SC,South,2024-11-11
6487,9731579e-8e26-4eed-a196-1c45a274a5fa,Costela de Goiás,CE,Northeast,2024-10-10
6488,42452602-8f01-4e18-a29b-799772be6ac8,Sá,BA,Northeast,2023-11-22
6489,d52daf3f-c393-456a-b41b-8f3d8eaea75f,Marques dos Dourados,ES,Southeast,2024-06-29
6490,db92cb57-6f82-414d-aacf-a947dd9c829a,Albuquerque,RJ,Southeast,2024-02-18
6491,4f66e880-3974-41d9-87a1-fa036345239e,Rezende Verde,MG,Southeast,2024-04-20
6492,ad2375a1-747d-4daf-b74a-4d14cc8dc2ac,Barros,RJ,Southeast,2024-04-05
6493,c2a34c89-78f0-45ad-8337-0882a398f60d,Aparecida,SP,Southeast,2023-07-01
6494,43a2647c-2d52-4504-b9cd-ea833a470c64,Souza dos Dourados,MG,Southeast,2023-01-04
6495,fbcf5d7b-c143-48aa-a993-a0e555552e00,da Luz de Fernandes,PR,South,2023-12-09
6496,4d5ca142-0015-4f29-878c-1b731dc68494,Nascimento do Norte,BA,Northeast,2024-11-02
6497,df8d0ac1-b36e-4e45-8db0-3f46962e9b70,Silveira de Cunha,SP,Southeast,2023-04-11
6498,17bd2124-8a99-4696-9df8-252ed7fc8bd6,Gomes do Sul,RJ,Southeast,2024-10-30
6499,4a1d5528-d85a-454f-9745-8fc4db40076b,Mendes,MG,Southeast,2024-03-04
6500,c78a1125-9827-4b5e-b47b-cec80d2cc4dc,Pacheco da Mata,MG,Southeast,2024-10-13
6501,d4fb02df-69de-4796-ba31-942ccd80c7ae,Caldeira,SP,Southeast,2023-08-18
6502,f40f9b9c-7bef-4435-8d1d-14a01b8549f8,Gonçalves de das Neves,SP,Southeast,2024-09-26
6503,4a38da42-5caf-4a04-b317-58c7e1909c43,Leão Alegre,ES,Southeast,2023-03-24
6504,90b5d26a-8301-4292-a65d-18f6761a0820,Cassiano de Cavalcante,PR,South,2024-02-23
6505,35c85907-939d-4deb-aee1-2e2d632cb8db,Montenegro Alegre,GO,Central-West,2023-11-29
6506,ae282815-fd2d-44e4-b17a-5c4e44b3725c,Teixeira,SC,South,2023-06-20
6507,9bdded0f-02aa-483a-9478-ea2c34061068,Rodrigues das Flores,PR,South,2024-04-28
6508,bddc50ba-594f-4bf8-9bb7-ae2d8746d7c6,Albuquerque das Pedras,RS,South,2024-01-15
6509,ba9a1998-9712-40a3-b93b-8ca761034446,Rezende,SP,Southeast,2024-09-07
6510,11536ed5-6860-433c-9ce7-2ef0b7c39f86,Moreira,CE,Northeast,2024-10-31
6511,c8233e35-68e6-4ec7-ae75-ff6421d8f576,Andrade de Pinto,RJ,Southeast,2024-06-07
6512,e2163ec3-715f-4a2e-9cbf-d53ec47cd413,Marques de Macedo,CE,Northeast,2023-06-15
6513,0a77201e-77e8-4c58-9fe4-d158989cda70,Nunes,MG,Southeast,2023-09-03
6514,68012c50-d34e-4d4a-a4a0-e5ff90a3e4be,Garcia,SP,Southeast,2023-07-24
6515,96d9b70b-77eb-4995-bf3b-8cbb390ace15,Souza,RJ,Southeast,2023-10-28
6516,71ac8e6c-ec3c-4084-8240-ab62ced257f8,Rios,SP,Southeast,2023-02-01
6517,f244281a-0e1f-4432-95dc-b535c90b07d5,Teixeira de da Costa,SP,Southeast,2024-04-17
6518,2148c1f4-1f8a-4673-9b8b-0b44fd04e5e7,Cavalcanti da Serra,MG,Southeast,2024-12-01
6519,68286956-0850-4df6-8b00-5473a922e7e9,da Paz,PR,South,2023-09-05
6520,314dbbab-3b59-4927-a9f9-824433a3aced,Aragão,BA,Northeast,2024-04-17
6521,9de576ca-3736-4c37-a4a2-0a3ac9acd635,da Cunha,ES,Southeast,2023-04-24
6522,c99979a6-05c6-46cc-a10b-bab947a9087e,Santos do Sul,PE,Northeast,2023-12-06
6523,f29941da-f3b1-4dda-9921-44bdd5a30080,Nunes Paulista,CE,Northeast,2023-06-13
6524,eac90c4d-ae17-4199-ba00-3703b52d00ee,Guerra,SP,Southeast,2023-03-13
6525,21696a07-a784-44a2-9802-9c5e9caa3398,Fernandes,SP,Southeast,2023-02-03
6526,644c347a-e144-46aa-89a5-c5bb700991ec,Vasconcelos Grande,RS,South,2024-02-21
6527,22f44bda-1720-4826-8e36-98a4994a04ce,da Cruz do Amparo,CE,Northeast,2024-04-26
6528,08731942-0c6e-403f-95ab-3fd6b7249d79,da Luz Paulista,CE,Northeast,2023-03-14
6529,8e417853-d3f9-4489-a2c2-8f4e87f3b67e,da Paz da Prata,BA,Northeast,2023-09-24
6530,57345c4d-f273-44a4-87a5-b7557a97a5df,Caldeira,CE,Northeast,2024-07-04
6531,a1ba71ed-9422-4251-b63b-93bf1dcf87ba,da Cunha,SP,Southeast,2024-09-13
6532,f68cc63e-599d-4e1a-9cb3-3dab2aae11d3,Casa Grande do Galho,SC,South,2024-06-30
6533,3f617ca8-52f0-44d3-81a7-7438cd5a708a,Jesus de Teixeira,RS,South,2024-03-25
6534,21cb8d1f-f87a-4f42-8d7c-a70dfe4cb3d1,Farias do Sul,MG,Southeast,2023-03-03
6535,f88eb897-dc11-4b32-8ea0-20037acbbc8b,Novaes do Galho,RJ,Southeast,2024-02-12
6536,8b5af1d2-7256-4a3e-b5e8-ea6ea335edb8,Alves da Serra,PE,Northeast,2023-02-10
6537,97104075-b8db-4c46-ba8b-17bd0ac35863,Cavalcante,RJ,Southeast,2024-06-07
6538,133dbc1a-e341-45da-bfc5-70791f51e3c6,Andrade de Borges,SC,South,2024-03-26
6539,e7502a74-b792-4cbe-b805-d2659f162c70,Novais das Flores,MG,Southeast,2023-05-08
6540,357707f6-ec29-42eb-aa2a-26faf6e6b949,Nogueira,SP,Southeast,2023-09-26
6541,86448c62-90dc-4842-b8d3-6023cfa4e764,Castro de Moreira,BA,Northeast,2024-08-16
6542,cc2e4560-d38c-4ef3-b3f6-ac677f3f85cc,da Cunha,BA,Northeast,2023-04-25
6543,4f497e7e-ce39-4ee9-a852-46aacd2b1777,Jesus da Serra,RS,South,2024-01-11
6544,7950d1be-1cf4-43ea-9143-5d599386e7f1,das Neves da Mata,MG,Southeast,2023-12-14
6545,3c053a87-0222-4300-ad57-19ab1d67278f,Teixeira,SP,Southeast,2023-09-06
6546,81adcfe7-8e84-487a-8aba-16842ec8c9fa,Melo,BA,Northeast,2023-08-04
6547,141de088-52fd-4d5b-84f6-7d6801263258,Cavalcanti,SP,Southeast,2023-12-04
6548,56a6526c-4fed-4d44-bcd7-d30386ee20c1,Cassiano,SC,South,2023-03-17
6549,ae5cf007-25aa-406d-856d-824df0621680,Siqueira,MG,Southeast,2024-05-18
6550,00eda9d7-c08c-4aa8-a7f5-17c4b40c034b,Silveira,BA,Northeast,2023-09-24
6551,4c2cb985-5c60-4130-bd35-8d1fe32fb9b9,da Mata de Minas,RJ,Southeast,2024-03-31
6552,7f8fe1c6-87a2-42ec-8682-5e8265fa309f,Ribeiro,RJ,Southeast,2024-04-06
6553,0e38c346-1172-4478-b238-9847dd6952d9,Guerra das Pedras,RS,South,2024-08-04
6554,51cd3d87-776a-4a9b-9fdb-b3e221b1107e,Vasconcelos,SP,Southeast,2023-02-06
6555,67df7ad3-2bce-47b3-9b02-d0e319013e36,da Cunha de da Mota,BA,Northeast,2023-06-01
6556,3ad4f204-0d01-47b0-9342-b5872bba374c,Araújo do Amparo,ES,Southeast,2023-01-27
6557,5776a917-c45a-40ac-a896-941f88d8845d,Sousa da Prata,SP,Southeast,2024-01-15
6558,304aaa71-ce15-4855-b058-8da7ee97d725,Albuquerque,PR,South,2023-10-26
6559,81f7e175-5f59-4dec-b7b4-53f592a74604,Casa Grande de da Costa,RJ,Southeast,2023-06-12
6560,65dc8a7e-3756-4efe-8e2e-160ab054d5c8,Lima,PR,South,2023-11-09
6561,dd4b31a3-1682-48e9-8bad-d0cc0c89956d,Farias dos Dourados,MG,Southeast,2024-03-26
6562,3aa79ba9-274d-4fe5-982b-d35cfa529fce,Guerra,RS,South,2023-06-08
6563,bdd4b02d-4494-42cb-9352-7b167c44ea59,Montenegro do Campo,BA,Northeast,2023-05-12
6564,01c89c55-75d6-4196-a25f-60269ef7497f,Fonseca,SP,Southeast,2023-10-27
6565,90c45d25-1b5b-4268-b8ed-09330b563fd8,Monteiro do Amparo,CE,Northeast,2023-09-21
6566,9e0f9375-0717-4c47-a1da-1e34ab57dcd6,Ferreira,SC,South,2023-01-29
6567,0bd515dd-2175-47ed-924b-064412d85d3c,Novais,PE,Northeast,2024-08-20
6568,b88af834-b94c-4fd1-8cb9-b57e279cdef7,Cardoso de Goiás,RJ,Southeast,2024-08-21
6569,f8333544-263e-4969-b47c-f9be3a127eae,Abreu de da Mata,SP,Southeast,2024-01-08
6570,329cbd35-d9da-4a9d-a5be-f82e934a145f,Pacheco de Fernandes,RS,South,2024-06-13
6571,e8d46a35-97e8-44ca-a959-b9688169d0cf,Fernandes,MG,Southeast,2024-09-25
6572,a1b2b008-f01a-46cb-b6f4-627289183f42,Duarte do Campo,DF,Central-West,2023-12-19
6573,3604ebe1-d7a2-4491-adea-4b8713cb97cc,Barros de da Paz,SC,South,2024-08-24
6574,04f73813-f93d-4ee6-aa35-295e99fea79b,Farias de Marques,CE,Northeast,2023-11-18
6575,1c56cbe0-dbf5-4731-b22c-79f64d7e0130,Cirino da Mata,ES,Southeast,2024-01-23
6576,d3a44e2f-77be-4204-8f8a-360c8fb098f9,Pacheco,CE,Northeast,2024-05-11
6577,215a6d3a-62ae-4db6-a890-440c697bcee7,Peixoto de Minas,SC,South,2024-06-21
6578,3cdc2cd9-8ba0-49df-acf9-1c938462ba57,Cavalcanti,MG,Southeast,2024-05-10
6579,f3d50d58-933a-40ee-a733-dfe64ce5a613,Siqueira de Machado,DF,Central-West,2023-01-15
6580,a550cb22-ec8b-4b37-827d-55713c5289ca,Santos dos Dourados,RS,South,2023-03-08
6581,c0620e1c-e1c2-4249-abfe-6eb67ae25bd2,da Rosa do Oeste,RJ,Southeast,2023-11-13
6582,a131b298-3292-44d1-8e43-7186a2a6b747,da Rosa dos Dourados,SP,Southeast,2023-06-03
6583,9a859d27-2a2f-4ccd-bed3-046284d61ba3,Fonseca do Amparo,RJ,Southeast,2023-05-03
6584,67f63583-e76c-4750-966a-3ae31c3dc6fd,Câmara do Galho,SC,South,2024-01-01
6585,0b02be16-a5c8-4c04-ad25-34edddd62795,Pimenta,ES,Southeast,2024-08-06
6586,c34d5cbe-0c00-4432-9244-479fea712e4e,da Mata,DF,Central-West,2023-01-13
6587,04cda3ea-a5b3-4115-88b0-5aafed97af62,Cardoso da Mata,PE,Northeast,2024-06-20
6588,6b33f714-dd38-4a74-94c8-5e22788cec34,Pires,DF,Central-West,2023-07-27
6589,914fd104-0cc2-44a5-b893-20a007d38350,Albuquerque de Minas,RJ,Southeast,2023-02-03
6590,7ba13fe9-5ab5-4ea8-b2f1-c6db6b405218,Mendes,MG,Southeast,2023-04-12
6591,e104e84c-49b9-4f84-a0a0-38fc6a4a8676,Guerra,GO,Central-West,2024-06-03
6592,f810be73-c77a-4940-b1cc-3f7c61c7041e,Cardoso,SP,Southeast,2024-07-20
6593,275ec353-9809-49e5-82fe-b5895db00973,Câmara,MT,Central-West,2024-07-04
6594,3b1e27d9-997f-44d6-8829-f373699f96c9,Peixoto,CE,Northeast,2023-02-27
6595,f51c6ebc-b7c3-4d6c-95a3-aa38c2ae7799,Pires do Norte,MG,Southeast,2024-06-19
6596,5503b3e2-adc3-4d66-99aa-5d3fe9912230,Martins,SP,Southeast,2023-09-20
6597,b5f3590d-f1b8-44b7-9bd5-f0143de1cef6,Sá,BA,Northeast,2023-07-07
6598,2ea9d81a-d1d0-4c64-af31-57fa75ca15dc,das Neves de Minas,RS,South,2024-10-28
6599,ddc4c146-f5c2-4a4a-bdc8-9bfc423539de,Leão Verde,CE,Northeast,2023-08-22
6600,e0f92b39-0343-47e6-89b7-b6e0f83b88a8,Porto,RS,South,2024-04-12
6601,20394286-4411-45a6-858e-59fb10d6a6f8,Cunha,SP,Southeast,2024-09-15
6602,87097714-9c5e-499f-9478-33abfa98a0fe,Machado da Mata,SP,Southeast,2023-10-12
6603,89e88154-9340-4e4b-a86d-17da29e0a292,Vieira,SP,Southeast,2023-07-14
6604,c310b79e-a5ba-4e26-82fc-1353f67bd794,Pimenta das Pedras,BA,Northeast,2023-03-07
6605,b18bcf04-e95e-45f5-aa5a-2d72af344e9d,Viana de Mendes,DF,Central-West,2023-05-16
6606,fba1d51b-1519-49a1-af2a-4dcacc18998d,da Cruz do Sul,ES,Southeast,2023-03-04
6607,6e681e0b-2a89-4ad4-ab37-2e07ca261add,Sousa,SP,Southeast,2023-09-07
6608,c784f38b-ba85-441b-b708-7d964d1b1b51,Guerra,PR,South,2024-08-18
6609,b83e7321-0aee-48d4-82b6-892e530ef98a,Casa Grande,MG,Southeast,2023-04-11
6610,931c387a-0411-48dd-9011-89f99ae8be7a,Santos,PR,South,2023-02-22
6611,6eacc868-0e3b-40c9-a2db-0d35f8acffb4,Marques das Pedras,RJ,Southeast,2024-10-11
6612,a5198e6f-d738-46ed-9d5a-b402114b32aa,da Rosa Grande,SP,Southeast,2024-05-04
6613,3fd9f587-7d27-4dc0-80d4-36f6739cb832,Dias Paulista,SP,Southeast,2023-03-27
6614,b6e2d344-0d70-49bd-b037-13d6a89ddb8c,Cavalcanti de Goiás,MG,Southeast,2023-04-13
6615,7e22329a-9e86-48f8-a68a-99421ffc2123,Silveira,PR,South,2023-08-09
6616,bc15c81e-0fa8-4502-bffb-163bb49078bd,Macedo da Praia,PR,South,2023-11-04
6617,f232e871-4484-451d-9cf2-d920cfb988f6,Pinto,PR,South,2024-08-18
6618,3b2fc527-f4b9-46d8-8e47-671d324abcf2,Pastor do Sul,MG,Southeast,2023-04-25
6619,364665ab-da8a-4993-91c8-709f46f50bca,Vieira,RS,South,2024-03-29
6620,2cad2d65-58c5-4d09-b05b-1220fdc89a97,Novais de Sales,BA,Northeast,2023-07-19
6621,32b88480-74e8-4fa4-9599-86e738f14f3d,Moraes,PR,South,2024-10-12
6622,3f0bc49b-38a8-4aaa-a455-f625193e5f90,Mendes,SC,South,2024-04-12
6623,3fa11c73-5723-48eb-86f8-d2033b816a01,Aragão,PA,North,2023-09-15
6624,6c50520b-3ae1-4621-bc5a-c9062e4827e2,Brito da Serra,BA,Northeast,2024-09-07
6625,79c466f8-c216-4055-8b09-edf3270c0302,Almeida Verde,SP,Southeast,2024-10-08
6626,b6eeac61-30dd-47bd-9fd2-a99389ea7316,Castro de Araújo,SP,Southeast,2024-06-03
6627,0b797acf-58ca-4e2a-baeb-35623de1dade,Barbosa das Flores,MG,Southeast,2023-10-18
6628,d24dc8a1-3fa0-4182-a021-a70d0c56b028,Duarte,GO,Central-West,2023-11-03
6629,7ccb136d-0741-4d40-91a0-635e1888cfc2,Fonseca,SP,Southeast,2024-06-28
6630,88c949cb-5303-4bdb-9b43-3d20f27c592d,Aragão de Pastor,SP,Southeast,2023-10-09
6631,a2511820-444b-4ea4-b763-42bcf4bdde6b,da Mata,RS,South,2024-05-30
6632,a5cb190f-e536-4044-a6fd-f58f26e1f756,Fernandes das Flores,RJ,Southeast,2024-03-26
6633,97fec5ab-1425-4fbe-923a-95874e386be3,Freitas,SP,Southeast,2023-07-06
6634,166d0b64-db19-4bf7-9f4c-8833d02191ac,Duarte,MG,Southeast,2023-11-23
6635,d00a950e-cd00-448b-82bc-b1ee3b89b8ca,Mendonça,DF,Central-West,2024-06-05
6636,961d2aae-134b-4c6b-8451-c1a8c54c409e,da Cruz,MG,Southeast,2023-06-17
6637,f9458ce6-bb96-4969-ba2d-4d7bd281f5d0,Almeida da Praia,SP,Southeast,2024-03-18
6638,baae8df2-3924-4a1a-be30-2bfeb72accc6,Pimenta Paulista,RS,South,2023-04-07
6639,11817582-f95f-4b2f-8318-7084ee7d6068,Camargo de Farias,DF,Central-West,2024-03-29
6640,c1a6bcf9-dbba-454d-bf49-4f83b12756fd,Fogaça do Amparo,RJ,Southeast,2024-07-05
6641,ee8bc68b-e4e6-40b9-9f0b-f9a4f30b79dc,Lopes de Goiás,PE,Northeast,2023-07-18
6642,a1bde1ac-83d2-463e-b573-6bb82c762354,da Mota,BA,Northeast,2023-08-26
6643,d7036509-0477-40cc-befb-e96d68da3509,Campos das Pedras,SP,Southeast,2024-05-28
6644,130e1283-da21-47c8-986a-8dbf2256344f,Silva das Pedras,RJ,Southeast,2024-06-27
6645,025ebdbb-21a4-4525-90e1-9f953cc94bec,Marques,MG,Southeast,2023-11-04
6646,500a8aa0-12ba-4406-b086-33fd6f91cbb3,da Rocha,DF,Central-West,2023-08-04
6647,9b6bc8bd-507c-4388-8e03-1c3627623cda,Montenegro da Praia,PR,South,2023-06-08
6648,987c48d7-6b86-4231-a6f2-0f6aaaeac217,Marques de Barbosa,RJ,Southeast,2023-07-16
6649,373cd38f-af93-4ea5-b099-d7f64e5abb0e,Alves do Galho,BA,Northeast,2023-06-25
6650,97c5b796-c3f5-4f4f-bec2-ff040ac2aa3d,Caldeira,CE,Northeast,2024-09-16
6651,48d6ee51-ea9d-4a40-9422-39d60b4c30c0,Siqueira do Campo,SC,South,2023-11-30
6652,376fc21d-bb90-431c-8cd0-6a34d97e049e,Mendonça,GO,Central-West,2024-04-30
6653,8036d3d8-8642-4701-8371-151cd4c037c4,Nascimento,SC,South,2024-03-02
6654,47f2bc0d-09cb-4a81-b506-14d298099f12,Ribeiro do Campo,BA,Northeast,2023-10-03
6655,8e0b7991-3e3a-4808-b032-822a62c89efd,Jesus,SP,Southeast,2023-09-27
6656,b52d3d21-791f-408c-821d-138ff785cd0d,Borges do Galho,MG,Southeast,2023-11-07
6657,eebea50d-5a6c-433e-af5f-8913d13a962d,Peixoto do Norte,RJ,Southeast,2023-11-10
6658,0901db16-a0b1-42d9-99bb-814cfe35fadc,Farias das Flores,RJ,Southeast,2023-12-29
6659,c237c41b-894b-4458-8e8a-baa4c23d2381,Garcia,PE,Northeast,2023-11-19
6660,08c63c7a-8625-47e0-ad14-b4e27a87b07c,Mendes,MG,Southeast,2024-03-11
6661,7cff9981-b6eb-4f09-a7f5-042bf301cfca,Abreu,PR,South,2024-03-03
6662,8dd15aeb-fbc7-42a5-a368-d7fab9583979,Rocha,SP,Southeast,2024-02-18
6663,4a568c93-dd63-4743-b192-5d87ab3426b9,Cassiano de Pires,SP,Southeast,2024-02-23
6664,5a09550f-35f5-41b7-b546-22083172a25b,da Paz do Sul,RJ,Southeast,2023-05-24
6665,ba269dde-3928-4fd0-8409-2d5c7752fc64,Nascimento,MT,Central-West,2023-10-08
6666,667cd512-c4c6-44cb-8cba-3ea338d16511,Moreira de Teixeira,SP,Southeast,2023-07-27
6667,fd17e143-a0f9-4fd0-9580-41aa9931ba4c,Caldeira Paulista,SP,Southeast,2023-09-20
6668,9b895f01-48b7-4e64-ba18-e71f58bffbef,Jesus,RJ,Southeast,2024-01-18
6669,429d4602-1455-4383-a446-5eb17621a043,Mendes Paulista,SP,Southeast,2024-03-13
6670,6f4dd75a-f19e-44ab-890a-a3c69075e069,Moura do Galho,BA,Northeast,2023-11-30
6671,5f610696-730e-4658-aaf8-a1a0b924cc7b,Novais,PR,South,2023-07-24
6672,e4a9c427-7dcd-4d63-834a-e3df566ead36,Barros,BA,Northeast,2024-09-24
6673,6e5d0cb5-5ab4-409b-8de8-0b736ccbeb85,Ferreira,ES,Southeast,2023-10-08
6674,5d8dab6a-cbac-48b6-9b8c-fe0eab38ca29,Costela da Mata,SP,Southeast,2023-09-06
6675,16e33c1d-c020-4118-ad16-bee53fbac7d4,Pires,SP,Southeast,2024-05-06
6676,96ac9b5d-35a2-42f7-b05b-7572a7e3e464,Almeida,GO,Central-West,2024-08-30
6677,59782ca7-227b-4089-8849-8f04b842231b,Lima Alegre,MG,Southeast,2023-02-17
6678,3d7f7a91-36c3-4d85-8a7f-7244c227ed50,Santos de Mendes,BA,Northeast,2024-02-04
6679,04b7bb51-3df0-45f6-8b6b-078b7b6b9fc1,Brito,RS,South,2024-05-13
6680,8ea54843-b000-473d-bec0-c73160e73853,Caldeira de Pastor,SP,Southeast,2024-09-13
6681,6a6a3a88-d6f3-4114-a92f-f954c863453a,Freitas,PR,South,2023-03-02
6682,ac5d3cf5-7b01-4a15-8c29-5915487dea2b,Albuquerque,SP,Southeast,2024-10-16
6683,433b2440-24c1-4bb6-9a7e-bdd5da242350,Carvalho,RJ,Southeast,2024-07-04
6684,d16cad10-f48e-4ce4-9ffc-a038f4352c2e,Fernandes Alegre,RJ,Southeast,2023-10-19
6685,ff2d79ad-0ecc-459f-a87e-c29006161fb0,da Rocha Verde,SP,Southeast,2023-05-18
6686,fe57d79b-81dd-47f3-8806-998bfe17e8f3,Rios,CE,Northeast,2023-03-17
6687,8cf198e3-eb1c-4feb-960d-df1d90471f74,Nunes,RJ,Southeast,2024-02-28
6688,a18f9968-66c6-4fc8-bef8-3fa6d8bd2133,da Costa de Moreira,PE,Northeast,2023-06-04
6689,4f52bf21-2296-4760-ba72-8c7a828f7c01,Brito das Flores,PR,South,2024-08-10
6690,cc5f9dc1-33c3-4d8c-8360-64a336ed1588,da Cruz do Galho,SP,Southeast,2023-04-01
6691,0f37649d-abd7-426d-85bf-163c38422031,Alves,MG,Southeast,2023-12-02
6692,3930d972-4a82-4ba1-9458-01cd948c1f80,Castro da Mata,PR,South,2024-11-07
6693,fc64fa81-39dc-4d07-afd4-a45f9e537b3b,Mendonça,SP,Southeast,2024-06-27
6694,4729ad77-b6c0-4711-b941-aaadb10f71f5,Macedo,PE,Northeast,2023-01-23
6695,f636d085-90ff-4afd-9171-8c7efdd8d2b2,Dias Paulista,SP,Southeast,2023-03-11
6696,27110ce0-6332-4743-812d-209069ced5a3,Sales de Correia,CE,Northeast,2023-11-18
6697,9b0aec94-8599-4420-998a-ed065bf64136,Castro Grande,GO,Central-West,2024-01-05
6698,c72a4b39-73cc-492d-a7bb-607f563a14f6,Pires das Flores,DF,Central-West,2024-04-01
6699,209cf140-2a7a-4fa2-8111-c8140e417d6d,Andrade,BA,Northeast,2023-08-08
6700,f4344a1d-e58a-4bf7-b975-ddc521300a3f,Andrade da Praia,SP,Southeast,2024-04-24
6701,739c937a-77d5-415f-be59-d25461da969f,Cirino,SP,Southeast,2024-01-06
6702,5e745453-a8c7-416a-942d-0e7c5c035317,da Luz,RJ,Southeast,2024-11-24
6703,d9d0b0a2-843e-4442-ac4b-8bb41a2f9c4d,Vargas,MT,Central-West,2023-09-23
6704,e880d4cf-e1ef-401f-81c0-5491dcafc9fa,Fernandes,SP,Southeast,2023-01-24
6705,6e6d605a-670d-40ef-a9ae-6c7511c77537,Santos,SP,Southeast,2024-10-19
6706,d98c8a46-1d60-4fb3-8d10-d54c8ad1e07b,Cunha,MG,Southeast,2024-02-10
6707,86f6de0b-7ce0-4d69-a088-f3d09440dce1,Vargas Paulista,PE,Northeast,2023-02-19
6708,089cfd5a-9d3c-44ab-a287-dd107c64df0e,Correia das Pedras,PE,Northeast,2023-03-03
6709,79402a7e-23fa-4b2b-938d-f8261538c711,Pimenta Alegre,DF,Central-West,2024-06-08
6710,cfe06ac9-cf70-45e7-8d39-4846d441b7f0,da Rosa da Mata,RJ,Southeast,2024-08-02
6711,28fa6446-250e-4e39-83ca-cbba27c1445c,Sales da Prata,MG,Southeast,2023-02-02
6712,8b51fdb5-8964-46a9-8045-9b31263059b7,Correia de Minas,GO,Central-West,2023-12-01
6713,3c15a843-7624-4c71-9e49-531a3e8b8467,Barbosa de da Rosa,BA,Northeast,2024-05-18
6714,f169e2ce-39f2-49ac-8aa3-2d3b5df323f5,Camargo,RJ,Southeast,2023-12-08
6715,b20904fb-0814-4870-8873-93d3e9d491ba,Garcia,SC,South,2023-03-19
6716,96502536-a19c-466b-a172-2d0cadd5901e,da Luz,PR,South,2024-07-25
6717,c321bb82-9ab2-46ad-9f1c-0b97c9b977f3,Rios,BA,Northeast,2024-06-28
6718,621bacb1-01a3-40e5-a8a4-c56f92e17ce5,Alves,SP,Southeast,2024-06-09
6719,c852aaa4-ee41-40c0-b446-74ec438177ff,Montenegro,PE,Northeast,2023-03-31
6720,1fc7aa60-be8e-40d1-9553-f769915f5514,Pacheco,PR,South,2024-04-24
6721,200cc0d4-9d9a-4db6-8cb2-3d6ecde28131,Garcia Grande,SC,South,2023-07-15
6722,7c77bbed-b9ed-4eee-8dc4-1ea9e36d9559,Novais da Prata,BA,Northeast,2024-12-01
6723,4a1a7220-361f-43da-86ed-940cab48df2e,Aparecida,MG,Southeast,2023-10-11
6724,47e94dea-1418-4cac-8307-877f386f0c33,Costa,MG,Southeast,2023-06-05
6725,1a8873ec-8402-4ccf-91db-d376c17036d2,Novais,SC,South,2023-03-16
6726,027c3026-4fe2-4a28-9a83-7a2ba22c468b,Barros de Goiás,SP,Southeast,2024-08-12
6727,1da7f6dc-a2dc-403b-909a-da072815209f,Pastor de Rios,RJ,Southeast,2024-06-24
6728,734fc539-4fd3-40ea-8f49-a94a0091e9b1,Montenegro,BA,Northeast,2024-03-18
6729,9290f966-0059-4cd2-aa00-86475c74e1da,Vieira do Norte,CE,Northeast,2024-02-16
6730,62ea9514-e719-4312-bfd3-b087ce8210ec,Brito de da Rocha,PR,South,2023-01-07
6731,75720920-80da-4406-9149-8761a91be945,Azevedo,SC,South,2024-02-04
6732,433ebdf6-1ac4-4e35-b2ab-b4a505936fba,Teixeira das Flores,SP,Southeast,2023-08-19
6733,200963b8-794b-4a09-9090-57844592796f,Marques,RJ,Southeast,2023-06-04
6734,78eefa7a-fa0a-4acb-a951-027b53ffd1eb,Vieira do Norte,SP,Southeast,2023-08-17
6735,06fe88d3-4489-442c-b9c3-cc98747a7bac,Cunha,PR,South,2023-12-01
6736,7321bdcb-eff6-441c-be3d-9753db9c26cb,da Luz Verde,PR,South,2024-10-31
6737,86779fb4-f836-45d6-abcd-ad859d0a32c7,Abreu de Pereira,RS,South,2024-08-11
6738,9bc3f140-3f36-4300-bacb-af63f14c261f,Santos,DF,Central-West,2024-08-13
6739,f83c5357-bf6f-4cc4-a4a7-bbde3a8ff93e,Borges da Serra,SP,Southeast,2023-06-01
6740,f6a6164b-678e-4787-a14c-8086d0d99a25,Barbosa do Sul,SP,Southeast,2023-07-05
6741,3961b8ce-0454-45a1-a2a3-9105d55d59ed,Lima,SP,Southeast,2024-06-30
6742,59c074d1-736f-42ff-8f1e-de3fc252e7c3,Azevedo,PR,South,2023-02-10
6743,0ba42309-8e78-4cb8-a559-f300b3ec3680,Mendonça das Flores,BA,Northeast,2024-07-07
6744,d625e7cd-af79-4462-966c-3d7f3dcebe0c,Barros,RJ,Southeast,2023-03-12
6745,9a416b16-88a8-4092-bf17-662b06d9e391,Ramos Alegre,RJ,Southeast,2023-11-19
6746,18391686-c96c-44c6-a831-64ff4b9a44b6,Duarte,DF,Central-West,2024-11-04
6747,6374911b-0996-41b7-a56b-0e9939d1ec1c,Almeida do Norte,SP,Southeast,2023-11-07
6748,f3596c29-4a64-4ecf-b0d9-13b647e8fc2a,Martins da Mata,SP,Southeast,2023-10-05
6749,c65fad0a-60ea-47dc-8fb9-eb30e076e169,Moraes Paulista,SP,Southeast,2023-08-11
6750,031a1a40-77a0-483f-91c0-0766844aad90,Guerra,BA,Northeast,2023-01-28
6751,fcfc7f44-067d-4b79-9b45-22cfcee13087,Marques,SP,Southeast,2024-03-26
6752,c0e4f44d-0101-48e9-b7f1-ee38cc454c0b,Macedo,SP,Southeast,2024-01-20
6753,c3e5642f-f4ac-4197-b31e-80817c7d471a,Rezende,SP,Southeast,2023-08-02
6754,e84ed94e-92f9-48fd-902d-c9167b002e16,Peixoto do Oeste,RJ,Southeast,2024-04-02
6755,fd7fbd90-d0dd-4259-b3b5-8ba1cf170059,Macedo,MG,Southeast,2023-07-23
6756,ee7bda68-1c53-4e83-9a6f-78bd871e3cfe,Macedo,SP,Southeast,2024-01-25
6757,c24697a3-b417-4bd9-92e0-42291b4b41ec,Aragão do Norte,PR,South,2023-05-08
6758,2b939dd7-060c-4b62-9db7-e77f472d1ac2,da Mata,SP,Southeast,2023-06-29
6759,f1df46a0-160c-4e64-8b31-8a03495f8947,Farias Verde,ES,Southeast,2024-08-15
6760,3a3a2365-4781-41fd-b29f-04726c417982,da Conceição,RS,South,2023-05-05
6761,4d93e735-84dc-4f43-a977-7c3aaa63ab55,Sampaio Alegre,SP,Southeast,2023-08-03
6762,3a9368d1-2969-42d3-b0ab-e9c85fc02441,Mendes,SP,Southeast,2024-05-15
6763,d18c1169-06c9-4a0a-ae01-36ccc6b216df,Siqueira,BA,Northeast,2024-01-02
6764,e828bb22-3e69-4129-9c35-9d673bf07cc4,Sá,BA,Northeast,2023-11-21
6765,b1d9f12d-9e00-45f6-8fa5-58120e2ec67c,Gomes,MG,Southeast,2023-08-04
6766,591574b4-fadd-49f0-a77a-dc61a062cf97,Silveira,AM,North,2024-06-03
6767,f50dffc0-1c96-48c1-b7b6-ccaf62cb71fc,Ramos de Marques,RJ,Southeast,2023-09-19
6768,74558592-fe94-4ff1-9a90-62c73c406ca2,Nunes,ES,Southeast,2024-04-12
6769,6d755a78-c36a-4335-8dae-2693de7a4577,da Mata,SP,Southeast,2024-01-25
6770,b907be84-b7b8-4d66-becc-a1bc81ae5c26,Costa,PE,Northeast,2024-02-14
6771,8f667b4d-cfd1-4bc6-bf0a-2066caf39eb8,Moura das Flores,MT,Central-West,2023-04-13
6772,a947f157-f841-46db-945e-aa79db9a437a,Pinto,RJ,Southeast,2023-11-14
6773,a8aa9846-7aaa-4336-9da2-3bfd274770a1,Novaes dos Dourados,PE,Northeast,2024-03-20
6774,b388181a-42c2-4e1f-97ad-582ea9ed947f,da Costa,GO,Central-West,2024-10-29
6775,ca810028-3364-43a6-9395-f5874602c1f6,Teixeira,RJ,Southeast,2023-03-28
6776,63f8eac4-9be4-4cb1-aadb-72537b4a77e6,Andrade de Lopes,SC,South,2024-02-04
6777,8f28b7a8-5d24-44ab-9d83-baf5018046d5,Mendes,CE,Northeast,2023-01-17
6778,51c62a30-d323-4e73-ba9f-72f2df6a28de,Pereira de Cardoso,GO,Central-West,2023-10-09
6779,1f165fde-b793-4642-a17e-7d371e523ceb,Carvalho Alegre,RS,South,2023-11-28
6780,cfbc4cd9-b28e-40a8-a4a8-da03064579c8,Freitas,SP,Southeast,2023-09-12
6781,4d60e385-64a5-4526-8352-3affc0078f90,Costela Verde,SP,Southeast,2023-01-10
6782,72a6fb0e-9891-4f7e-b1a7-788588fd480e,Caldeira,SP,Southeast,2023-06-09
6783,fa287d16-a9a1-4284-8bc4-bb44f04cc6bb,Fonseca do Amparo,SP,Southeast,2024-04-26
6784,3b142b23-dfb9-41db-98d2-0bb001414ba4,da Cunha,BA,Northeast,2023-03-04
6785,b21382b1-79b6-4e01-a1df-bdc3a9524bf2,Silveira,PR,South,2023-08-03
6786,65c4b4fb-6526-40fc-bc4d-f6408a7f65ab,Fonseca,CE,Northeast,2024-11-07
6787,d570b471-9ab5-401b-a04a-eb785278b2fc,Farias,RJ,Southeast,2024-09-24
6788,2c7350ca-ec85-4b81-9f02-e5f4061b4492,Aragão do Sul,MG,Southeast,2023-06-11
6789,c8a541c6-1488-45ca-aab4-01a90c43dbfb,Rios,MG,Southeast,2023-06-28
6790,154a3f8b-0e2d-40cd-bff5-e70ec54dc556,Lima de Minas,GO,Central-West,2023-06-05
6791,95de12d5-d899-48bb-9206-994d6a4fab5f,Correia de Novais,BA,Northeast,2024-11-15
6792,f7cb1a77-409b-403d-89ac-091142073e4f,Carvalho,SP,Southeast,2023-04-23
6793,3b2208ea-dafc-4621-9674-d1dcf293373b,Aragão,BA,Northeast,2023-01-31
6794,83120665-8e58-46c3-bd67-eb6aac2e97b2,Rezende,ES,Southeast,2023-11-10
6795,da8bb7f5-87e6-4a56-b176-b09ec3872f7d,Rios das Flores,MG,Southeast,2024-01-18
6796,0d1dab82-9fde-4e0e-92ad-8dc7d50b969b,Mendes Grande,DF,Central-West,2023-09-29
6797,37d2358b-eea2-4bbb-ac81-ae9b325723d5,Araújo,SC,South,2023-01-30
6798,877b4f5b-432c-4b31-aa51-ca71438195c7,Monteiro,BA,Northeast,2023-12-06
6799,faa13694-f1a5-420b-a393-6803ad1ff797,Pires de da Cruz,SP,Southeast,2024-04-26
6800,db27f241-69a6-4dc2-bdea-45bba0cd1abb,Dias das Pedras,SP,Southeast,2023-05-28
6801,205eb64b-2374-4ca2-9b1c-d04611f91ad2,Vargas,DF,Central-West,2023-02-17
6802,22ded5d0-8c04-4012-87c2-272ffdc6d159,Almeida,PR,South,2024-09-04
6803,14e4790d-c02a-49eb-b69c-540869210f59,da Paz do Campo,RS,South,2023-06-23
6804,a358e201-1029-4209-a268-76b67b0ea5cd,Alves,SP,Southeast,2023-01-16
6805,430538f2-69d8-43ab-b088-87f927d18340,Sales,RJ,Southeast,2023-08-17
6806,3d1dcaab-9b88-4152-afb5-6ab0a0b6ef8e,Montenegro do Oeste,SP,Southeast,2023-03-09
6807,9c077c09-a02c-4af1-a9be-5b38511e0267,Jesus,SP,Southeast,2024-05-02
6808,461f4c06-6f3e-4e40-b662-8ff6d8fd6875,da Cruz,MG,Southeast,2024-03-01
6809,93d0d346-c813-40f2-b9af-1b9c25b83368,Silva,CE,Northeast,2024-07-03
6810,a8994d62-3a65-4eed-bbf2-bd4592521856,Fernandes,MG,Southeast,2024-09-09
6811,889df69c-e652-40c1-89d4-2fd323d145a3,Porto,PE,Northeast,2023-01-01
6812,74475dda-ce17-40ce-a6fe-5c34ce172f75,Cavalcanti,RJ,Southeast,2024-04-25
6813,3d8ad67b-9a3d-4254-a358-200f616ab234,Pacheco de da Luz,DF,Central-West,2023-09-21
6814,9152da10-9fe6-40f7-9880-be2a9ae22856,Cavalcante da Serra,SP,Southeast,2024-11-03
6815,9d6a2282-e830-4c29-af5c-c17850222a43,Teixeira Paulista,PR,South,2024-09-20
6816,852e3249-af0d-41f4-8d20-ffce4215585e,Teixeira de Goiás,RS,South,2023-04-09
6817,a13a2a59-bf3a-4bc4-abfa-be59cd2ad4f5,Vargas da Prata,MG,Southeast,2024-08-07
6818,df427b52-1ceb-4092-81de-204a6f5c920e,Barbosa,SP,Southeast,2023-08-13
6819,38f9e101-f899-41bf-887c-c2494f21d95e,Aparecida,ES,Southeast,2023-05-27
6820,9ae14459-0639-4f91-81eb-c7596d13f398,Duarte,SP,Southeast,2023-03-26
6821,15cde409-7a99-4fba-bfeb-2b418fda8d85,Dias da Praia,BA,Northeast,2024-02-18
6822,c81fcc75-a8f0-4a32-acc0-a0599805629a,Vargas,RJ,Southeast,2024-09-21
6823,b2d77a42-637e-4d17-a8eb-afa2a3eb3fb3,Vasconcelos,SP,Southeast,2023-08-20
6824,edd79dd8-7a99-4b22-87d8-75747b4262f3,Cavalcante,SP,Southeast,2024-11-06
6825,19147e3a-93be-4d51-9b38-7e32ec1b7b76,Almeida,RJ,Southeast,2024-04-18
6826,f45c0ef6-4435-48d0-bacf-f210b696d9a5,da Costa dos Dourados,RS,South,2024-06-16
6827,2db74239-6996-4c94-9dc1-3d332b15a22c,Gonçalves do Sul,ES,Southeast,2023-10-01
6828,52f1b8c8-30b4-4f64-a550-25dd3763a3b1,Barbosa da Prata,BA,Northeast,2023-05-15
6829,9f5b6c70-2cda-40c3-81b7-f981cbda94f6,Ferreira Verde,RJ,Southeast,2024-01-19
6830,77e9873b-7d5d-4d25-b38e-28cc9159a174,Silveira,SC,South,2024-08-16
6831,cbf19cef-eabd-4666-b85d-2605749351dc,Pereira,BA,Northeast,2023-02-05
6832,7d263e0e-fa0c-4499-9be7-9eb4d4a0c827,Teixeira da Praia,BA,Northeast,2024-01-30
6833,a4bc556b-f630-4953-9077-9aec11444628,da Cunha,SC,South,2023-07-22
6834,aea3faec-44f9-44a1-b391-81a3b84593aa,Barbosa,MT,Central-West,2023-01-15
6835,377139d3-ace7-4566-babf-7b49107be716,Marques do Sul,SP,Southeast,2023-02-04
6836,6cfa7287-8717-4e6d-b5e2-478837ea3dc9,Fogaça,PE,Northeast,2023-09-01
6837,76883ea9-a726-4089-b535-1e2b649808e0,Caldeira do Campo,SP,Southeast,2023-11-27
6838,8e3c8596-f2b5-4570-9d61-6d41290a407f,Siqueira da Serra,SP,Southeast,2024-05-07
6839,cbe64a16-07d7-40cb-b53f-1d07348da480,Nogueira,MG,Southeast,2023-12-19
6840,f4cc3062-65de-43e9-9c8a-daa40aff8196,Andrade,SP,Southeast,2024-08-14
6841,b30d8a03-8217-409b-b29e-a0cebe3ccfac,Oliveira,MG,Southeast,2023-08-08
6842,40b3f87f-a0d6-4e0f-aa87-62eff6c92f7c,Moraes,MG,Southeast,2023-09-27
6843,e8bb9e50-f628-4c5f-b921-c69d7761e77a,Camargo,PR,South,2023-05-01
6844,aed5efa8-78c1-4a87-a352-65ce0a1092c7,Barros,BA,Northeast,2024-11-02
6845,3ac25464-70fe-4138-a2fd-3e962bf8c7bd,Fogaça da Mata,BA,Northeast,2023-12-12
6846,2f138be4-263b-4860-9953-d9c08b75f3fd,Melo,RJ,Southeast,2023-07-10
6847,9dffaff5-1065-4df6-81af-74cc223c69bf,Almeida de Novaes,SP,Southeast,2024-05-14
6848,784f515d-8b76-4ba9-a342-0f4b4b80507d,Rocha de Minas,BA,Northeast,2024-04-12
6849,29009faa-b76a-4338-ae8f-95256fd5a204,Pimenta de Sampaio,SC,South,2024-11-15
6850,359758ba-e355-4ffe-8314-8ef96e0cbe86,Duarte de Minas,CE,Northeast,2024-06-15
6851,bb0caefb-bb3a-4e69-9fec-b5232831d156,Fogaça Alegre,SP,Southeast,2024-01-10
6852,04fcea60-b599-4215-af36-e28617645034,Fonseca,MG,Southeast,2023-01-27
6853,836580e6-0848-40e8-94ac-f41ce28f7b29,Pinto,MT,Central-West,2023-05-10
6854,c4c1e376-89ab-4b0e-b04a-6c094db71043,Santos Grande,SP,Southeast,2024-04-13
6855,2c445e5f-e08a-4205-ade4-edba20fa6f11,Sales,PE,Northeast,2023-05-04
6856,6b186f2f-35b5-464c-834b-1d430c3335d6,Machado,PR,South,2023-10-30
6857,527e3dea-3d99-4d15-a106-45202277caa3,Cassiano,SP,Southeast,2023-12-22
6858,3b1d2a83-8769-43e0-a779-3d97beee34b2,Santos,RJ,Southeast,2024-03-22
6859,458f3771-ab6f-439f-b0be-1901e787b73c,Porto,PR,South,2023-03-26
6860,74f72d9f-feea-4e19-b28e-cb96464ffd1f,Costela Verde,MT,Central-West,2024-05-31
6861,c47c31f6-6f4b-4e53-bb09-519a1d5ed0df,Novais,SP,Southeast,2024-06-07
6862,1ca2acb5-9b2c-4bf0-9d4d-d3c607b6fbf7,Santos das Flores,SP,Southeast,2024-11-27
6863,d7199024-6c09-43f0-9fbc-5bde389ae591,Pimenta das Flores,SP,Southeast,2023-01-18
6864,ba15059b-78a3-4a81-8ee3-0925d60dd16b,Albuquerque de Goiás,SP,Southeast,2023-12-29
6865,4115d12e-005e-4b17-9bae-47c434d2c8b8,da Mota Paulista,PR,South,2023-06-05
6866,63b88d2b-04d4-4065-b15f-c1be10747f51,Lopes,PR,South,2024-06-27
6867,76dcdfcc-948d-4c72-838f-28fb641632b9,Alves,PR,South,2024-06-29
6868,4a4742f6-4992-4c29-8bed-af07af8ee6b2,Novaes do Sul,RJ,Southeast,2023-08-24
6869,a7e84991-ba97-4ae8-9446-4f1f198fecf0,Mendonça,RS,South,2024-06-27
6870,9481e18a-2488-4228-8ca0-7a68683f5c0c,Sales da Serra,SP,Southeast,2023-06-12
6871,212d115e-961a-4017-80eb-77638406828e,Brito do Campo,SP,Southeast,2023-06-19
6872,d170133e-515e-410e-818d-e1b45bd174ba,Rezende,SC,South,2024-09-25
6873,686f1c8e-ce59-4832-b6dd-eb399c1e7103,Brito do Oeste,SP,Southeast,2023-06-05
6874,2994ec2d-d622-4037-9474-13c11f467860,Freitas da Serra,PR,South,2024-09-16
6875,29a31519-b241-44aa-be9a-521db2b8b4de,Ribeiro,MG,Southeast,2023-07-27
6876,ef798c00-8d7c-431f-bac8-4269cb0e0fe6,Duarte,RJ,Southeast,2024-02-15
6877,316f6e03-8c59-4d47-9663-56a180d2a793,Ramos de Macedo,RJ,Southeast,2024-06-18
6878,598f35b1-3c29-4921-8ddd-793ca2ce5775,Sousa do Norte,MT,Central-West,2024-05-02
6879,b68e494d-d9d0-45e3-b30e-4822f463beb7,Monteiro das Flores,MG,Southeast,2023-05-20
6880,bf03d1af-5701-484b-b03c-43062ca2a592,Peixoto,RS,South,2023-11-04
6881,1b4409c9-c586-4f84-8bf6-076a5d37c800,Camargo,SP,Southeast,2023-09-15
6882,28be894a-c6bb-4bbc-9461-74aaea258c65,Dias do Galho,RS,South,2024-11-15
6883,2e7bd3eb-d5b7-4660-af76-8057af921b49,Machado de Santos,RJ,Southeast,2024-09-19
6884,2d5ae6b8-89ce-480d-8d5a-92b48b1591b5,Aparecida de Goiás,PR,South,2023-03-10
6885,46bf8daf-71f4-46ed-bbb1-4c02151bd690,da Costa,SP,Southeast,2024-02-25
6886,f6be47b1-e891-4131-8135-cb68051655be,Nascimento do Galho,SP,Southeast,2024-05-07
6887,97cf6e6d-c25d-4c74-b4ea-341101ca4c2e,Campos de Nogueira,PE,Northeast,2023-09-06
6888,e38b784d-cc9d-4242-9141-95206e883ea0,Cardoso da Serra,RJ,Southeast,2023-06-13
6889,385e1055-e493-4ca8-bddd-0dbc9bf1660a,Sampaio Alegre,SC,South,2024-02-05
6890,4b8635b2-c4a6-4c4a-b12f-daeff5a9f00c,Peixoto da Serra,PR,South,2023-09-12
6891,cb1fa573-bc88-4208-9373-c0730b91eff6,Nunes das Pedras,PE,Northeast,2023-03-14
6892,7ef4f758-71e6-4a36-9238-893071657a26,Caldeira,SP,Southeast,2023-10-10
6893,72ff9ea2-c906-405d-b038-d052ae3d132b,Almeida,SP,Southeast,2024-02-16
6894,54d3e54d-c233-4b06-8e31-fb70b5698260,Jesus de Casa Grande,SP,Southeast,2024-08-22
6895,533c46b1-4007-4ab1-9fc1-ae687130de2d,Borges,GO,Central-West,2023-06-05
6896,8cab8694-0024-4a9c-a399-1571ff5062f3,Moura Verde,SP,Southeast,2023-05-26
6897,09fa52d1-f2d7-4179-a95c-3d2976fa2bea,Ferreira,RS,South,2023-12-02
6898,2afaa00e-f6d9-48d4-ada9-6d69a8c7b965,Camargo,SP,Southeast,2023-05-01
6899,61009e1c-3390-4997-b481-d400c6ce72ab,Araújo do Sul,ES,Southeast,2024-06-20
6900,45b51947-321d-4a7a-8396-ad17ea58867e,Lopes de Rodrigues,SP,Southeast,2024-10-05
6901,abef3946-2141-4f4e-9202-5337bf92c619,Abreu,PR,South,2023-08-26
6902,7eef8149-ebb1-4c2f-bd07-14feafd5ffa4,Gomes do Campo,SC,South,2023-11-02
6903,3f152b58-bf69-4686-9de8-b35fbd8fad35,Oliveira de Peixoto,PE,Northeast,2024-07-08
6904,a22694a6-1ae9-4778-b76f-5126206bdc56,Sampaio das Flores,BA,Northeast,2024-04-10
6905,c87c3d8f-e990-465e-8c73-949fef5edd66,Cunha,SP,Southeast,2023-12-16
6906,bf87f4cc-7c5a-4cac-ad40-134e8557c6aa,Casa Grande do Galho,CE,Northeast,2023-02-11
6907,f6969b4b-a488-4a3a-bbdf-95735d911692,Moraes do Campo,RJ,Southeast,2023-09-19
6908,421991fa-c459-468e-85e1-3ccc8bcd17a3,Oliveira,SP,Southeast,2024-04-22
6909,3e226bfe-b259-45ae-a55b-635c77a849ff,Silva,MG,Southeast,2023-06-22
6910,02308614-9187-4077-a583-fa3be8cc5248,Melo,CE,Northeast,2024-05-13
6911,48d96494-965e-45ad-bf16-c9853cb9ebbf,Viana Paulista,BA,Northeast,2023-08-19
6912,e6915476-af1a-4959-b669-fdca5008b651,das Neves Paulista,ES,Southeast,2023-04-01
6913,0b102144-f687-4f9e-9999-89111c3de334,Guerra de Pacheco,PA,North,2024-09-09
6914,be6ad03d-2b9c-49e9-940e-0597e7d72613,Carvalho das Flores,GO,Central-West,2024-01-07
6915,57e66dd9-ed1e-484b-856c-610da3e76468,Rezende de Goiás,SP,Southeast,2024-11-11
6916,d49176a0-73b1-4452-84c2-76194c3742ce,Nunes do Campo,MG,Southeast,2024-03-18
6917,efca70f5-07ef-40f7-a418-861eb07a810a,da Cruz Alegre,MG,Southeast,2024-10-15
6918,83f0c495-eb6b-4d5e-a6fa-79079469c7b1,Pimenta,SP,Southeast,2023-10-14
6919,a06dc01f-f46e-4583-9452-e43e84068899,Martins,PE,Northeast,2023-10-10
6920,c866a193-b43c-459c-9b20-dac7cff7ce32,Fonseca do Galho,DF,Central-West,2024-10-17
6921,81e3dc99-7350-4035-9071-1923dae6004b,Rocha,ES,Southeast,2024-03-05
6922,aa7e86f0-6aa8-469b-9472-13827f337abf,Garcia,RS,South,2023-09-15
6923,fef9b10b-4f36-4e79-86b8-2a3d7a197bbb,das Neves,AM,North,2023-03-27
6924,d74c519d-7d22-4eeb-89f8-2ed3ad5c5b51,Araújo,SP,Southeast,2024-05-12
6925,ab802329-a6f3-4cfe-b15f-0fd9feff0378,Rodrigues,SP,Southeast,2024-05-21
6926,f511b6f4-7737-42bd-b749-de00d7172c85,Brito do Oeste,SP,Southeast,2024-03-20
6927,a454c767-0689-4440-a857-bfab50f93ad2,Mendonça,RS,South,2023-04-17
6928,634db084-37c9-44dc-88db-a48782032ecd,Cassiano,PA,North,2024-05-14
6929,b62b6006-b72a-4824-b286-ec3230d4d1a6,da Paz do Sul,PR,South,2024-08-02
6930,68a721b5-3068-4a88-a778-feaf3c7dea5f,Cardoso da Prata,RJ,Southeast,2024-06-15
6931,0b10567c-c40d-4616-ae9f-477255417f43,Câmara,CE,Northeast,2024-11-14
6932,f645fab6-ffea-47f5-83d5-aee01645864a,Rodrigues,RJ,Southeast,2024-09-08
6933,3210b523-50a7-46a7-a480-a4f2cd18ffcd,Marques,SP,Southeast,2024-10-20
6934,abc4ce1c-b1c1-4c7c-9045-98f73ce68c4e,Campos da Mata,GO,Central-West,2024-08-12
6935,43320022-27e7-4f64-b353-55519f817220,Correia,SP,Southeast,2023-09-02
6936,3ee409a1-20c1-4a7c-b7f4-c98523c05ef5,Mendes do Amparo,RJ,Southeast,2024-11-19
6937,cace510f-6c83-45b5-8ac1-c50513287d7c,Andrade Verde,RS,South,2024-09-10
6938,505fe659-5b60-45ef-b5da-3a963e36edc5,Ferreira dos Dourados,MG,Southeast,2024-02-08
6939,e9ca8e13-0aba-40ff-bd16-e3c1fc98036a,Andrade,RS,South,2023-02-10
6940,78633078-1d11-4c12-a93c-19150a7bfebf,Barbosa do Oeste,RJ,Southeast,2024-03-26
6941,43f5c5f3-4f25-444b-b970-a4486b0861f2,Nunes Paulista,CE,Northeast,2024-08-10
6942,6441babd-cc98-4235-b858-f301cca047a9,Vargas,CE,Northeast,2023-02-08
6943,904fda43-8d0f-44a5-9b97-0c2328fd74e1,Ribeiro,GO,Central-West,2024-10-05
6944,a286af80-f4e0-458b-97de-d33198d947f3,Mendes,BA,Northeast,2024-03-18
6945,c92357a7-c17d-4bdb-bb7f-d088ad4fecb6,Leão,RS,South,2023-01-27
6946,bc253805-7006-44a7-8798-0ab9532e76cc,Caldeira Grande,SP,Southeast,2023-07-05
6947,e806abcc-2640-4bb1-9e8a-adf12b3a67bf,Rezende,SP,Southeast,2023-12-03
6948,5d5b8543-06c3-4d4d-a1df-c05cb5c81c42,da Rocha da Mata,SP,Southeast,2024-02-27
6949,5a4a9f63-b1e9-4c4b-8eb5-848f6b53ba4e,Rios,BA,Northeast,2024-04-12
6950,5ef87075-41b5-4e5b-afd2-c655011e747b,Duarte Alegre,PE,Northeast,2023-09-17
6951,204612c0-0d11-4275-953d-549a94a451d7,Cunha Alegre,RJ,Southeast,2024-11-30
6952,7f98638d-7fed-4e8a-81b1-a6056dbf8a01,Vargas de Nascimento,RJ,Southeast,2023-09-12
6953,4fc5e5fd-ac12-4441-8d50-883a9b1025a3,da Conceição,SP,Southeast,2023-02-18
6954,68f1fe4e-7cf7-46bf-a30b-c715a56b22a2,Oliveira,RJ,Southeast,2024-10-12
6955,434a54ac-0fcc-45cc-99c1-510cb921fc8c,Andrade do Sul,SP,Southeast,2023-06-14
6956,bde896b8-b1bc-44f9-ad8d-afc0850122e2,Guerra,SP,Southeast,2024-07-14
6957,a922f180-b88b-4d28-a085-040b90c8e07d,Lima,SC,South,2024-02-15
6958,04727dff-9014-4b7b-addb-870ae3c9682b,Rodrigues,BA,Northeast,2023-06-26
6959,90719ff9-0fe3-4ed5-a650-8e1a2f0aff9d,Freitas de Fernandes,PE,Northeast,2023-04-02
6960,1aabc3e8-6681-4708-85fb-2b20ad315ef7,Vargas de Pereira,RJ,Southeast,2024-09-23
6961,f044e1b6-a4b0-4a65-ae81-a8a309811a96,Alves de Silveira,PR,South,2023-08-22
6962,ad9f8393-573c-4173-b4c8-9661112fc376,Cavalcanti,RJ,Southeast,2023-11-10
6963,95823e74-350b-4a36-8e4a-04d809e676fe,da Cunha,SP,Southeast,2023-04-03
6964,75043b12-087d-49a5-9c91-e8e54f30d268,Peixoto do Amparo,SC,South,2023-11-17
6965,1d5036a8-e990-482e-a9e1-050ae4e0401e,Cirino de Minas,SC,South,2024-10-16
6966,af94fc34-3192-485d-a628-5d8e8d1d9b63,Sá,SP,Southeast,2024-01-27
6967,96920f46-3b30-43e2-9161-bc66afae9588,Sousa,SP,Southeast,2024-05-12
6968,eb7c4262-93f7-4f1a-a855-482098a51177,Viana Grande,RJ,Southeast,2024-03-24
6969,56511a10-d9a0-45a8-80a0-333e1ccb27cf,Alves,DF,Central-West,2023-06-13
6970,2c5fc4e1-28dc-4e48-95c5-292c7afa7121,Aparecida do Norte,GO,Central-West,2023-11-27
6971,e26c01cb-203c-4303-8f29-68d4e5d0af0f,Moraes,SP,Southeast,2023-07-14
6972,71c8e15b-769a-4566-a701-92e23bb14342,Cirino dos Dourados,PR,South,2024-06-02
6973,493c0253-50c8-401f-8ddc-303cc787021c,Mendonça da Prata,RS,South,2024-07-27
6974,ca0ea52e-71e5-4252-a39e-930c89131c17,Novaes,RJ,Southeast,2024-07-27
6975,66756e5c-0fe8-4fff-a531-f1d5eefbf9a5,Cassiano,PR,South,2024-02-12
6976,84bfe58c-a905-450f-b166-73b728a5c4a4,Barros,SC,South,2023-03-19
6977,6be01cee-2adb-4302-bf30-2e67fb190885,da Rocha,SP,Southeast,2023-04-03
6978,6b493c5e-b424-4cf3-aa7c-2cfc4239433a,Montenegro Verde,RS,South,2024-11-10
6979,e18bc945-bd9b-4899-a329-a52952f48bbf,Mendonça das Pedras,MG,Southeast,2023-09-27
6980,6abda041-915f-4f53-983a-7dd5035d3469,Ramos,SP,Southeast,2023-12-15
6981,f36824d1-d48f-442b-a2d8-88476d34cd77,Macedo Grande,PR,South,2024-02-11
6982,eab471de-41cf-409d-a0ac-2cd1b1dcbdad,Cavalcanti da Praia,SP,Southeast,2024-01-30
6983,8cd428e8-73fa-4da4-b7af-51d876063072,Sales de da Cunha,SP,Southeast,2023-10-28
6984,e7f8cdfa-8c26-4259-beac-652a78224ffa,Albuquerque dos Dourados,SC,South,2023-03-26
6985,b2f6900c-b266-47ff-8f7a-895f00ec290b,Leão Alegre,RJ,Southeast,2023-08-19
6986,c682fc1a-7549-434e-b7d5-94677a825606,Lopes,MG,Southeast,2023-02-11
6987,9d64f431-e7a6-46b3-a46c-68d3161f0171,Cassiano de Nogueira,SP,Southeast,2023-06-08
6988,85bf7576-661d-4ca4-a7b2-38ed4e6aa776,Vieira,RS,South,2023-10-08
6989,cbf12ed9-833c-4fab-a2e6-942f9946f64c,Guerra,SP,Southeast,2023-08-18
6990,b51b08c7-123a-4767-b834-a149afe05f6d,da Cunha do Campo,PE,Northeast,2023-08-13
6991,57731b00-0055-46e9-86df-5dba700311ee,Monteiro,SP,Southeast,2023-08-20
6992,f1068b87-8415-48a2-a53d-c4e31314847d,Andrade Alegre,MG,Southeast,2023-08-10
6993,65d72681-b79c-4c23-ba87-e001631f0d29,Vieira,SP,Southeast,2023-10-31
6994,d6de5438-b0a2-4dd3-9303-67d133861699,Garcia da Mata,SP,Southeast,2023-01-22
6995,deb4b9ae-f82b-45e2-b8d1-b7d5ffdc690c,Porto de Minas,CE,Northeast,2024-05-09
6996,8610fd12-9527-44da-b759-ad2124f3cf37,Campos,PE,Northeast,2024-02-29
6997,c3022e17-c2ce-454c-ac98-6218e14f5dd1,Carvalho da Prata,PR,South,2024-08-04
6998,fba4aed8-3cfc-4467-9c68-1e52af494d53,Rocha Paulista,SP,Southeast,2023-07-10
6999,cab39e59-661e-4fe8-96a4-fb2d154cfa54,Barros,PE,Northeast,2024-08-17
7000,fa237ec8-15e9-4019-9a9b-2c8393a93906,Novais do Sul,MG,Southeast,2024-08-12
7001,ee538685-00b5-44b4-b0a3-522885b56b35,Melo,CE,Northeast,2024-02-01
7002,c789ac31-83b2-4b18-b130-088b004cfbd5,Mendonça do Campo,BA,Northeast,2024-01-08
7003,7ac307b6-0a16-4f21-aba9-2adc5df4f636,Rezende de Caldeira,PE,Northeast,2023-09-27
7004,78a6d44a-0e08-4bdd-b2f5-1ee4b97adf6c,Araújo da Mata,MG,Southeast,2024-01-09
7005,f99c58ae-6cb5-48f3-b995-5dd139e0f5bd,Siqueira dos Dourados,DF,Central-West,2023-08-29
7006,b30b1649-73f8-433a-a11a-452898dbb72c,Ramos,RJ,Southeast,2024-01-01
7007,154f0d60-698b-4f94-8b2e-0335e9799c8e,Duarte,SP,Southeast,2023-05-18
7008,08f4f508-1772-4e1c-913f-6606f97543aa,Aragão,RJ,Southeast,2023-09-10
7009,d0b3b3f2-0d0e-4789-b80f-3182ad210d5a,Monteiro,BA,Northeast,2024-08-15
7010,07300eb5-5cb3-4095-bca6-15718e260057,Albuquerque,SP,Southeast,2024-06-03
7011,59178c84-260a-486f-8c4e-00ec5f4a1286,Nunes do Amparo,RS,South,2024-07-02
7012,ee277ff5-c339-4513-afa2-c76a29d9525f,Santos,RJ,Southeast,2024-09-10
7013,0863c0d1-2cf5-45b8-9e26-696faec3f7be,Albuquerque,SP,Southeast,2023-12-23
7014,9ebf2385-2c11-4e6e-acb1-5b9bfd60bb05,Fonseca de Pinto,RS,South,2024-10-22
7015,44df2d21-792e-47dc-9a61-3a66ca61de75,Rocha de Sales,MT,Central-West,2023-08-18
7016,efe3d82e-dc2f-492b-a9e2-6bfca769736a,Porto de Goiás,MG,Southeast,2024-08-11
7017,52402243-6c19-4b23-9961-a398de3f7aa4,Souza de das Neves,PE,Northeast,2024-04-16
7018,2ac06663-c294-4d0a-94d7-b7364120ae49,Cassiano das Flores,SC,South,2024-05-24
7019,9d93615c-ae32-4c53-ad9e-9a10a9c15adc,Rios da Serra,PR,South,2023-03-08
7020,678aec24-1558-4e63-8802-02500e6042fe,Camargo da Praia,GO,Central-West,2023-06-25
7021,70d8d2c4-3610-4e5b-b803-3157c74fba78,Aparecida da Praia,SP,Southeast,2024-04-04
7022,fed045c4-e5e8-406c-a684-52b917c95208,da Costa,PR,South,2023-02-28
7023,fbb97c38-c7ee-468b-affb-89b57565e38f,Macedo,DF,Central-West,2024-05-03
7024,c0687aaa-cbd5-49ac-ac7a-cb76ca17156e,Sousa Verde,CE,Northeast,2023-06-01
7025,9ba0f67b-afcd-47d7-888a-c8b7c57d828e,Garcia de Nascimento,SP,Southeast,2023-12-29
7026,e687cc1e-ad12-4e41-be58-ca2d1d7e8d27,Vargas do Sul,SP,Southeast,2023-10-10
7027,57eff244-51fa-4289-87ba-d3f1d6654397,Vargas de Borges,PR,South,2023-01-29
7028,4d1a0af7-7532-46cc-8bb3-fb51ceef026d,Fonseca,RS,South,2024-05-17
7029,b93d0525-9d89-48ce-8c5b-ba78855df63b,Moreira do Galho,MG,Southeast,2023-05-17
7030,96964a9b-45da-418f-8668-86d1142ee8fe,Moraes,AM,North,2023-08-09
7031,d1c9ebde-f4bc-45db-b620-dbd50eed8a3b,Montenegro das Flores,SC,South,2023-11-14
7032,0b8dd20e-bc06-4165-8882-83312bc11d29,Macedo Paulista,PR,South,2024-11-21
7033,909fbd3f-06dc-4783-94a8-d26243f9fd9b,Costela da Serra,RJ,Southeast,2023-08-27
7034,3e5521ec-c3cd-41ab-9fb6-f3974228ee4f,Casa Grande dos Dourados,PR,South,2024-06-04
7035,18e03643-1bf9-4b96-9756-6c3abc944672,Borges,GO,Central-West,2023-05-28
7036,e93a2edc-0e87-49c0-b679-ed15b104781e,Sales de Minas,BA,Northeast,2024-11-28
7037,690d40b1-4012-42a4-88c3-6fd7f6501bd7,Moraes da Prata,PR,South,2023-01-07
7038,524e48e5-ba15-4ac8-bed6-d62dab167f5d,Cavalcante,MT,Central-West,2023-02-24
7039,d3a61223-5b62-4d25-be25-b50c138d41d8,Campos do Galho,RS,South,2024-01-02
7040,d1989172-0d64-4971-b5ab-45efaa7f8799,Silveira de Sales,PR,South,2023-03-14
7041,b1743e03-4666-495f-a69d-152f32d4cddc,Teixeira,SC,South,2024-06-26
7042,25d60140-27fc-40ec-a27e-f5960a35c8fe,da Luz Grande,MG,Southeast,2023-06-15
7043,f2c1e33d-f7c2-4c20-9dbf-4277589e4b66,Ribeiro de Carvalho,RS,South,2023-09-12
7044,54f63c68-d9ff-4af9-95bf-0d58023702d6,Nogueira da Serra,MT,Central-West,2023-07-03
7045,dea73968-845c-476e-930e-ea1ad2984539,Vieira de Novaes,PE,Northeast,2023-01-31
7046,9c191331-b7df-4eb9-9a1b-0257dd4d7474,Azevedo,SC,South,2024-05-21
7047,482ba1a0-cdea-445c-8239-e970da96e847,Rodrigues de da Cunha,RS,South,2023-12-06
7048,47b0c1ec-8a32-4480-ba95-83c59bdd9bc7,das Neves de Gomes,SP,Southeast,2024-02-18
7049,9578ce6b-2cac-4acd-8b70-a26c01426da5,Marques,PR,South,2024-02-01
7050,b8974502-7b55-4dcd-9a8b-aac1f55a67a2,Rodrigues do Amparo,PE,Northeast,2024-01-26
7051,2e240f8b-e12c-4734-8b5d-e8a8fc962f6f,da Luz,RS,South,2023-05-22
7052,2ee3ac82-7540-48e0-941a-0f656e06112f,Fernandes de Nascimento,PE,Northeast,2023-07-07
7053,58195e87-457c-483f-8f05-23c50c23abb7,Pinto,SP,Southeast,2023-12-30
7054,6c7faeb5-2e51-4039-a5a5-723fd509bb73,Lima de Pinto,SP,Southeast,2024-03-16
7055,a62855e2-84ba-42fd-80e1-e75feb633ae2,Pastor de Nogueira,CE,Northeast,2024-05-26
7056,787bacc1-f0d2-421a-b605-ae29865523f8,da Rocha Paulista,SP,Southeast,2023-09-24
7057,e22b9771-420b-42f2-8341-afde5452dd67,Teixeira de da Rocha,MG,Southeast,2023-08-21
7058,47131514-3c50-4abb-91bb-c208f76afb78,Camargo,RJ,Southeast,2024-10-24
7059,febfe1b8-ed1b-4acf-9c41-a509eb06756e,Silveira,SC,South,2023-12-14
7060,b121b721-fdba-479c-94cc-72eeef84cc0d,Leão,MG,Southeast,2023-04-07
7061,00d5b7fd-eabc-4764-a3f9-30c6fea608ae,Pereira das Pedras,ES,Southeast,2023-01-21
7062,55370e6d-7424-4500-b204-63da2e973a61,Sampaio,CE,Northeast,2023-03-04
7063,607b0110-404c-49c7-b573-947e94d863d1,Moreira,AM,North,2023-03-02
7064,273789fe-1c62-4050-86f7-960c9a51cbea,Moura da Mata,RS,South,2023-04-08
7065,9aa28ce1-7a80-474e-8b6b-4bfcc9a1db15,Lima,SP,Southeast,2024-06-25
7066,59770a37-ab48-4fb7-89cf-9646b8011c29,Campos de Minas,SP,Southeast,2023-12-01
7067,8dec22ff-68da-4bb3-9c32-3961fb2f297d,Carvalho Grande,RJ,Southeast,2023-01-29
7068,de28e2ca-3d70-441c-abed-b454b383d8aa,Martins,BA,Northeast,2024-08-04
7069,55d56d09-6b3c-45d6-a840-484507399d2c,Moreira do Sul,PR,South,2023-03-13
7070,3b68a68f-f7c1-4480-90ea-25b4ddcbab13,Garcia,GO,Central-West,2023-07-13
7071,216ad437-b4e0-4890-a19e-2a6e08fdd5d2,Porto de da Rosa,SC,South,2024-05-25
7072,3692f3ff-0d88-4247-bf81-e51c3dc40804,Rocha de Cavalcanti,SP,Southeast,2023-08-12
7073,a68b9e0c-e9e1-4053-a28c-35eecef50629,Azevedo de Nascimento,MT,Central-West,2023-04-10
7074,2975a005-a611-46cc-a2bf-d68369f27da1,da Rosa dos Dourados,CE,Northeast,2023-06-08
7075,6b1a48b8-5a26-4a82-9fd4-9991df48d169,Azevedo,PR,South,2024-08-10
7076,214b836f-1aea-41d2-8e75-bbc2ccbfbdc8,Costela,SP,Southeast,2024-03-27
7077,7dd5be8f-03ab-4a34-b2d2-c3a78b29c92e,Novais,RS,South,2023-07-01
7078,c21fb20d-8a22-438d-bcff-43c6e771b626,Gonçalves,ES,Southeast,2024-03-31
7079,b26b9ba7-51a6-4439-93db-e8226a8bd940,Ferreira do Galho,SP,Southeast,2023-02-09
7080,606ffff0-66be-45d6-837b-40b254d1fcea,Fogaça,GO,Central-West,2023-05-04
7081,d5587010-b56a-44a0-937b-84366ed9a39d,Barros do Galho,PE,Northeast,2023-11-16
7082,a0e3fbf5-2a4d-4662-875a-58b8ee1a878a,Fernandes,GO,Central-West,2023-04-21
7083,2bddf9ef-f02a-4cc9-9376-78df23b6ea80,Lopes Verde,RJ,Southeast,2023-07-04
7084,50ebda02-ece2-4b67-a94d-11330a9ffb25,Gomes Verde,PR,South,2023-06-21
7085,86a61c2f-9b10-422d-b6f9-f08eec1ea2d3,Cavalcanti da Prata,DF,Central-West,2024-05-24
7086,fe585a7e-2804-4757-a3fb-d3828062677e,Machado do Norte,SP,Southeast,2023-06-08
7087,3e1707b1-0b61-483d-a774-1bc2540dff12,Rios,PA,North,2023-12-12
7088,2ae5546b-acac-4dfe-96f8-e0d638604a9d,Borges de Vieira,GO,Central-West,2024-11-05
7089,2ae6fb88-dd68-4f58-812f-ccd3bbcc54c4,Souza,PR,South,2024-02-03
7090,353e83e2-044b-43a5-aaff-b33328caa46d,Garcia do Galho,BA,Northeast,2023-04-30
7091,2074649b-4b00-4b02-baeb-f24a6fbd12f9,Souza de Mendes,RS,South,2023-03-09
7092,6d6f0d8e-22dc-44cb-a3a2-8b1d8b8e4c86,Cirino do Amparo,RJ,Southeast,2024-01-10
7093,bd20c06b-7677-4dd8-8778-9f1b24ded4ff,Alves de Goiás,SP,Southeast,2024-05-17
7094,fe72f0e4-817d-4a03-819c-5d082648770f,Machado de Novais,SP,Southeast,2024-02-18
7095,70089e88-44c5-4f4c-94c7-05a939fbaff2,Souza,SP,Southeast,2023-03-02
7096,aa745d5d-2e97-4604-a81d-7c0d01db57c0,Câmara,DF,Central-West,2024-05-06
7097,58d24990-a21f-44ab-a342-0fdb4415f0cb,Mendes de Goiás,PE,Northeast,2024-11-06
7098,2c6976f1-6cdf-45f4-a405-67635795619c,Rezende,RS,South,2024-08-28
7099,d9f35979-cde1-4c3e-9bd8-e681210a6c4d,Monteiro de Ramos,SP,Southeast,2024-06-16
7100,0e51bc13-095b-4295-8460-e457b6be0683,Farias do Oeste,SP,Southeast,2024-11-01
7101,b4a9fe0b-5b40-4ea1-87de-9cb556f3c0f6,Cunha de Araújo,RJ,Southeast,2024-06-23
7102,76581fee-c6a4-4a31-a036-34bff10757eb,Souza,PR,South,2024-06-28
7103,20667c02-d32d-4358-ab50-4c94a2d2c137,Novaes,ES,Southeast,2024-07-13
7104,cf6324b4-eca9-4b9d-90d9-3b8b582a00f0,Almeida de das Neves,SC,South,2023-10-17
7105,412bbecb-c9e5-443b-a9c8-96f8b58d332b,Teixeira,RJ,Southeast,2024-04-03
7106,54c0d4f4-2703-4a33-b890-be80ba10eee6,Fernandes da Mata,BA,Northeast,2023-10-27
7107,9a8792d1-856d-4bda-a919-732fe88288ee,Pacheco,GO,Central-West,2024-03-12
7108,ea5e632a-e472-4f88-b32a-8f49cbb72d0a,Rezende de Andrade,MG,Southeast,2024-01-22
7109,6a62bb9c-1a9f-4ce2-9ab0-dc514b0d4cbd,Novais de Nascimento,SP,Southeast,2023-01-25
7110,5c1452ca-11b3-4913-b44f-a63bda9338f6,Porto da Mata,MG,Southeast,2023-11-26
7111,75d1f17b-a519-444d-9e93-f2fb6654c3dd,Moura,PR,South,2024-09-16
7112,fc8ae9bd-c969-4fac-9766-92bd6416e20b,Garcia do Sul,RJ,Southeast,2024-05-24
7113,474e3b69-f721-4f63-b6c2-c7be4c098021,Souza das Pedras,PA,North,2023-10-22
7114,350cf740-3a6f-4411-bf01-1eb77fdcadde,Silva,BA,Northeast,2023-02-26
7115,120fc4a7-d91f-4066-9fa4-3a622da61acf,da Paz,PR,South,2023-02-12
7116,5a2d022f-548e-4df4-9a2f-86238b5b600a,Sales de Macedo,SP,Southeast,2023-04-02
7117,d9590bbb-a8c3-47b7-82b4-8c41076d07c5,Castro de Goiás,RJ,Southeast,2024-08-24
7118,f0a4f07e-4303-4244-9d6e-06e8ad6971c0,Pacheco Verde,BA,Northeast,2024-08-07
7119,f5799eaa-476f-46d5-9784-a939ad6fee1b,Leão,PR,South,2024-10-18
7120,699edeed-7cfa-400c-8822-5318464b53f2,Porto,RJ,Southeast,2023-02-19
7121,34d1f9ee-52b2-4802-983a-51218e1edf2b,Barros,PR,South,2023-02-18
7122,0c153304-b7e9-454f-b1ad-912420f74d29,da Cruz,MT,Central-West,2024-01-30
7123,b19d78e3-0768-470c-82fb-a3d1936f88ce,da Costa,SP,Southeast,2024-07-04
7124,7fb14b4b-812a-4c82-b200-a6f9b8a9c83c,Teixeira,SP,Southeast,2024-12-01
7125,394df2c9-8b57-4c11-a4ce-d0a1603c5f4f,Fogaça,CE,Northeast,2024-06-04
7126,0da7c237-9fe2-4adc-8cba-b2b16c9ed150,Novaes de Minas,ES,Southeast,2023-07-02
7127,04541f13-ac74-4301-8a74-5def09c6e17d,Fonseca,ES,Southeast,2024-11-28
7128,7500331b-34ea-4001-b7ec-f916d1906428,Costa Alegre,RS,South,2023-08-08
7129,2119d4ff-056b-47bf-b558-aace6758e53c,Mendonça de Cavalcante,SP,Southeast,2023-07-10
7130,12250b77-75f7-47b7-8456-9cb382f1417e,Garcia da Praia,DF,Central-West,2023-11-24
7131,9ef98613-a8f9-4d8e-ae76-59e39bafe924,Martins Verde,SP,Southeast,2023-07-28
7132,5a7be91e-4bba-4a39-a5e1-9ec1aaf403ca,Fernandes de Nunes,ES,Southeast,2024-08-07
7133,5ef04225-91ee-4bf8-9c92-2c0657dfde3b,Alves Alegre,SC,South,2023-01-16
7134,3d700453-a606-4af6-a584-5c8952ff6f83,Carvalho Verde,SP,Southeast,2024-01-26
7135,716fafaf-153e-4a00-a1ac-b03bb5c76204,da Rosa,SP,Southeast,2023-04-30
7136,e3dd0b38-e015-4d1b-9d53-23e58391f85d,Barbosa da Prata,DF,Central-West,2023-01-05
7137,f12ad3f3-5850-4809-9fcf-df543968d9ea,Sales,DF,Central-West,2024-11-06
7138,da6df5ce-bd33-4897-a188-0028501d0201,Casa Grande do Norte,PE,Northeast,2023-12-05
7139,ab323824-e4eb-4b45-b400-6463f141671d,Vasconcelos,AM,North,2024-02-04
7140,a66db249-64f4-4e7a-9305-b643c261f93f,Brito de Minas,PE,Northeast,2024-01-16
7141,2f5a756e-b5b3-44c4-a110-20ab9c39e4eb,da Rosa,DF,Central-West,2024-02-16
7142,7dce18b0-5fcf-4f6f-a85d-8edad50d12c2,Santos da Mata,SP,Southeast,2023-05-26
7143,cdc7dea3-0f5e-4d86-a620-c92b51d5db5f,Aparecida,PR,South,2024-09-28
7144,22b089c7-aa31-4ee0-8e8c-9c65ca1c2593,Pires de Gomes,RS,South,2024-03-08
7145,43177b8e-e1b7-4c11-9f7a-61fac3d94859,Costa de Alves,RS,South,2024-10-03
7146,8c034a8a-c64c-4a80-bb0b-f375834cd0eb,da Rosa,RJ,Southeast,2024-10-31
7147,d2919b85-3044-4fc4-8e82-cf50f3796ab2,Rodrigues de Goiás,BA,Northeast,2023-10-07
7148,17709a00-efeb-42bc-b936-ff392c1c0a75,Sousa,MG,Southeast,2023-01-11
7149,fdc52c85-e0c8-4a48-88d5-de25fdf4ca04,Albuquerque da Serra,MG,Southeast,2024-02-28
7150,c5dd049d-ffa8-4a5e-b345-3927952f1308,da Conceição da Mata,RJ,Southeast,2023-07-14
7151,c93670a9-cb57-4bb6-95e3-1909a4dc3ff3,Oliveira,PE,Northeast,2024-05-14
7152,cc16687d-2d10-4257-971a-e5ed4021b7c1,Novaes,SP,Southeast,2023-01-11
7153,b7eb0923-5c98-4385-89ed-d3b6e6b39de4,Fogaça,SC,South,2024-02-09
7154,953f2211-5125-454e-9259-3c477a6b003f,Santos,SP,Southeast,2024-04-04
7155,d13a895f-ecd1-44fc-8845-ac2706e38d30,Pereira de da Cunha,SP,Southeast,2023-08-17
7156,e9308a4f-ccec-43a7-a2e4-429916aa9954,Cassiano,SP,Southeast,2023-04-28
7157,0216d820-6819-4119-8d6f-c56d532dcae4,Novaes,SP,Southeast,2024-05-15
7158,f46e8c4d-1643-494d-9826-e4a6e6694f3f,Costela,SP,Southeast,2024-07-03
7159,f69669ee-bdb3-4ff5-8d77-7e4dccc74f10,da Luz,RJ,Southeast,2023-09-20
7160,5dec7ccc-b5c5-4d9f-8099-527acd11435d,Azevedo de Costa,GO,Central-West,2024-02-12
7161,af84add6-c463-490a-99cf-c5aa36deece6,Sales da Serra,RJ,Southeast,2023-10-21
7162,8bff5388-6d71-4216-b630-b50de47a78f4,Borges da Serra,RJ,Southeast,2024-08-06
7163,d1c3516e-4a54-45f3-bd3d-4d087e5a86ad,Camargo,SP,Southeast,2023-05-03
7164,06a2afeb-2696-486d-9dd2-c38ac49bdcf1,Pinto,RJ,Southeast,2023-07-26
7165,b52f1129-b220-4f32-a202-8858161891b0,Montenegro,GO,Central-West,2024-07-22
7166,0a18501d-394a-4116-be72-54691565b21b,da Rocha,PE,Northeast,2023-07-25
7167,8f7bd817-4e29-4617-9bfa-edfc97917131,Castro,SP,Southeast,2023-02-06
7168,9a331379-f366-4756-8690-81e59e39c62f,Novais,MG,Southeast,2023-04-22
7169,b61e9e5d-873e-41b2-a50c-b05b8b87760e,Pacheco,SP,Southeast,2023-02-08
7170,4d5116cd-6983-4150-ad6b-dc9b613d98d2,Castro do Oeste,PE,Northeast,2023-07-08
7171,1b91ba8a-9280-42aa-9312-89471df4d71f,Moraes,SP,Southeast,2023-03-11
7172,378a9213-abb3-4204-91f2-4fd82771c5f8,Duarte,SP,Southeast,2024-09-22
7173,ba209b9d-8fc4-4937-b6d7-7d91647e7d75,Brito,RJ,Southeast,2023-05-27
7174,3bc6f4ba-26cf-4ce8-b587-a482713884dc,Pires das Flores,MG,Southeast,2023-02-12
7175,4ce68b19-fde0-4178-8dc8-196e7d32c7e6,Mendes,SC,South,2024-05-30
7176,a7bad5f1-dbb6-44a3-82e7-848415c78ccb,Sales,BA,Northeast,2023-07-13
7177,179d2728-902c-41fc-a6e3-c5e08c40476c,Montenegro,BA,Northeast,2023-11-22
7178,4a6248e6-7aa8-4007-8342-2f31cb0e12c4,Duarte,SP,Southeast,2023-01-15
7179,1cacfbab-07b9-425d-9de7-1d45d029f8e3,Silveira,GO,Central-West,2023-12-16
7180,05de7ead-28ac-4558-881e-e77d34b8c32c,da Mata,CE,Northeast,2023-09-14
7181,97a9bc72-4374-43d7-8c8c-1daef3e33093,Lopes do Sul,DF,Central-West,2023-12-25
7182,418fe315-139c-4bb3-be3b-534bf5494b5d,Vargas de Gonçalves,MG,Southeast,2024-10-21
7183,b72ed2c7-d38d-465e-8edb-24f1584e24c3,Marques de Ferreira,SP,Southeast,2024-01-25
7184,5bacd515-274b-452a-b40f-1f18c04a00cb,Cassiano de Câmara,SP,Southeast,2023-10-26
7185,c182d5c5-6098-4383-9354-988e13430877,Campos,ES,Southeast,2023-08-19
7186,3222fab3-d5d2-413b-86ae-531464f5b0c5,Ramos de Montenegro,SP,Southeast,2023-07-19
7187,a6fea498-17c3-4ec6-93ab-1631ba640f90,Dias,RJ,Southeast,2024-03-25
7188,c14a81a5-b0a5-44af-a389-3cdbc54251eb,Alves de Correia,SP,Southeast,2024-03-27
7189,9caf6869-92c5-43fb-9b5d-c575c27b2f57,Vargas do Oeste,SP,Southeast,2023-09-09
7190,dea12470-6620-429e-acad-b4c10f782400,Almeida de Albuquerque,PR,South,2023-10-22
7191,47eb6203-9b87-41ee-9803-cca7586a2ad4,Peixoto das Flores,PR,South,2023-05-27
7192,3edd4f0e-9ac6-4e9f-afb9-257165afc237,Vargas,PR,South,2023-11-22
7193,76120622-b0a5-4488-b7db-f5313f710a1a,Alves,SP,Southeast,2023-03-08
7194,ae62498f-be00-40f6-9bac-1c4a7e3f3a28,Moreira do Sul,MG,Southeast,2024-07-01
7195,7ed79b91-947a-4be8-86c3-fc60c8069cd0,da Mota,SP,Southeast,2023-06-23
7196,6bbd3b4e-8f37-4139-8c6e-2d47a7ed47d5,da Cruz,RS,South,2023-11-26
7197,372a857d-4c59-404d-b759-0e762ebf3f1f,Sá,RJ,Southeast,2023-05-27
7198,88d616e6-e3b9-4408-966f-eb1767fe1658,da Rocha de da Paz,DF,Central-West,2024-12-01
7199,b18887b2-8aad-485f-b222-e140e1b61b0d,Pinto,SP,Southeast,2024-01-26
7200,3e4fd83b-2bcd-4d80-a6ad-e006e011cc2b,Farias de Peixoto,SP,Southeast,2023-03-01
7201,93e8b90d-d73a-4e2d-8155-0f52bb7202dd,Cirino de Casa Grande,PE,Northeast,2024-08-03
7202,5334ac98-e3ab-4d80-99d5-c321864c1d67,Rodrigues,SP,Southeast,2023-08-18
7203,567136ce-f20f-4a17-8ce7-a5305fb39348,Fogaça Alegre,BA,Northeast,2023-02-06
7204,3629a4ef-1cd1-4e09-9ec9-cda8ffba47b9,Oliveira,PR,South,2023-03-17
7205,0620078b-c81e-4fa3-abbb-8d0ef46ec77e,das Neves,SP,Southeast,2024-05-02
7206,c73db7d2-2a43-4bbf-9ca7-889884f61a6e,Lima,GO,Central-West,2024-10-22
7207,e8ac133d-8f90-4d4c-8aeb-d4687ee03bf7,Novaes,RJ,Southeast,2024-09-22
7208,65791c66-3209-456b-bd31-aa11b5df0c1e,Casa Grande,RJ,Southeast,2023-09-01
7209,0459b778-8829-4211-bd92-c26bf3edd04d,da Luz,RS,South,2024-09-19
7210,415db5e7-6944-4b9c-bc42-3c26b1e22571,Fonseca de Moreira,SP,Southeast,2024-10-13
7211,e609bbbc-6bcc-4920-a9cd-b7164faadd5b,Moreira das Pedras,MG,Southeast,2023-06-06
7212,b632b54a-f198-4c95-bac7-979abcf11ff6,Brito das Flores,MG,Southeast,2024-01-04
7213,169d3903-c448-4511-bdb8-52663b1b7e97,Andrade,SP,Southeast,2023-10-21
7214,7516191b-1b0b-42c9-ba5d-38cc667bae90,Ferreira da Serra,SC,South,2023-06-28
7215,664e8907-7b14-48b4-b138-46fd9338eda6,Campos,MT,Central-West,2024-02-02
7216,4d49f390-836d-4cf3-9bbc-d799429910e0,Moraes,PA,North,2023-06-14
7217,c6b88191-bfd1-48f2-9c64-79c61a7af3f8,da Cunha de Minas,RJ,Southeast,2023-01-22
7218,8b46de99-2da2-4e52-b07d-54785eafe559,Santos,MG,Southeast,2023-11-04
7219,b3faec91-36d4-4b13-b61a-54a74fc5668b,Azevedo de Minas,SP,Southeast,2024-04-15
7220,1e4677ae-6196-4c64-89fc-e20c6a00944f,das Neves,MG,Southeast,2024-07-08
7221,dc186c23-07f2-4de7-aadc-e24462ff74f4,Garcia,CE,Northeast,2024-02-16
7222,9b89d383-8432-486a-96de-10e9137d2010,Guerra,SP,Southeast,2024-10-03
7223,c85ea40e-05aa-4842-bf93-5d24bf9eba03,Fernandes Alegre,RJ,Southeast,2024-02-20
7224,610ba363-4505-41f8-a16e-8381b59331df,da Luz da Serra,MG,Southeast,2024-03-03
7225,f8434845-8032-4ee2-a5f2-d47ebdd427f3,Garcia,MG,Southeast,2024-04-08
7226,ecc63423-4167-48cc-80c8-836881adbb3b,Monteiro,MG,Southeast,2024-02-02
7227,4454b3e0-fd17-4bf3-96e9-ca3c73bb51f0,Costa,MG,Southeast,2023-12-12
7228,ad397e91-cc9e-4702-a095-c0164a41e22a,Pires Alegre,RJ,Southeast,2024-02-13
7229,d8fc4966-5684-461e-bdeb-d7e047e32652,Rocha das Pedras,SP,Southeast,2024-06-26
7230,024516b6-0756-482b-ac8a-b284c9b5bbba,Abreu,SP,Southeast,2023-08-11
7231,99d96906-17bc-499c-9613-5e13d9ea0055,Ramos Grande,RS,South,2024-08-05
7232,265ba3cd-c682-4e96-bf1d-71b026f5c6d5,Moreira,SP,Southeast,2024-11-06
7233,78b93e7f-9648-43f0-8cc3-be47605c39d8,Rodrigues Grande,BA,Northeast,2024-01-08
7234,db741def-a6d1-4c6e-9957-0f0cb0c2598c,Souza de Costela,DF,Central-West,2024-07-15
7235,3b543bdb-87c6-48f8-8c3f-685363fcf9fa,Ribeiro do Norte,CE,Northeast,2024-02-23
7236,d6759c5e-5328-4bb0-94b7-d0cff13aa48f,Almeida de Vieira,RJ,Southeast,2023-11-11
7237,07853a8a-4236-458b-b194-ed4395e1d191,Jesus,SP,Southeast,2023-05-25
7238,5c579417-e829-4ac0-ab31-5783aed70096,Nogueira,MG,Southeast,2024-07-09
7239,696fded2-3060-497b-91d3-7b121d0e7717,Sá do Sul,SC,South,2023-11-04
7240,8716b3de-d0f5-47a8-866c-98543d948f32,Novais Paulista,DF,Central-West,2024-09-30
7241,f611b8d0-bed9-4c70-9f21-82e23056786c,Martins de Andrade,MG,Southeast,2023-07-24
7242,2c3769be-6b83-4025-b0e7-2b3903fe14e2,Oliveira de Farias,SP,Southeast,2024-07-18
7243,55dbb9e7-938f-4e9c-a927-fd46b6683f46,das Neves,CE,Northeast,2024-11-06
7244,f4644b99-980a-4ee9-ae65-e66bcfb16cfd,da Cunha da Mata,RJ,Southeast,2024-06-13
7245,6d80cfe3-631f-47d3-bfb4-68fd9cf148bd,da Rocha Grande,MG,Southeast,2024-03-29
7246,bdebc419-fb20-445e-95a4-a4ccd5d6ab99,Sampaio de Sampaio,SP,Southeast,2023-07-31
7247,6f643c79-d840-4fbd-9a8d-f167f81c9aa5,Melo,RJ,Southeast,2024-11-14
7248,01fc0fc0-8020-48a8-ab26-7d9a57c168fb,Camargo,SP,Southeast,2024-11-27
7249,be138ea5-ee22-4b37-b783-0f486a3747f4,Ramos,PR,South,2023-06-09
7250,4559d756-3466-4def-b263-6386fe29c9b2,Martins Verde,SC,South,2024-08-11
7251,b2764db8-48d9-448e-887c-e81da98a221b,Pacheco da Serra,BA,Northeast,2023-07-22
7252,1e174c87-ac95-4cb0-9023-af5c3bf6d178,Silva do Oeste,SP,Southeast,2023-11-21
7253,298ce609-d2c4-44e1-ba5b-201d8d0169b3,da Mota do Galho,MG,Southeast,2023-05-14
7254,175217cb-b7eb-4737-bc85-95cc9b256656,Aragão,BA,Northeast,2024-05-13
7255,77125222-0344-4031-b1e8-a350172ad6ea,Cardoso,RJ,Southeast,2024-09-19
7256,48abb1bb-9f7a-4852-b64c-5e97aededc51,Machado das Flores,PR,South,2024-10-05
7257,bd0a239a-bcd7-4da6-932c-22daf3b8d05d,Aparecida,CE,Northeast,2024-11-23
7258,ffc34906-dfbb-41b7-8544-fee9db3f516b,Novais da Mata,SP,Southeast,2023-03-08
7259,da6a7c2e-ebc6-4400-b2e7-e41317013558,Cavalcanti de Goiás,SP,Southeast,2023-01-09
7260,c61c3d58-59c1-4918-b6b0-a72650399f42,Viana,DF,Central-West,2023-02-24
7261,e45605a2-d046-4fea-a312-5624ff17bd6f,Porto,RJ,Southeast,2023-04-03
7262,acac397a-2b42-473e-bbbf-a8ea3698b1f8,Silva de Fogaça,RJ,Southeast,2024-01-01
7263,7deff4fc-a88f-411f-a7c7-3503dc049aec,Ribeiro,SP,Southeast,2023-06-04
7264,23761e87-eb15-4832-8c5b-ef4435474403,Duarte das Flores,GO,Central-West,2023-11-11
7265,f35992e3-74d3-4179-a320-6fba461f8bcc,Brito de Barros,PE,Northeast,2024-01-07
7266,2140c691-8f74-40d5-8484-e07157767681,Moura,SC,South,2023-11-20
7267,77ff9820-f5cb-4605-bce7-7237dd849b2c,Rocha,PR,South,2024-04-02
7268,98324d70-ca57-4655-8590-ca75e3de00e3,Barbosa do Sul,MG,Southeast,2023-06-29
7269,1eee23d7-93ac-42e0-ba4b-f2227cd60e9e,Leão,RJ,Southeast,2023-04-14
7270,eedab4fe-4cfa-4687-9379-19941e87d756,da Cunha Paulista,PE,Northeast,2023-06-13
7271,14ebfcda-a64e-48d0-b66a-97eb61bf4326,Pacheco,DF,Central-West,2023-06-05
7272,0f7323a7-3db9-4f74-813d-0497db33c44d,Fonseca de da Rosa,SP,Southeast,2023-05-02
7273,4d4e2528-c477-4de9-bb40-99bf2c267647,Cunha de Siqueira,PR,South,2024-09-25
7274,8424643c-aba6-469d-8505-ac21d03698be,Santos da Serra,MG,Southeast,2024-07-29
7275,b8bb90a5-ffff-450c-bf3e-1f923dbdac3b,da Rocha de Novais,PR,South,2024-04-25
7276,ba5ecc6b-f8a6-49fe-96ba-70d7acb88598,Marques de Abreu,RS,South,2023-10-15
7277,8f7d8e96-8f70-4779-b800-67c00e772f09,Pires,RS,South,2023-09-13
7278,2c2e5357-3e04-4026-9733-fba425a3dcf6,Brito da Serra,MT,Central-West,2024-11-10
7279,ba2181f7-a659-4289-803f-32ef1627e3cf,Novaes,GO,Central-West,2024-03-31
7280,2a7ec945-c144-4390-a9d6-3050f80aa176,Mendes Verde,SP,Southeast,2023-02-10
7281,9d502e63-0f76-4f1d-95e6-fe6df8ba1176,Rios das Flores,SP,Southeast,2024-01-26
7282,25fdb592-04ff-453e-ba5f-0d5269748e04,Fonseca do Oeste,MG,Southeast,2024-05-03
7283,d435b914-370a-4fbc-be24-eaf88c9fd441,Marques de Minas,SP,Southeast,2023-01-21
7284,c20b04e3-670a-469a-8eb4-502568ed0e6f,Caldeira,PR,South,2024-01-07
7285,d440759a-004c-4600-b79f-9bc5c4bec5ca,Correia,GO,Central-West,2024-08-21
7286,78ee5359-beb9-402a-be36-d4f8aed04785,Sá,PR,South,2024-04-03
7287,fbddeba0-d7c0-4ab8-97fe-8547bfcfb715,Machado,DF,Central-West,2024-05-18
7288,7cc76fa2-3ef7-4720-8f8c-d3f40bf0ce37,Moura,GO,Central-West,2024-08-03
7289,bbb15da9-c076-4606-831a-0705a1aae0f9,Silva das Pedras,RJ,Southeast,2023-12-14
7290,947d8a39-f070-409e-8ebd-c3e3c05fb0c8,Cavalcante,AM,North,2024-01-14
7291,d7350103-ccf0-4e48-bfab-7d8b095d994f,Oliveira,SP,Southeast,2023-05-19
7292,83cd2fa7-e3de-4e31-a3a9-4b00f6c24fd9,da Mata,SC,South,2024-11-24
7293,2790a014-9807-48d5-8575-38a5812ded7e,Mendonça da Mata,RJ,Southeast,2023-06-03
7294,68cc3596-dd7f-45d5-b0b4-c0d98a7380fd,Pimenta,SP,Southeast,2024-11-15
7295,da38562b-0f2c-40b2-98fd-2d5468eba848,da Paz de Rocha,SP,Southeast,2024-10-11
7296,571ece45-cfe4-4699-84de-96e0dd0d27dd,Dias dos Dourados,RJ,Southeast,2023-03-27
7297,6529adf5-788c-4151-ad54-7e1c221b789e,Rocha Paulista,RJ,Southeast,2024-05-21
7298,82844c24-991b-4365-85fe-77f716fdef9e,Montenegro,SP,Southeast,2024-08-27
7299,9602bba0-ff78-460f-b25e-1d3b1a5bc643,Monteiro do Amparo,MG,Southeast,2023-06-23
7300,dbee466a-00e4-40b0-999b-3cae93d02513,Correia,RJ,Southeast,2023-09-16
7301,21e373b6-c3c4-4f31-9576-d2324ead4349,Araújo,SP,Southeast,2023-10-14
7302,2df711ce-f997-4a8d-affd-98552f975059,Pimenta de Goiás,AM,North,2023-01-25
7303,d85c2ff4-2000-4b10-b77a-163b0eefde0b,Ribeiro Paulista,MG,Southeast,2023-06-20
7304,ed28e30d-f3f9-4bf6-abfd-154f58667341,Macedo de Goiás,SP,Southeast,2023-09-02
7305,e917ded1-9c9e-4d57-8296-82853dd46450,Martins,RS,South,2023-09-27
7306,42066ad7-d1ec-4b32-8678-72f8c0e4712b,Siqueira,MG,Southeast,2024-03-19
7307,16279342-55c3-4e89-ba23-3ea3618f9784,Moraes Alegre,RJ,Southeast,2023-10-07
7308,459241ac-2603-45c8-a5b5-32dd258a0e74,Guerra de Souza,BA,Northeast,2024-11-03
7309,20097646-1f46-4455-9e3b-89ce7a87deb7,Santos da Prata,MG,Southeast,2023-03-24
7310,a20438f9-c293-4d26-bb70-a734333a2009,Araújo,RJ,Southeast,2023-02-02
7311,d72f1825-5bb0-4f00-8c6d-ffe7b859e840,Guerra,SP,Southeast,2024-10-01
7312,687f719c-c45e-4576-ac95-1111b92c2284,Correia,SP,Southeast,2024-08-10
7313,3b05344d-6f39-499c-be18-ddf422d117dc,da Luz,SP,Southeast,2024-01-25
7314,f194c92c-8864-4060-a642-425a21281f77,Sampaio das Flores,SP,Southeast,2024-04-26
7315,c551b713-f24b-42c0-85f8-fded28ca9023,Martins,RJ,Southeast,2023-02-06
7316,d538e813-c959-4492-a52c-738e23cac64b,Monteiro,RS,South,2023-10-04
7317,5646d9a9-2fad-4436-ad3d-1ee8ac965dc7,Caldeira,RS,South,2023-12-10
7318,3abbc7cc-cf56-46e4-bbaa-f99a090c5f87,Vargas de Siqueira,RJ,Southeast,2024-06-08
7319,0d9ef371-e2a6-4fe3-b6e1-aa21b2ef1b61,Nogueira,CE,Northeast,2024-03-10
7320,247fca51-4feb-4360-9585-7083b1639f14,da Cunha,MG,Southeast,2023-12-17
7321,34547934-08b6-45a3-a567-ccffef83d9e3,Albuquerque de da Mata,SP,Southeast,2023-12-21
7322,e30b2bb4-3bb4-4892-b0eb-1a74329041bd,Rodrigues,RS,South,2024-07-19
7323,89937312-a072-4989-a1db-830f1fb0abc3,Nascimento,SP,Southeast,2023-10-16
7324,a2764813-660c-4366-9dfc-843e47eb1404,Cardoso,SP,Southeast,2024-04-05
7325,e40ee015-7ca3-4bbc-a54a-9c075c2c107b,da Mata,DF,Central-West,2023-03-28
7326,19dcf2a4-709c-42c0-b818-485776f93385,Sá do Campo,PE,Northeast,2023-11-23
7327,924518c3-6bc4-45b6-b310-f61d7a3ea716,Nogueira do Sul,CE,Northeast,2023-04-27
7328,a0b9b3c7-a70d-455d-ba2c-a0eee4c5f25c,da Rocha da Praia,SP,Southeast,2023-05-12
7329,4ea23f31-5b46-4a12-b4bd-c2c7d81a40b9,Siqueira Grande,PE,Northeast,2023-04-20
7330,aa6a83ff-7d4d-4fb4-9e1e-4023188a3893,Martins,SP,Southeast,2023-07-01
7331,6f6127a8-2847-4019-ab31-0d489ee7c59e,Alves Alegre,RJ,Southeast,2023-06-07
7332,a115ce59-253d-4ed8-b69a-12af34cd5d6f,Costa de Ramos,PR,South,2023-08-31
7333,9a3fb844-f7e1-4349-bda5-cb8cf83fb3b4,Moreira do Galho,BA,Northeast,2023-03-19
7334,4358d081-3445-4610-9de2-b1e95cd74179,Moura,SP,Southeast,2023-01-14
7335,a2ba9024-36a0-4105-8e5c-16f7fdf6a579,Câmara,BA,Northeast,2023-12-16
7336,e90173cd-9d15-4d1a-b4f1-c6899a6d4c4b,Rocha de Rocha,CE,Northeast,2024-09-24
7337,ad7f0730-37ba-47ec-9ccd-5aec8493e39d,Barros,SP,Southeast,2024-08-19
7338,3cef0b0b-05d9-492f-9f4e-b06fb181ba83,Brito,SC,South,2024-04-16
7339,c1ef8337-5fc7-4b58-8282-db589807663a,Ferreira da Praia,SC,South,2023-12-05
7340,af58c1a0-ae51-473d-94a8-9212c7854729,Cardoso,BA,Northeast,2023-04-19
7341,6f97ebe0-6568-49f9-82fd-add454e52aae,Sousa do Galho,SC,South,2023-02-27
7342,c475301c-abcc-47e5-a34d-2ee867a012f9,Guerra,RS,South,2023-07-24
7343,fd8f3ea8-3920-4ed6-b52e-9f49a56f7bcd,Monteiro das Pedras,DF,Central-West,2023-03-25
7344,4c3f6f87-deee-4136-97f7-80157895811e,da Cruz Grande,SP,Southeast,2023-04-04
7345,b9627c78-5bbe-44c3-9565-2ccf8f3c4d61,Siqueira,SP,Southeast,2023-08-27
7346,55bf3923-8719-4839-bb2a-1678003f8c79,das Neves,SP,Southeast,2023-03-23
7347,6191f9b7-783e-40a7-9b44-a6da2589f611,Cassiano,RJ,Southeast,2024-10-02
7348,90e408a6-5a3b-43ba-9343-debf1a68ea20,da Costa dos Dourados,PR,South,2024-05-02
7349,ad39e052-92a0-4688-b4b5-bf074b824317,da Conceição Paulista,PE,Northeast,2024-05-22
7350,98b28ca8-eabd-4c89-9639-a1969d7652ce,Abreu do Oeste,SC,South,2023-07-10
7351,5204c1c8-590d-44bf-9019-0c4a8e6bbcf7,Leão da Praia,MG,Southeast,2024-11-23
7352,a725a5e2-a99b-4357-8758-91e86f7b99f7,Costa de Minas,PR,South,2023-03-04
7353,7d97fb59-8377-4c89-8ee6-b4f4784d57a5,Andrade,MG,Southeast,2024-06-03
7354,da27f919-bd03-4fda-a64d-4d0e0db71d95,Almeida,SP,Southeast,2023-06-30
7355,ce819acf-bc7e-4e70-a57f-2598a9850f62,Costela de Garcia,MT,Central-West,2023-09-27
7356,aed24ab4-38b0-45af-a044-5caeabe62d42,Ferreira,SP,Southeast,2024-07-09
7357,cb736403-a824-404c-a3f9-3877bc5f6153,Costela de Silveira,PR,South,2023-07-13
7358,2b85e585-2f96-430b-93ab-1c3fb45898b0,da Paz,RS,South,2023-03-19
7359,449534f7-73b7-4c57-8147-2a1eeb0a2fb5,Peixoto,SP,Southeast,2023-11-26
7360,aae35cae-6d13-401d-90b8-4703faccde01,Abreu do Campo,BA,Northeast,2023-08-22
7361,9a6bd971-088b-4fee-9fb4-2240948bf086,da Rosa,SP,Southeast,2024-10-12
7362,6575e8af-6e48-482c-84f7-38848c789ee1,Souza,PE,Northeast,2023-10-31
7363,dbde18e8-f9e5-4bb0-b537-2547713ed7a3,Jesus,PR,South,2024-06-02
7364,c1657c6e-ec89-4be4-8de0-7f104f3e2166,Vasconcelos de Vargas,SC,South,2023-08-12
7365,a0c15094-922e-490a-a2f6-21b78ec03751,Rios,MG,Southeast,2023-12-20
7366,9d319350-5b7e-42ff-839b-edd0781241bc,Pires Paulista,BA,Northeast,2024-06-27
7367,6e455608-fde1-4736-bbfd-f54a1763be41,Viana,SP,Southeast,2024-11-30
7368,05f10481-abbf-4b6f-9dc9-c5cfd0eb4f87,Monteiro,SP,Southeast,2023-06-15
7369,4aea2c81-6a32-49a4-ab20-023718c321f4,Porto da Prata,SP,Southeast,2023-03-06
7370,599e2787-491a-4b0c-83b4-e4d41b815737,da Cruz de Silva,MG,Southeast,2023-03-03
7371,f61c1661-6f71-49ba-ab20-a590459b3fa5,da Cunha do Amparo,SC,South,2024-03-16
7372,f5dcdf5f-b04c-4cda-b6a1-e8cccaf34ebb,Nogueira,SP,Southeast,2024-04-01
7373,e1d6c076-8c91-481c-84a3-165a70c34b26,Souza,SP,Southeast,2024-11-21
7374,f1dbc1a3-e450-43e0-8950-247cc55fca61,Cardoso do Galho,SP,Southeast,2024-08-25
7375,a8c01450-07ad-4729-9295-ea37f181aa39,Gomes das Pedras,BA,Northeast,2024-01-06
7376,167f0607-fcc4-4681-ab1b-a9895842e17a,Macedo,RS,South,2024-09-12
7377,4d8daabe-e4d8-47f0-8c81-46bc8ad5810c,Macedo de Borges,RS,South,2023-03-09
7378,c0ef4f70-ec1f-4cbd-8756-996397ea0bf7,Macedo,PR,South,2023-11-23
7379,4397028d-d0b6-4a75-bed9-d8e3460017c8,Aparecida das Flores,MG,Southeast,2024-05-06
7380,36ddcbc1-9e74-4b6a-91a4-2ce7821393f1,Gonçalves,RJ,Southeast,2023-11-04
7381,0ec937c6-52c8-427c-bf35-42d42861d243,da Costa,BA,Northeast,2023-11-17
7382,921603fe-dc4e-4ff1-82f1-ecf20b8a48fb,da Mota das Flores,PR,South,2023-07-14
7383,a3c8a09b-f3ca-4e38-9bb6-eb7ecd5df7bc,da Luz,SP,Southeast,2023-06-24
7384,c6477f74-4c54-42e3-b8e8-15f2ee2ab0b8,Fogaça,SP,Southeast,2023-12-28
7385,98490c68-67db-4ad4-8744-8c23404a6772,Cavalcanti do Campo,MG,Southeast,2024-04-17
7386,af9f9ce0-1a24-4ac7-91fb-c1642fc941de,Gomes do Norte,RJ,Southeast,2024-02-17
7387,73adf9e6-8120-4d2d-bc31-c67bd2924791,Abreu,MG,Southeast,2024-04-20
7388,35a6d5cc-0b85-41ff-8bc0-35bb8567a96b,das Neves das Pedras,MG,Southeast,2023-05-26
7389,6d5ac9ee-61bb-4395-8a6d-c41b9f34b145,da Rosa,BA,Northeast,2024-01-30
7390,36418a2e-0f00-4b33-8d68-d6e096603485,Guerra de da Luz,MG,Southeast,2023-01-26
7391,6e28f7a4-75a5-43ff-86b5-595370f8c810,Ribeiro,CE,Northeast,2023-11-21
7392,6d1040a0-14f8-4da1-a19f-8cc9bdde949e,Cirino,RJ,Southeast,2024-10-09
7393,56891531-cfff-42ca-9da4-91512d6b5a30,Sá,SP,Southeast,2024-01-10
7394,d0ef118d-9315-461e-ba1e-47dc3cdc8310,Sampaio Alegre,SP,Southeast,2024-11-08
7395,c9e50e5d-8d1e-49d1-99e4-d312faa1ffb0,Santos do Galho,DF,Central-West,2023-06-04
7396,11f40812-b3b0-46b8-ad1b-0f86b60147c8,Aparecida,PR,South,2023-07-08
7397,1f643c0d-4d7d-4c5e-941b-b559c9af2794,Moreira de Goiás,SP,Southeast,2023-01-17
7398,218aaac9-5f70-4528-b778-03943700e363,Silva das Flores,RJ,Southeast,2023-06-03
7399,393259ba-d09e-424e-99b4-f0b400533212,Dias do Sul,SP,Southeast,2023-07-22
7400,2ad777bd-06a2-4cda-9cd3-cdccc4341bc0,Viana do Amparo,SP,Southeast,2024-02-06
7401,02f5b563-84c6-49e3-8a31-8a9c3169f269,Alves,SP,Southeast,2024-07-16
7402,4b57766a-db06-432e-af32-2e4d118e7407,Martins do Campo,RJ,Southeast,2023-07-14
7403,e945c1a5-17b7-4c8d-8abf-04fcf68e46b1,Novais do Norte,MG,Southeast,2024-05-26
7404,a7717fb2-ea11-47f6-bf67-898b62801582,Peixoto,MG,Southeast,2023-06-13
7405,c54e412c-9175-4729-9b8a-b8d64b9276cb,Correia,MG,Southeast,2024-11-12
7406,c8cf1ccd-a01e-4412-a6b3-335be9d120d7,Andrade da Praia,SP,Southeast,2023-04-19
7407,184aa35b-9359-4813-9eed-acf05606e905,Oliveira,SP,Southeast,2023-11-28
7408,14dc2143-7022-48e6-8841-d98b696ab0c0,Vieira do Amparo,RS,South,2024-09-14
7409,8948db22-01fe-413a-bba7-ab2313a95b1e,Ramos,RJ,Southeast,2023-08-29
7410,25c951cd-f2aa-4c2f-9c3d-e9624faa12c1,Santos,ES,Southeast,2024-05-21
7411,f29e1b7e-d5e8-47a3-804f-885429b62f78,Almeida do Amparo,PE,Northeast,2024-03-02
7412,19f636ea-b3b5-4cc8-a96a-4e81eb1cdb37,Barros Grande,MG,Southeast,2023-11-12
7413,35210f6c-3852-41fc-974b-3906f67c9ca4,Barbosa,SC,South,2023-12-13
7414,9394af39-4789-4077-b1d8-ba9fc32d0d15,Castro Grande,SC,South,2024-12-01
7415,f127baa7-df1c-428a-9002-76b60ac67e0d,Aparecida do Norte,SC,South,2024-09-18
7416,36941aa7-d3ac-482b-bdf5-6e9ff1944f6c,Rocha de Barbosa,SP,Southeast,2023-05-13
7417,7efb9b2b-789f-4ea5-adcd-7411ef85b1e2,Moreira da Prata,PR,South,2023-12-16
7418,b762957d-278d-47d2-a2a6-bf4959481c34,da Cunha de Nogueira,RS,South,2023-05-12
7419,1b310631-6640-4136-a37f-365401c48783,Sales,RJ,Southeast,2024-04-29
7420,fb4cdb43-f27f-4712-a573-acc5eb0b2a34,Leão,SP,Southeast,2024-04-02
7421,219d6a22-bd9b-496b-b9f1-46b0c9fb75a0,Rezende,RJ,Southeast,2023-09-10
7422,fea32c75-0f3e-40ba-aab6-af143ac3f6a9,Pastor da Praia,SP,Southeast,2023-12-01
7423,516881a1-6de8-42e4-92cc-7134f17510ac,Rocha de Borges,RS,South,2023-11-17
7424,8deb0414-1e2d-4c82-9c33-eea22b033fe6,Aragão de Minas,SC,South,2024-05-02
7425,1f169d17-e633-4c81-94f5-5a5e8ac34aa0,Rios,BA,Northeast,2024-07-22
7426,3ae2be6d-c7a8-49c8-a523-4b3cb5e06b0e,Costa,RJ,Southeast,2023-12-06
7427,5b6ff793-5315-446f-ae9e-bcda0f2d73b9,Pacheco de Silveira,RS,South,2023-05-11
7428,6ddf76ae-0f3f-42c8-a2ba-7c45ea4f7c3b,Câmara,MT,Central-West,2024-10-09
7429,d0e4fd8a-48d4-445d-8a6c-28291d7216bf,Peixoto das Pedras,PR,South,2023-08-23
7430,8140d0ac-b001-4258-a879-98688e129cd6,Almeida,RS,South,2024-09-16
7431,630c1495-b432-4034-952a-47ffe1a83962,Oliveira,SP,Southeast,2023-09-13
7432,8c2dbd72-dc34-4f4d-a791-5507c347847b,da Paz,MG,Southeast,2024-04-26
7433,29cc8ab0-5801-4604-87e5-3b1e5bfbc0fe,Azevedo,CE,Northeast,2023-11-17
7434,d7b140e2-0c88-4237-8129-2a5f24176169,Vieira,ES,Southeast,2023-04-08
7435,1f58d3c5-84d4-43cc-8181-bad16c14cf57,Viana Paulista,RJ,Southeast,2023-06-01
7436,b064b420-f101-462e-9a6c-8913c6a63c6b,da Cunha,SC,South,2023-03-25
7437,cea97194-cbd6-4e75-bf45-4da8414ecf02,Aparecida da Prata,PR,South,2024-04-18
7438,9c769b42-b119-4692-934b-e397b3937d02,Caldeira de da Cunha,PR,South,2023-09-30
7439,8d4379db-c640-4b52-8def-eef209c39ca7,da Mata,SP,Southeast,2024-02-03
7440,437c14e2-535f-4ac6-905d-41d86cc31b4a,Nunes da Praia,BA,Northeast,2023-10-10
7441,02f54282-6768-4dfb-91fa-64af07a367aa,Montenegro do Norte,RS,South,2024-01-08
7442,b13b482c-21b7-4887-93e3-ded469f9ff4e,da Luz de Fernandes,PE,Northeast,2023-03-02
7443,8eb87119-9818-4097-aea4-8dc065fbe36d,Rodrigues,MG,Southeast,2023-08-17
7444,ea201dc3-8bdf-417e-a33e-dffc9e44d271,Oliveira do Norte,SC,South,2023-12-02
7445,9bbf5afa-2443-4d79-8205-2edf7cb35809,Barros da Mata,RJ,Southeast,2024-09-27
7446,a86dca1c-9e60-4ed2-aa47-a2ff24a09319,da Rocha,MG,Southeast,2023-05-30
7447,ee0ec269-744d-401f-9bed-1b489ecbda14,Lopes de Cavalcanti,BA,Northeast,2023-11-24
7448,acaae9bd-30c6-4ff3-9914-b16d50f23983,Marques das Flores,MG,Southeast,2023-11-18
7449,15e8434a-9ad5-46cf-a3fa-103bc0b42d73,Correia do Norte,SC,South,2024-07-03
7450,db4f6aea-f02a-4b0c-a407-efee1881836e,Monteiro Grande,SP,Southeast,2024-10-23
7451,669e61ed-a148-458e-bafc-26d18641768f,Melo,SP,Southeast,2024-09-03
7452,b652b9ef-ac1b-484d-8b22-5d64fd3e1424,Moreira Alegre,SC,South,2023-10-30
7453,227f0556-03aa-4fac-a819-562b951b769c,Cardoso dos Dourados,BA,Northeast,2023-07-19
7454,1ef736ef-15b5-4b61-a359-812cf5129698,Gomes Grande,ES,Southeast,2024-05-31
7455,662602a2-8a46-4480-b81a-e4a3c4cb5c68,Albuquerque do Oeste,RJ,Southeast,2024-01-21
7456,20a22ec9-85a7-4996-98c5-88714ef605e0,Guerra da Prata,MG,Southeast,2023-01-12
7457,ff77cf14-a19e-4e81-aae0-97c79830e432,Mendes do Norte,RJ,Southeast,2023-07-29
7458,60e3fe8d-5e9c-45c3-a555-61161ffbcde6,Monteiro,SP,Southeast,2023-01-26
7459,af0e8d04-d24f-4357-bdb6-db75befa9c6d,Aparecida da Serra,SP,Southeast,2024-10-21
7460,d26567fd-5d2a-4d67-a597-b225101a92f7,Cardoso de Costela,BA,Northeast,2023-03-22
7461,25c3b79e-f014-4b37-b780-1b0616346471,Casa Grande Paulista,RJ,Southeast,2023-06-01
7462,57178768-33fc-4d7d-b605-aa9c2de75a92,Fernandes,MG,Southeast,2024-01-27
7463,d4c5be4f-63e9-47bf-be26-4712d3eaf226,Abreu,PR,South,2024-08-31
7464,d6403804-bec0-407e-922e-f65685602eef,Peixoto das Flores,MG,Southeast,2023-11-18
7465,2e0447a7-73de-47c2-9001-3c45e0e9f830,Fonseca,SP,Southeast,2023-10-08
7466,56e81bc3-0e7b-40d3-9966-cd4ef4aea648,Albuquerque,MG,Southeast,2023-07-22
7467,bb6e3ec1-e87f-4087-9c27-af1ca03d6f69,Farias,RS,South,2024-04-09
7468,303c264a-1670-4a16-847d-a2f032fff51f,Moraes,RJ,Southeast,2024-08-23
7469,69e8d3a4-eb25-42b9-9f18-73b145ae9400,Farias,SP,Southeast,2023-01-18
7470,9fa93fb9-d44e-4215-b5ef-1ebd9cd4a286,da Paz,SP,Southeast,2023-12-01
7471,26409626-3e00-486f-a63f-f921a9f425c2,Silveira,PR,South,2024-01-13
7472,01b26bec-1fa2-48fc-b60b-299ab7c39b3f,Casa Grande,SP,Southeast,2024-01-20
7473,455791ab-9422-4d75-a0d0-734febde0a19,Souza de Goiás,PR,South,2024-10-05
7474,d07b9193-caf6-4e8b-9be7-9c70b9bcd304,Sampaio de Minas,MG,Southeast,2023-11-28
7475,ceb4c025-07ed-4338-9cb3-debf47f2115a,Moraes de Câmara,RJ,Southeast,2023-12-01
7476,cce44ed9-e82c-4fd9-b1d5-aea543e6b71f,Rodrigues,SC,South,2023-02-05
7477,e03e50b9-7730-41f3-a29a-d66ad7c3ba39,Pastor de Teixeira,SC,South,2023-11-28
7478,dfb5ff86-b06d-40d5-a6b0-7bc18b430745,Aparecida Grande,PR,South,2024-08-05
7479,6d55621b-1d60-4b3a-ad8f-75ba18bf4a71,da Conceição,SP,Southeast,2024-06-07
7480,9f69d845-7df9-4cb3-b78e-045a17bd1f60,Montenegro,SP,Southeast,2023-05-16
7481,f5ca0a0f-03f7-4276-a734-6b261beaa75a,Rodrigues,ES,Southeast,2023-03-11
7482,dc8c456b-268d-4887-a203-8741911ddf90,Castro das Pedras,SP,Southeast,2023-04-15
7483,84f20b1a-7691-4c41-be4e-1e82580383d6,Cunha Alegre,ES,Southeast,2023-08-29
7484,739fe470-7935-4bae-8101-dec75c93408a,Vasconcelos da Praia,SP,Southeast,2024-01-04
7485,3694bac0-6ac1-4433-a0a3-9dfddde957c7,Montenegro do Galho,MT,Central-West,2023-12-13
7486,320727ab-24c9-4c0e-887e-e883f34a26e4,Pires de Cassiano,SP,Southeast,2023-12-18
7487,bf733ae5-4ba1-4572-8f91-a9ce50877a24,Cardoso,BA,Northeast,2024-05-19
7488,53b20d16-33dd-48e6-9269-fd43a3af5ce5,Azevedo,MG,Southeast,2023-03-05
7489,86c1466c-f851-4d78-b747-ea50e6273e93,Novaes,ES,Southeast,2024-10-19
7490,fc22b9c7-0bca-4fe1-94c4-321c06764712,da Cunha,BA,Northeast,2023-06-08
7491,8dd42f36-3afb-4430-9d92-f083561eedeb,Moraes,PR,South,2023-04-02
7492,01d24fa4-28a9-48a2-b8c3-1b00f651a5eb,Macedo das Flores,PE,Northeast,2024-04-04
7493,ea42cb51-6133-4c44-af65-def6790a6959,Santos do Norte,SP,Southeast,2023-09-25
7494,8bc57937-8a53-4fb5-a0e5-a4cd88434cb5,da Rosa de Duarte,SP,Southeast,2023-02-27
7495,80244dc6-d3ea-4a30-b240-8040b4eed443,Barros de Silveira,SC,South,2024-07-25
7496,a03261c3-0e3c-423f-a11f-2c82aa45baab,Dias de Costela,SP,Southeast,2024-10-20
7497,d2512894-d78d-417a-af1b-90b5127f5138,Silva,PE,Northeast,2023-08-19
7498,5c22e9c1-8e31-4a5e-a3d8-bdcce94b5574,Caldeira,MG,Southeast,2023-02-13
7499,b597d341-c004-496a-86f2-5b9c5f153b2b,Gonçalves,SP,Southeast,2023-08-27
7500,a7a39446-a81b-440e-9864-630e20de77c5,Mendes,GO,Central-West,2023-05-21
7501,e602a5e4-b63d-4413-8ba8-221cd765cbd2,da Cunha,ES,Southeast,2023-11-27
7502,3849406d-4369-47ca-b466-e6deca548687,Porto,RJ,Southeast,2024-10-11
7503,ce2622a3-03e5-4d74-9f2d-0d95d1ac8431,Barros Paulista,RS,South,2023-01-20
7504,24702c21-5b00-4696-8941-831cec069596,das Neves da Praia,ES,Southeast,2023-10-24
7505,456ebc27-4fd7-4cd2-b61b-be02b5342b64,Cunha,MG,Southeast,2024-11-16
7506,9cc1ad6c-cbb2-4634-985c-5a3111b25788,Brito de Campos,RS,South,2024-02-29
7507,3a0e5cb8-5cc7-4bd1-99ee-5b69aefb8106,da Cruz,PR,South,2023-02-11
7508,94a41039-c915-4031-86d1-0e56e31d2e24,Cavalcante de Pinto,SP,Southeast,2023-02-06
7509,77a7bc18-9d81-42e6-978d-54c16ea077a7,Borges,SP,Southeast,2024-08-19
7510,bf0e489d-0bb3-46db-8000-58950670443c,Vieira,MG,Southeast,2023-12-24
7511,4b63e19a-39ed-4b7a-8d73-8fb7a21821b2,Peixoto do Amparo,RS,South,2024-08-18
7512,8af0dd8d-b620-4349-bd28-16675d428a45,Novaes das Pedras,CE,Northeast,2024-06-05
7513,87dad815-bbd1-414b-919e-23e6a07c7239,Melo,DF,Central-West,2023-06-18
7514,f2b219fc-0dbe-442b-a749-de8d830116f6,Camargo,MG,Southeast,2023-06-05
7515,2748433e-973c-45bb-929b-a6f85dc98246,Pereira de da Cunha,PR,South,2024-10-04
7516,fa460054-6fe6-4bfa-b4d2-feb637a44651,Moraes,BA,Northeast,2023-10-16
7517,49d8e8e0-e72c-4890-bdb5-12b320a801b8,Costela,SP,Southeast,2024-01-19
7518,2ad95bc4-2901-4ef3-9e16-1cb236e20576,da Conceição,ES,Southeast,2023-06-13
7519,439809a1-524d-4da7-9a22-0af4def62ab7,Macedo,PE,Northeast,2024-09-14
7520,34ece149-7351-4ee7-8a32-ce2503871743,das Neves,SP,Southeast,2023-07-20
7521,bce0c907-e0dd-4aee-b119-dcd9bb5997d6,Gonçalves,RJ,Southeast,2023-09-24
7522,75b787a4-4f45-4b51-b69c-617f8e3a3300,Silveira de Monteiro,RJ,Southeast,2024-10-28
7523,049b91b0-7583-40cc-81a1-f7da417e9ecb,Guerra,RJ,Southeast,2023-01-30
7524,ff7e0cbe-dc10-49a1-a93f-d289628f17ea,Guerra do Sul,MG,Southeast,2024-10-29
7525,7304109b-f78b-41c1-ac15-f7e300f491a5,Silva Grande,RS,South,2024-02-20
7526,8cb42d42-fe12-45e9-9ad4-a6f3297c62fa,Campos,SP,Southeast,2023-04-26
7527,c995e892-2e55-4f0d-b790-d5c2dd8e877b,Campos,SP,Southeast,2023-04-20
7528,3668257d-ed8c-47b7-9438-ebbe94be482c,Nascimento da Serra,BA,Northeast,2023-07-30
7529,42f7814f-ca46-4dac-8e3b-9ad77b132d39,Carvalho de Lima,SP,Southeast,2024-08-06
7530,372a98c2-ca5a-4ae8-b554-204842ecf21c,Costa,BA,Northeast,2023-11-02
7531,4ca32449-e803-444a-82d7-049dd9b98cfa,Ramos Verde,PE,Northeast,2024-11-21
7532,91e64a90-6e4e-484f-96a9-b899ff9096f4,Ribeiro,SP,Southeast,2024-08-30
7533,66fce431-e66f-4dbc-8964-1f53c2af7bab,Ribeiro das Flores,PE,Northeast,2024-01-05
7534,8b075443-45ee-45b3-a32f-8cf9084f664a,da Conceição do Campo,MG,Southeast,2024-10-25
7535,a7474ee9-409b-4de5-b3cf-79ba2e842383,Costela Alegre,SC,South,2024-08-03
7536,46f12859-ba1c-42b3-8fb6-1b2a85639b3f,Camargo,CE,Northeast,2023-09-16
7537,4f2d6d1e-a867-4480-8556-bc95f772396b,Ferreira do Campo,SP,Southeast,2023-01-25
7538,2e6ab2fd-42ea-47a8-b784-e47a276ddecf,Alves,RJ,Southeast,2023-08-10
7539,3c2b836c-bfd6-477e-a388-4e94df7790c3,Novais de Rodrigues,PE,Northeast,2023-12-08
7540,b5201288-c1d4-41d4-b94d-8f22169dfd86,das Neves,SP,Southeast,2024-02-02
7541,f01e9c07-b9d0-432f-b5d7-9e8e8f21e8ec,Vieira,RS,South,2024-04-13
7542,f31eeab9-a03c-4b65-809e-9d636052e329,Barros,AM,North,2024-09-08
7543,568a7b62-ba03-4475-a928-3439b075cbde,Fonseca da Prata,BA,Northeast,2024-05-18
7544,5f4d3e34-b5b2-4f45-a01b-c630ce7628f9,Cavalcante de Minas,MG,Southeast,2024-09-03
7545,92e51992-7fe8-430e-bf2a-9c499f66f6b7,Caldeira,RJ,Southeast,2024-11-14
7546,68fd2d5f-da69-48d4-8358-0e4c35651761,Sales,CE,Northeast,2023-09-12
7547,7f1d8e4b-9381-415a-9621-d79f64d52043,Mendonça,SP,Southeast,2023-04-20
7548,8508e146-6d7b-4369-b612-40396655f4f8,Melo de Mendonça,CE,Northeast,2023-02-01
7549,5c62a247-35a8-43a9-9165-911e5db93433,Barbosa do Oeste,SC,South,2023-01-12
7550,16dc49eb-4f00-4e22-868a-f5dfd55cec3a,da Cunha de Peixoto,GO,Central-West,2023-01-01
7551,3855c64e-5896-4888-95b7-0a3112ae6855,Novaes,RJ,Southeast,2024-01-26
7552,4c3b519e-cca8-44f1-8b5f-1d5ea700e225,Lopes,RS,South,2023-06-13
7553,2159da73-dadf-41c5-bdcb-a8f8c9601d84,Costa,SP,Southeast,2024-01-12
7554,adf8bf95-0353-4dfa-9b5f-e73e9b992612,Guerra de Camargo,SP,Southeast,2023-07-15
7555,087d08e1-070e-4935-9daa-bd695d0280d2,Barbosa,MT,Central-West,2024-01-17
7556,1b3400a6-9c1b-4b3f-b954-620714fdca96,das Neves do Galho,SP,Southeast,2024-03-03
7557,48768b92-4ecd-43c4-800e-96acf78e7361,Souza,SC,South,2023-11-01
7558,40490600-f8c9-4397-a9a6-95f632e5307d,Pinto de Castro,BA,Northeast,2023-05-03
7559,fe29a3ae-42f4-47c1-9318-0d78c215821f,Borges,RJ,Southeast,2023-09-27
7560,864a832a-b9e3-4584-9d2f-8c0900a62f7b,Brito das Flores,MG,Southeast,2023-07-29
7561,d2c4b760-e84d-41e9-91bb-db7ec6ff954a,Marques do Sul,SP,Southeast,2024-10-13
7562,fb13c4ee-a0fb-41e1-96d8-cd814fd67609,Fernandes,BA,Northeast,2024-11-29
7563,396351d0-7b30-4b99-a7de-53d5fb329ae3,Garcia,BA,Northeast,2024-05-02
7564,9281fb0d-f048-4fc2-9cf3-eab87445c124,Martins de Goiás,SP,Southeast,2023-04-26
7565,fa51a4d5-2e77-420b-b3bc-35a3631947b6,Pacheco,SP,Southeast,2023-08-29
7566,0b88b15d-1e40-4c23-a4f7-a013acf31b4d,Teixeira,MG,Southeast,2024-08-16
7567,6eae629c-2e63-470b-b544-067731947591,Câmara da Serra,RS,South,2023-10-07
7568,cc667991-8248-45e6-9d24-2ff60ea063bb,Nunes Verde,SP,Southeast,2024-07-30
7569,e5537c42-2881-4c4f-bb1d-4c0170574651,Fonseca do Amparo,MG,Southeast,2023-06-06
7570,c0bf7641-d820-4738-aa21-75811a82cc30,Fonseca dos Dourados,SP,Southeast,2024-02-12
7571,c4aa1dff-282e-4148-b20a-45e39e395822,Martins de Abreu,RS,South,2023-01-31
7572,55ecb00d-ae69-4e2b-9d9a-06fd1e58f6e6,Rocha do Campo,SP,Southeast,2024-03-18
7573,ad099361-776f-4ad6-b70e-6207d562ab4a,Costela de Pires,PE,Northeast,2024-02-27
7574,d63183b3-baeb-4934-aed1-b373cef1a123,Abreu Verde,SP,Southeast,2023-01-14
7575,68035617-571f-4abd-820a-be756c8bf454,Sá de Minas,PR,South,2023-02-15
7576,86142f38-c195-442c-ad8a-ad7e08f16514,Rocha do Amparo,SC,South,2023-10-15
7577,803e8d5f-58c5-48c0-b117-70f93351c6b1,Mendes Verde,RS,South,2024-05-05
7578,f2eaa100-3668-463f-944b-843c4b1886cf,Jesus,SP,Southeast,2023-10-01
7579,7f05edef-e23a-4145-8583-c51746183169,Cavalcante,SP,Southeast,2023-10-06
7580,7d70c952-267f-49bc-b365-4e7661f73d23,Monteiro das Pedras,MT,Central-West,2023-07-12
7581,dfdf8a67-c3e5-42d0-8d4a-ce29e290b957,Peixoto das Flores,SP,Southeast,2024-04-03
7582,438adf44-cc6a-4edf-9f33-5e9acef83c01,Moreira dos Dourados,PE,Northeast,2024-10-27
7583,6290129a-6322-4db2-bdcd-79eea7e3fe20,Pacheco Paulista,SP,Southeast,2024-07-30
7584,140be992-be9c-45a4-b14f-75c4f8f248a1,Fogaça de Goiás,PE,Northeast,2024-03-21
7585,e8394e03-717f-4b70-9a8a-094c466b654d,Dias do Norte,PR,South,2024-05-15
7586,40d0e9a7-2134-428b-a376-72abb786d4cd,Vasconcelos,BA,Northeast,2023-02-18
7587,7ec27a2f-7153-457a-bdc8-4bf15d52cfd5,Peixoto,RJ,Southeast,2023-04-01
7588,b997f6ec-8f24-4dd2-816c-639ba5bf82d8,Rocha do Galho,PR,South,2024-04-12
7589,e0e50bc4-5098-44a6-a5fb-2b3e9c73c398,Ramos,PE,Northeast,2024-07-11
7590,e0a5c214-5530-49b3-823a-0c899fada6f5,da Costa,SP,Southeast,2024-11-05
7591,59721f8d-d092-47b5-8e02-c11770e08b47,Novaes do Norte,DF,Central-West,2024-07-18
7592,8664e5a3-7b66-4fa2-b7c4-30cac5d9a515,Freitas,PR,South,2023-11-25
7593,32df6c31-3746-4577-8837-6d403ac53c2a,Guerra Verde,BA,Northeast,2023-12-22
7594,9b6f01a3-b8bb-4c54-afc0-68d23040cf77,da Cruz,MG,Southeast,2024-08-17
7595,4d8dba8d-6138-4cfd-99d0-5cf068368237,Sampaio,MG,Southeast,2024-04-23
7596,c7e2b7b8-cfb9-4160-86d5-9102eb36b206,Melo,AM,North,2023-10-27
7597,0e2c3dc4-3583-4d71-b566-aeb838ae639b,Borges da Praia,SP,Southeast,2024-11-19
7598,62e61e64-e141-4c61-b8c2-08890055b7d8,Cavalcanti,BA,Northeast,2024-05-21
7599,41eff71d-b4de-4f85-bd4b-a09bcf9072f1,Dias,RS,South,2024-02-22
7600,bcf3c36a-cd5a-4971-8bbf-6b191a75c928,Jesus,RJ,Southeast,2024-03-18
7601,de8dace1-3aff-4d97-843b-00435c682594,Pires de Pacheco,SP,Southeast,2023-09-17
7602,e40eeb67-33bc-4c07-b4ba-cebe6e8fc527,Gonçalves dos Dourados,CE,Northeast,2023-12-07
7603,4437e4d3-6d52-425c-a5d0-e64a47f84f47,Lopes do Norte,DF,Central-West,2024-10-22
7604,db6bac7a-d9cb-44b4-b7e9-c0723f655656,Mendonça,MG,Southeast,2024-07-06
7605,92042eee-c8a6-4c98-927e-104732522675,da Luz de Camargo,CE,Northeast,2023-06-18
7606,c855d334-2589-49f3-983a-048055eec0c7,Santos,CE,Northeast,2023-12-18
7607,489f10d2-9358-4c22-8206-1ef3f4761ab5,Aragão,ES,Southeast,2024-10-02
7608,2dd58472-0569-49ac-96ba-ce62e08b50b7,Lopes de Aparecida,SP,Southeast,2023-12-16
7609,1c346de9-8887-4785-8ddf-a8d77ba1df41,Camargo das Flores,PR,South,2023-06-13
7610,432abbdd-848b-4713-ba0c-7fb44c8d35ce,Melo de Nunes,PE,Northeast,2024-08-10
7611,84b3df55-33c2-4e93-b826-2f74a243d59d,da Costa,SP,Southeast,2023-07-30
7612,6d577ccc-058f-466e-95a3-8c5edcf05365,da Luz,PE,Northeast,2024-02-10
7613,52495f4b-e3b2-43ab-b707-ce65406996a0,Rezende de Freitas,SP,Southeast,2024-03-05
7614,791a5b62-f24c-4983-b4b0-426b4503f517,Fernandes,CE,Northeast,2024-05-28
7615,e949f57a-cefd-4a3f-b222-611505de8976,Rios da Serra,PR,South,2024-06-16
7616,c2b1dabe-2f8b-47b6-881d-c65068eed68d,Alves de Silveira,SP,Southeast,2023-01-05
7617,786a3f09-8721-48ce-9c57-f9c8674af7eb,Lopes do Amparo,SP,Southeast,2024-07-17
7618,a2f23fba-15cf-4f1c-bb1b-4da90f7a7992,Castro,RS,South,2023-06-18
7619,e20f50fd-3d39-49cb-aead-67149986df10,Brito do Oeste,BA,Northeast,2024-12-01
7620,3006c430-209b-4693-9c1b-06a191ea8f49,Martins de da Cunha,RS,South,2023-12-09
7621,96978820-a505-44a2-9925-0e145d29915e,Rocha do Campo,MG,Southeast,2023-11-30
7622,3504990a-f74d-4e68-bc85-fa40b32b836d,Monteiro,RS,South,2024-01-18
7623,7226206e-8023-4539-af67-91b669461a1f,Farias,PR,South,2024-02-09
7624,c74bdef2-8149-459c-b184-3535eaaaa624,Mendonça,ES,Southeast,2024-02-07
7625,0b7c9b74-c22c-4468-90ee-6e65942ae6d0,Ramos da Praia,SP,Southeast,2023-12-26
7626,d1945931-07ab-4ed9-a2ee-3c761e7db38a,da Mata do Norte,BA,Northeast,2023-04-19
7627,747f61e7-f732-4c85-892b-041d7ef71a10,Teixeira,SP,Southeast,2024-10-21
7628,4d27f119-a53e-48bc-ae44-582d89b0026b,Moura de Siqueira,MG,Southeast,2023-07-12
7629,323f4127-f80f-4a81-8325-755144d6eeca,da Conceição,RS,South,2024-05-31
7630,c4ce1d19-d767-41fc-847d-cdd6411a2578,Martins do Oeste,BA,Northeast,2024-05-22
7631,541cb88e-ddb6-44a8-ae00-98446ecfe167,Sales do Sul,SP,Southeast,2023-03-15
7632,43276984-e0ad-433d-8a82-83d5de33b84d,Mendes,RS,South,2023-11-10
7633,9d45543d-0ec9-4454-839a-457f2f48ae68,Correia,SP,Southeast,2024-02-20
7634,8dd84107-73a1-459e-9deb-478a1e208b43,Vieira,RJ,Southeast,2023-08-03
7635,cdb7fbff-63d4-40bb-892f-1bb1a9c8cdb2,da Cruz de Minas,PR,South,2023-04-09
7636,84ee0dc8-be84-45f6-be11-108a6d92e45a,Souza do Galho,GO,Central-West,2023-07-15
7637,42d6f44c-f2ba-4696-8458-cce7d42111b7,Aparecida da Prata,SP,Southeast,2023-02-01
7638,e6a7f0cf-9291-476d-a8b3-815d8fdd267e,Souza Verde,RJ,Southeast,2023-08-01
7639,feefe7f1-332c-4778-8621-e9e237325a7f,Pires,SP,Southeast,2024-11-27
7640,e330e3e1-a057-4129-b60f-1514089ee15c,Lopes do Sul,SP,Southeast,2023-09-17
7641,579f875d-d329-4a71-b697-492fd840fd58,Lima,MG,Southeast,2023-05-02
7642,0dd884f1-c7ff-4521-9fff-a3f79e8b5907,Souza,MG,Southeast,2024-01-02
7643,d55a082b-34eb-4644-a8b1-2fd25c920459,Cardoso,SC,South,2023-01-11
7644,a88cabba-991e-4baa-b294-ab2e9b67bd94,Garcia do Oeste,RS,South,2023-11-04
7645,99b3a18c-f59a-44db-8575-ef3a380cc558,da Cruz,RJ,Southeast,2024-01-19
7646,6648f283-f6de-4f5c-9985-084a5bb412ae,da Luz do Sul,SP,Southeast,2024-03-14
7647,70aec6f1-0783-4655-beac-dcd6fa7d1bd7,Fogaça,SC,South,2024-05-04
7648,d7724ab4-cb7b-4cbe-8e1a-a7e14672193a,Cirino,SC,South,2024-08-30
7649,eca4eade-355e-482f-b681-5950aec00264,Alves,SP,Southeast,2024-05-18
7650,f984e1f8-ddcb-42bb-a55e-41b21e12d794,Cunha de Minas,MT,Central-West,2024-05-26
7651,538c31c3-ebdf-4a7a-b9f4-d6b08ef504c8,Almeida,RJ,Southeast,2023-02-01
7652,14111c2b-3352-4551-a0c6-1af64ace06d9,Sampaio,SP,Southeast,2024-04-29
7653,b15fc97d-ff28-48c3-8210-735d09faba0b,Moreira Grande,CE,Northeast,2024-01-28
7654,4d0b7b5a-0e33-4d81-a897-c1c6cec88e0d,Viana,BA,Northeast,2023-04-11
7655,3ccdb4f3-910d-45e5-8854-0fb5b17032b5,Ferreira,MG,Southeast,2024-08-24
7656,b575008f-49b2-446b-87db-14f34c1d46c4,Cunha de Moreira,SC,South,2023-12-26
7657,d31602a3-c1a9-44bd-b186-ec575be1e450,Peixoto de Machado,GO,Central-West,2024-05-17
7658,cfb489f5-963f-4a97-b45e-ee44e28dcfb3,da Mata,PA,North,2024-01-25
7659,a35985a0-545a-4652-b779-0041d4be3b3f,da Costa do Galho,SP,Southeast,2024-05-14
7660,dba748a7-5fef-47a4-9adf-d612d4722d81,Nascimento,BA,Northeast,2023-03-30
7661,dc0c4fc9-2534-4aaa-bc6b-c6712824f71e,Teixeira,MG,Southeast,2024-07-10
7662,6fc469f7-2359-4be8-9ece-969783e572de,Cardoso Verde,SP,Southeast,2023-09-09
7663,19351b6c-f4e9-4572-9e3a-0eeb5ae3a07a,Cirino da Praia,RS,South,2024-10-08
7664,af80ef2b-778f-4c0d-a582-6b3d5d7923d8,Vasconcelos do Galho,DF,Central-West,2024-04-10
7665,b94c19d0-a950-4bc2-86a4-904dc88fafbc,Fernandes,RJ,Southeast,2023-12-12
7666,0a80335a-977c-46aa-96a4-8395e7bf5cb0,Aragão,SP,Southeast,2024-04-25
7667,933f7d2f-1fba-4b1b-8367-c2d1efd612b9,Siqueira Alegre,SP,Southeast,2023-11-14
7668,bde2c14d-4305-4119-8da7-2051d84fb1fe,Gomes de Caldeira,PR,South,2024-04-07
7669,03d0066e-56ad-43c0-8c98-d84cacda5fcb,Moraes da Prata,SP,Southeast,2024-02-25
7670,1d791295-bd4c-496c-95cf-e765481f1fdc,Sousa do Sul,SP,Southeast,2024-12-01
7671,a78738ea-22df-4d0a-9275-b5b882aaf3a7,da Paz das Pedras,SP,Southeast,2024-11-22
7672,3cc177cc-0a83-423a-8a5c-f385b63b7fc8,Alves dos Dourados,BA,Northeast,2024-06-02
7673,987d2796-69b8-4e5d-99c5-c0c4eeca7105,Ferreira da Praia,MG,Southeast,2024-05-29
7674,c609fe8d-ccc7-46c6-b2a0-ff1a99f10cd8,Freitas,SP,Southeast,2023-10-09
7675,82c27462-8220-4dad-9527-fa54dc66bdc1,Araújo,RS,South,2024-02-02
7676,2254a932-b638-4439-81b2-a71581fe7fe9,Machado,BA,Northeast,2024-07-02
7677,4cce7196-5469-49cf-86a5-9693704aaa01,Vargas de Machado,SC,South,2023-02-19
7678,7e3fbffa-ef0b-4a34-bf24-a43aa0a97004,Freitas Verde,SP,Southeast,2023-05-01
7679,48abd32e-5eb4-460a-ae0f-3703dfb695fa,Cardoso,RS,South,2024-05-17
7680,25fc8b3f-7287-42ed-83aa-1ba73781d9a6,Sousa Verde,SP,Southeast,2024-04-07
7681,7b86ec15-3f91-4cc2-8fb9-3e61cfee8fff,Pimenta de Andrade,RJ,Southeast,2023-06-16
7682,b5f018e4-0fe7-4f7e-be53-61f0045bdf7d,Farias da Praia,SP,Southeast,2024-09-07
7683,8c23a9b5-48c1-4321-bbb7-c395998f7818,Nunes das Pedras,RJ,Southeast,2023-04-23
7684,ec09b2f2-43e0-49f0-a579-b25e763b7b46,Lopes,RS,South,2023-03-20
7685,ad80a85c-328d-4ab9-a1f0-3a416d26af9a,Viana das Pedras,SP,Southeast,2024-05-12
7686,1e0ec4e9-7d13-428c-986f-b192a8b3a2d9,Farias,SP,Southeast,2024-02-01
7687,57f00393-3893-4037-960c-2e545d30005d,Cavalcante,BA,Northeast,2024-10-31
7688,725e4e45-6e51-46f1-b34d-9ed5c6ca3a1c,Pinto do Sul,DF,Central-West,2024-01-21
7689,c840c79b-1fb9-4afe-8d16-954a60279729,Vasconcelos,SP,Southeast,2023-07-07
7690,25c437d4-7da6-4190-a72d-dbc4fc58cd22,Gonçalves de Fonseca,SP,Southeast,2024-11-30
7691,f121434e-1010-4064-8e26-20ff328529a1,Freitas do Campo,PR,South,2024-05-20
7692,46bbed34-33b3-4963-a0ab-61c0b184add3,Monteiro,SP,Southeast,2024-03-31
7693,d1b21b61-a310-4ed8-adcb-a8f8e809f6e6,Araújo,PE,Northeast,2023-04-29
7694,5d524c68-f5db-4cf0-886d-4aed56c7b5a2,Novais de Goiás,SP,Southeast,2023-05-23
7695,5b0ba480-5a6a-4df8-8a2f-ae54ca517a1f,Fonseca das Pedras,SP,Southeast,2024-09-11
7696,1f7ea21b-f54d-4bc0-aff5-577ecd29de77,Novais do Oeste,PR,South,2024-03-24
7697,f857b817-cb59-475c-9f7d-b347341b05bb,Sampaio de Teixeira,ES,Southeast,2024-03-16
7698,0dd0e178-824c-4980-aa2d-cadb6a240811,Teixeira do Sul,SP,Southeast,2024-06-21
7699,be6adc96-cdb4-44d7-bd0f-257b4d308f31,Alves,DF,Central-West,2024-01-13
7700,b7b0a8e4-c256-4f37-aad9-197580b3b454,da Rocha,SC,South,2023-04-19
7701,16bb3b54-7941-459f-9457-570d336fb156,Farias do Amparo,MG,Southeast,2023-02-04
7702,289ef665-c415-4ec4-9230-fce98f24cf47,Pires,RJ,Southeast,2024-07-24
7703,9544234e-74f0-4bc0-943e-ec62b7dbc6fe,Câmara,RS,South,2023-03-10
7704,e31d5f0f-623b-4e73-8e55-3ae764168c11,Vasconcelos,SP,Southeast,2023-09-27
7705,f72cbfc1-ae80-4581-9db6-46d9f0294048,Azevedo,CE,Northeast,2024-11-11
7706,093a5d37-6b94-4405-ae12-8b5dab111940,Ramos do Sul,RJ,Southeast,2024-02-15
7707,5e598b43-088d-4f3d-9686-d8c8fac1bde9,Vieira da Prata,ES,Southeast,2023-09-07
7708,17c402b1-140a-45e9-98e3-3b1532684535,Freitas,DF,Central-West,2023-05-21
7709,0b309c1b-2c57-4797-b461-4571d75a213e,Guerra,SP,Southeast,2023-06-15
7710,9c705735-0871-4438-8c69-aef948f815a2,Rodrigues,SP,Southeast,2023-07-11
7711,b5263f49-3cc3-4a34-bbcb-1820ad889dc9,Oliveira,RS,South,2024-04-01
7712,96622c87-7ff1-4433-be34-d7056ef5357b,Cirino,SC,South,2024-07-13
7713,ab4adf48-aa6a-4f7c-809f-d6b4e8dea13d,Nogueira,RJ,Southeast,2023-09-27
7714,84cd740f-7292-43c7-a2e3-58598f7dfe90,Rezende,MG,Southeast,2024-11-03
7715,8f41cb36-1012-4b4b-b3ba-4076fe8953c7,Moura,SP,Southeast,2024-02-28
7716,f06ab6ea-f3dd-4af0-8888-171c4c124c30,Moreira de Brito,SP,Southeast,2023-02-10
7717,c5de66d6-6986-4d76-8184-0a08c0b05405,Lopes de Guerra,SP,Southeast,2023-05-31
7718,45e14de1-e1c8-4c3e-bf6b-4fd73f9b754c,Sousa,RJ,Southeast,2024-02-05
7719,4c89cc83-3b8a-4b2d-8b2e-74a70205dfeb,Cirino,SP,Southeast,2023-03-03
7720,c413a659-be2b-4ed6-afb4-7f294b400e8d,Lopes da Mata,ES,Southeast,2023-01-13
7721,ba59aaf1-261e-43aa-8731-2c7c7b116d18,das Neves Paulista,SP,Southeast,2024-11-12
7722,768db93c-41f5-4233-87ad-2ae1d92570eb,Vargas,SP,Southeast,2024-06-27
7723,c2f9e2d8-2a9c-46fb-83d5-fa8caf294dfb,Peixoto de Lopes,SP,Southeast,2023-05-21
7724,9808bb94-713d-4909-bd57-98e2680e1866,Moreira de Minas,RJ,Southeast,2023-09-07
7725,79706932-8cb6-4b6a-b16c-278daedf999e,da Rosa de da Mata,CE,Northeast,2023-08-07
7726,4fa4414f-2b34-4a75-9104-b9519c0095bb,Moura dos Dourados,SP,Southeast,2024-05-01
7727,eea8dac7-4e53-4789-969b-9f03a9eb9cc0,Gomes do Oeste,MG,Southeast,2023-08-08
7728,9dd9cb00-91ac-42d5-8b0d-28a2fb960855,da Cruz de Minas,SP,Southeast,2024-02-02
7729,cedebd22-548d-4ee7-93b8-a95dcf74a5da,Guerra da Mata,PR,South,2024-10-04
7730,9d73eb20-322c-4555-a4e8-811aa751f7d9,Albuquerque Grande,PR,South,2023-03-14
7731,cb3ebc4c-cad0-48bc-a0fc-9ea0a06933fa,Novais,SP,Southeast,2023-05-11
7732,60020e59-ce21-4713-90ba-8806f051715a,Vargas Verde,CE,Northeast,2023-05-29
7733,aaec8c0f-6b15-4c9c-a3f6-079c637b5a39,Campos,CE,Northeast,2023-03-11
7734,2e9b9897-89ab-46bb-bc81-a2e8a94a2ef6,Oliveira,MG,Southeast,2023-03-16
7735,3e34cde1-2559-406f-8a69-6526c81088d8,da Mata,PR,South,2023-09-10
7736,232abd54-7d9a-4ef5-8f68-47be623abb33,Aragão,SC,South,2024-02-28
7737,3afbbe4c-3531-44ba-b7bb-de6c39ff99f5,Santos de Novais,PE,Northeast,2024-01-06
7738,fb331963-0da0-4a2a-8514-53cbc60694c1,Rocha de Minas,GO,Central-West,2023-09-26
7739,7defc463-69e6-4584-83c2-24ac342921d1,Santos do Galho,MG,Southeast,2024-03-18
7740,805e9284-7eea-4075-93a7-fb02f6b280d6,Aragão,SP,Southeast,2023-11-25
7741,5467601e-c987-4c38-83f7-80d6eda149db,Pacheco das Flores,BA,Northeast,2023-01-29
7742,e3b48576-e9d2-410e-8cd2-3c50afbd8d23,Rocha dos Dourados,SP,Southeast,2024-01-18
7743,d1c735e7-a6d7-460b-a63e-b777a99fa70e,Marques do Galho,RJ,Southeast,2024-09-12
7744,008b8631-ad4f-4658-8fc6-7d4c62a7ce6f,Fogaça,PE,Northeast,2023-08-19
7745,bc194683-d987-4067-912d-b7de565ae02f,Gonçalves,BA,Northeast,2023-05-11
7746,a6d31812-7a9e-453a-bfa4-f6c8a31fa0a2,da Luz Paulista,MG,Southeast,2024-06-05
7747,36ff7617-4393-4266-9a06-055bf0cdba27,Câmara da Serra,CE,Northeast,2024-10-23
7748,693cfcff-5e1d-4c78-8952-e26b77863e7b,da Cunha,CE,Northeast,2024-10-12
7749,3160c612-5ae9-48bb-af34-623bf64e12e2,da Cunha da Serra,SP,Southeast,2024-09-05
7750,26a30e64-4ab5-4b87-8fbb-4d440ad4e43a,Rodrigues,ES,Southeast,2024-05-24
7751,4003eeac-716d-4b79-ae69-44d38296043c,Silva de Brito,BA,Northeast,2024-03-19
7752,0cfb46d3-2325-4f28-9e60-69fedd8eb663,Duarte,PR,South,2024-03-03
7753,17ba6b22-930e-4d05-a1ae-b6d01533d3e2,Rios do Sul,SP,Southeast,2023-03-28
7754,5fc2cd26-68aa-41cb-971f-f5dacdf18511,da Costa,RS,South,2023-05-30
7755,da2aee4f-e10e-466b-910c-9f32394ad526,Aragão da Prata,BA,Northeast,2023-02-10
7756,fd27f49d-435b-42e4-a03b-80ea166c57ad,Cirino,RJ,Southeast,2024-02-07
7757,900a2223-b5a6-4a39-af90-e997d53c9528,Lima de Jesus,RJ,Southeast,2024-10-27
7758,2fa8a023-346e-4e1d-bebf-1675b5d0d08b,Rios de Pastor,PE,Northeast,2023-12-16
7759,c787c538-0c30-4aeb-b777-52e7b11c5f71,Cardoso do Oeste,RJ,Southeast,2024-07-02
7760,00667ccf-1885-4956-8c47-95b834572db5,Aparecida do Galho,SC,South,2023-11-12
7761,bc96f740-13d1-4022-b875-7dc39d98235d,Aparecida de Andrade,CE,Northeast,2024-04-26
7762,9a674f17-207d-469d-a6ae-933e5d16e19e,Moura,ES,Southeast,2024-01-31
7763,e6723a7f-7589-4aab-997d-887e446be3b3,Pacheco das Pedras,BA,Northeast,2024-08-26
7764,055ba467-993d-4795-9e3e-117c5ca22b25,Cardoso do Amparo,RS,South,2024-11-29
7765,59f1e37c-2e20-4411-b40a-d87704d99de7,Brito do Campo,SC,South,2024-11-07
7766,51081c61-372f-4424-8a38-f8a7cd410205,Aparecida,BA,Northeast,2023-05-21
7767,0198e277-de0a-4fd4-b132-776a4fe685c9,Mendes de Siqueira,MG,Southeast,2023-04-04
7768,5dc48d40-b834-423b-bdf4-80b7e597f43b,Câmara,RS,South,2023-12-17
7769,02c660ff-13a9-4dff-ad98-66da0a472bfb,Carvalho,PR,South,2024-09-23
7770,9671cd4e-8cbd-4c8c-a6c5-a7721bd60de5,da Paz de Fernandes,SC,South,2023-09-15
7771,d2b71492-337f-422c-af94-aed8cdb72cd6,Camargo de da Paz,SC,South,2023-10-05
7772,f767bc62-3d3c-4786-b26f-55acff93602f,Aparecida,CE,Northeast,2024-08-31
7773,9c0e086e-152a-4178-beee-a86d488e1dbf,Macedo,ES,Southeast,2023-11-17
7774,1644e28f-ccc2-46e0-bfb8-9d574831671b,Jesus,DF,Central-West,2023-11-28
7775,65ecba96-59f4-4244-a946-99fc6ccbd26f,Cavalcanti,DF,Central-West,2024-08-02
7776,16217342-66d6-4774-b384-e0ed38bef4c4,Fogaça Alegre,SP,Southeast,2023-11-10
7777,c349263f-6b24-4f7c-85ac-f9f0829bfa81,da Cunha,SP,Southeast,2023-12-10
7778,569f8ded-54ee-44b5-936b-c6147424f902,Leão,ES,Southeast,2024-02-26
7779,e4ed65ef-238b-47ba-b0af-690d74f79550,Rocha,RJ,Southeast,2024-09-04
7780,e442fc9e-a109-4bab-a7ba-0a4d3df0b75f,Souza de Araújo,MG,Southeast,2024-11-05
7781,5067e7bb-b959-4622-b466-ddc924db70c4,Abreu,SP,Southeast,2024-09-19
7782,5b32fb79-f5cd-453f-a3a6-801e01f8dd79,Novaes do Amparo,CE,Northeast,2023-05-23
7783,00b397cf-943c-41b3-ad1f-c3ca0aaad6ae,Martins de Minas,PE,Northeast,2023-10-30
7784,2d86504b-f8b2-4711-922c-ecb7c5c93492,Sampaio,SP,Southeast,2024-01-06
7785,6210f992-d971-42db-9760-105385c5d6c0,Sales de Peixoto,RS,South,2024-07-20
7786,f8ca6ce7-2e23-4042-8f68-cdb333de3631,Fonseca,RJ,Southeast,2024-04-18
7787,93089375-3008-44d2-8bb5-ab50cca7fa3b,Teixeira,PR,South,2023-06-27
7788,0446521e-3b39-454c-ab46-6d07b23e357b,da Mata do Galho,SP,Southeast,2023-10-26
7789,b36bc03f-952f-4dda-bbec-676948290817,Barros das Pedras,SC,South,2023-07-30
7790,0e5a4751-d154-40d5-b91b-cb2654b26492,Pacheco de da Rocha,PR,South,2024-10-10
7791,1bb7c761-dc55-4dc7-a531-15bb303768a1,Andrade,PE,Northeast,2023-07-07
7792,655ca3d1-2d38-4eb4-857b-1a0725dd2524,Jesus do Galho,CE,Northeast,2024-05-23
7793,edc94ff9-a0c9-4a6a-9596-8559c8bc2c98,Sousa do Campo,RJ,Southeast,2024-02-06
7794,b882b001-2486-4896-8648-e5d992d3531e,da Rosa,MG,Southeast,2023-10-05
7795,a706ac7e-c65a-46da-9b2f-878d119e72eb,Duarte,GO,Central-West,2024-04-15
7796,8121f2ad-8b5c-486b-8e06-2994b5c8c6e1,Vasconcelos,PR,South,2023-05-30
7797,9b56b3d8-0cc6-4b26-9939-045550e97f96,Correia,SP,Southeast,2023-03-15
7798,5d7242a5-c652-4b75-a42f-8f8148d09d10,Câmara,SP,Southeast,2024-01-21
7799,c3926bcf-33fd-4a9c-aaa9-6aeffb037028,Abreu,PE,Northeast,2024-02-07
7800,c5b1eac3-b56b-48cf-bb63-f44c50d25194,Sampaio da Mata,SP,Southeast,2023-07-13
7801,ded9c34c-b357-47ec-b728-88bd3189b9e0,Abreu,PE,Northeast,2023-09-18
7802,e653478a-8a4e-4e7a-91d3-62f993e024d2,Campos das Flores,DF,Central-West,2024-04-10
7803,3bb8b68d-4377-4ff2-bda8-9938c564c53e,Machado de Andrade,GO,Central-West,2024-07-17
7804,188c62d5-258f-49b0-a592-0b01a3c91d29,Albuquerque de Souza,PR,South,2023-10-11
7805,1c7f690c-0fbd-47ed-b0da-a31745018605,Fernandes,ES,Southeast,2024-03-06
7806,9f558bb0-dfb2-4cde-b337-daf6b429db31,Novaes,SP,Southeast,2023-02-22
7807,ce140830-d5ad-45d2-ae11-f4e7e60594dd,Cunha,AM,North,2024-10-05
7808,d1db8fed-a0a9-4ccd-a941-e307eba10523,Borges de Machado,AM,North,2024-09-01
7809,8a00f0c0-d8cb-46ef-972f-7093a4566dc5,Garcia do Galho,SP,Southeast,2024-03-23
7810,9ae9cec8-60eb-49f9-b43a-37e51bc2c57a,Freitas de Andrade,RJ,Southeast,2023-05-03
7811,7e5b4dc7-182a-4057-9ab3-d4035ac774f5,Sales,SP,Southeast,2023-05-06
7812,07d0977f-3d2d-4751-9013-f394c633fb79,Araújo,RJ,Southeast,2023-02-25
7813,5cf30d10-b89a-4729-98df-8fd5af858796,Vasconcelos,SP,Southeast,2023-03-13
7814,8c569680-c4e2-4cee-9b48-8a0b60e064a7,da Cruz,RJ,Southeast,2024-07-15
7815,7cf5d4ed-12d9-4030-a684-8c88b7ac67d0,Garcia,PR,South,2023-05-11
7816,07266942-7fe3-4a6e-a4c1-dd96499b1189,Silveira da Mata,BA,Northeast,2024-03-09
7817,b446eef2-59b2-4d8d-a2bd-b3360b0c8ee1,Fogaça Grande,SP,Southeast,2024-11-07
7818,9228b90c-5584-4b6a-bd73-f845faa7676f,Freitas,PR,South,2023-01-11
7819,7f59bbc4-a9f8-4b67-857e-06ab7792dac6,Freitas do Sul,SP,Southeast,2024-10-01
7820,2e0fab6e-6457-4551-82ce-41ce9398bc57,Melo,RS,South,2023-10-19
7821,5201aa7d-a5e5-454c-a177-edcd89b95ce8,Casa Grande da Serra,MG,Southeast,2023-08-25
7822,a9611c5d-94ba-4bf2-9c54-2d78733e2137,Jesus,SP,Southeast,2024-09-10
7823,fa6addd5-20f0-4b3c-8295-0eae06ac7b10,Viana de Minas,PR,South,2023-10-01
7824,83355822-6fa4-47bb-8fa5-1a131f0c4661,Sousa,DF,Central-West,2023-12-29
7825,9b3aaa9e-fd67-4ba1-86c1-772a1e171c05,Lopes,PE,Northeast,2023-06-05
7826,a63c00a2-966f-4fcb-80d3-88e6d6a3d393,Pastor,SP,Southeast,2024-08-21
7827,00e499b5-925f-4b67-9825-27b447412b10,Rezende,RJ,Southeast,2023-08-14
7828,df52cf0a-0c8a-4d84-8c88-8da577a4788c,Carvalho,SP,Southeast,2024-01-28
7829,aab18e54-67fd-4b23-b0b7-27677fe566cc,Moura,SP,Southeast,2024-09-23
7830,d810f5c2-edd7-40d5-983f-f296062cf05b,Martins de Mendonça,SP,Southeast,2023-06-14
7831,0cbc946d-c8ee-4d25-beea-62a7d9e42019,da Mota,SP,Southeast,2024-09-20
7832,225673de-76d2-43db-96b3-0caaabc84455,Montenegro Grande,MT,Central-West,2023-10-04
7833,1aed280a-19be-45ad-b577-1042e1855e53,Lima das Flores,PE,Northeast,2023-05-08
7834,f6d1e901-0736-4d93-af1b-8cbb4e500804,Machado de Costa,SP,Southeast,2024-02-21
7835,98396ae1-f635-44aa-9164-2de2a2bfd9d0,Gomes Verde,SP,Southeast,2024-04-15
7836,97c48233-fd90-430c-9cb0-8687af93a61e,Cassiano,SC,South,2023-06-27
7837,d0e265fc-dd85-4838-9aa6-5fb80973834e,Costela,DF,Central-West,2023-10-14
7838,db00ebd5-3d7b-40c9-a6b9-83745e4f2127,da Paz de Siqueira,SP,Southeast,2023-09-02
7839,9c1c9a5f-ab93-49ff-884d-b59f87d8787d,Fogaça,RS,South,2024-03-21
7840,5b5f6665-7ef9-4441-8c78-1edc0b7d80f9,Lima,PR,South,2024-09-06
7841,e1188a69-4403-4ae0-bf3b-e31b778bb64c,Porto do Amparo,PE,Northeast,2024-04-01
7842,1ee2c3e8-8a95-4042-9cf4-85f0306b43a8,Siqueira,SP,Southeast,2023-04-13
7843,7f23a32f-ba18-417b-bd74-dbf11cedf027,Moraes dos Dourados,PE,Northeast,2024-02-23
7844,7fc6ba54-483b-4d4e-bafa-054ef1a19dab,Pereira de da Costa,RS,South,2024-03-29
7845,9d3d7095-fc22-451f-9d02-4db85fb26626,Rezende da Prata,SP,Southeast,2024-01-29
7846,3c35d7ba-897b-4931-b756-45804e90aab1,Gomes Verde,PE,Northeast,2024-01-25
7847,1fcb4adc-c071-4be0-b83c-abe7971aee19,Ferreira,SP,Southeast,2023-10-06
7848,d7a478e1-093d-4f33-85e4-b8e3250432f4,Pimenta,SP,Southeast,2024-11-20
7849,6145761c-b270-420f-8fc3-d695333cd435,Lima Verde,MG,Southeast,2024-06-20
7850,cf52b7f4-61ab-4861-a611-74881f82bdfb,Camargo de Oliveira,RJ,Southeast,2023-01-22
7851,f65067e0-6b94-4b94-918f-979216cbc3cb,Costela,ES,Southeast,2024-09-22
7852,099e4cc2-ada1-4327-bd2d-7f735e9b8b75,Pires,RJ,Southeast,2024-03-28
7853,8e1be390-c3c0-45f1-becd-022313888341,Novais de Cunha,SC,South,2024-01-17
7854,64b04866-a432-4764-9228-e8ca0a2396f2,Moraes,SP,Southeast,2023-03-21
7855,c86dec95-b944-44fb-bcf0-6ea7cc3f65cd,Freitas de da Conceição,PR,South,2024-11-30
7856,54dc0efa-d7d5-436c-9455-223c3c44994a,Lima,RJ,Southeast,2024-02-18
7857,22c09b7d-0da2-49ba-abf2-350eb0861535,Vasconcelos da Prata,SP,Southeast,2023-11-18
7858,7ae4d9cc-40ea-412d-bdaf-88c5f4c343a0,Camargo,RJ,Southeast,2023-10-08
7859,673a24f6-285b-44bf-8efb-db582fb12185,da Rocha,SP,Southeast,2023-10-25
7860,73ba0ca7-1f49-47c1-9e4e-cbcdbefa6b5e,Oliveira,DF,Central-West,2024-01-24
7861,20a61d1f-ccf6-49f0-aa4a-b336f93ade26,Pacheco,PR,South,2024-04-25
7862,a510e644-70c4-4bc5-952c-17f038954fb9,Moraes de Lopes,MT,Central-West,2024-07-30
7863,02113207-eec5-4bcc-a7d9-b0ce55ecf7e6,Nunes,SP,Southeast,2023-03-08
7864,b8a1f215-af87-4b6f-86e3-1d26a6a96b78,Freitas de Teixeira,MG,Southeast,2023-01-23
7865,50f6cbfd-0e33-4f8c-a5fb-bedba4e85719,Mendes do Amparo,RJ,Southeast,2023-12-20
7866,d853ff6e-c7ed-453f-bb86-29f6b98a8ff5,Marques,RJ,Southeast,2023-01-21
7867,ea2514bc-12fc-4b3b-b42e-dbc94cf7c3c7,Rios,MG,Southeast,2024-04-01
7868,a407795c-4d43-4253-b630-d9fa4d1fe868,Costela da Praia,DF,Central-West,2023-04-02
7869,b217431b-eccc-4e08-80be-56013f650334,Azevedo,MG,Southeast,2023-12-23
7870,5a0a3790-7eb5-493e-9496-c338b09f863e,Pastor,SP,Southeast,2024-01-11
7871,759d0660-f7fc-411d-a661-ea7e24066472,Aragão,DF,Central-West,2023-09-24
7872,08de2150-83fc-4866-858c-6bdd9e7049ff,Garcia,MG,Southeast,2023-06-22
7873,5f8767bc-dac9-4470-b3ab-18d9976e206c,Ramos de Fogaça,SP,Southeast,2024-08-22
7874,e1ceb686-2fbb-4758-aaee-bd20fde758c7,Costa do Oeste,SC,South,2024-09-05
7875,892cde26-682d-400b-99b5-1f73939d3b36,Vieira dos Dourados,PR,South,2023-07-20
7876,8556b37c-ce7c-459c-8138-3406f9faa20f,Duarte do Sul,PE,Northeast,2024-01-26
7877,45b3e316-c24e-40c8-9297-e21166551495,Vasconcelos,RJ,Southeast,2023-08-23
7878,ea766e45-a4a9-42a4-9447-169dec389b2b,da Mata do Campo,SP,Southeast,2023-06-12
7879,1144fc61-b783-4d34-892d-6cde0f793697,da Rosa,SP,Southeast,2024-07-20
7880,c78ebdd5-7c9d-4a1f-9bac-ee2f255a27a6,da Luz de Pinto,SP,Southeast,2023-03-23
7881,d76c1ede-4745-4e95-994b-763a31654320,Camargo,PR,South,2023-09-19
7882,1b57856c-005b-4b64-b52d-67c7ebbb0653,Montenegro,MG,Southeast,2023-10-28
7883,9d6d898c-a3ef-473c-a096-2a428bb2d4e3,Pimenta do Campo,SP,Southeast,2024-03-22
7884,c33dbd68-27d6-41f5-b59a-44f536d115d2,Freitas,RJ,Southeast,2023-07-10
7885,522a6725-f407-43d7-b89c-03fd72c3ab3d,Moura,SP,Southeast,2023-11-16
7886,e342dc19-80b7-406d-8bec-50164e82fd5e,Brito,SP,Southeast,2023-03-10
7887,7fde376e-b775-40da-932f-f93e16d2b311,Correia,SP,Southeast,2023-04-05
7888,6547751d-5e93-4c91-b543-212f4cb07fa5,Ramos,SC,South,2024-08-09
7889,d64d3d6f-fa49-4aba-9ee2-e22d17aea444,da Paz da Serra,SC,South,2023-06-30
7890,d50913c0-4d48-470d-aff7-e6a96264a5ff,Duarte da Mata,RJ,Southeast,2024-04-26
7891,00d4c311-29a4-4136-bd38-752d6a8dc6eb,Campos,GO,Central-West,2023-06-21
7892,b5843896-5778-42df-bb03-05cdd49d8b27,Vieira das Flores,SP,Southeast,2023-07-20
7893,2b6c07d4-b21d-41d5-b58d-d0fa9f7bd912,Ribeiro,PR,South,2023-03-20
7894,0103ead0-48d4-4365-91d2-59b33ffd48e4,Barros de Sá,SP,Southeast,2023-04-14
7895,4b8becda-aa99-46a3-bf01-b99c71dff6b1,da Mota,SP,Southeast,2023-07-03
7896,0fe317e1-e9be-4eb8-a20d-eb5e628a313c,da Luz do Amparo,PR,South,2024-04-18
7897,a9784027-b882-4191-8cb1-c1f5af67fc6f,Leão,PR,South,2024-01-13
7898,3ff5359d-ca99-42cc-8bcd-9eed0cfc3b77,Aragão,RS,South,2023-06-06
7899,c61723d5-fec6-4185-93fd-b2257105f092,Caldeira das Flores,PR,South,2023-07-11
7900,13164632-222a-4b0b-9659-1909309c5b52,Pires de Minas,SP,Southeast,2023-01-09
7901,e9a225f2-001d-42a2-ad64-eba3bd7e952d,Cavalcante,RJ,Southeast,2023-06-25
7902,7cd3a605-1b50-4d43-a213-5d8c4a833f6b,Guerra de Minas,BA,Northeast,2024-06-09
7903,e7cb5012-0aa6-4298-83bc-8530620a4e58,Lopes Paulista,PE,Northeast,2024-05-27
7904,875e3ac7-15fd-4682-947a-f39baa19e40a,da Mata do Campo,ES,Southeast,2023-02-28
7905,327272f0-ac92-4046-b7e4-99d131163301,Gonçalves da Praia,RJ,Southeast,2023-06-21
7906,23f664e2-0328-420c-8db9-f86dbb16f851,Peixoto de Minas,SP,Southeast,2023-06-09
7907,b257283f-6e5c-450b-a7a0-5f0e5428400d,Novaes do Campo,PE,Northeast,2023-09-05
7908,1951c42e-9cd4-411a-a594-7d31707258dd,Siqueira do Amparo,CE,Northeast,2024-01-12
7909,0f3e4ec4-90d9-4e1b-aba1-a7a18c7e6fb7,Cavalcanti da Mata,PR,South,2023-10-13
7910,15ecc9c4-2b91-4d0f-ada3-dab197b7d3a8,Ramos,MG,Southeast,2024-04-10
7911,487be236-a681-42aa-9a46-e123af81c257,Oliveira,SP,Southeast,2023-04-23
7912,4534a7d7-9b8b-442c-a915-c5509538b9e8,da Rocha,RS,South,2023-06-15
7913,c046c195-01c0-418c-88c4-32011c335961,Cunha,SC,South,2023-02-13
7914,5ca00a43-f623-4412-8363-0085d0c906e9,Oliveira Verde,SP,Southeast,2024-01-22
7915,48d5a1c5-1ef9-4ad8-949a-d8913087106d,Jesus,SP,Southeast,2023-10-22
7916,e7e032b0-0176-4810-a761-cfcf524a6106,Castro,MG,Southeast,2024-05-16
7917,1baaa5f0-07d0-4ab0-b5ea-09ccd21f5add,da Rosa de Aparecida,RS,South,2024-02-09
7918,e6f4b2fd-9e89-4f45-8d38-5a4026f317f0,Sampaio da Mata,PR,South,2024-02-18
7919,80d17b77-facd-437b-9e46-fcb16f93327d,Guerra da Praia,CE,Northeast,2024-04-22
7920,12f86782-8b33-4c72-8c1b-86689fce4772,Martins,MT,Central-West,2024-06-16
7921,99904924-cc9e-4387-b082-c8772fc62e86,da Cruz,RJ,Southeast,2024-09-12
7922,e30ce0d1-7502-4611-a2b5-b488a97db3d8,Pereira do Campo,PR,South,2024-02-19
7923,f4e333c8-4fea-439c-aa95-6959e9c399cf,Sales Verde,BA,Northeast,2024-06-20
7924,f77741eb-e8aa-445f-bf03-4bfc1fae5904,Correia Grande,GO,Central-West,2023-06-20
7925,a795ed09-8f4b-4b0f-9d1a-123db8258e42,Brito,ES,Southeast,2024-05-26
7926,84732bee-0fc7-45ce-b0d0-ef78192f08f9,Carvalho do Oeste,SP,Southeast,2023-02-07
7927,d42da288-6713-4e6e-9bfb-57971a330548,da Costa,SP,Southeast,2024-09-06
7928,402e3ece-8b0b-41a7-aedb-1a874a31a020,Siqueira,PA,North,2023-11-02
7929,b9fdb77d-e1a3-433c-a5c5-eecd20192edf,Gonçalves da Serra,SP,Southeast,2024-02-27
7930,d568d465-7a03-490c-a49f-f39cf152ca82,Pires,RJ,Southeast,2023-11-03
7931,287922f2-c7c5-4195-bfc3-2f833e2155a2,Carvalho,RJ,Southeast,2023-11-19
7932,d5c4b7af-eff2-4b85-bf34-a4af502998fa,Castro de Goiás,MG,Southeast,2023-01-17
7933,ccc26a78-70e6-4fa6-ac85-7cf1897209e1,Machado,SP,Southeast,2024-10-15
7934,4f998d73-0796-483a-a286-85f7795dc229,Pinto,BA,Northeast,2024-04-05
7935,a6dd341c-32a9-45ef-bb53-61a1eb30ea1a,Porto de Santos,CE,Northeast,2023-05-24
7936,b55500ad-6d36-4110-a657-6587e8f116ac,Melo da Mata,SC,South,2023-11-06
7937,b367a133-8a01-40db-b8a9-cf5d0d435a82,Mendonça de Carvalho,MG,Southeast,2023-05-26
7938,a6795213-72e5-4422-8a2a-e8461335bd82,Cavalcanti da Mata,SP,Southeast,2023-08-21
7939,053d239c-0d40-448d-b02a-8bd4d7c436fd,Cunha,DF,Central-West,2023-09-16
7940,ca97b99b-e1e9-495e-8929-e5b0b2eee937,Barbosa do Sul,MG,Southeast,2024-04-22
7941,cdcc2676-d07a-49fd-ac57-c4dfb01bb171,Casa Grande de da Paz,RS,South,2024-01-16
7942,f981154f-cde8-4e6f-b642-7d0fcc5bfff1,Ferreira,CE,Northeast,2024-04-19
7943,58aabc34-6ea8-410d-aecf-0d7746c95074,Azevedo das Pedras,SP,Southeast,2023-02-22
7944,fd212e61-aa9a-4cab-8f92-1545beb47aa2,Pastor,SP,Southeast,2023-05-30
7945,d810983a-ff82-4549-bc42-eb392d89a9e4,Sá de Goiás,DF,Central-West,2023-04-14
7946,b306604b-51ae-4696-8d08-4d9494b7d5df,Câmara,RJ,Southeast,2023-02-24
7947,ce10686f-1a78-4b9a-a856-227a8e3898b3,Vieira,RJ,Southeast,2024-01-31
7948,30d34f42-9399-4122-82e3-daafed8b39a0,Ramos do Oeste,CE,Northeast,2024-03-19
7949,2a99fad4-a066-4059-abad-9a7ef862109e,Novaes de Rezende,SP,Southeast,2023-10-29
7950,7a6506ee-0576-46fd-8416-cbe16d2dbfdd,da Mota,RJ,Southeast,2024-06-08
7951,3b74adc3-e05b-4df3-a695-28e92e3eca90,Marques de Goiás,PR,South,2023-02-11
7952,9a223fd3-9d3b-4365-8564-79fc143e24d6,Pacheco de Goiás,GO,Central-West,2024-05-05
7953,b9b83ca9-14a5-4e55-9214-1053121e68e9,Rodrigues Verde,SP,Southeast,2023-12-06
7954,14b4389a-aca9-4c87-afe4-e43797da0ac2,Dias,SP,Southeast,2024-06-02
7955,77b34648-b505-46a1-8ffd-78e13fdbb81f,Ferreira,SP,Southeast,2023-04-14
7956,fbc077e4-7822-4d38-90aa-1e0a01c00a3e,Monteiro,SP,Southeast,2024-07-29
7957,b92491d9-0191-4b80-9ffd-22147abf9970,Nunes da Mata,SP,Southeast,2023-01-26
7958,9ca9257f-9c03-4e6d-93ef-3396a89b7c8a,Costa da Praia,ES,Southeast,2024-10-07
7959,6a88b70c-812b-4b4c-a0bd-0ea874c0e9b6,Cardoso de Minas,ES,Southeast,2023-01-25
7960,02f0aa17-ef32-4981-8bfd-50f83cd89af3,Pacheco da Praia,MG,Southeast,2023-12-09
7961,d2bda17d-c7f8-41f9-9c63-1e5212ad763a,Novaes Paulista,BA,Northeast,2024-04-16
7962,bf8d7ae3-4724-4718-9be7-237ebd66ae5c,Castro,RJ,Southeast,2023-12-01
7963,55331856-952b-42ce-9eeb-eaa8e67520c3,Brito do Oeste,RJ,Southeast,2023-02-22
7964,305d9a2a-d310-417c-989a-830fd12f8af1,Souza,BA,Northeast,2024-08-22
7965,59dc5d95-113b-4124-9cc1-e69153d0e3ee,Brito Verde,SP,Southeast,2024-03-24
7966,b052df0f-a8d1-47a3-b54a-922f69d9345e,Camargo do Campo,BA,Northeast,2024-03-19
7967,7f7556f9-6925-4338-98be-139e06a20460,Fernandes do Campo,BA,Northeast,2023-02-07
7968,dc4dcfcb-fa32-49ee-bafb-00f9ac2a8ede,da Conceição das Flores,RS,South,2024-07-15
7969,9afbe705-bbf0-4f2c-9b00-d981c19d8534,Farias,RS,South,2024-08-02
7970,109c5648-4076-4b22-87ca-d14ebbe5c3d7,da Costa de Monteiro,ES,Southeast,2023-06-07
7971,2471dee4-e7d6-4ad4-abec-9a01e205eabf,da Costa,GO,Central-West,2024-01-22
7972,ddbd7d5c-6b78-4cf1-a262-058942c4c311,Montenegro de Viana,RJ,Southeast,2024-03-26
7973,f5e5f982-de4d-45df-b753-c304cf51bab4,Santos,RS,South,2024-10-12
7974,d3789ce5-f4b2-433d-a22e-58d532df7267,Cunha,SP,Southeast,2023-05-26
7975,1cae72f7-8b84-4168-9356-5b92a22002a5,Moreira,BA,Northeast,2023-07-21
7976,e3082448-1029-4c12-b0fc-3404148690f7,Fogaça,SP,Southeast,2024-01-29
7977,acbc1fa0-4ea5-458f-9c58-1b2ef1ccfa4a,Sousa de Rodrigues,SP,Southeast,2023-08-14
7978,e0986ed7-51f5-447b-bfc6-cf2bda030e73,Campos,SP,Southeast,2023-11-07
7979,70f4d484-2946-4638-a735-5bf212133d64,Pacheco das Pedras,SP,Southeast,2023-05-17
7980,7f7fcbe8-db4c-4d45-81e6-478a3e81d07d,Barbosa,SP,Southeast,2024-08-05
7981,d75cfde4-9b38-4672-8e49-c65416722a67,da Costa,SP,Southeast,2023-06-05
7982,e5cd69f3-1aeb-4382-bcef-304bfd9386d9,Nascimento,MG,Southeast,2024-08-04
7983,f95758a0-2977-4f73-a71a-9f0380fd884c,Aragão,SP,Southeast,2023-08-04
7984,c4502a4c-bb64-415f-ae96-8d8cd100544b,Viana Verde,SP,Southeast,2023-03-09
7985,d49d3c77-ac5f-4e72-8269-13a6e37c9c10,Alves,SP,Southeast,2023-02-08
7986,8855022a-ed82-405a-9064-dc383c20dbe6,Moraes,SP,Southeast,2024-05-09
7987,b479d898-3e53-4429-84ca-56c4cd193f76,da Rosa da Prata,BA,Northeast,2023-08-13
7988,17b9d89e-b71b-4fc7-9f4a-0227f3ab7616,Aparecida,MG,Southeast,2023-06-19
7989,272f5443-8034-4aec-9156-3f5b21056f8c,Barbosa Paulista,DF,Central-West,2024-05-20
7990,729f0c10-1655-4da4-8b41-d6a006138a83,Carvalho,SP,Southeast,2024-11-16
7991,6c333aea-f8f6-4f24-8304-b63a848e44dc,Lima,MG,Southeast,2023-12-17
7992,886ffdb2-7878-4136-8cd6-d040a2688532,Ramos de Vieira,SC,South,2024-01-17
7993,c26dd30c-2f08-4fd0-b10a-1455a1e0c35e,da Paz,PE,Northeast,2023-09-22
7994,7a6e69fa-92ed-427c-9b48-fb2491600f57,Costela,PR,South,2024-07-15
7995,0546085f-f66f-4b4e-a0dc-25c9aa2c64ac,Correia da Mata,CE,Northeast,2023-12-05
7996,368a2097-417c-42ed-bede-0a0aaa0f0335,das Neves,SC,South,2023-12-01
7997,0b1b74cc-1abe-46a6-a134-a0f44e31031d,Fonseca de Minas,PR,South,2024-11-14
7998,0553d964-ce06-40c5-8b84-1a34deec0066,Gonçalves do Sul,RS,South,2024-08-26
7999,4ad3e848-a106-4c7c-8311-933810cd81bb,Costa,ES,Southeast,2023-10-13
8000,5dcb8850-5613-4c51-bc02-7c081f38afb0,Souza dos Dourados,PE,Northeast,2023-09-09
8001,0c1d7fd5-2216-446c-8daf-a6bd923bc822,Teixeira de Casa Grande,SP,Southeast,2023-01-23
8002,add3f1b4-20be-43b6-ae53-61acaf4413c8,Peixoto,MG,Southeast,2023-10-06
8003,c14906fd-6c5a-4a87-9b7a-ae49f5c8e52d,Cardoso de Ribeiro,RJ,Southeast,2024-06-05
8004,cb7f47c9-60b5-48dd-bd37-0e2815c83934,Santos,RJ,Southeast,2024-02-19
8005,9993b1e5-c3a7-400b-8cfd-21c385d1ef81,Silva de Novaes,SP,Southeast,2024-08-28
8006,74366906-d2bb-4c44-9957-90c9e7fe3bd4,Lima de Melo,RJ,Southeast,2023-09-21
8007,5efe232c-eaf6-4f57-b01d-c761bc4d0069,Cunha,SP,Southeast,2023-06-01
8008,a802153d-76f7-47d1-bafa-610c80069f89,Cardoso,PR,South,2023-08-13
8009,897bc49d-9b41-46d4-b68c-9deaca328ebf,Nascimento,CE,Northeast,2023-09-12
8010,9d5e8f2c-3924-4e23-92e1-fbc0f890ed18,Ramos de Porto,MG,Southeast,2023-06-06
8011,4719a40b-0aae-4523-a926-0dc7ccc50620,Câmara de Andrade,DF,Central-West,2024-07-09
8012,9640f569-1ded-40fb-9c7a-9f0046608cf5,Dias Alegre,ES,Southeast,2024-02-27
8013,edecae6a-68ee-4fdb-8054-a1debd40659e,Ramos,BA,Northeast,2024-03-05
8014,d40b6abc-74cc-4889-8a55-6921bc8e2ed7,da Mota,PR,South,2023-11-03
8015,e6199d55-8e36-48e8-89de-79641d0c5184,Monteiro,SP,Southeast,2023-06-16
8016,a84629fe-9428-4c61-b977-90b2f63b2c0f,Vasconcelos da Mata,SC,South,2024-11-09
8017,3f7b4b3f-0a40-493a-ad65-e0feba5897ee,Ferreira,SP,Southeast,2023-11-18
8018,51a9dff5-ce0b-4985-bc05-91f1e059f743,Pinto do Oeste,DF,Central-West,2023-02-28
8019,c46946af-1b25-437e-9198-26eae83c77a1,da Costa das Flores,MG,Southeast,2024-03-18
8020,5c982e6d-0870-4a73-a3e4-beafb86519d5,das Neves do Oeste,SP,Southeast,2024-04-29
8021,2ec571f4-9562-4b92-bc4c-3c4ec467b3df,Barros de Rocha,MT,Central-West,2023-12-08
8022,07f5f4cf-406c-4489-90f2-7dcc904435ef,da Conceição do Galho,GO,Central-West,2023-05-02
8023,e57ad2cf-6ba4-4a3a-98f1-d3b350632ef1,Albuquerque de Carvalho,RJ,Southeast,2024-05-13
8024,77dff112-bd27-4765-8df6-82eafa249ca1,Vargas,CE,Northeast,2024-05-18
8025,8f1584cf-7569-4284-b27c-ff9d5ae8d92c,Cirino do Norte,DF,Central-West,2024-02-10
8026,5bea2285-58ab-45d0-a534-28c5afd10343,Silveira Alegre,PR,South,2024-02-20
8027,51d1fedf-ac7c-4bca-b813-5dadc179981c,da Paz do Norte,MG,Southeast,2023-08-29
8028,eb1be442-f066-491e-8243-a625733eb516,Marques dos Dourados,RJ,Southeast,2024-09-17
8029,dfe105aa-80da-47fe-b7ba-444fb2d3c152,Ramos,PE,Northeast,2023-12-11
8030,22ab2999-badb-4a35-a5c1-c54bb73f256b,Teixeira,SP,Southeast,2023-12-01
8031,09e83067-bd82-46a6-8802-33b1eccc1cc5,Vasconcelos de Carvalho,PR,South,2023-03-26
8032,ecf1f1ff-0257-443b-aa84-7ec2addbe0d8,Almeida da Mata,SP,Southeast,2023-03-26
8033,116bc91f-f84b-4619-8283-32937e96e4fe,Viana,BA,Northeast,2023-01-09
8034,1b0be11d-670c-4dfb-8b88-146b2c7d5b6b,Fonseca de Rios,SP,Southeast,2024-03-14
8035,03fff16c-b15e-4752-8994-05217de560e2,Brito do Sul,MG,Southeast,2023-04-05
8036,4f852152-fc4e-4481-b1ad-ab8bf3db4104,Jesus do Amparo,GO,Central-West,2024-10-25
8037,41d21a32-6b1e-496c-8595-c6c314f2125d,Cassiano das Pedras,SP,Southeast,2023-02-22
8038,4cf55e0c-4ad7-471b-8503-e9042046f92d,Araújo de Sampaio,SP,Southeast,2023-07-01
8039,6a17f569-8c71-47ce-901d-8dc2423e2c4c,Barros de Camargo,SP,Southeast,2023-10-26
8040,1e1288be-facb-422e-8403-0ebece21e01c,Martins de Vasconcelos,AM,North,2024-01-11
8041,28332130-3e00-4000-bb1e-4290038711ad,Martins do Norte,RS,South,2024-01-01
8042,4b33b3f3-a8dc-4db2-8907-2a0ab16464e8,Viana,RS,South,2023-03-31
8043,3e88bcb6-76ad-4bb6-8776-4242c1352b00,das Neves,SP,Southeast,2023-11-14
8044,6c533408-a8ce-4611-a04f-29c2d7114818,Ribeiro de da Cunha,RJ,Southeast,2023-02-09
8045,ade7afde-cf95-4d45-8fb0-68cf99c8bc55,Sá,PA,North,2023-03-26
8046,0e9aa279-c69a-4f22-a39b-386436baeaa4,da Conceição do Galho,AM,North,2024-09-21
8047,76cb28e1-cd84-4c95-99e1-be61fb8c799f,Pinto de Peixoto,SP,Southeast,2023-07-16
8048,eef9c4ab-800d-4675-bd9d-9d7ee0db9308,da Luz,BA,Northeast,2024-02-05
8049,292d1002-92d8-412b-976b-4a4d6768d40a,Martins do Sul,PE,Northeast,2024-05-17
8050,1f07bf99-8703-42fe-9ae6-12b14852914b,Rodrigues,SP,Southeast,2024-08-30
8051,82fbfdc7-17de-4fbe-8f26-ef72310fede0,Vargas da Mata,RJ,Southeast,2024-06-22
8052,156fd7cf-3f59-42e6-a2ca-4d6d3ebc5194,Fogaça das Flores,SP,Southeast,2024-09-19
8053,82963649-18ce-43e5-9f20-3b71d0ca8c48,Cavalcante,RJ,Southeast,2023-03-08
8054,14a7091a-983c-46ad-9e01-107c76b61e94,Araújo de Almeida,MG,Southeast,2023-09-24
8055,e74da397-3df5-4eff-856f-25c03ee831ac,da Mata de Costa,SP,Southeast,2024-06-11
8056,5aa6479c-2791-4c8e-97c6-b6f3ba9513e9,Rodrigues do Amparo,SP,Southeast,2024-09-13
8057,d0012dde-f8f6-44ad-8740-ecda4bc7d6aa,Costela das Flores,SP,Southeast,2023-10-18
8058,e0163b1c-1766-4e7a-90b1-1b332358b5ad,Costela,SP,Southeast,2023-12-13
8059,56289b9e-d255-4fe8-92b2-b7571f9bdf4c,Caldeira de Minas,RS,South,2024-04-29
8060,eb8f6af2-d601-436b-9784-f6e61d112177,Porto,PE,Northeast,2024-01-03
8061,02f6ed3e-6111-4e2d-871b-cd2a2333c422,Caldeira de da Cruz,GO,Central-West,2023-11-10
8062,9543431c-a64d-4f1c-a6ea-359ebcac6209,Aragão,RJ,Southeast,2024-02-15
8063,df033e96-5c48-48f1-8875-df32c8b81d4e,Cavalcanti,MG,Southeast,2023-08-29
8064,4f2dc250-acc6-4992-ba4f-2ffc134c9645,Castro das Pedras,BA,Northeast,2023-11-13
8065,a76b9d80-700f-47ac-ad6d-aec9c8bfbe4a,Souza,RS,South,2023-08-04
8066,333e1a4f-d0f9-4d7b-9d93-dbf0c10e07c1,Rios Grande,SP,Southeast,2023-06-02
8067,1eb304dc-6ca6-4bca-8663-705850e2f229,Jesus,RS,South,2023-02-07
8068,500b25b9-af77-4587-b69c-2ed61bd1a6a5,da Mata Grande,SP,Southeast,2024-08-24
8069,15d4542a-b3a7-4fe1-8ac7-78cf69c01379,Farias Alegre,CE,Northeast,2023-06-01
8070,c6237cc4-c360-4570-b047-531735abe593,Nascimento Grande,SP,Southeast,2024-04-04
8071,b84736f2-2093-4d12-87ab-f7ad66c722f6,Araújo da Prata,SP,Southeast,2023-03-17
8072,9caeb54f-d9fc-48b5-850b-d05b1b416186,Andrade da Serra,RJ,Southeast,2023-12-07
8073,31e1ed5e-2231-4896-b106-65c1cc8ffff1,Novais da Praia,RS,South,2024-08-16
8074,590a446e-d352-4803-bae0-9dba97d974e9,Sales,SP,Southeast,2024-05-08
8075,bc9f8e93-ab6f-4a98-b2f2-117b34cd130a,Ramos da Serra,MG,Southeast,2023-05-06
8076,56083dd8-07bf-4bb8-8493-3b3d820b337c,Monteiro,DF,Central-West,2024-11-15
8077,7f404316-df73-4648-8baa-8cff50ef5abd,Pacheco,GO,Central-West,2024-07-19
8078,a1654f53-e448-4bc1-a1ec-cef3afa5ef5f,Cunha de Fonseca,RS,South,2023-11-06
8079,d28bb2f4-ca39-44f7-89d2-2116425e03bc,Cardoso da Praia,GO,Central-West,2023-08-03
8080,b383eee1-b428-441d-87ce-c4202e4b24e1,Monteiro de Mendonça,DF,Central-West,2024-11-02
8081,c752a7b9-4907-4b41-80cb-f2c37b801e1b,Nunes das Flores,SP,Southeast,2023-06-10
8082,3ecacda4-9659-433d-8b58-cbef43b91c43,das Neves,RJ,Southeast,2023-12-20
8083,0d88de48-ce86-455d-8845-94366d58ea8a,Lopes,SP,Southeast,2023-02-02
8084,8835eb99-917c-4c85-a2f3-c49a023ac2b0,Gomes,PE,Northeast,2023-09-16
8085,203b5f17-6f34-4313-8bdc-b8d94c32e1a1,Fonseca de Fonseca,RJ,Southeast,2024-05-24
8086,766f6149-7f30-48ac-b538-7491cd654a85,Viana,MG,Southeast,2024-02-12
8087,8ffe2a70-ff5e-4fcb-90c9-80c4e2cec61b,Rezende da Mata,BA,Northeast,2023-11-28
8088,054c71d8-613d-42c9-8df1-3dcfa739bb7d,Carvalho,MG,Southeast,2023-12-01
8089,d8b08cf3-e2cd-404c-85aa-ebe71f0c6e13,Alves dos Dourados,BA,Northeast,2024-03-08
8090,40d708ea-5c47-4391-9c15-d598283ba354,Siqueira do Oeste,SC,South,2024-08-03
8091,17b3502e-0b24-49e5-af60-58c39a61a1c8,Araújo Verde,CE,Northeast,2023-07-08
8092,dabc3619-9d4f-4114-bddc-4552d577f441,Casa Grande,SP,Southeast,2023-06-18
8093,40bc3d62-be40-47fe-a1da-08a5d7a800b9,Alves de Macedo,GO,Central-West,2024-03-01
8094,f3c352f7-65aa-44ea-a4b0-e0ba904c6eaa,Fonseca,SP,Southeast,2023-12-09
8095,cb44778d-e48b-451a-b025-bd70ab1e26b7,Santos,SP,Southeast,2023-05-24
8096,1fd70d6f-3387-4c6b-8bf1-2c147a17b2c5,Vasconcelos do Norte,SP,Southeast,2024-09-10
8097,0f081ad7-5f29-442b-a1b6-d83537b5115a,Souza,ES,Southeast,2023-10-12
8098,c6e896dd-b14a-42de-ba80-e7d1ae2e8774,da Cruz do Galho,DF,Central-West,2023-07-04
8099,f29ec80c-4237-42b9-87fa-5903ef3647a4,Cassiano dos Dourados,MG,Southeast,2023-01-10
8100,27c15ab7-5b84-4e63-92bd-b60a8e8b26f7,Lima,SC,South,2023-12-18
8101,7fd71207-d9e5-46e6-894e-c4e5173f0555,Nunes das Pedras,BA,Northeast,2024-01-17
8102,ed2c3977-560c-4ce3-8337-5b68b9d52741,Pereira da Praia,RJ,Southeast,2023-04-18
8103,d7bcb8d2-5aa2-4f1a-9f88-ac2ab614c52a,Siqueira de Montenegro,MG,Southeast,2024-05-28
8104,72d91c83-2c5d-4faa-9db0-83a2e0377b50,Silveira,SP,Southeast,2023-06-01
8105,dfc3d424-b5aa-491f-be36-00821bf42da6,Rodrigues Grande,RJ,Southeast,2024-11-05
8106,8772066c-1b41-44c0-bab6-8460707fb8c6,Cardoso,CE,Northeast,2024-06-01
8107,aeca599c-ee88-4132-a523-0758d99a0673,Alves da Serra,SP,Southeast,2024-02-05
8108,356b4d5f-f709-43a5-9986-0656369956ab,Rios Grande,CE,Northeast,2024-08-27
8109,762ffc7e-1a34-4605-a330-c4ba79cdd554,da Mata do Sul,SC,South,2024-09-18
8110,fa7e95c9-46da-4696-aa93-913fc435c6ad,da Mota,SP,Southeast,2023-02-10
8111,561b743a-63b2-4106-ac4a-c04eba787bec,Brito de Minas,MG,Southeast,2024-08-28
8112,3b3d70f6-60b5-4d4d-8d6c-25a729d2a737,Campos,PR,South,2024-07-05
8113,01ad3eb3-59a7-4110-8412-8fb4f6feb332,Santos,PA,North,2024-04-12
8114,882a66d5-219a-4e6f-8dfe-0004de943130,Andrade,SP,Southeast,2023-12-07
8115,4abd78b0-a65c-47d4-8662-ca417a116484,Pastor da Praia,SP,Southeast,2024-08-26
8116,ee9b7cfd-f241-4077-8b0b-53b32b71fe06,Macedo,SC,South,2023-03-06
8117,6b850d90-e661-4633-ae66-932dc7a3d6b2,Mendes de Vieira,MG,Southeast,2024-03-03
8118,9ffcbc21-34ce-42e9-aebc-473945dd4421,Dias,DF,Central-West,2024-09-15
8119,e9209932-378e-410b-83d6-b29db2ff8d07,Porto,PR,South,2023-11-19
8120,318af0c1-74f1-46e6-a157-c124fea9dfb9,Silva,PE,Northeast,2023-08-17
8121,37486850-f6a0-4961-8520-a93870c25fe8,Vargas Verde,MG,Southeast,2023-11-04
8122,f5615c4c-d32a-4c65-946e-8acf2fe63cc8,Campos do Norte,DF,Central-West,2023-02-09
8123,005cbeb8-611d-401e-a350-ea52030d2820,Macedo de Sá,PE,Northeast,2024-11-15
8124,3196fb2c-41e8-40b6-9155-96d02a46397b,Sampaio do Galho,DF,Central-West,2023-09-18
8125,91ba6c3c-e090-4bf2-b4d7-800a62a75b42,Vieira Alegre,RJ,Southeast,2023-01-05
8126,117b01df-7f28-4f1a-9fe4-e44437718796,Fogaça do Amparo,PR,South,2023-02-11
8127,06be9567-f837-4e30-9c84-a0123fa5fa7f,Cirino do Sul,SP,Southeast,2024-04-05
8128,31cdba78-8f36-43d7-915a-ff858f70ce5f,Novais,SP,Southeast,2023-01-03
8129,aa4ed9ce-07c3-4150-b8d3-c4c4740357ce,Aragão do Amparo,MG,Southeast,2023-03-19
8130,3ba1e0f0-d75f-46ef-b5a7-da659f690e9c,Machado de da Conceição,PE,Northeast,2023-10-08
8131,9cbfbe47-2153-45f0-bb7e-ec4d1afecb03,Correia de da Mota,PR,South,2024-07-13
8132,4fb40956-bdf8-4f0a-95ec-2c71f0fbc188,Aragão da Serra,GO,Central-West,2023-01-17
8133,ab7abdeb-7430-4a0d-b0b9-64acaf327821,Pereira do Sul,ES,Southeast,2024-10-17
8134,8b4ad625-6977-4fbc-a63d-9cae86863614,Abreu,BA,Northeast,2024-09-06
8135,26971d75-78d9-40dd-8f0d-00bb9b84d410,Alves,SC,South,2024-05-23
8136,7a43475b-a0d5-4ca2-a7bb-c5388f8ef417,Castro,AM,North,2023-08-07
8137,85bf10c0-1f09-4e90-80d0-093df19abca9,Ferreira da Serra,PR,South,2024-07-19
8138,a4a779db-fef7-4254-98a1-26a23eccb075,Nunes das Pedras,RJ,Southeast,2023-04-29
8139,3c0d409f-21a3-4034-89ad-6f07c5bdb176,Barbosa,CE,Northeast,2024-02-03
8140,9ee4f965-cf89-42f1-93ee-246dd0179385,Ferreira de Camargo,PR,South,2023-12-03
8141,ca209861-720a-4600-9c5b-f9bf75d28d62,Costa,SP,Southeast,2024-11-02
8142,d1ad595b-0385-4098-b255-2d1e2ad771f7,Vieira,SP,Southeast,2024-03-15
8143,e2d033eb-00c6-42f5-9d1d-06776f174420,Azevedo dos Dourados,SP,Southeast,2024-10-24
8144,f46a13cf-2b57-4ecd-8304-7d1c5612872b,Campos de Goiás,SP,Southeast,2024-05-06
8145,719671a5-0c0d-440b-8626-176beec90956,Monteiro da Praia,SP,Southeast,2023-05-13
8146,7c0e5e5d-c807-4e21-b35e-f82c84033bdc,Fernandes da Prata,GO,Central-West,2023-09-22
8147,01403584-fdab-452c-b311-f92b568cb2fb,Oliveira do Campo,SP,Southeast,2023-10-27
8148,4bf2f544-0b08-4785-95d3-77934dbcb679,Cavalcanti de da Cruz,RS,South,2024-03-01
8149,4a908514-9f3d-407c-a98c-970f640d354a,Cardoso dos Dourados,SP,Southeast,2024-03-12
8150,f497635f-6de3-4b9f-806f-bdad2d903059,Caldeira da Prata,SP,Southeast,2023-06-17
8151,c465635c-49bc-4114-9ff5-8356e9491f6c,Aparecida,RJ,Southeast,2023-10-23
8152,eb3a4a37-f7b7-4b26-8b11-1d734ef78764,Rezende,RJ,Southeast,2024-07-09
8153,a98159ad-c3f3-4a36-8538-4b248dae661c,Aparecida Paulista,RS,South,2024-10-16
8154,1b25ccdf-256f-429b-a6bf-ed6fe81b3197,Gomes de da Luz,SP,Southeast,2023-06-09
8155,4bbfb795-edd7-43fa-b181-464da992fbd7,Oliveira,CE,Northeast,2023-01-04
8156,6cfd9d49-1b4b-450d-895a-610ce77d0c0c,Machado Paulista,GO,Central-West,2023-03-09
8157,8e504c86-710d-4e8d-8894-428ef7f9953e,Nunes do Galho,BA,Northeast,2023-10-04
8158,ef9dbfbc-dd69-4de9-957d-e53dbc5bce3a,Nascimento Alegre,MT,Central-West,2023-04-27
8159,134bdcda-9edf-4307-854e-c349724f0baf,Aragão,BA,Northeast,2023-12-12
8160,efeef98d-cfa0-4b71-a547-f8186531d59c,Marques Grande,SP,Southeast,2024-07-01
8161,f31a21ef-4a29-4380-adc5-4709fa744ca5,Montenegro,MG,Southeast,2023-05-06
8162,a732ca9c-3c74-44b6-9ff3-d3977295dd68,Nascimento de Pimenta,MG,Southeast,2024-09-21
8163,745b08a9-3774-42d5-9128-f331e48c6a7a,Aragão de Barbosa,RJ,Southeast,2023-03-27
8164,93329c57-475b-4b45-a8fc-d09af78e505d,Camargo,RJ,Southeast,2023-04-05
8165,5b3b5572-4416-4976-bd93-b67a6e608224,da Luz,RJ,Southeast,2024-02-02
8166,efbe5e77-fc8f-4911-bf31-6aa1fb6fed47,Nogueira de Albuquerque,PE,Northeast,2024-07-12
8167,4af00db1-00b3-433c-b0bd-c8a64539682f,Mendes,GO,Central-West,2023-01-19
8168,6394146d-336e-4437-96d4-890ca0d60d4f,Azevedo do Galho,DF,Central-West,2024-09-27
8169,64d76ec4-5f8e-4dc6-b272-4a33d6875a11,Lopes,PE,Northeast,2023-03-30
8170,96e8bdd9-e71b-4588-b27e-7656e66224e3,Sá,PA,North,2023-06-16
8171,c6012ed5-f883-4532-956c-02870cd837a6,Rios,SP,Southeast,2023-06-14
8172,28b68bfe-b9aa-4cd5-b2d4-2229f8123529,Costela de Fernandes,ES,Southeast,2024-07-01
8173,24177c12-1e28-48dd-bf0e-97abc6bc8b31,Gomes do Amparo,SP,Southeast,2024-10-08
8174,128689bc-fd2f-4643-af41-5f9dfd7f60a6,da Cruz,RJ,Southeast,2023-12-15
8175,c7ca2946-8d75-4175-86e0-8df5013e7bbe,Marques do Galho,CE,Northeast,2024-03-18
8176,c9a4d972-5953-4db5-937b-c3d1dcce49fe,Freitas,SP,Southeast,2024-06-08
8177,4e10322f-b4a4-4777-a451-09123befd844,Fernandes,BA,Northeast,2024-02-17
8178,050c6ec8-6172-444c-a36b-8f16c68d4554,Pacheco,SP,Southeast,2023-07-14
8179,daa4a023-b956-408d-88d3-b5888a26a416,Farias,SC,South,2024-05-10
8180,89a63692-cfaa-45f9-bdb9-14eceab83685,Jesus,BA,Northeast,2023-03-10
8181,b2a1f00f-0bd2-4dda-9b12-5cc9a742d38c,Alves,MT,Central-West,2023-08-21
8182,44c76929-e8f8-42c5-a6e1-396c33c25f22,da Cruz,PE,Northeast,2024-05-21
8183,569fed82-67d9-4c59-a30a-14a8d2626cfe,Cardoso,PR,South,2024-04-13
8184,6f05d8fb-52bb-4f4b-83fd-3b41969b4652,Pimenta dos Dourados,RJ,Southeast,2024-10-19
8185,70f1df49-cd7d-4230-b85a-42aedda152ed,Sousa,RJ,Southeast,2023-02-12
8186,6d1acd2e-0b23-4056-8d1f-e8a67f92e22f,Alves,SP,Southeast,2023-07-12
8187,6098844c-f04a-4cdc-85b9-1b527fac17b4,da Mota,SP,Southeast,2023-12-30
8188,df337ee8-3f5d-41db-bd57-4d80c98497f5,Andrade de Aragão,SP,Southeast,2024-11-11
8189,975c5d37-bbb6-4450-871c-7f3dc8afe74a,Siqueira,GO,Central-West,2024-10-26
8190,fde8c42f-7cfa-4b47-a914-f7f2de209305,da Paz do Oeste,RJ,Southeast,2023-01-08
8191,151b5289-700b-4c99-8f50-521d633476f0,da Costa do Galho,MT,Central-West,2024-04-19
8192,6fc924d0-755b-4673-b3d9-48a5e9119f85,Barros,SP,Southeast,2023-04-09
8193,7a5ed265-e45c-49c5-9b97-f442e8135b18,da Rosa de Abreu,PR,South,2024-07-28
8194,f8e46f69-4145-4f49-9335-7525bd329999,Montenegro das Pedras,BA,Northeast,2024-08-30
8195,2634a3ef-8605-4ad9-9f37-66816dd85a73,Teixeira da Prata,SP,Southeast,2024-05-21
8196,112b6856-4ebf-474c-bfdd-6ba1b9747360,Cavalcante do Amparo,PR,South,2024-07-18
8197,3bdeae38-e1e3-41d1-9c8e-63588182f547,da Cunha,RS,South,2023-12-15
8198,9ab77887-bbe8-494d-b9cd-91d31bdc1710,Cavalcanti de Leão,SP,Southeast,2023-02-03
8199,afa0eeaf-421b-429e-b574-0cf4350dac99,Barros,BA,Northeast,2024-10-15
8200,3477e35b-22e8-4727-a939-7928a20bd299,Oliveira,RJ,Southeast,2023-11-16
8201,cd0ea4ab-d5a1-4859-95d1-b62dde98cab2,Campos,PR,South,2024-03-11
8202,0618706f-c915-4fb5-902d-04935065239e,Martins,RJ,Southeast,2023-04-20
8203,362cd88b-1f77-4c32-927b-c0e4b2dc77f1,Ribeiro,SP,Southeast,2023-11-04
8204,b7e76620-4a1a-48b5-81b8-76e1b22faf39,Moraes Paulista,RS,South,2023-05-21
8205,6b7f3076-59e2-4c5f-87d3-2fbcec496f67,Vieira de Mendes,RS,South,2024-01-24
8206,d3df72d2-d47e-421d-9d06-60991231b8b8,Camargo dos Dourados,PA,North,2023-10-15
8207,63fd8f89-613f-41b4-b21b-5c85a6601381,da Rocha,RJ,Southeast,2024-02-26
8208,96cf072d-8c4d-4a49-aaed-b75b50ce7c73,Oliveira,AM,North,2024-06-27
8209,66e0e965-1946-4804-a456-61c215a308fc,Freitas dos Dourados,RJ,Southeast,2024-05-25
8210,ebae1701-7dd6-4b51-a692-6a49a724f9a8,Sá de Guerra,RJ,Southeast,2023-11-04
8211,794d31e1-d101-4137-9f58-6866eea5894a,Gomes das Flores,MG,Southeast,2023-01-27
8212,f9008cca-7b0c-45ef-806f-ede0dc7ff95c,Aparecida da Prata,AM,North,2023-12-02
8213,8008c710-0227-4b19-a02f-55b65a505abf,Ramos Grande,SP,Southeast,2023-04-06
8214,545c3a0d-4f93-403c-af8f-f48e960baaa4,Cirino de Minas,CE,Northeast,2024-06-21
8215,499ac9ab-0fe0-4e39-9d1f-2a117db2ed19,Moura de Carvalho,PR,South,2023-04-13
8216,7cd6aaf9-8053-4634-8eed-838597e18094,Martins,RJ,Southeast,2023-04-08
8217,469facf1-bd8a-453c-8c90-eaa55c4fcfbd,Cavalcante,MT,Central-West,2023-12-08
8218,afdb3cae-13b6-494c-ae5e-306901443310,Sales do Norte,RJ,Southeast,2023-05-07
8219,2b901c66-9b79-4a18-a3f1-fcad6a06007d,Viana de Rocha,SP,Southeast,2023-08-06
8220,6e8a1666-86b4-4911-a535-f86c3b6eceac,Andrade do Norte,PR,South,2023-03-22
8221,23c2e57d-7a9c-44e5-8ce7-6e4061415bd3,Leão das Pedras,SP,Southeast,2023-10-11
8222,3ee9bb38-0994-4df1-958b-43b333c15d26,Borges,RJ,Southeast,2024-07-17
8223,31a8b75a-0e3c-4039-bf46-a53b41c70671,Nogueira,BA,Northeast,2023-03-23
8224,911152f4-fff4-4179-b09e-7f64b2409091,da Costa,PE,Northeast,2024-07-16
8225,143807de-e597-48c0-8512-ce3ad21fc6d0,Camargo,GO,Central-West,2024-07-13
8226,4349d14f-8220-4e8e-9e6d-4f39cd0c7586,Guerra,RJ,Southeast,2024-07-19
8227,88228acb-8073-4555-8068-54695a8843ed,Fernandes do Galho,SC,South,2023-04-13
8228,22287375-5f1c-427f-91dd-453a7f86eee9,Fogaça Grande,DF,Central-West,2023-02-11
8229,57f65a8c-1ab6-47e3-a487-af4d91cb9dae,da Mota,RJ,Southeast,2024-03-06
8230,751c09a8-9bce-4c31-a97d-4c42315f190d,Ferreira dos Dourados,SP,Southeast,2023-12-08
8231,360c0575-85f5-46b3-b425-97f7b51f767a,Barbosa dos Dourados,SP,Southeast,2023-02-23
8232,8bd43a8d-e133-4f3b-9266-14e6f52847f5,Rezende,SP,Southeast,2023-04-07
8233,ece8de0a-b66e-45ac-b4ce-8ac1806d843f,Ribeiro,GO,Central-West,2024-08-25
8234,f8087a09-595e-4421-9403-81a13dd54bf2,Lima das Pedras,SP,Southeast,2024-05-03
8235,a8346f29-3f58-49d3-a073-ddcef92f38cd,Nogueira,SP,Southeast,2024-01-05
8236,5afb930c-933e-41c6-8e3c-b5edb648ca59,Rios Paulista,MG,Southeast,2023-04-20
8237,88aca9f6-a740-44f6-b6c7-1549117b917a,Duarte,SP,Southeast,2024-08-28
8238,e769c88d-6317-40bd-aeb9-6a9ef1ce1427,Sales,GO,Central-West,2023-09-11
8239,bffe2cba-9d5e-4e04-9999-fb5c1f6718e1,Vasconcelos,SP,Southeast,2023-06-22
8240,6ea25d4e-bc26-410d-aa87-5180d27da3a3,da Luz,SP,Southeast,2024-08-05
8241,9a4e4d76-ef2c-4b0d-acb0-80bddc5797c9,Porto do Amparo,RS,South,2023-04-17
8242,2b09f48e-f2f0-4734-b424-73b76bc07026,Gonçalves,SC,South,2023-01-18
8243,ef9473e1-af1a-41b1-a2a4-ae18cd3cb60f,Carvalho das Pedras,MG,Southeast,2023-05-10
8244,d6258411-5ca4-4a08-9c29-585086743542,Mendonça,SP,Southeast,2024-11-29
8245,30f50f37-7523-46ff-9700-b820f7526f08,Mendes Verde,ES,Southeast,2024-02-22
8246,e2ee1603-9b30-4c38-96a5-228fba153066,Borges,SP,Southeast,2024-06-19
8247,2190d471-0101-43ed-a0b2-a223d00a05f7,Barbosa de Pereira,CE,Northeast,2024-08-13
8248,c96057b1-adff-436d-8ee1-7ddac24df69d,Silveira Grande,BA,Northeast,2023-07-12
8249,8a3f2d14-3018-4d14-824f-aeecd630f2c6,Castro de Brito,MG,Southeast,2023-09-01
8250,c69dd06e-1fcb-42b0-a0ec-540aea447359,Porto de Minas,SP,Southeast,2023-08-05
8251,4625ed2d-a248-4776-8a9d-7e8f9277309c,Siqueira das Flores,SC,South,2024-02-02
8252,d0c5389f-4e03-4532-9385-c38c2be8db63,Leão da Serra,SP,Southeast,2024-06-24
8253,640400be-1806-45cb-8920-71b32687743e,Lima das Pedras,RJ,Southeast,2023-05-20
8254,3c5ed00e-cabf-44ec-a1d5-df333791a754,Rocha,MG,Southeast,2024-08-27
8255,27d9429a-859c-4bca-8956-11955a51911d,Correia Grande,MG,Southeast,2024-08-15
8256,3d96ce1a-52b2-4455-a0d3-77ac621d6235,da Mota,RJ,Southeast,2023-09-13
8257,a4a91526-0dbc-48fe-bc2a-1c9e03b5d896,Dias de Dias,SC,South,2023-05-08
8258,c1b83da7-9865-4831-9ae9-9a59f1c42e0e,Azevedo Paulista,RS,South,2023-09-19
8259,2421f817-0fb0-4708-a8dd-2e89e4db1d95,Moura da Mata,SC,South,2024-05-24
8260,58b5dfed-f2b4-4627-80c6-2677308b5be9,Mendonça,SP,Southeast,2023-04-28
8261,c28d3086-03b5-42b5-9e7b-8a4647af6161,Sousa,MG,Southeast,2023-07-15
8262,2f20f074-f110-4192-bf2b-21c5ddfb8af9,Pacheco,BA,Northeast,2023-05-12
8263,90a4354f-e1c8-476c-b0b4-e270a3c02b7e,Alves de Carvalho,PR,South,2024-10-18
8264,4d62375a-0100-464b-8513-903443d6ec35,Borges,PR,South,2024-11-18
8265,03140be3-9ea6-4fda-a844-ba3106280b15,Mendes de Brito,SP,Southeast,2023-02-11
8266,3c50e9ab-2c84-424a-8ea8-bc81ab5594ff,Sampaio de Goiás,SP,Southeast,2023-09-13
8267,c1a96306-2114-4929-adb9-c5f9f04ed19c,Melo de Pires,BA,Northeast,2023-03-15
8268,6fa88542-7d51-4b32-b87a-0203a4a03177,Fernandes Paulista,RS,South,2023-05-17
8269,7004a82a-109b-4cbe-a5d8-a43f70daa13e,Macedo,MT,Central-West,2023-10-11
8270,39a97417-f26f-4bda-b9cf-07645b623ea6,Duarte da Mata,GO,Central-West,2024-08-11
8271,49c0f523-1b53-4472-ad3f-a2a28eb2d52f,Brito de Cirino,SP,Southeast,2023-08-04
8272,6d90cc36-6802-4646-a3bf-0bf1e8bd3a83,Fernandes,RS,South,2023-01-15
8273,948148e4-3f3f-47bb-aeef-749fe42d3cd4,Vargas,MG,Southeast,2023-12-16
8274,20a64192-deb5-4042-beb6-b44693bcdfee,Cavalcanti dos Dourados,SP,Southeast,2023-05-28
8275,238ac003-d50f-40f3-8d0e-9e36b5328fd7,Ferreira,SP,Southeast,2024-10-25
8276,19251284-a444-4030-af09-6b320f120c0c,da Cunha,BA,Northeast,2024-01-13
8277,a2f76913-38fb-4a54-9aa0-45add49c131c,Nunes,RJ,Southeast,2024-02-25
8278,78f9053d-2858-4f50-afc9-370f0cf022d5,Montenegro da Serra,RJ,Southeast,2024-06-15
8279,724b6827-cff6-42bf-89bb-c6bbe4426d8d,Correia de Cunha,RS,South,2024-03-30
8280,90a1fe4b-d50d-4252-a272-e218b4716f2a,Cardoso,SC,South,2024-10-12
8281,dd5326f9-9a8a-406f-9d68-01739a5f9835,Câmara,SP,Southeast,2024-02-03
8282,b04bc0cd-1ca6-4dcc-ab40-e2bc732e1a51,Casa Grande,RJ,Southeast,2024-11-12
8283,9975d748-58bd-4a81-b10c-fbc0fc84835e,Nunes,CE,Northeast,2024-11-09
8284,50a7a813-5cd5-4c6d-899a-68bcb262a22a,Rios de Borges,SP,Southeast,2024-05-15
8285,2e4644fd-cd52-4255-89ae-cb6ef2ed677c,Vieira,GO,Central-West,2024-03-23
8286,f0bedf9a-6be2-46dd-96ee-34e9bd490412,Cavalcanti,SP,Southeast,2023-01-04
8287,b4c9670c-ed17-41e4-954e-c6a50899c691,Rezende Alegre,MG,Southeast,2023-06-12
8288,00fca8da-0bbd-4c33-96be-62f29919263a,da Cunha do Oeste,SP,Southeast,2023-03-03
8289,3730f172-e065-4be1-804d-b2ae64d4edd2,da Mata da Mata,BA,Northeast,2024-06-20
8290,290de1fc-d2de-4cdc-b5d3-f25540403ae4,Pastor de Minas,RJ,Southeast,2024-02-28
8291,b0a50755-2803-40ba-a5b9-00fe40bce9dc,Pires,SP,Southeast,2023-10-22
8292,26768716-a116-4da6-b6a0-a1bb0e6e8d63,Macedo,SP,Southeast,2023-10-14
8293,3d2d9067-800e-4da4-b7c1-f21465e196a8,Castro dos Dourados,SP,Southeast,2023-01-15
8294,a0902bd4-d8e0-40b4-8c05-650682346b44,Nogueira de Dias,MG,Southeast,2024-06-26
8295,0e6ecd60-1b3e-4350-bb7e-d045ab2cece2,Correia,SP,Southeast,2024-04-10
8296,37d1f352-5f44-4ba8-8027-f7988a581d55,Albuquerque,RJ,Southeast,2024-10-21
8297,e64671b9-0b1b-40d3-9687-45810b293c06,Rios,SP,Southeast,2023-07-25
8298,f9b86035-a256-4145-b632-63fa6c4970c3,Fernandes,RS,South,2023-10-10
8299,6c93b0bf-dc47-4d5a-bb1b-3b7883b4e4b4,Machado de Farias,PE,Northeast,2024-02-04
8300,8d30fe8b-5ea3-482c-a709-672f489faa3a,Campos do Amparo,SP,Southeast,2024-05-06
8301,4f1ef627-a877-47a1-8d80-5e122a6b379c,Rezende de Alves,SP,Southeast,2023-05-17
8302,cdad48ac-4633-416e-8a0f-3b413dc7c09a,Porto do Oeste,SP,Southeast,2023-08-29
8303,497b9689-b634-43ed-af0e-346b38604b38,Fogaça das Pedras,SC,South,2024-01-29
8304,48f8c10c-8742-4a4f-9d26-23e4db0d3bdf,Farias,SP,Southeast,2024-07-18
8305,bc1eede2-692b-4788-bfa1-ec074bf3a240,Farias,ES,Southeast,2023-05-29
8306,7ebd95eb-5007-4ef6-b72d-96f31eff963e,Dias,SP,Southeast,2024-01-15
8307,1167779a-c19c-4764-bcf4-dd11f90dd71f,Caldeira do Amparo,ES,Southeast,2023-04-12
8308,62f88815-acb3-48ac-91a2-360365589bb9,Santos Verde,SP,Southeast,2024-11-05
8309,688c1f66-9475-4d1c-a9c2-2cd65c65f43f,Vieira das Pedras,ES,Southeast,2023-11-14
8310,edb9610a-c91f-45af-8ab1-c494033a3740,Santos,BA,Northeast,2023-01-21
8311,50953525-be73-4cf7-b29c-af22380ba8c8,Cirino,SP,Southeast,2023-04-20
8312,bc9c87a7-6529-4e63-97cf-578691c228ff,Moreira Paulista,SP,Southeast,2023-10-17
8313,023a793f-1699-4c9f-a3c1-8741a32e74f3,Cirino,SP,Southeast,2023-09-08
8314,53792c28-20bc-407b-a326-34eef883dac3,Siqueira,BA,Northeast,2024-11-15
8315,7ade78c0-5a66-4079-96a8-b01a43fc1535,Silveira do Oeste,GO,Central-West,2024-09-20
8316,3ad797f3-2165-410a-a423-fb5774023cc7,Gonçalves de Jesus,PR,South,2024-06-26
8317,48e4bba1-11f1-43ad-85e4-5d130b89f5c6,Lima,DF,Central-West,2024-10-04
8318,2f54a7a4-0eb2-4c4a-b6c8-f3964e90030f,Aparecida de Nogueira,ES,Southeast,2024-06-25
8319,7c97b3bb-ca42-4e86-b87e-6f2a13d5a00d,Cavalcanti,SP,Southeast,2023-01-21
8320,1f323364-248a-470b-8f3f-a28397205b7b,Pinto,RJ,Southeast,2024-07-21
8321,a36c7e7d-5c98-4c01-b347-ea22c7773dac,das Neves,MG,Southeast,2023-12-16
8322,30b072b1-abd2-429b-ba9b-d379e47a5a85,Cavalcante,SP,Southeast,2023-07-18
8323,086e94a7-5e89-4d9a-a351-6fb09b7ba733,Silva,SP,Southeast,2023-11-10
8324,f1b6838b-aac3-47d3-ac78-2148fd3f5cfe,Nunes das Flores,RS,South,2024-03-11
8325,42a30365-8e97-45d1-a211-f6b8e5d43fe5,Marques,SP,Southeast,2023-10-06
8326,a57b3694-ad47-4c1e-aeb9-7e26ce259321,Costa do Norte,PR,South,2024-10-05
8327,89daf06b-77c4-4664-8bb7-94e3ebd0578a,Ribeiro,MG,Southeast,2024-09-08
8328,c063e60c-4b47-424a-a801-60c6ffac340b,Guerra de Marques,PR,South,2024-01-01
8329,0ce04aeb-0627-45ac-9faa-f465afe1b9e3,Montenegro de Cassiano,SP,Southeast,2024-04-28
8330,6e523068-6634-4012-8dae-c94a4f8a49c7,Garcia da Mata,SC,South,2023-09-08
8331,6e722b84-38d3-4f9e-8fdf-c543b015d2cb,Rodrigues,RJ,Southeast,2023-12-11
8332,4f2e12b5-a23f-4337-90a8-43e7f7becc2c,Moreira,RJ,Southeast,2023-09-04
8333,e0f8cd08-28a5-47bf-816c-50656891cc18,Siqueira do Sul,PR,South,2024-05-19
8334,944bc909-55dc-42ed-93b4-e9a8878548f5,Farias,SP,Southeast,2024-07-29
8335,2a48687c-6d5b-408d-a21a-28bbc9815489,Vieira de Cirino,SP,Southeast,2023-03-20
8336,c033322d-90c8-4571-a15c-d51b60834ecd,Costela,SP,Southeast,2023-05-21
8337,248b7d4f-c72f-4838-a9c1-263ccea444bd,Machado da Serra,SP,Southeast,2023-02-14
8338,f20aed36-a1cb-4a52-bebb-708b7ce3304c,Silva das Pedras,SP,Southeast,2024-02-27
8339,b7b58b6b-d1ed-4caa-8a50-eb5debfbddbf,Melo,PR,South,2023-03-16
8340,ae991d4e-ba47-42e9-8e0a-cb92f60060af,Martins da Serra,SP,Southeast,2024-07-15
8341,ae105c7f-ac06-4d97-87ec-d24e31438cbe,da Cunha,MG,Southeast,2023-05-19
8342,e0b79d4f-e00f-428c-805c-1d50a3562ae7,Leão das Flores,SP,Southeast,2023-08-08
8343,19a2205c-5a7a-4a76-8bc4-e0691af88e46,Peixoto das Flores,SP,Southeast,2023-04-10
8344,faf64908-0c56-4792-8bfe-1e15164150a3,Moraes das Flores,SP,Southeast,2023-01-12
8345,8c848b87-d052-47cc-808d-21ad2b36e4fa,Sá do Galho,DF,Central-West,2024-02-23
8346,788b48c1-f4aa-4626-8593-369cb20588bd,da Mata,SP,Southeast,2023-10-15
8347,e4e5eec5-9aa4-43a9-8026-0562f8cc0912,Almeida de Goiás,SC,South,2024-04-05
8348,c25d52c2-cbdb-4d33-af65-665fae2054f6,Barros do Galho,DF,Central-West,2023-04-06
8349,b5101082-9f20-4319-ad5f-de56f502f55c,Leão de Minas,RJ,Southeast,2023-08-31
8350,45e8177b-4cb8-4b29-aace-fec53ac3a702,Novais,SC,South,2023-04-06
8351,b205f264-3a54-48ed-8a4c-aaaff99ab51a,Brito,PE,Northeast,2024-09-04
8352,0714ae2c-8b61-4fd3-bf61-01dc8b61f2e7,Gonçalves,PR,South,2024-10-06
8353,44922815-30cc-4415-bdbf-633c944d2520,Leão de Pacheco,GO,Central-West,2023-09-04
8354,a539064f-229d-4738-8df3-c68211701ddc,Monteiro,SP,Southeast,2023-10-11
8355,f82d76ff-9a3b-4491-be6b-f58ff72eb034,Pires,PR,South,2024-11-04
8356,ce9b05f6-8d10-4648-9c23-cdc1f840533d,Borges,BA,Northeast,2023-01-07
8357,2862763d-e06c-44a0-ac67-2016c6a11860,Alves,DF,Central-West,2024-05-16
8358,18865cd0-370e-41ad-a2b3-c80c13a7c7c7,Cirino do Sul,PE,Northeast,2023-08-10
8359,3d8ecdff-273d-4d6f-a08f-10190182ea71,Fonseca,BA,Northeast,2023-12-05
8360,ed9d3f55-12bc-4bca-b75c-19d226e31522,da Cruz,SP,Southeast,2024-05-30
8361,a31ce669-651d-46da-9372-c755d04de68d,Rocha,PR,South,2024-08-12
8362,013f34a6-c49d-4d2f-8a84-cb5d110a98b7,Barros,RJ,Southeast,2024-03-13
8363,2effd199-0ba5-4d60-bc2b-32332aff8703,Campos,RS,South,2024-01-01
8364,6d2ba40e-ea46-4129-9845-187a8c9c931b,Cirino de Andrade,BA,Northeast,2024-07-23
8365,9f57411a-2ed4-497b-9cc6-0b2ed5703cb3,Pereira do Sul,RS,South,2023-01-28
8366,3eb0c6ae-f2d6-48b4-9921-a628e5c6debb,Ribeiro,BA,Northeast,2024-10-04
8367,a2b6f04e-7c67-4bc3-b4dd-2666c5f5e449,Guerra Verde,PR,South,2024-11-14
8368,01ff5912-0384-4bb1-b073-366eb28e90e2,Sales,SP,Southeast,2023-06-26
8369,a38bf3b8-94f3-44d8-a7f9-fde91aee4fde,Martins,PE,Northeast,2023-08-28
8370,d7c7fb28-57be-4416-9e6a-f3d3604fd4ae,Sá,BA,Northeast,2023-07-03
8371,d99567be-4b45-47e6-b063-069c2c9600c1,Moura de Goiás,SP,Southeast,2023-08-03
8372,c8be93a6-37fd-4fa4-bdbe-7b2741d675fa,Camargo de Freitas,SP,Southeast,2023-10-30
8373,48e0abb4-5007-4cce-929e-776ee9c3e53d,da Rosa de Lopes,MG,Southeast,2024-11-08
8374,77171798-1d12-42e7-9d82-43a19e6a19b8,Silva,MG,Southeast,2024-09-25
8375,02c372f7-73c3-4f07-8d6d-55bfb0a095fe,Mendes,SP,Southeast,2023-05-01
8376,2fb64e19-f7a5-4ed9-8875-392824006e8c,da Cunha,RS,South,2023-07-29
8377,3cc74259-9f8c-44d2-8bed-20bf0da066bf,Nogueira,RJ,Southeast,2023-11-03
8378,4874cca6-33bd-4f2c-ba22-95ebeedf1e0e,Cavalcanti,PE,Northeast,2024-03-18
8379,1cfe5792-2af0-4f48-b474-0344d65e3e58,Rios do Sul,SP,Southeast,2023-03-06
8380,99ad7c9f-dc72-4d4b-9fe9-94470666de8b,Cavalcanti,PE,Northeast,2023-06-12
8381,8bdfda2c-1379-47fb-b2a9-2e7343ea9c5b,Carvalho,MG,Southeast,2023-01-08
8382,59ad7887-c10e-45e7-bc6c-4b7faee8e33c,Silva,SP,Southeast,2023-02-05
8383,5c66f44b-2901-4181-a266-c153736c1975,Rezende,PR,South,2024-12-01
8384,29fd9858-e251-4b0a-8afd-87b8de733241,Câmara,PE,Northeast,2024-03-06
8385,77a271ae-6fc8-4d00-9946-3fc91c989418,Silveira da Mata,SP,Southeast,2023-06-11
8386,e7c573cc-f45e-4580-8775-347d2a665ac5,Cavalcante,SP,Southeast,2023-06-07
8387,adfc71f8-7e7d-4320-a2e3-3d0de3fa41f0,Brito,MG,Southeast,2024-03-21
8388,66a0d0af-155c-4768-81e8-c0febfd21f5b,Montenegro de Camargo,SP,Southeast,2023-06-20
8389,fcba3110-6ed9-41b5-8d9e-d3281ce99ec0,Vieira de Sousa,SP,Southeast,2024-06-16
8390,22bd31e5-bca2-4574-a953-c5868979fc5a,Cavalcanti,RS,South,2024-11-24
8391,3055549c-5545-4126-9889-abab51e2416b,da Cunha da Serra,PR,South,2024-08-28
8392,c79b5043-3bde-4f61-b142-aa486eabe256,Cavalcante,DF,Central-West,2024-08-22
8393,92c886e3-9d62-4d81-8a71-99262bce4a13,Barros do Amparo,AM,North,2024-04-08
8394,f15cb210-ee5a-4d74-8e92-4b09af8e966f,Costela do Sul,SP,Southeast,2024-08-31
8395,030d8eee-ac78-4213-b207-4bcb486d00d2,Vieira do Oeste,PR,South,2024-08-03
8396,47f0652e-859b-4fb3-9bbb-cd3613ddd5b2,Araújo,SP,Southeast,2024-04-04
8397,728619db-0708-4f97-97bc-5663aa2c9f6e,Vieira Alegre,MG,Southeast,2024-09-17
8398,807600fe-426b-43a9-8711-f4ed00ac47dd,Castro da Prata,PE,Northeast,2024-03-31
8399,7d488d20-edd8-42e5-a9b1-38ad4a8cf63a,Araújo de da Conceição,RJ,Southeast,2023-09-24
8400,4020fcf1-8113-4043-bf1f-6e27c81b77a4,Machado do Amparo,SC,South,2023-01-21
8401,8f234f24-01c6-4550-bbdc-b66d0cacc178,Alves,SP,Southeast,2023-10-30
8402,45c93948-6488-4548-b312-d48ba6815fd9,Aparecida Alegre,RJ,Southeast,2024-07-02
8403,526a0ccb-3b77-4820-828b-39aeef0b271f,Silva do Sul,MG,Southeast,2023-04-04
8404,29d5ee57-e71b-4f25-bf5f-7a16158ed5c1,Cavalcante de Marques,CE,Northeast,2023-04-29
8405,715430a9-fb5d-4b14-984e-2ee1a4285cc0,Silveira,BA,Northeast,2023-05-10
8406,9090b184-2ff9-44ad-8c6a-5bdf23362c40,Campos,DF,Central-West,2023-08-24
8407,e863f06e-8c11-489e-b089-f049d8c4a94e,Cardoso,BA,Northeast,2024-06-30
8408,1709a4cc-1ba1-457c-9c6a-ec8502c92c8c,Azevedo,GO,Central-West,2023-04-26
8409,0716961d-4170-4df3-b17a-a2ccd390113c,Costa das Flores,PR,South,2024-02-09
8410,e2c3753d-12af-4d86-87f1-d9bf88bef030,Fonseca,DF,Central-West,2024-08-17
8411,0a9cf3f4-4d87-40d0-adc3-e172078b5c05,Dias de Minas,RS,South,2023-05-19
8412,a35661d2-7814-4f86-aca6-01d110eec3d2,Melo de Minas,SP,Southeast,2023-07-04
8413,0c8cd3c6-75fc-4658-96b6-0ec2b81161dc,da Mata da Prata,PR,South,2023-08-26
8414,db9942c0-cfdf-43bf-b06c-d00c5a05529b,Nunes de Lopes,BA,Northeast,2023-09-04
8415,67d166ec-8e5f-43a5-829d-7541e9905f32,Pires,DF,Central-West,2024-06-04
8416,e4ec88e6-29dc-41ed-96ed-b919a848fe9c,Araújo dos Dourados,CE,Northeast,2024-07-10
8417,06761e48-9aaa-4e2f-a905-c5a0bcffa962,Porto da Mata,CE,Northeast,2023-09-05
8418,f0a60bc9-148b-42fa-af4b-1ed38b03ab6e,Nogueira,PR,South,2023-03-27
8419,1ed724d7-856e-42af-a85b-5df7fb8fce92,Campos,RJ,Southeast,2024-07-04
8420,f2e69479-c0c8-46f2-bf2d-ea4b198c63e5,Farias das Pedras,SP,Southeast,2023-09-25
8421,66f12595-b1f8-4c4c-8bb4-d9be7ff6027b,Macedo de Leão,RJ,Southeast,2023-05-20
8422,dc4a7ef6-959f-4b91-923b-e95be6f148b6,Cardoso Paulista,PE,Northeast,2023-02-15
8423,076bb877-bce0-48f0-a62b-cd709082b394,Mendes,MG,Southeast,2023-07-30
8424,ca47247c-273d-432d-9178-752909fc9828,Machado,SP,Southeast,2023-08-14
8425,1339d8ad-54c3-4fcd-8e71-c76a6c130b4c,Martins de Teixeira,RS,South,2023-04-02
8426,e26224bb-2101-487d-8a45-6ebbcc6cb94e,Rios,ES,Southeast,2024-10-01
8427,4067b6e0-0113-447c-8e1c-447334a48af8,da Conceição da Mata,MG,Southeast,2024-03-08
8428,29838000-dfbc-4dde-813a-ad1873bde28f,Marques de Ribeiro,RS,South,2024-07-13
8429,3089660f-dcae-4170-9295-9b3f22cfe7d0,Araújo,SP,Southeast,2023-11-26
8430,a2d82b39-5a72-4d95-aadb-20ec9e055195,Nascimento,MG,Southeast,2024-11-28
8431,8e3db032-9064-4b33-862d-ac07448cc5a8,Viana de da Costa,SP,Southeast,2023-12-12
8432,7fb4b109-8085-4f87-b570-dfb75c5ad3a4,Marques,SP,Southeast,2023-01-12
8433,9b912cbb-9e90-4178-abe0-b091f512b628,Cunha,BA,Northeast,2024-11-11
8434,b359b0f1-56e6-46a4-b989-7050a0ed474e,Rodrigues de Pires,RS,South,2023-02-01
8435,e6b137b4-b335-449f-a9d5-2d4a0411c747,Alves de Goiás,SP,Southeast,2023-06-18
8436,aa7d8c3e-66a0-43a3-80c6-851b9348941f,Costa do Galho,BA,Northeast,2024-10-14
8437,49433607-6255-4721-840a-dd0d4eef076d,da Mata Grande,PR,South,2023-03-26
8438,95e5b29d-3f9b-43d4-b475-25fcad6570df,Dias,RS,South,2024-05-07
8439,cbcadfe9-6495-4116-8240-702db90bcf55,Cardoso de Goiás,GO,Central-West,2023-04-11
8440,bba8aff1-8d96-4c7f-93d3-28fe9a51ca3f,Ribeiro dos Dourados,MG,Southeast,2024-07-05
8441,f8a18c04-c9fe-4250-aa80-64b367bf324a,Melo,SC,South,2023-02-28
8442,fb0a364b-f92a-4086-955f-9eff3fb9c537,da Costa,BA,Northeast,2024-09-11
8443,00c2d62c-e51b-46fc-8fce-0d18db5cfc43,Pires da Serra,SP,Southeast,2023-06-03
8444,69380b28-1ab7-4e9d-9a23-34230e78276d,Correia de Goiás,AM,North,2023-11-17
8445,1ddf7494-0f21-485d-8790-396a4529d779,Sales Grande,RJ,Southeast,2023-04-28
8446,b0910f50-65fa-4328-9fd8-9dfd17848b08,da Cunha,BA,Northeast,2024-05-31
8447,57e700aa-fc25-415f-b064-9c85e1da674a,Leão,SC,South,2023-10-27
8448,ccb9dbe3-2bdc-4aa6-a6b1-de1336373ecd,Cirino do Oeste,SP,Southeast,2023-03-29
8449,083b4760-7599-4722-9d4b-c01e31e8c914,da Mota Paulista,PR,South,2023-06-01
8450,b773369c-cc99-42b7-9cf2-241f5d2268a4,Sousa,PR,South,2024-08-13
8451,f17bd0e1-a704-47ed-a24f-b5b4e862f7bc,Costela Paulista,PR,South,2023-10-22
8452,25b5554a-ef1b-40ea-8a5d-95a7df0b1449,Barbosa,MG,Southeast,2023-03-20
8453,43e011b5-56eb-42a6-b799-ac151af1daa6,da Rocha Verde,SP,Southeast,2023-10-23
8454,49f0093a-a43c-4b44-ba61-9123551b6e87,Teixeira,ES,Southeast,2023-02-13
8455,8de0f010-a1bc-4a16-94bf-e87ed01d91f7,Cavalcanti da Mata,RJ,Southeast,2024-04-25
8456,1c12b874-8173-4635-bcd5-c7e560e9a9ad,Barbosa da Serra,SP,Southeast,2024-03-21
8457,fa8c3f0e-1f7e-409e-9c7a-73ca9fc11d50,da Mata do Amparo,MG,Southeast,2023-02-15
8458,e6ee6ade-2c73-41ab-9c46-808da4453aba,Ribeiro das Flores,PR,South,2023-01-03
8459,98a2a6e3-962d-4449-ad93-990949cc48c8,Cavalcanti de da Cunha,SC,South,2023-09-09
8460,52bdcd4d-344c-4663-ba7b-0a7f70e0997e,Rezende,RJ,Southeast,2024-10-13
8461,873f7749-9e4a-4adf-9f2c-617fe84c591f,Freitas de Teixeira,RJ,Southeast,2024-01-06
8462,1e45f86e-cfde-4fd1-91e6-3e52a5285f17,da Costa do Sul,RS,South,2023-10-09
8463,cf3cc565-50ea-4823-b6f7-bd950fa7df9b,da Luz,PR,South,2024-02-19
8464,a6a2515f-f1a1-42e3-bb48-51145e5b841e,Moura,RJ,Southeast,2023-05-06
8465,7ae84af1-4728-4438-9b4c-3e7c3861baca,Rodrigues,SP,Southeast,2023-06-02
8466,56f04f7d-0c78-4206-bc0f-4a5ee5ceac23,Novais de Cavalcante,BA,Northeast,2024-06-07
8467,3252671d-bd7a-4c64-9304-22b442944d1d,Alves,SP,Southeast,2023-11-26
8468,23eb9ee2-177f-4df0-80cf-e3a8b9665b76,Guerra da Mata,RJ,Southeast,2023-02-20
8469,be274090-3d15-4c48-b33c-8030e772611b,Nascimento de Porto,RJ,Southeast,2023-06-24
8470,624915e6-fa7d-495b-936d-ac23ae38d187,das Neves,BA,Northeast,2024-01-20
8471,fcdf8b99-0c25-48f9-bea9-b70f34a16bf5,da Mata,RS,South,2024-07-19
8472,6cff81bf-0364-4bcf-aa6f-6cb3a1c47bd1,Sousa Verde,RS,South,2024-10-02
8473,06c7b7ce-b9b3-4884-9d3e-4ce463a64fff,Peixoto das Pedras,MG,Southeast,2024-02-21
8474,e9c331e0-7224-4add-bffc-d2c33e0a5bf6,Pereira do Campo,SP,Southeast,2024-02-25
8475,cc89edf2-25a4-4845-8fe2-8e64e1861212,Moreira,PR,South,2024-09-20
8476,f4ac2c01-9904-4300-bdb7-b6d4e9b14cf5,Gomes,PR,South,2024-09-24
8477,13d8c83a-6cbb-4d70-824a-d2d056920179,Macedo de Minas,RJ,Southeast,2023-01-18
8478,1a3543b5-024d-45ae-94d0-9f2e59995b01,Cavalcante,BA,Northeast,2024-10-13
8479,ba26519b-2387-4287-8091-d90c51840bab,Barros,GO,Central-West,2024-06-22
8480,e8e6f528-006b-4c3a-8b4a-22076a521390,Teixeira do Norte,SP,Southeast,2023-03-08
8481,7b0874cd-fb9b-471b-a90d-a5742fef617c,Novais,SP,Southeast,2023-02-18
8482,8a87ba3e-9ef8-4f0f-8fb4-fa80eda8baed,Vieira do Galho,DF,Central-West,2024-02-06
8483,2237d235-a38d-488b-ba11-e6edf640a7f7,Cavalcanti,SP,Southeast,2024-06-25
8484,e378effc-641f-44a5-8ddf-03d00f614433,da Luz,SP,Southeast,2024-07-23
8485,8c49767d-9dfa-47af-b3b7-55cabf5e4ff4,Casa Grande da Praia,DF,Central-West,2023-01-06
8486,9e5485b4-764b-4004-99b8-33fd096445f3,Teixeira das Flores,SP,Southeast,2023-09-22
8487,a2fb82ac-d07d-4f25-9ac1-39819e2dcf10,Montenegro de da Luz,MT,Central-West,2024-10-21
8488,0fc89237-ee72-494b-884c-b20d29f71926,da Paz,SP,Southeast,2024-04-30
8489,450a2bd4-d690-4790-873c-58b715b3f743,da Cunha,ES,Southeast,2023-09-12
8490,79c688b6-a442-4d1b-838b-0cba646aed9f,Mendonça,ES,Southeast,2024-01-23
8491,d80c800c-b49f-4b16-bf27-23132b6996a5,Azevedo da Praia,RS,South,2023-07-12
8492,84d152f0-2b6e-477f-9e43-46e0942d3c49,Sousa Paulista,PR,South,2023-03-07
8493,a8e1f988-52db-4103-b9ac-576d74fb2744,Sampaio de Lopes,MG,Southeast,2023-09-06
8494,e5cdabca-c0e6-4c34-a538-59fe369d7496,Sampaio de Teixeira,SP,Southeast,2023-03-09
8495,97d10964-2ba1-4a16-80fb-db3e9bda998e,Alves,SP,Southeast,2024-02-14
8496,7a550fe5-7fb8-4aba-907b-f7d5570b2c06,Ribeiro de Peixoto,SC,South,2023-10-30
8497,d4f1eac5-d93f-417d-88de-4eefa42d0c73,Gomes,RS,South,2024-06-18
8498,78136d65-040f-4ef4-af3e-91c9718e5595,Silveira do Campo,PR,South,2024-11-16
8499,37ea40b6-962d-439f-9e74-efd00a551c67,Siqueira da Prata,RS,South,2023-11-11
8500,c599fa1b-0123-4ab5-9103-755f1a76e83e,da Conceição Verde,MG,Southeast,2023-06-12
8501,574bc8e2-3c83-4695-b9a9-60b10e40b45c,Sousa do Sul,SP,Southeast,2024-03-05
8502,5b064923-87de-42bf-a224-6593dfe3fe67,Pinto das Flores,BA,Northeast,2023-05-14
8503,dac6b768-03dc-4cb7-b778-d15c6cefdaea,Cunha da Praia,RJ,Southeast,2024-06-25
8504,e83e5f59-77cf-4adf-ad2f-f8f14ea8356c,Almeida do Amparo,MG,Southeast,2023-04-17
8505,cc153371-14f6-45ed-9862-fe2f539f8e26,Borges,RJ,Southeast,2023-09-15
8506,4a7c999a-801a-491b-96ae-a9bb0e93a664,Gomes,SP,Southeast,2023-02-11
8507,6133565c-2303-4156-a9cd-164e2a4a3149,Rezende da Mata,PE,Northeast,2023-10-26
8508,05f991d7-86c1-43a5-9a91-8771ea35558e,da Mota,GO,Central-West,2024-10-08
8509,0f962dde-4b1b-4774-9519-fd53586126fe,Viana de Goiás,RJ,Southeast,2023-12-30
8510,3d8b086a-5f9d-436a-a7c0-68a35257acfc,Castro Paulista,GO,Central-West,2024-01-18
8511,c5dba032-787b-4cae-be82-0f4da412a983,Teixeira de Siqueira,BA,Northeast,2023-02-13
8512,09bec815-54b2-45ab-9738-c076f1f98512,Silveira de Leão,SP,Southeast,2023-08-23
8513,5cce35b5-ed31-4a02-ae8a-b2c4ebd05c43,Marques de Goiás,RS,South,2024-01-13
8514,40838c1f-dc16-48d7-a01f-af0d7c600e70,Siqueira Grande,RJ,Southeast,2024-11-30
8515,2ba80442-2ba3-4cf7-9377-eabd548bca0c,Souza da Prata,SP,Southeast,2023-07-16
8516,753d34dd-6b57-409a-8a5a-4355d456d1c7,Barros,GO,Central-West,2023-01-24
8517,531a5956-ce30-480d-bde4-e475a8e03d6b,Castro,RS,South,2024-04-26
8518,c06333cd-96c7-4318-baf4-97d1da174b37,Pinto,RJ,Southeast,2024-02-26
8519,c2c2d3bc-af86-4bc5-9007-11eb46148c45,Duarte da Serra,BA,Northeast,2023-10-25
8520,65bc9033-9fc9-4ed7-895a-90973582b335,da Cunha de Rocha,ES,Southeast,2024-06-27
8521,ef8186dd-f340-4217-95b5-8085df98c494,Casa Grande,ES,Southeast,2023-01-24
8522,aa2e97ac-395c-4fab-91e7-1b500f6a9d0b,da Mata do Norte,BA,Northeast,2023-04-22
8523,8f6de5ab-0f10-4a9f-803c-6335700a4434,Teixeira de Minas,RJ,Southeast,2024-07-23
8524,1507a93e-b6e9-42b3-9202-756857ad564d,da Paz,RS,South,2024-06-15
8525,bd634026-9071-400f-aa33-a75b24bc8ed7,Melo Alegre,SP,Southeast,2023-10-10
8526,8b197ecd-b1d9-43c6-964f-e4e238ac1bcc,Azevedo do Oeste,RJ,Southeast,2023-05-18
8527,dee94590-9bb7-4369-b10b-f194acfba745,Garcia de Santos,MG,Southeast,2023-03-05
8528,9d726910-2938-4e5a-956d-faf13f667fc4,Leão de Minas,RS,South,2023-12-15
8529,6f33ee6b-b917-4626-a17e-cb9e4ff26dc7,Almeida,SP,Southeast,2024-10-16
8530,5aaab1f7-82d8-44dd-8f3e-b86945681792,Almeida,SP,Southeast,2023-10-26
8531,3459a938-3efe-4d6b-8a64-fd8165daf73e,Jesus de Minas,SP,Southeast,2023-08-10
8532,7f88ba84-994c-484b-86f7-3d2911a6909b,Correia de Machado,SP,Southeast,2023-12-30
8533,a694bbcf-2df7-4554-8572-917324d823b3,Ferreira do Oeste,SP,Southeast,2024-06-22
8534,81f15677-b108-4ffa-b7f0-67e3a8b4fd7d,da Paz,SP,Southeast,2023-11-19
8535,9cebac3b-f456-4c07-b63e-f9121a37846a,Mendes,CE,Northeast,2023-05-06
8536,ce2eaf6f-e262-4ebf-8df0-533f15c473f1,Aragão de Goiás,RJ,Southeast,2023-08-16
8537,bcec9729-d409-42d2-bc44-347f33cc0e85,Araújo,PE,Northeast,2023-04-15
8538,4ab859cf-5fab-4bfd-90b1-1286812db01f,Borges do Galho,SP,Southeast,2024-09-06
8539,6b6d7981-3ff2-459b-8d26-0cb8a66d4843,Aragão da Serra,MG,Southeast,2024-04-22
8540,9ada2cfa-a165-472a-8411-91dcad4ecb45,Borges,RS,South,2023-05-07
8541,8da6b7db-e91c-41d7-b8a2-40a938f6f29b,Siqueira,PR,South,2024-09-13
8542,111aba38-e893-471a-af24-aea128895932,Pacheco,MT,Central-West,2023-09-04
8543,7c4b3a5d-6a5e-4b6d-ae07-5a693d83ff76,Monteiro dos Dourados,PR,South,2024-10-08
8544,3d7ba806-7475-4919-b6ba-1b7ec87ab60e,Fernandes dos Dourados,RS,South,2024-05-19
8545,593d736f-5b69-40a6-8fa7-a6ee60a23628,Farias do Norte,SP,Southeast,2024-02-19
8546,f676075d-e646-428c-800c-b86a35414748,Pimenta,SC,South,2023-08-20
8547,b22096bc-dc61-4c72-8e50-f22354b0db87,Costa da Praia,SP,Southeast,2024-02-21
8548,1c6d11e2-b8cf-4a35-bd34-4352c582330d,Aragão,CE,Northeast,2023-03-20
8549,344e3c13-9fcf-40dd-a1be-dea323c409e8,Freitas do Oeste,GO,Central-West,2024-09-18
8550,89902d72-0c9f-4dca-9294-f2903c2b8927,Correia,BA,Northeast,2024-05-23
8551,a71df9ab-3047-450c-bfde-82aeb0ef0aa9,Costela,BA,Northeast,2023-12-02
8552,fbbfee72-bec5-4361-adc0-43cc5d7f4893,das Neves,PA,North,2023-04-08
8553,509d59c4-8520-414b-a7a2-a01ef94b43fb,Souza do Sul,MG,Southeast,2024-05-27
8554,60635b70-24ac-4fbf-85d8-b66a76ea21b7,Almeida das Pedras,CE,Northeast,2024-07-19
8555,6c2e9bfa-cbaf-40dc-8cdf-321b237c3e70,Gomes,RS,South,2024-06-21
8556,1b2aeaf5-b7a1-4fd3-880c-819470a4e9e4,Pires do Campo,DF,Central-West,2023-01-11
8557,4e42fce0-4c05-4884-932c-9257bf10cb99,Lopes de Castro,DF,Central-West,2023-08-02
8558,e78b4bb7-efae-4f4f-aebb-4c061b7c1a9e,da Paz da Prata,PE,Northeast,2023-01-31
8559,fd1e70b5-bc19-4478-bea3-92cafbec0c6b,Ribeiro Grande,PR,South,2023-12-09
8560,d5d4d79a-e0f5-4703-b27f-d85f7402ae6b,da Cruz de Aragão,BA,Northeast,2023-04-25
8561,0dbdfa9d-4828-4e3e-9548-28932c9c9fbd,Nunes Alegre,PR,South,2024-09-03
8562,2b3b61b0-eb10-479d-ba5d-478cd336aae0,Cavalcante do Norte,ES,Southeast,2023-01-14
8563,cc2ff81f-bd93-4d55-ba98-85a4285debd6,Montenegro do Oeste,SP,Southeast,2024-01-22
8564,1c95870a-c4b6-4b46-b64b-fcfe74361bf4,Freitas,RJ,Southeast,2024-10-14
8565,43b42591-8979-4e2a-ae44-c25f8bd3a18c,Pastor,RS,South,2023-09-28
8566,b7e42489-d3c6-4a0b-a3ed-38e7ab7e5d6e,Pereira da Praia,RS,South,2024-09-02
8567,adbf2c7e-6253-4c4f-9522-01b9f3a2843c,Pinto Verde,SP,Southeast,2024-03-01
8568,b34cd20f-b4f5-40bd-bfc7-a53311354e88,Dias das Flores,DF,Central-West,2024-09-27
8569,ff998d95-4b0f-4a54-bff1-2088a824c9bf,Lopes Paulista,RS,South,2024-02-06
8570,3cfe61bc-24f6-406b-9249-3784c477f2be,Alves,RJ,Southeast,2023-12-21
8571,5ed29e43-f7f1-44dd-9292-a80d4200fc47,da Rosa,SP,Southeast,2023-03-01
8572,e044911a-fa71-4cac-a7fd-71c9df7e6540,Monteiro da Prata,SP,Southeast,2024-09-10
8573,7e63cfbe-4172-420e-948a-32945d8ffb1f,Viana,SP,Southeast,2023-05-07
8574,784d1304-9682-45e6-808a-0c8a11b24601,Peixoto de Rodrigues,CE,Northeast,2024-10-16
8575,1ffbbdcc-0b88-4619-83b6-2dd358be0c1d,Garcia dos Dourados,BA,Northeast,2023-10-21
8576,eeedf607-bfa4-4c3b-8b22-0741f05ad420,Lima,SP,Southeast,2023-10-27
8577,a4452061-c23e-46ef-a4ac-36be7d76b497,Aparecida Grande,SP,Southeast,2024-02-11
8578,0721c240-b29b-43d4-80e5-efcde857997d,Sales,PR,South,2023-12-18
8579,76200721-13a3-473e-aa81-07f04f411f39,Silva de Andrade,PE,Northeast,2024-08-23
8580,3dc6b86e-7ecb-4144-a29f-76cdd422c59b,Sampaio das Pedras,SP,Southeast,2024-02-22
8581,1b18b735-3f89-421e-ac44-89d30afb0781,Brito de Goiás,SP,Southeast,2023-06-11
8582,bf1c67c6-0338-4c8a-8c4e-7e58a9e32c17,Pastor de Pinto,GO,Central-West,2024-09-13
8583,bee9dc23-af6b-421c-8d48-c31020a403ea,Gomes,PR,South,2023-06-01
8584,7b3f17a5-599c-445d-84a8-6685e29f4041,Cavalcanti do Amparo,SP,Southeast,2024-04-07
8585,2ddee2cf-a5c8-4b37-89e0-767a58664c20,Cardoso,SP,Southeast,2023-12-12
8586,664d0285-c123-4fa6-8fc1-a32fc2a1c1bc,Rodrigues de Montenegro,MG,Southeast,2023-04-05
8587,f59ff3b4-171e-4a4d-aba1-0c2e56a4ad82,Rodrigues do Norte,SP,Southeast,2023-02-07
8588,6429b70b-e26f-40c9-a842-d2ed6c437ffe,Ferreira,RS,South,2023-10-29
8589,1c1c9d60-77d5-442d-be22-9c055bcb7f2a,Fonseca das Pedras,SP,Southeast,2024-07-02
8590,dc0f0505-14b9-41f2-aa99-326dad665a01,Leão da Prata,MG,Southeast,2023-02-13
8591,4d302957-e438-4607-950f-7500fc5b0257,Nunes,PE,Northeast,2024-10-07
8592,bf0b7aae-ef29-4e5d-abaa-fc703d50c7aa,Gomes,SP,Southeast,2023-12-12
8593,039f665c-a3a4-4bd4-a846-ebe84039f216,Nunes da Praia,SP,Southeast,2024-02-09
8594,69cf6200-b213-4031-9e92-36cf50470347,Barbosa,MG,Southeast,2023-02-17
8595,558f8562-9646-41ac-b501-3e0b3815dbf4,Correia da Serra,ES,Southeast,2023-04-09
8596,5f175b50-e803-49dc-82c3-badb21b7043c,Moraes,SP,Southeast,2023-05-12
8597,9b63cb40-6519-4771-9f89-8ff9260a0a2c,Azevedo Verde,MG,Southeast,2023-01-19
8598,2533f9da-f2e4-400d-94de-c4ee20efd022,Nunes dos Dourados,GO,Central-West,2023-07-17
8599,4fd806d8-e458-4273-bd34-1081d87d7bf1,Pacheco do Amparo,CE,Northeast,2023-02-26
8600,7b52fa70-868d-4b91-8dde-40448daea332,Sousa do Oeste,ES,Southeast,2023-07-28
8601,ee01c05e-6cc3-4514-9257-e28815d48ee8,Araújo,RJ,Southeast,2024-02-12
8602,a081662d-7ea2-4411-a97b-369958f60e10,da Luz,CE,Northeast,2023-04-01
8603,9219a03b-6380-4bf6-b472-1414b5683693,Cirino,PE,Northeast,2023-01-28
8604,903ae711-d04e-4137-98f8-af4ec30d0b0d,Lima,RJ,Southeast,2024-04-11
8605,011b673c-3c2c-4f2f-a215-ee0d401cd041,Carvalho,SP,Southeast,2023-08-06
8606,961ef83b-67c6-4987-8814-ce7c7b90b5dc,Camargo,SP,Southeast,2023-06-29
8607,f918455b-342c-442e-a3f4-bc0f7ce43aec,Sá,BA,Northeast,2023-09-18
8608,d353a992-9217-4d2f-9729-7cc39b1ecc2d,da Cruz dos Dourados,DF,Central-West,2023-12-31
8609,0458c132-a6ce-404d-aea2-fe80ff06a77e,Rios da Praia,SP,Southeast,2024-03-16
8610,012263d7-6368-4eef-8ff3-266939e9b2a9,Viana Grande,ES,Southeast,2023-07-07
8611,69c94fc0-0317-4354-b151-64082c7ca24c,Ferreira,MG,Southeast,2023-04-22
8612,a423edd2-34c1-4e22-b86f-67f86acc39c9,Mendonça dos Dourados,MG,Southeast,2024-05-11
8613,bb3db96a-9ece-4743-a43f-6e6a5fabaf5c,Cavalcante do Galho,MG,Southeast,2024-07-28
8614,007a5deb-109c-4ffe-8ce6-34e74f340d8e,Albuquerque do Norte,SC,South,2023-05-27
8615,28cafb6b-be97-40e5-9aea-c80d379313d4,Costela de Almeida,SC,South,2024-06-21
8616,4efc5845-20a1-4880-809d-1a5d37cef3b9,Santos,PE,Northeast,2023-10-25
8617,b1dc0fe3-dd68-4774-8dfa-a83c71ca0be9,Costela Alegre,BA,Northeast,2023-02-11
8618,3ab1534d-b981-4055-aefa-8e4e20985aac,Jesus de Minas,SP,Southeast,2023-11-08
8619,b0c4bb27-83cd-478a-8e89-bf1c1dadf961,Albuquerque,DF,Central-West,2023-01-06
8620,f9c09d6c-d5b5-413e-be2a-6c08f720a35d,Rodrigues,BA,Northeast,2024-04-03
8621,d303e1df-db60-4a2f-ade4-7935d7d35684,Montenegro das Pedras,BA,Northeast,2023-12-17
8622,112df282-a94c-4732-a384-7d67f7720595,Costa de Minas,RJ,Southeast,2024-05-03
8623,a7e68614-1808-4eff-9a5c-8d43b5cdc3e2,Montenegro,CE,Northeast,2024-07-17
8624,7c03625f-7775-4e37-941f-43f1c3198c13,Costela,BA,Northeast,2024-06-25
8625,628b4844-6c84-40fb-a42c-b185a336565c,da Conceição das Flores,SP,Southeast,2023-02-17
8626,9dde83c4-f042-49d3-b854-ac7ca6a374d9,Mendes da Serra,SP,Southeast,2024-10-22
8627,3f0b1c87-a669-48e1-92d9-ebbd81d28054,Leão,RJ,Southeast,2023-05-08
8628,94de00b5-538c-4f33-995b-572df39fcb52,Fernandes do Sul,SP,Southeast,2024-11-14
8629,af12011a-fa28-4214-b378-1d0f314754c0,Pimenta de Aragão,RJ,Southeast,2023-01-19
8630,a9fd4824-aaf7-42c1-ac4b-dccfb7958814,Alves de Goiás,SC,South,2023-02-18
8631,58544a17-37fd-4976-9c79-5f867d95db0d,Rios,ES,Southeast,2024-08-01
8632,336c2624-a8ff-4d12-9b8f-5512be052644,Santos,PR,South,2023-03-08
8633,204affea-57cb-40a8-bd59-0275403d2d9f,Sales de Farias,PE,Northeast,2023-10-20
8634,191ff163-d499-41fc-b39d-e36c6a20022b,Aragão de Goiás,PR,South,2023-01-17
8635,8056d992-671e-42bc-9e80-d9bf0df4ab5d,Novais de Araújo,RS,South,2024-04-08
8636,203489a8-112a-4680-8a28-e2e874c1be74,Farias Grande,PA,North,2024-08-19
8637,9f61c06a-dab4-4a1d-9966-2bc648b6c36f,Vieira da Prata,PE,Northeast,2024-02-17
8638,5b04ab99-8020-482d-927e-e8b19a87a83d,Silveira,BA,Northeast,2024-08-09
8639,3ceadf21-815d-4b9d-b4c9-8a799971d61f,Abreu,SC,South,2024-10-02
8640,53f835cb-12e6-4b9d-b689-ec1ae82ce1fc,da Mota,MG,Southeast,2024-10-01
8641,7f249179-7114-41c3-b780-8893964c45fe,da Mata Verde,PR,South,2024-01-20
8642,b9d36e5e-6663-41fd-beff-e0de16d9539c,Jesus,CE,Northeast,2024-11-03
8643,69f760ae-70c2-46a1-9a1f-de56db6c1c9b,Carvalho do Galho,RJ,Southeast,2024-07-19
8644,f5745d4a-2aa1-4851-bec0-2849e6f8498c,Santos,SC,South,2024-09-06
8645,6300acd4-c039-44a9-8e11-9fe4f259b3b8,Nunes,BA,Northeast,2024-11-23
8646,44d635b5-a813-4699-93ea-0387a7cfa32b,Cardoso,RS,South,2024-04-12
8647,db191a23-8fd8-4bda-8e0f-5193900ea001,Pacheco da Mata,SP,Southeast,2024-06-18
8648,bea365ab-da3a-425e-abc0-4be63090f538,Sousa Alegre,RJ,Southeast,2024-07-02
8649,cf0cb4d8-d56a-46de-baf2-2f567540b143,Gonçalves de Minas,BA,Northeast,2024-08-16
8650,eb268c8a-3cda-4538-a1a4-2036b8c9d666,Fernandes Alegre,RJ,Southeast,2024-08-05
8651,f4e4c5cb-bc9e-4cc5-86e5-c9a504367209,Santos,SP,Southeast,2023-12-05
8652,1724b6a7-d9cf-47e7-9526-9ecde5112515,Peixoto da Praia,PR,South,2023-10-29
8653,718fc456-beac-4657-a678-b006b8632715,Casa Grande,SP,Southeast,2024-05-27
8654,b26c5ca2-9077-4460-b552-4ce5f232eeff,Sá Verde,CE,Northeast,2024-08-06
8655,ce9be989-6235-41fd-b032-6c25c1b18471,Camargo,SC,South,2023-07-19
8656,16430826-48e7-44e4-87bb-02529444b5f8,Porto,GO,Central-West,2023-07-14
8657,620337cb-6a41-4bc8-87db-5cc975ad3c06,Novais,SP,Southeast,2023-08-17
8658,3ad0482a-abdd-479c-93c2-0592c6667ac0,Andrade do Galho,RJ,Southeast,2023-05-25
8659,fec86f57-0aa5-454d-88ef-bb0d7e231150,Carvalho de Abreu,BA,Northeast,2024-03-16
8660,e70275a0-0770-4c79-a3cd-83afab3fbc5d,Porto,MG,Southeast,2024-07-27
8661,f097f270-8cf2-492e-b6f4-3a3db642c344,Azevedo,MT,Central-West,2023-02-26
8662,e9b78309-c223-46cf-82eb-8a41286ef90a,Gonçalves do Amparo,MG,Southeast,2023-01-24
8663,71604819-3847-4730-ba7f-14d66db968a6,Almeida,AM,North,2024-04-29
8664,393a4207-719c-4375-a599-252d33080457,Vasconcelos Paulista,SP,Southeast,2024-10-17
8665,e55447c1-fca7-4018-b94a-38c580d76c46,Fonseca das Pedras,SP,Southeast,2024-03-03
8666,a3fe4ce9-75c2-49e5-803e-ffee7ba6bf6f,Pacheco,MT,Central-West,2023-02-01
8667,58f63590-00a4-44e8-b24f-195ca10154b5,Ribeiro Alegre,SC,South,2023-06-28
8668,d6c8460f-4978-4cd7-8e37-237a7d89c7f6,Pastor,BA,Northeast,2023-11-13
8669,08b21461-7a72-4e50-bd36-df8e68753423,da Luz das Flores,PR,South,2023-08-22
8670,99dd89b0-3383-498c-b359-f4e9d1965e63,Barbosa,ES,Southeast,2023-08-14
8671,98d47d41-b9ce-4c5e-8052-6aad6478eb55,Pastor,RJ,Southeast,2024-11-09
8672,577aeaea-fe9b-428a-be21-481af23ef5f3,Lima da Prata,PR,South,2024-01-06
8673,bf0b24c8-7ec2-4db7-885d-b755a75f98b2,Silva,SC,South,2024-06-16
8674,5a91c613-c14b-4bad-8cd1-ed94a93ca126,Nascimento do Campo,SP,Southeast,2024-07-28
8675,549cafee-292c-45f0-998e-c79f0ee1d330,Brito,BA,Northeast,2023-10-19
8676,cd017fed-96fc-4e8b-b7b5-6feb22f81d53,Lima,PE,Northeast,2023-12-19
8677,20b62ec4-6b69-4546-a1d7-b508d6d09532,da Mata do Amparo,GO,Central-West,2024-11-10
8678,0c77d7e1-e503-49b7-8225-eb62c700be38,Nunes,SP,Southeast,2023-05-26
8679,4e4c8439-0d3f-4981-8403-a4dc53e956d3,Borges,DF,Central-West,2024-08-02
8680,1f453c1f-62d7-4d82-8b3b-cc25c7929699,Pereira dos Dourados,SC,South,2023-12-16
8681,0a7775af-0353-4678-bbba-9254c4c0c601,Barbosa,SP,Southeast,2023-05-31
8682,0e3b8325-abe8-4840-9474-c88fea96e40c,Machado,MG,Southeast,2024-01-03
8683,f02cddd2-81a7-4180-84e0-a18835aaa1ea,da Cunha das Flores,PR,South,2023-05-31
8684,b5872e50-c21e-45ac-aaec-bc6670e734ce,Pires,MG,Southeast,2023-09-30
8685,48767087-7f03-4ac4-ba7c-9fc74f1c9a2d,Guerra,SP,Southeast,2024-07-17
8686,d1fdf3a6-3b62-4a24-928c-6abac0d42bd1,Novaes,RJ,Southeast,2024-01-23
8687,35ee5414-1ac9-43d0-86bb-3af69ab8d051,Oliveira,RJ,Southeast,2024-10-07
8688,9342f3eb-f241-4a41-9165-9f1b87f815f6,Monteiro de Minas,SP,Southeast,2023-08-10
8689,1bf5387a-24b9-4e10-b812-af8a860f9df6,Albuquerque,SP,Southeast,2024-05-08
8690,eeb94773-2037-410a-8b36-056559a39d2e,Rezende da Serra,PE,Northeast,2023-04-11
8691,1a8335cb-1158-4af8-a158-a2bb5bc4288f,Pacheco,RS,South,2023-05-30
8692,c1754cf3-3241-44f0-8ab6-a7eda7fdbdd1,Peixoto da Mata,BA,Northeast,2024-06-25
8693,93ec3d9d-03af-4024-bf7c-36ccdc1d170e,Cavalcante Verde,RJ,Southeast,2023-12-11
8694,2e72efd7-d360-45f9-9024-4401485e2f0c,Nunes dos Dourados,AM,North,2023-05-04
8695,d2080947-bd03-4d8f-9ff6-860d9f1730cd,Siqueira,SP,Southeast,2023-07-16
8696,c5879378-c2a5-48e2-ba6f-db21aee8e8a2,da Cruz,BA,Northeast,2024-02-13
8697,7299bb11-b5af-4736-8ad0-55ae8ecd6d69,Martins das Flores,PR,South,2023-09-04
8698,fe660984-0949-4c74-ae21-fa38da42f2e2,Cavalcante do Galho,PR,South,2023-11-15
8699,e5722166-51f7-4592-b01b-696393c5e8ca,Costa,PE,Northeast,2023-10-06
8700,4f4b4685-d4d9-4926-b2f0-d3b7c7f62583,Ramos,SC,South,2023-02-11
8701,d16f6817-9ca5-46d6-906d-c63b36634891,Novaes de Cunha,CE,Northeast,2023-06-18
8702,4a4a52c1-4969-4421-b60c-f9e488a40b0d,Almeida,MG,Southeast,2023-08-18
8703,32514a46-82b2-41f1-9994-57eb872e1da9,da Costa da Serra,SP,Southeast,2024-11-14
8704,aa1d4812-9187-4942-8198-1ea6b0c9eab0,Porto,CE,Northeast,2024-03-20
8705,d1a65ede-af20-4ad1-9f62-8f0b9f9caf6f,Santos de Albuquerque,PR,South,2024-02-03
8706,61c2d66b-c08a-4124-a284-1fe82e2c1b81,Moraes,SP,Southeast,2023-02-26
8707,78cffea4-0121-44e0-a0a1-0e5c2ab64bad,Ferreira,SP,Southeast,2024-02-01
8708,1470b624-8f2a-41c0-8f15-3435eef39e93,Campos de Goiás,ES,Southeast,2023-03-18
8709,1afe14f8-ddfb-448e-932c-daf03927c2d8,Melo,SP,Southeast,2023-07-17
8710,5753a760-0e75-4fbe-aa3a-e8648265133c,Machado de Guerra,PE,Northeast,2023-12-09
8711,124c3f25-7e48-4266-b3cb-3761d79b788e,Santos,PE,Northeast,2023-01-27
8712,aa366c3a-d013-4e67-9fb4-e0bdc8408d88,Teixeira,SP,Southeast,2023-03-09
8713,0f1f928f-3a48-415a-9fe3-f280088ae658,Moura,RJ,Southeast,2023-02-27
8714,71a4268e-fdb0-49d1-bb89-7092f85a0197,Macedo Paulista,SC,South,2023-10-13
8715,9fce91c3-80e4-48e6-9b86-8adc08933949,da Costa,SP,Southeast,2024-10-06
8716,358f0fc8-034f-4ced-9601-83c2adf8a9c2,Albuquerque das Flores,SC,South,2023-11-26
8717,7b6fc9b4-87a5-4205-bd22-36af701a9eaf,Peixoto,SP,Southeast,2024-02-22
8718,442b7a2c-2b74-4593-a4b6-614fdf35bb44,Ribeiro de Cavalcanti,BA,Northeast,2024-10-06
8719,c02a8cc7-5773-467b-92d9-5cce60c4f0a4,Azevedo de Correia,ES,Southeast,2024-08-19
8720,938107e2-4824-4d07-a7a5-e874ec65d11e,Mendes Paulista,GO,Central-West,2024-10-19
8721,b1c326c0-1841-405e-9d0d-929cb2b103ab,Dias de Goiás,MG,Southeast,2023-05-28
8722,2d7d9f25-c3f8-43cc-9b3c-f9fe73de1685,Macedo da Mata,SP,Southeast,2024-01-13
8723,ad8c5971-4c13-46e8-8e87-f4f5f8f9d0ca,Duarte,SP,Southeast,2023-10-14
8724,a79a19eb-6b54-4fc4-b865-a04f23b6015b,Santos,SP,Southeast,2024-05-22
8725,5d845251-8547-4957-90fd-c10f1cccec5d,Teixeira,MG,Southeast,2024-09-05
8726,1cba4396-d1a5-429a-9a5f-e46beced079e,Sousa das Pedras,RJ,Southeast,2023-06-16
8727,c98f89a9-3fe9-4204-a4a5-c9c479f051d3,Nogueira,SP,Southeast,2024-04-04
8728,51dc3fb5-1316-4e55-9825-4828dd567eaf,Lima de da Paz,CE,Northeast,2024-02-17
8729,fe417eb2-7e93-49de-aba3-414cbc6c5e7c,Rezende,BA,Northeast,2024-02-26
8730,69e8c1b5-a938-466d-8f6e-cf5d5e46e609,Pereira,RS,South,2024-09-02
8731,bc3835c6-8106-4649-b3c8-34238b6aa701,Azevedo,SP,Southeast,2023-01-20
8732,42596a86-392c-457e-9538-73c8dc06f2d6,Duarte do Norte,PR,South,2023-04-05
8733,51ee075a-7c20-4d12-8268-2e392d6f29a6,Aragão de Goiás,BA,Northeast,2024-05-18
8734,bf1e2b91-4c98-4eec-a027-a9a4ebf7250d,Garcia do Oeste,RS,South,2024-04-30
8735,34e1b06d-daa6-486e-bdb5-1e16b02aa367,da Cruz,DF,Central-West,2023-02-18
8736,e2bfa75a-f8b8-4b20-9fa8-b4794cf79d96,Carvalho Paulista,AM,North,2024-08-01
8737,0db880a4-73ba-4147-922e-9584c4f149d2,Barbosa Alegre,RS,South,2024-09-08
8738,565594cf-dfb0-4ef2-a171-0e4ddd134751,Moura de Porto,SP,Southeast,2023-09-27
8739,8910ec5c-313f-471e-a705-8dfa222b88d5,Porto,SP,Southeast,2024-06-20
8740,f625ccca-2a8b-4b9f-8dd9-630833d8fd67,Rocha Grande,RS,South,2023-09-27
8741,1c2f9ffb-60a6-4432-96b3-49cf76c7de99,Vargas da Serra,SP,Southeast,2023-07-19
8742,82e13537-b022-44a6-adff-0b3bb71b0d2d,Pacheco dos Dourados,SP,Southeast,2024-04-09
8743,7b3d214c-403d-4ce6-bc5f-c875f565b856,Silveira da Serra,SP,Southeast,2023-05-16
8744,37318eda-ff66-4f94-a46b-a2a0f3e27bb3,Alves de Costela,GO,Central-West,2023-11-18
8745,a6c59759-5833-40f2-8e77-63a6af3d58ee,Melo da Prata,RJ,Southeast,2023-06-25
8746,dec96bd4-c089-4405-b1a3-750cc1e6911f,Jesus,SP,Southeast,2024-02-15
8747,fdaa1cf5-921f-4aca-9892-533f86cfe03d,Campos,SP,Southeast,2024-07-11
8748,2dc95107-27af-41ec-9c57-7fddcbe91838,Borges da Serra,DF,Central-West,2024-04-20
8749,39114cb2-b3a2-476e-b668-2131eee38535,Moraes,SP,Southeast,2023-06-18
8750,ddf65add-003f-4cd6-b27c-2198c0f06059,Cirino da Praia,RS,South,2023-03-22
8751,402e4222-946b-435d-af69-789b3d9b6ef6,Montenegro,PR,South,2023-01-01
8752,5e38fb9c-577b-4aaf-864a-867c5c4bbec1,Azevedo da Prata,RJ,Southeast,2023-08-13
8753,89ecfa0c-517b-4372-aa08-221f9ce81282,Barros,BA,Northeast,2023-09-01
8754,0d19364d-00eb-410e-840c-f33a42e32c21,Ferreira,PE,Northeast,2024-11-16
8755,33f9776b-072a-4b8c-b983-2fbf66ff8fe3,Montenegro,RJ,Southeast,2024-04-23
8756,30d738c3-798f-4701-ae5c-13e92691d2aa,Rios da Mata,ES,Southeast,2024-08-10
8757,4ef022e1-0252-43ce-9cc4-7dd8deff0084,Pacheco de Sá,MT,Central-West,2024-01-21
8758,5c3beecf-615b-4f41-b383-57728bf224ae,Brito de Lima,SP,Southeast,2023-08-12
8759,958f00cc-80f5-47bf-8b0f-88afd40cac1e,Rezende Grande,MG,Southeast,2024-11-14
8760,c78abc0f-25d3-4ae0-b1d7-ca7c17a61e51,Araújo do Galho,PR,South,2023-11-11
8761,8a368a15-d9b6-4b28-ac30-c3926af6a9a5,Nascimento Alegre,SP,Southeast,2023-02-20
8762,a0070063-f5dd-4c01-8acb-cb6762cc9d22,da Rosa,RS,South,2023-06-22
8763,af6abe30-0cf0-4d6d-a2f8-4ed870316939,Costela,CE,Northeast,2023-11-27
8764,d9dda547-2b85-452a-939d-5aab0531611f,Nogueira dos Dourados,SP,Southeast,2024-02-10
8765,ca9ac89d-9915-4a3d-854a-518c2d55fd64,Gonçalves dos Dourados,RJ,Southeast,2023-02-14
8766,36a5ddd5-aa14-493b-a007-f4d8eed318fc,Costela de Minas,MT,Central-West,2023-04-07
8767,0435d25f-3e7c-4c21-b3cd-b1a96589433f,Gomes do Norte,MG,Southeast,2023-10-19
8768,be85300c-285e-4b02-b816-3f761a66957a,Cassiano do Galho,PA,North,2023-08-31
8769,f1d6afbe-3c51-4d63-83a7-f3d8c4fd264e,Sampaio,MG,Southeast,2024-11-29
8770,9bd179d6-4fc4-4893-a7bc-de05e3fb18a3,Moraes,SP,Southeast,2023-04-15
8771,c86b71d5-48b3-473a-8f58-4f82d34b89eb,da Paz de Oliveira,MG,Southeast,2024-07-01
8772,6ee01d27-171e-4893-a1b6-555314ab1f3c,da Cunha,SP,Southeast,2023-05-26
8773,38fa532f-b515-458c-a6e9-5577da6d8271,da Conceição,DF,Central-West,2024-05-26
8774,b69cc4fe-0fa1-448b-9853-0d8ff15a5c37,Gomes,RS,South,2023-06-24
8775,6016a380-c4c3-41e2-bc20-575d697c04e3,Cavalcanti Grande,DF,Central-West,2023-03-18
8776,d64b40b8-5ce2-41cf-862c-d446862f72ea,das Neves de Minas,SP,Southeast,2023-06-15
8777,888e552c-00ae-4c84-8008-8c3e4a444657,Marques das Flores,SC,South,2024-05-18
8778,932f1565-e522-42ae-a9af-f7f526fabe7d,Barbosa do Campo,DF,Central-West,2024-08-26
8779,4fec41b2-82ee-4507-8078-1dc7a2444fd3,Barros do Norte,PR,South,2023-07-06
8780,c62dde22-fb80-4727-bb2a-4f0561f55560,Souza do Norte,SP,Southeast,2023-07-18
8781,0f64f445-ca56-4558-a8ea-3f89bd61c466,Gomes,SP,Southeast,2024-03-05
8782,6b390893-4bd3-42de-8191-8e38e4193e52,Porto,SP,Southeast,2024-07-13
8783,9ccbb26b-4308-4251-b133-dbef1a9971a4,Costa do Galho,RJ,Southeast,2024-05-18
8784,1b1fb09d-9fcf-499c-a25b-19bbd44dbeca,Carvalho da Mata,BA,Northeast,2024-09-13
8785,061ead52-f6e3-4b43-9295-594c47075ff2,Gomes do Amparo,MG,Southeast,2024-03-12
8786,51c771da-49b3-4ce4-8b5a-5b7b8bb244fd,Câmara de Casa Grande,CE,Northeast,2023-08-26
8787,59619f38-6e3a-4031-937e-c367e8bfdd70,Cavalcanti,CE,Northeast,2024-07-06
8788,2722e695-4618-4f72-aeec-67d5e942c749,Vasconcelos,SP,Southeast,2023-04-28
8789,58b72ea4-31ee-4847-927e-0655865b611b,Souza Paulista,PE,Northeast,2023-07-01
8790,75fe86f1-0394-4320-95e0-9cd8d8de0489,Azevedo,PR,South,2023-11-23
8791,afe0558c-03eb-4741-accd-1c0ea469c801,Sá de Cavalcante,MG,Southeast,2023-12-13
8792,06236fcc-5ff6-4cdc-840c-1c139dd5e38a,da Cruz,SP,Southeast,2024-04-05
8793,fd8f6988-0689-4c9b-a8a5-c8c3a945ed30,Porto do Sul,GO,Central-West,2023-01-24
8794,71cb2ed8-6f08-48ad-acf7-42c6d72d34b6,da Cunha,MG,Southeast,2024-08-25
8795,ee1a7dcd-3be6-4049-96fe-51c28a77a760,Ribeiro,PR,South,2024-10-13
8796,7fe6d534-1f3f-4f05-86b5-415e32fecd85,da Cunha,MG,Southeast,2024-11-28
8797,51191c04-c2a6-47be-932d-5e1f74803a96,da Cunha de Minas,DF,Central-West,2023-05-02
8798,ccb540a8-eb4a-4e2e-901a-a87a2bb34bc0,da Rocha,MG,Southeast,2023-03-04
8799,2d828a37-9438-4cf8-8228-ead2c0f54d3a,Abreu,MG,Southeast,2024-05-23
8800,81f50ad5-2e0e-4a69-8872-dee0d218b876,Fogaça,SP,Southeast,2024-02-19
8801,0c2ccde9-2e55-4bfb-a750-b8bbc9405d8b,Carvalho do Campo,ES,Southeast,2023-05-31
8802,64794eea-df78-45e3-b0c3-c87fd8411480,Campos,CE,Northeast,2023-01-16
8803,6ac425a3-286d-4f37-90ba-8fbaf8e16640,Cavalcante Alegre,RJ,Southeast,2023-01-03
8804,53de3bdf-d9dd-4884-8ba5-0912f70119bd,Mendes,RJ,Southeast,2023-05-28
8805,b6637a23-fca2-42b1-ba5c-7106bc96646a,da Mota,SP,Southeast,2023-06-25
8806,10380e2d-99a2-482b-ab04-95e3bff53abe,Peixoto,SP,Southeast,2024-10-06
8807,3f3fa472-0dde-4a72-bd15-87e34b9bd1da,Fonseca,RJ,Southeast,2024-11-21
8808,2b1b60e6-c173-47a6-bdeb-220c0bbb59a9,da Cunha de Peixoto,SP,Southeast,2024-02-07
8809,c9cfcefb-26e6-43f6-9067-cc1b65be2ecd,Novais,RS,South,2024-11-06
8810,481e70ff-f5d5-4826-817d-f6f73af87785,Aragão de Goiás,RJ,Southeast,2023-12-10
8811,5ad2de25-649a-43e6-a471-9b727b594bdb,Costela Verde,PR,South,2024-04-03
8812,d7cd52cd-2784-4066-8419-b3999784dbb8,Sousa do Galho,GO,Central-West,2023-09-29
8813,fc3f3a32-398a-4b0d-b0ea-717504e784eb,Moreira,MG,Southeast,2023-06-03
8814,d235a4e1-4131-4886-a3fc-1d1c692fe234,da Paz,RS,South,2024-06-19
8815,3eec3946-a7c5-4775-a955-c00b8e7efbc3,Pastor,SC,South,2023-06-28
8816,51bf2d1d-83ed-49b2-8bfb-997ca61b0097,Farias,SP,Southeast,2024-08-07
8817,d47299d3-c102-4af7-8ea6-5f18f97f3594,Rios do Galho,SP,Southeast,2024-08-04
8818,1b163594-a929-47ed-bede-2adedadd6874,Pacheco do Sul,MG,Southeast,2024-04-12
8819,8e9db261-1e2f-4733-90a0-c3f0d615a47c,Cunha,BA,Northeast,2023-02-10
8820,1ad261a6-2b9f-4948-bcfc-6b677774b331,Pimenta,PR,South,2024-07-01
8821,49f7fdc5-40cd-4029-bbb9-b6910d4ef0a3,Melo Verde,BA,Northeast,2023-10-02
8822,1b72df10-9168-4426-bb43-e0e2b0dd04bc,Melo,SP,Southeast,2024-09-30
8823,405d5951-f08d-4f0b-bc03-489b1ff7c119,Alves,SC,South,2023-10-23
8824,5b4684f1-4196-4462-b5c4-36ac334e0614,Moura do Galho,BA,Northeast,2023-01-17
8825,f2b4e112-ea54-40f3-86ec-2a4db0140b92,Farias do Amparo,GO,Central-West,2023-05-10
8826,4b349a3f-7a96-412c-b546-86f3c11a9891,Peixoto das Flores,DF,Central-West,2023-02-08
8827,0141eaf2-f214-49e1-a085-811b67a4fdb6,Carvalho de Câmara,PE,Northeast,2023-02-04
8828,0edc6da4-bac7-4d06-a0e1-ced764cd53f0,Vieira do Amparo,GO,Central-West,2023-08-24
8829,01b5c876-25e2-4097-9a81-65254368b649,Nogueira,SC,South,2024-07-09
8830,844a40bb-6fb5-4df6-b165-ddc1006707ac,Montenegro,MG,Southeast,2024-09-04
8831,d716f3e2-5b07-4521-a762-be9fa3b039f4,Vieira,RS,South,2023-09-14
8832,95ebddba-f1b1-4675-adaa-5c1e88920a64,Abreu da Mata,ES,Southeast,2023-10-26
8833,c6122daa-3f3f-4276-94b3-827137482c59,Camargo das Flores,SC,South,2023-11-02
8834,9b92411c-655b-4227-a300-e47404a9b572,Mendes dos Dourados,CE,Northeast,2023-12-12
8835,eb04173e-b09f-474f-a1e4-e08b5f9b9139,Leão da Prata,PE,Northeast,2024-09-16
8836,ef71374c-8f15-4a09-b278-4f7d4a27c0dd,Cunha,ES,Southeast,2024-10-06
8837,6d670d74-1940-406f-bd95-af35aa9bc58b,Guerra,SP,Southeast,2023-03-28
8838,75be2f92-11ca-471a-85f3-0a61784a1462,Cassiano Paulista,RJ,Southeast,2024-04-07
8839,112a932d-8db0-4292-a5c4-38ccd58fed94,Fernandes,SC,South,2024-06-03
8840,e2eb81c4-62ae-4745-bccb-cc753e7da430,Castro do Galho,MG,Southeast,2023-02-06
8841,385feae7-9cff-4f8a-8180-6c2f3ae3bc4f,Costela,RS,South,2024-03-27
8842,fa634f76-c34b-4458-9fc6-3a31f4d1495a,da Costa da Praia,SP,Southeast,2023-07-03
8843,e1e9b021-b2bc-4f62-bd91-395b22b9e956,Aparecida do Galho,SP,Southeast,2024-07-11
8844,58817e4e-fb4f-4e54-898c-6d6fa7496098,Cirino,MG,Southeast,2024-02-04
8845,d630d279-8f11-4ea6-8e48-87b8999f5f7c,da Costa de da Rocha,MG,Southeast,2024-07-06
8846,17ce5517-07ba-4f43-9d75-a365b46ed31d,da Cunha,BA,Northeast,2024-11-03
8847,7d244e32-9a37-4476-8f47-30669e911519,Marques Alegre,SP,Southeast,2024-09-22
8848,33a2f3d5-7d4c-460f-ba3e-5b7745b7b856,Martins de Andrade,MG,Southeast,2024-01-25
8849,f3e85d1d-96a5-4e14-82c7-232746848290,Oliveira,BA,Northeast,2024-09-20
8850,88b4d790-7575-4a82-aac1-3bd4fba15595,Pereira,SP,Southeast,2024-10-04
8851,cab71e01-d2a8-4d59-9d56-07ea4f5e2288,Fernandes Verde,RS,South,2024-04-17
8852,3ba6d47a-7362-4ee8-b220-781e7ab1c0df,Brito do Norte,MG,Southeast,2024-06-28
8853,afea34bb-c5f7-48ab-b358-98aca9cf92d4,Almeida Alegre,MG,Southeast,2024-07-08
8854,e5a2e7d0-e895-41e5-b4a1-ce0c785b399a,Nogueira Verde,SP,Southeast,2024-09-30
8855,84d5e55f-0d1a-47fd-ac29-cf5e18b8e08a,da Rocha,PR,South,2024-03-22
8856,aca755e7-b4ac-4c15-9c08-8b33cf739f31,Dias de Lima,ES,Southeast,2023-06-07
8857,e3f1b8c4-4725-4bc4-a39d-d7239ff96a5e,Andrade,PE,Northeast,2023-05-13
8858,e972c663-b6a2-4397-9b01-333c794b0099,Caldeira,RJ,Southeast,2024-08-13
8859,a9053b73-80bb-4ca5-af48-bb77e5d9040d,Ribeiro de Marques,SP,Southeast,2023-02-09
8860,b80a6a0d-ad6c-4f4c-917f-ad58cd47c866,Oliveira Verde,BA,Northeast,2024-06-28
8861,819cea5f-51fd-4598-a31f-e70219d27667,Cirino de da Conceição,RJ,Southeast,2024-06-20
8862,c360e99e-4ee6-40ec-bf4b-9506690190da,Campos,SP,Southeast,2024-10-20
8863,dbe82e35-89bc-4f0d-8381-351408346697,Macedo da Prata,SP,Southeast,2024-10-02
8864,73024b6e-6b69-4c27-b6c0-9998eacd8c87,Casa Grande,BA,Northeast,2024-01-13
8865,7a20ab9a-cf28-4696-93e3-9c0e6291a989,Novaes,SP,Southeast,2023-10-03
8866,f80336ad-8da0-4aed-9111-ab48d4f86557,Vargas,CE,Northeast,2024-11-10
8867,2a8f1f2c-1e1f-43d8-970e-9627963b933b,Teixeira de Novais,DF,Central-West,2024-01-05
8868,88b60f2e-d90d-4377-a42e-bd3f9fb0e105,Rezende da Serra,BA,Northeast,2024-02-04
8869,ac7c367e-f48d-4480-93d3-e5b6421cf9e3,Pinto,RJ,Southeast,2024-09-26
8870,a35f7e9f-069c-4df5-a782-78cce11250d4,Brito da Praia,RJ,Southeast,2024-04-12
8871,c7445bfb-8f6d-47e1-bfd7-ee25ad693ffe,Freitas do Oeste,PR,South,2023-02-01
8872,0fcc5605-3a16-4195-b698-59d777174dc6,Cunha dos Dourados,RS,South,2023-06-21
8873,1fbd1027-3405-48d4-aa94-6bbee6320dfc,Freitas Verde,RJ,Southeast,2024-07-08
8874,0594972d-7e78-4722-b88f-b565674fad22,Campos de Lopes,SP,Southeast,2023-12-17
8875,4165406c-d5a8-42bc-9f4c-028ec05a2e08,Novaes do Campo,CE,Northeast,2023-10-02
8876,00948a5a-4e30-41dc-bfee-9767455f2a6f,Araújo,SP,Southeast,2024-06-20
8877,0945024a-4590-4156-bbf6-d1d6bf108a53,Freitas de Jesus,RJ,Southeast,2024-08-30
8878,c633a2df-3d0a-441d-a624-adfc0b8e03c2,Aragão,RJ,Southeast,2023-05-24
8879,f80fd08d-4ff6-4385-ac3d-318cba0177c2,Macedo,RJ,Southeast,2024-09-18
8880,7c7c0478-9b75-4c50-bde9-f342c4cb8ec6,Pacheco,RJ,Southeast,2024-10-15
8881,294cd3e1-bd96-4e99-8628-7169693f6dd8,Siqueira,SP,Southeast,2023-05-17
8882,e5fbf0c5-a966-4fd1-80d8-6fab8fd32e1b,Souza da Mata,RS,South,2024-08-12
8883,34c51a22-ec86-4e90-b415-701a2763f236,da Luz Verde,PE,Northeast,2024-02-05
8884,d2a5332a-9362-486e-bc44-b4d1b6100099,Freitas,PE,Northeast,2023-08-16
8885,a45f2080-da4a-4ecb-8c05-b7ae1d6a9274,Sales de Correia,CE,Northeast,2023-07-19
8886,a18dc7f4-6869-4ed3-a93a-6afdcffc9421,da Mota dos Dourados,PR,South,2024-08-09
8887,823c128c-5dc0-4f8c-b08c-ce25bb966c6e,Novais de Sampaio,GO,Central-West,2023-12-15
8888,f7affcf0-aac0-41bb-b0a5-2b57fa76bb7b,Rios,MG,Southeast,2023-09-24
8889,e906b55f-1122-4d5c-a8e7-c0087bfc1083,Sampaio,SP,Southeast,2024-11-27
8890,96439d03-f952-4ef4-b000-eeb15296dd5d,Fogaça,DF,Central-West,2023-07-11
8891,0e1de0be-9710-41ce-b6c5-3b98a5c67409,Sales do Amparo,PR,South,2023-12-12
8892,52e5614a-8ee9-49ef-9ed0-b63275a7bb40,Silva,RS,South,2024-05-09
8893,a29b171c-c491-4c5b-8084-8b9b66bbbc8b,Melo,SP,Southeast,2023-12-18
8894,b35d250c-3972-49c3-adaa-bee14a1b157f,da Cunha,RJ,Southeast,2024-08-12
8895,2865eeb5-ecba-4e49-b688-00c00faf3a7a,Garcia do Norte,SP,Southeast,2024-08-26
8896,33734dcd-1ef4-4373-8b23-f06e0bf73e36,Jesus,SP,Southeast,2023-08-16
8897,7e841271-d8c2-4cf2-a597-af91ae9c9f02,Fogaça de Casa Grande,RJ,Southeast,2024-09-14
8898,00272d19-ffe9-4994-86c2-df287af4bb7d,Camargo de Cassiano,BA,Northeast,2024-01-14
8899,fe2d8473-935e-420b-b2a8-4c94e19fec32,Caldeira de Macedo,SP,Southeast,2024-05-31
8900,f51dbce3-bdc5-4126-b686-90696e12ceb2,Albuquerque das Pedras,SP,Southeast,2024-02-05
8901,4bae5d71-c2d5-4b28-8bf8-4759df93998b,Sampaio,RJ,Southeast,2023-01-27
8902,b87fcd14-91c8-4699-a843-c6517561834e,Sales,GO,Central-West,2024-05-16
8903,8c39dec5-8300-42d1-b5ed-c34d4b4ac13a,Mendonça,ES,Southeast,2024-01-31
8904,763c2109-683e-48eb-b823-5d5ee88ffe9b,Carvalho da Serra,GO,Central-West,2024-07-26
8905,08de887f-703b-4070-a242-7f4fd922ba02,Sousa,RJ,Southeast,2024-09-16
8906,f364ae2c-3f1f-44a2-8fdf-f06e590589c4,Gonçalves,RJ,Southeast,2024-05-14
8907,3b6d2baf-fdc6-4dd7-bbe8-ac52a3edf3b3,Dias,BA,Northeast,2023-10-22
8908,6bc72a33-fee0-43f3-8f19-5a8382a16387,Mendes Grande,PE,Northeast,2023-08-18
8909,d37f4be6-0dde-4bcc-ab25-8cbb55e0eeee,Gomes dos Dourados,SP,Southeast,2023-11-10
8910,2856d926-832a-4df4-a42e-3418fd23ebb5,Rodrigues,SC,South,2023-05-03
8911,057d4194-9ecf-4c9b-af93-01f634441e35,Sales do Campo,CE,Northeast,2024-06-08
8912,b3f3a850-cba8-4493-b5c4-791951fd6049,Andrade da Serra,PE,Northeast,2023-03-18
8913,3cd09c64-108e-4156-a908-8697649331db,Alves do Amparo,DF,Central-West,2023-04-26
8914,2293b089-dd79-4641-97f5-f3a139f7a642,Vieira,DF,Central-West,2024-09-05
8915,d0c70cd2-0e30-4118-ac09-2ca2c55342a9,Gomes dos Dourados,MG,Southeast,2023-02-18
8916,52ae44fb-f85b-4a42-a7ec-013b6f782265,Rezende do Sul,SP,Southeast,2023-12-08
8917,a28a6fea-bc62-4cd3-bbfb-da6a5306c195,da Mota,PR,South,2023-10-03
8918,a6e4d53e-f8bd-4f02-a090-d3f828223984,Sales,BA,Northeast,2023-03-30
8919,90b0bc07-fa53-42d2-a970-8c43dcc88aac,Câmara Alegre,PE,Northeast,2023-08-04
8920,f1eea326-2aaa-46b9-b386-c60f3942042b,Barbosa dos Dourados,RJ,Southeast,2023-04-01
8921,5d9e0ef7-0314-4c2b-aa60-23648cd69c96,da Costa,RJ,Southeast,2024-04-09
8922,08329b86-84f0-416b-b78e-5f10f9dafc66,Machado de Goiás,SP,Southeast,2023-12-02
8923,60cf5a89-393c-48a1-9da1-6f4f2fd18781,Novais de Sá,SP,Southeast,2023-08-10
8924,8f621fd3-a74c-4330-a9a1-6121ef749a92,da Rocha da Praia,RS,South,2024-01-10
8925,22256515-5f4e-416b-9508-5c23550e3c67,Camargo Alegre,SC,South,2023-08-08
8926,02d9b4e6-70c2-49c7-87b9-606b1e80204a,Rios da Praia,PE,Northeast,2024-05-02
8927,5d3a4089-0226-4c30-bf6a-f7e5fb55c310,Pinto,RS,South,2024-06-21
8928,8fe7b2b7-093f-45cd-9f9c-7cecf23e80fa,Nascimento do Amparo,SP,Southeast,2024-03-12
8929,4a0f2824-4455-43bd-8c3f-77bbe3b53326,Cardoso,MG,Southeast,2023-11-21
8930,edaab92d-57fa-413d-b0e2-370cc5bea40b,Rezende da Serra,SP,Southeast,2024-09-27
8931,8fb26e2e-5166-4222-af04-ccb9eeca81bf,Peixoto Grande,SP,Southeast,2023-06-03
8932,504acfd6-3f1b-49b8-a62f-dfe9dfcf3e2e,Alves do Norte,RS,South,2024-10-20
8933,55b09d8f-2fe4-4324-a5ed-a0a8620423f1,Azevedo da Praia,PE,Northeast,2023-10-18
8934,c2e8c663-cce2-4b2c-bb89-9d97165f5ad9,Sales de Fonseca,GO,Central-West,2023-03-31
8935,3364c114-95c4-4a45-9db2-1e4e1357a7de,Moreira de da Cunha,SP,Southeast,2023-12-29
8936,11217948-37c6-4502-95a6-bd119684a6be,Marques,SP,Southeast,2024-01-28
8937,c3e6319b-4461-4b61-b2a8-a01ccd78327c,Farias do Galho,SC,South,2023-05-05
8938,10ee60a3-ab46-41be-8517-c4efa5783919,Lima de Sales,RS,South,2024-06-20
8939,f01b5b84-3286-4a8c-9cab-ef1728d53a79,Leão de Minas,MG,Southeast,2023-03-03
8940,606fdeea-aee9-463b-86f8-a760658edb83,Dias,SC,South,2023-05-15
8941,cdf5d2c0-b32d-488a-b042-166b2611019a,Vargas Alegre,BA,Northeast,2023-01-07
8942,24219447-cff9-4608-a6b2-f8ae3f8e09e2,Rocha,SP,Southeast,2023-05-13
8943,e0f58246-e727-435c-82ff-6cfeca7626cc,Aparecida de Sousa,SP,Southeast,2024-06-10
8944,faf00443-1843-47ec-8293-28abad2f9fd4,Caldeira,PR,South,2023-12-23
8945,1baf1826-b0e4-4987-872c-ad84450fc02e,Pacheco,MG,Southeast,2023-05-21
8946,9d8c65d1-1282-4d71-b156-a7c8b8756404,Aparecida da Prata,GO,Central-West,2024-07-24
8947,a88615a9-f7a9-4cf1-a135-711a99e1155b,da Cruz dos Dourados,PE,Northeast,2024-03-14
8948,4d528b3c-f2ca-435f-8a7a-3539c49f318d,Carvalho,MG,Southeast,2023-11-29
8949,1c26b594-83ec-4eda-a6df-a3f5e4ed03eb,Sá de Peixoto,CE,Northeast,2024-08-20
8950,03a2f0fd-ba52-42ed-821f-07843feee611,Duarte,ES,Southeast,2024-04-05
8951,97bfc4ad-ce72-4953-8ab6-040583d60f8f,Farias,PR,South,2023-10-14
8952,fd3f9dff-e8b9-4d69-a785-bd5eda4eb8b0,Nogueira,RJ,Southeast,2023-06-21
8953,314d9798-041d-4f5a-848c-9f121ee8b36b,da Paz,SP,Southeast,2023-12-12
8954,5704c077-0671-474b-96df-dca5b65fbd57,Novaes,ES,Southeast,2024-11-16
8955,b1e388e1-1cc0-44e3-bdb7-189bd6becc21,Fernandes,RJ,Southeast,2024-10-09
8956,b5cfe9f3-f2e9-43a9-bb1e-1f84606c74d1,Fernandes,RJ,Southeast,2024-08-25
8957,b87d0dc4-84a9-4f0f-a43e-1b0bf50acf03,Pastor Verde,MG,Southeast,2024-01-08
8958,f6204f2d-2f33-4232-a27f-df4009bcc25a,Vasconcelos,BA,Northeast,2023-11-21
8959,18e2f947-1188-4095-bfe9-10b63c64d655,Sampaio das Pedras,BA,Northeast,2024-09-20
8960,05a4702b-6b03-468b-8daf-99919182608f,Porto,RJ,Southeast,2024-05-29
8961,f4bd0ed2-e99f-416d-a927-c8701338dbcf,Lopes dos Dourados,SP,Southeast,2024-09-21
8962,421e8ebf-c699-4fc4-ac09-db7cd4577e83,Montenegro,DF,Central-West,2023-03-26
8963,af77cf11-b4a5-4809-a626-fd0c1d606084,Nunes do Galho,PE,Northeast,2024-03-14
8964,c6fed175-6583-4411-b0ad-67d0dd2bd468,Aragão,AM,North,2023-01-27
8965,44795120-cf08-46d7-9178-988c75006324,Pacheco Alegre,SP,Southeast,2023-01-07
8966,2c12e2d6-d8e4-4619-9329-7ad5994c27c2,Abreu Verde,CE,Northeast,2023-02-13
8967,395e16d5-3ea4-4945-801f-f52b260cf901,Silveira,SP,Southeast,2023-11-11
8968,6ec7c0ee-bebe-46ea-827c-c907d7eaf3b5,Leão da Praia,RJ,Southeast,2023-08-24
8969,df27ecff-e6c9-421d-b726-ad6a7ed4e93a,Teixeira,PR,South,2023-08-26
8970,7db01f1a-5abb-448d-a407-bda96b68ec5c,Cunha,SP,Southeast,2023-08-31
8971,931f8100-fadf-4abd-8910-996605cfa3fa,Araújo da Mata,SP,Southeast,2023-04-29
8972,91df0b1d-8055-4068-ad57-95503c30e1ea,da Rocha do Campo,BA,Northeast,2023-11-21
8973,0a1a5bde-5a09-4428-854a-a18265df1bb3,Casa Grande Verde,SP,Southeast,2023-01-06
8974,cb57b0c3-30a5-42a9-92ad-a213e0a45961,Vargas,RJ,Southeast,2024-05-07
8975,05e12922-39e2-4623-98d6-4b6020883181,Casa Grande de da Mata,SP,Southeast,2023-07-28
8976,fb69d228-fa9e-4060-ba3b-5666e4b24b71,Gomes de da Cunha,SC,South,2024-03-11
8977,69c8d7fa-2fb4-4586-aab6-f29d18120844,Cunha,PR,South,2023-07-06
8978,5d33fc9f-9189-463d-9dcc-dad0ab646f50,Mendonça Paulista,RS,South,2023-10-18
8979,1e5a9ae5-6598-4b1a-8b49-5a46521281b2,Sales,RJ,Southeast,2024-06-16
8980,33384921-8106-48ec-9af1-0b0d52aa5cbf,das Neves,PR,South,2024-01-28
8981,84a0c563-0940-426d-b6e0-88cbe26f6587,Freitas,RJ,Southeast,2024-09-26
8982,ecee27d6-d0c9-4878-a22c-5a0c45739b0e,Casa Grande do Amparo,PA,North,2024-05-17
8983,908986c4-5a55-44ad-87c8-568683d44c94,Pastor,SP,Southeast,2023-08-16
8984,9ca64d0e-6ef1-4072-83e2-aeb72c072f32,Freitas das Flores,MG,Southeast,2024-10-14
8985,5ed632c2-2d82-4c21-b236-873f9cfc4b98,Casa Grande dos Dourados,BA,Northeast,2023-10-27
8986,238c16d1-29c9-4c4d-b037-02946f82e582,Leão,SC,South,2023-06-03
8987,ce6327b3-1539-4ff6-bc67-a2a089f38c4e,Melo,BA,Northeast,2023-05-13
8988,411ae887-e7e0-4d88-bb0e-e3a057282336,Nascimento,RJ,Southeast,2024-06-11
8989,9b7a69cc-bd51-4576-9cef-01ef34b34319,Fernandes do Amparo,AM,North,2023-06-21
8990,bf971338-d239-427f-8f9f-3f8bd5c45f4e,Castro,DF,Central-West,2023-10-22
8991,eda5e4c5-c88e-44aa-b63f-16c2e7b3a916,Moraes,SP,Southeast,2023-03-13
8992,74504c2f-dc63-4729-9682-9d05048b20a2,Barros de Rocha,PR,South,2023-06-27
8993,21440515-6ba5-4bb6-86d8-27c7f92100a7,Fonseca do Sul,RS,South,2023-04-19
8994,a91929b2-62f6-4e6e-bfb7-ee77222e5640,da Mata dos Dourados,BA,Northeast,2023-07-14
8995,aabcf909-5d60-49ea-86e5-de4239244773,da Mota,PE,Northeast,2023-05-10
8996,d6c4bd5c-e155-4338-be75-86051871891f,Sampaio de Goiás,SP,Southeast,2023-05-27
8997,be34363a-07d8-4a72-92be-c5969f0c86ec,Cirino,CE,Northeast,2024-10-22
8998,b341b98d-bc67-4ccb-bd03-6a63f324d128,Moura,SP,Southeast,2023-11-09
8999,bf981b28-a9b9-4a4e-9685-cd6f6e620d36,Martins Verde,SC,South,2023-03-02
9000,6caf5a79-e370-4424-8cc8-af93a31c29c5,Porto do Amparo,RJ,Southeast,2023-01-09
