payment_id,order_id,payment_type,installments,payment_value
1,1,credit_card,3,1288.5
2,2,debit_card,1,512.84
3,3,debit_card,1,305.15
4,4,voucher,1,493.0
5,5,credit_card,3,3707.72
6,6,debit_card,1,339.95
7,7,boleto,1,486.78
8,8,credit_card,1,957.19
9,9,credit_card,4,3285.59
10,10,debit_card,1,289.58
11,11,debit_card,1,589.14
12,12,debit_card,1,4865.57
13,13,boleto,1,485.42
14,14,debit_card,1,6662.32
15,15,credit_card,1,2290.38
16,16,voucher,1,1973.5
17,17,credit_card,1,71.14
18,18,voucher,1,242.56
19,19,voucher,1,2114.71
20,20,credit_card,10,1938.11
21,21,voucher,1,228.35
22,22,voucher,1,2074.22
23,23,credit_card,2,4833.37
24,24,debit_card,1,496.0
25,25,debit_card,1,1721.16
26,26,voucher,1,1989.2
27,27,debit_card,1,5829.3
28,28,debit_card,1,295.22
29,29,credit_card,1,2123.5
30,30,boleto,1,4361.3
31,31,boleto,1,403.64
32,32,voucher,1,1862.08
33,33,boleto,1,1679.65
34,34,debit_card,1,881.88
35,35,voucher,1,361.29
36,36,voucher,1,1605.85
37,37,credit_card,1,1674.26
38,38,debit_card,1,3994.28
39,39,voucher,1,101.29
40,40,boleto,1,168.68
41,41,credit_card,2,1394.43
42,42,boleto,1,876.82
43,43,debit_card,1,1817.49
44,44,credit_card,1,191.72
45,45,voucher,1,3659.88
46,46,boleto,1,306.41
47,47,debit_card,1,207.3
48,48,boleto,1,1127.66
49,49,credit_card,3,2545.61
50,50,credit_card,6,958.76
51,51,boleto,1,5187.65
52,52,voucher,1,242.37
53,53,voucher,1,1079.91
54,54,boleto,1,760.55
55,55,debit_card,1,448.77
56,56,credit_card,4,5586.05
57,57,credit_card,1,164.18
58,58,credit_card,1,751.12
59,59,voucher,1,2191.04
60,60,debit_card,1,6839.07
61,61,voucher,1,1334.55
62,62,boleto,1,2676.55
63,63,debit_card,1,636.13
64,64,boleto,1,257.12
65,65,credit_card,1,1625.44
66,66,boleto,1,1000.43
67,67,boleto,1,2642.4
68,68,debit_card,1,3936.4
69,69,debit_card,1,694.88
70,70,voucher,1,85.32
71,71,debit_card,1,118.36
72,72,debit_card,1,359.31
73,73,debit_card,1,3812.61
74,74,boleto,1,1908.8
75,75,boleto,1,102.83
76,76,boleto,1,2694.05
77,77,voucher,1,1383.18
78,78,boleto,1,309.74
79,79,boleto,1,473.11
80,80,debit_card,1,1359.53
81,81,voucher,1,4687.83
82,82,voucher,1,3082.09
83,83,debit_card,1,1338.91
84,84,credit_card,1,168.01
85,85,debit_card,1,164.09
86,86,credit_card,4,318.56
87,87,voucher,1,2955.3
88,88,credit_card,1,8203.86
89,89,voucher,1,7685.02
90,90,voucher,1,741.42
91,91,credit_card,1,4286.05
92,92,debit_card,1,315.63
93,93,voucher,1,1236.42
94,94,debit_card,1,1154.87
95,95,boleto,1,1060.65
96,96,debit_card,1,1682.1
97,97,boleto,1,2154.9
98,98,boleto,1,612.88
99,99,voucher,1,1059.61
100,100,credit_card,10,3331.82
101,101,boleto,1,274.79
102,102,credit_card,1,2191.32
103,103,credit_card,4,505.03
104,104,debit_card,1,1801.23
105,105,boleto,1,498.35
106,106,debit_card,1,1704.04
107,107,boleto,1,504.47
108,108,debit_card,1,541.96
109,109,debit_card,1,749.46
110,110,credit_card,4,3097.25
111,111,debit_card,1,479.19
112,112,debit_card,1,965.2
113,113,credit_card,1,998.56
114,114,voucher,1,264.05
115,115,voucher,1,77.28
116,116,debit_card,1,82.5
117,117,debit_card,1,273.39
118,118,voucher,1,1193.28
119,119,debit_card,1,63.92
120,120,boleto,1,6175.79
121,121,debit_card,1,102.23
122,122,debit_card,1,160.77
123,123,debit_card,1,3127.52
124,124,debit_card,1,3209.64
125,125,debit_card,1,1498.25
126,126,credit_card,1,588.9
127,127,voucher,1,108.98
128,128,debit_card,1,2868.51
129,129,voucher,1,374.41
130,130,credit_card,4,3325.35
131,131,credit_card,4,3182.67
132,132,voucher,1,371.98
133,133,boleto,1,523.47
134,134,voucher,1,158.72
135,135,credit_card,2,535.02
136,136,credit_card,1,5119.89
137,137,credit_card,6,1038.68
138,138,debit_card,1,320.87
139,139,boleto,1,873.44
140,140,credit_card,2,995.92
141,141,voucher,1,631.56
142,142,boleto,1,2373.24
143,143,voucher,1,4954.01
144,144,debit_card,1,5222.49
145,145,credit_card,1,2697.88
146,146,debit_card,1,3027.06
147,147,voucher,1,1986.38
148,148,voucher,1,693.61
149,149,credit_card,1,3247.33
150,150,debit_card,1,496.4
151,151,credit_card,3,2209.34
152,152,boleto,1,391.14
153,153,credit_card,1,194.98
154,154,debit_card,1,1183.72
155,155,debit_card,1,1637.14
156,156,voucher,1,355.17
157,157,boleto,1,201.12
158,158,credit_card,1,1800.01
159,159,credit_card,10,2250.83
160,160,debit_card,1,1441.77
161,161,debit_card,1,5124.49
162,162,boleto,1,684.56
163,163,debit_card,1,665.45
164,164,credit_card,1,682.53
165,165,voucher,1,1900.62
166,166,credit_card,1,2790.92
167,167,debit_card,1,1565.66
168,168,credit_card,3,3038.15
169,169,voucher,1,1535.17
170,170,boleto,1,161.75
171,171,debit_card,1,3605.82
172,172,voucher,1,1905.94
173,173,voucher,1,57.76
174,174,voucher,1,2594.01
175,175,voucher,1,213.97
176,176,credit_card,1,2465.67
177,177,voucher,1,1770.0
178,178,credit_card,1,281.53
179,179,boleto,1,245.49
180,180,debit_card,1,3712.44
181,181,voucher,1,239.77
182,182,credit_card,1,116.59
183,183,voucher,1,345.91
184,184,boleto,1,478.93
185,185,debit_card,1,1771.11
186,186,boleto,1,3636.96
187,187,credit_card,1,3536.57
188,188,voucher,1,1174.78
189,189,credit_card,1,64.13
190,190,credit_card,4,1878.54
191,191,credit_card,1,195.24
192,192,voucher,1,264.98
193,193,credit_card,10,335.18
194,194,voucher,1,77.94
195,195,voucher,1,281.99
196,196,voucher,1,735.01
197,197,credit_card,6,1237.89
198,198,debit_card,1,1714.79
199,199,credit_card,1,5227.87
200,200,debit_card,1,1391.78
201,201,debit_card,1,4381.68
202,202,voucher,1,69.57
203,203,voucher,1,223.1
204,204,credit_card,1,2744.73
205,205,debit_card,1,10217.5
206,206,boleto,1,607.73
207,207,debit_card,1,2790.66
208,208,voucher,1,667.9
209,209,voucher,1,629.52
210,210,debit_card,1,2626.55
211,211,credit_card,1,2266.18
212,212,voucher,1,4663.81
213,213,credit_card,4,6709.81
214,214,credit_card,1,9494.99
215,215,debit_card,1,114.72
216,216,boleto,1,2262.34
217,217,debit_card,1,306.58
218,218,voucher,1,221.11
219,219,voucher,1,1168.41
220,220,voucher,1,165.43
221,221,boleto,1,375.2
222,222,debit_card,1,543.85
223,223,debit_card,1,1436.21
224,224,credit_card,2,699.19
225,225,voucher,1,903.45
226,226,debit_card,1,305.61
227,227,voucher,1,20624.62
228,228,debit_card,1,178.62
229,229,voucher,1,777.47
230,230,boleto,1,1719.78
231,231,credit_card,1,76.42
232,232,voucher,1,1419.98
233,233,debit_card,1,48.33
234,234,boleto,1,434.68
235,235,debit_card,1,1051.23
236,236,voucher,1,5939.68
237,237,boleto,1,5016.67
238,238,debit_card,1,383.14
239,239,boleto,1,1252.66
240,240,debit_card,1,568.87
241,241,voucher,1,2828.09
242,242,debit_card,1,3219.46
243,243,boleto,1,1229.26
244,244,voucher,1,520.69
245,245,debit_card,1,70.95
246,246,credit_card,1,941.78
247,247,debit_card,1,3017.92
248,248,credit_card,1,794.4
249,249,debit_card,1,120.5
250,250,boleto,1,1993.29
251,251,credit_card,1,187.59
252,252,debit_card,1,373.92
253,253,voucher,1,6468.67
254,254,debit_card,1,292.13
255,255,voucher,1,1339.48
256,256,boleto,1,1554.31
257,257,credit_card,1,4323.68
258,258,credit_card,1,6000.0
259,259,debit_card,1,166.45
260,260,boleto,1,332.49
261,261,credit_card,1,627.6
262,262,boleto,1,3066.93
263,263,voucher,1,221.14
264,264,voucher,1,3876.33
265,265,voucher,1,684.58
266,266,debit_card,1,173.62
267,267,boleto,1,763.96
268,268,debit_card,1,648.4
269,269,boleto,1,989.87
270,270,credit_card,1,894.52
271,271,debit_card,1,237.15
272,272,credit_card,1,6695.54
273,273,debit_card,1,4038.8
274,274,boleto,1,1938.6
275,275,boleto,1,538.56
276,276,credit_card,2,3420.43
277,277,boleto,1,3933.12
278,278,voucher,1,328.43
279,279,credit_card,2,4396.17
280,280,boleto,1,484.34
281,281,voucher,1,1369.31
282,282,credit_card,6,6858.0
283,283,debit_card,1,404.45
284,284,credit_card,1,124.25
285,285,credit_card,1,1237.27
286,286,debit_card,1,66.58
287,287,credit_card,1,98.2
288,288,debit_card,1,5359.15
289,289,debit_card,1,79.32
290,290,boleto,1,293.02
291,291,boleto,1,142.91
292,292,debit_card,1,1002.14
293,293,boleto,1,61.02
294,294,boleto,1,455.8
295,295,voucher,1,2702.81
296,296,credit_card,1,298.37
297,297,voucher,1,583.6
298,298,debit_card,1,9901.97
299,299,boleto,1,545.57
300,300,debit_card,1,46.2
301,301,debit_card,1,4518.1
302,302,debit_card,1,1588.67
303,303,voucher,1,924.98
304,304,boleto,1,226.91
305,305,voucher,1,240.86
306,306,voucher,1,82.94
307,307,boleto,1,2398.76
308,308,debit_card,1,1583.45
309,309,credit_card,2,4968.15
310,310,voucher,1,2314.74
311,311,boleto,1,3362.35
312,312,debit_card,1,113.01
313,313,debit_card,1,1866.14
314,314,debit_card,1,1372.75
315,315,voucher,1,1046.87
316,316,voucher,1,2174.58
317,317,voucher,1,963.17
318,318,debit_card,1,4379.09
319,319,voucher,1,116.31
320,320,debit_card,1,488.92
321,321,debit_card,1,1605.01
322,322,debit_card,1,76.48
323,323,boleto,1,848.5
324,324,credit_card,3,7604.21
325,325,voucher,1,108.82
326,326,voucher,1,867.9
327,327,voucher,1,699.0
328,328,voucher,1,4669.71
329,329,boleto,1,7408.41
330,330,voucher,1,73.56
331,331,credit_card,1,4923.34
332,332,debit_card,1,2117.77
333,333,voucher,1,1002.1
334,334,credit_card,3,3615.34
335,335,boleto,1,467.48
336,336,debit_card,1,370.97
337,337,debit_card,1,4954.05
338,338,boleto,1,458.46
339,339,boleto,1,287.35
340,340,credit_card,1,212.82
341,341,credit_card,10,639.72
342,342,debit_card,1,3074.08
343,343,credit_card,1,6045.76
344,344,debit_card,1,442.34
345,345,boleto,1,1540.84
346,346,voucher,1,742.09
347,347,boleto,1,144.87
348,348,credit_card,10,1567.97
349,349,boleto,1,50.21
350,350,credit_card,2,2008.94
351,351,credit_card,6,1942.2
352,352,credit_card,1,2806.09
353,353,boleto,1,9150.93
354,354,debit_card,1,4567.48
355,355,voucher,1,3284.56
356,356,debit_card,1,2276.17
357,357,voucher,1,1004.94
358,358,credit_card,3,1113.24
359,359,debit_card,1,264.1
360,360,boleto,1,381.12
361,361,voucher,1,688.81
362,362,debit_card,1,5565.04
363,363,credit_card,1,1133.77
364,364,debit_card,1,6142.94
365,365,credit_card,1,446.43
366,366,debit_card,1,908.77
367,367,voucher,1,468.98
368,368,voucher,1,262.46
369,369,voucher,1,1311.97
370,370,debit_card,1,552.69
371,371,voucher,1,278.96
372,372,credit_card,1,1076.77
373,373,debit_card,1,62.63
374,374,debit_card,1,222.31
375,375,credit_card,1,104.58
376,376,boleto,1,1466.23
377,377,debit_card,1,570.77
378,378,credit_card,1,1031.26
379,379,debit_card,1,318.2
380,380,boleto,1,887.72
381,381,debit_card,1,1471.12
382,382,voucher,1,70.92
383,383,credit_card,1,2059.63
384,384,boleto,1,2173.07
385,385,debit_card,1,4496.56
386,386,boleto,1,67.16
387,387,credit_card,3,1805.37
388,388,credit_card,2,351.97
389,389,debit_card,1,152.05
390,390,debit_card,1,1790.68
391,391,boleto,1,3148.8
392,392,debit_card,1,880.79
393,393,boleto,1,1578.89
394,394,credit_card,1,416.27
395,395,credit_card,1,2146.42
396,396,credit_card,1,116.99
397,397,boleto,1,2248.57
398,398,voucher,1,4388.2
399,399,credit_card,1,6847.6
400,400,boleto,1,915.97
401,401,credit_card,1,187.18
402,402,debit_card,1,525.36
403,403,voucher,1,1545.51
404,404,credit_card,1,1809.79
405,405,debit_card,1,3170.95
406,406,voucher,1,2608.84
407,407,boleto,1,929.07
408,408,credit_card,6,263.03
409,409,boleto,1,114.72
410,410,debit_card,1,621.74
411,411,boleto,1,949.44
412,412,boleto,1,3224.06
413,413,debit_card,1,1472.11
414,414,credit_card,1,4261.95
415,415,debit_card,1,2720.42
416,416,boleto,1,1003.42
417,417,voucher,1,313.73
418,418,debit_card,1,415.31
419,419,credit_card,1,171.75
420,420,voucher,1,1322.4
421,421,boleto,1,1460.69
422,422,debit_card,1,718.51
423,423,voucher,1,351.39
424,424,credit_card,1,469.31
425,425,credit_card,6,1420.35
426,426,voucher,1,918.19
427,427,voucher,1,333.74
428,428,voucher,1,458.13
429,429,debit_card,1,2184.47
430,430,debit_card,1,2220.79
431,431,voucher,1,4665.56
432,432,voucher,1,1054.06
433,433,credit_card,1,1038.09
434,434,credit_card,1,608.03
435,435,debit_card,1,1349.35
436,436,boleto,1,635.99
437,437,debit_card,1,1157.85
438,438,voucher,1,15031.38
439,439,credit_card,3,662.31
440,440,debit_card,1,148.16
441,441,voucher,1,4255.11
442,442,boleto,1,636.04
443,443,voucher,1,709.54
444,444,voucher,1,1448.43
445,445,credit_card,2,465.73
446,446,boleto,1,3358.12
447,447,debit_card,1,1817.97
448,448,boleto,1,321.16
449,449,debit_card,1,922.51
450,450,debit_card,1,5440.63
451,451,boleto,1,7298.55
452,452,boleto,1,3547.02
453,453,credit_card,1,751.47
454,454,boleto,1,93.46
455,455,debit_card,1,297.89
456,456,credit_card,2,1855.94
457,457,debit_card,1,71.87
458,458,voucher,1,6668.04
459,459,voucher,1,533.43
460,460,voucher,1,886.44
461,461,debit_card,1,115.02
462,462,debit_card,1,295.23
463,463,debit_card,1,308.46
464,464,credit_card,1,292.26
465,465,debit_card,1,3901.43
466,466,debit_card,1,2200.68
467,467,boleto,1,4421.95
468,468,debit_card,1,6842.01
469,469,voucher,1,539.42
470,470,debit_card,1,945.74
471,471,debit_card,1,4273.11
472,472,credit_card,2,2628.85
473,473,boleto,1,1766.56
474,474,debit_card,1,3080.76
475,475,credit_card,2,10141.08
476,476,boleto,1,124.56
477,477,debit_card,1,1203.28
478,478,debit_card,1,5261.41
479,479,debit_card,1,1511.97
480,480,boleto,1,456.5
481,481,voucher,1,96.16
482,482,credit_card,1,2759.18
483,483,voucher,1,5604.85
484,484,boleto,1,1276.73
485,485,boleto,1,344.17
486,486,debit_card,1,34.68
487,487,boleto,1,844.79
488,488,voucher,1,2160.75
489,489,credit_card,10,2842.6
490,490,debit_card,1,1448.23
491,491,boleto,1,51.61
492,492,boleto,1,1578.43
493,493,debit_card,1,3147.08
494,494,voucher,1,2444.61
495,495,voucher,1,288.92
496,496,credit_card,1,6025.31
497,497,voucher,1,2730.6
498,498,voucher,1,251.91
499,499,voucher,1,259.54
500,500,voucher,1,177.34
501,501,debit_card,1,1868.33
502,502,credit_card,4,1266.23
503,503,debit_card,1,1592.34
504,504,debit_card,1,1425.78
505,505,credit_card,1,2112.48
506,506,voucher,1,142.99
507,507,boleto,1,484.49
508,508,voucher,1,3998.2
509,509,boleto,1,596.48
510,510,credit_card,3,727.61
511,511,boleto,1,1214.26
512,512,credit_card,1,2763.43
513,513,voucher,1,2693.23
514,514,debit_card,1,4475.9
515,515,voucher,1,341.72
516,516,debit_card,1,1917.11
517,517,boleto,1,3041.82
518,518,debit_card,1,8336.09
519,519,credit_card,1,1963.7
520,520,voucher,1,745.19
521,521,voucher,1,12282.47
522,522,credit_card,3,689.85
523,523,voucher,1,314.63
524,524,debit_card,1,895.37
525,525,voucher,1,188.06
526,526,debit_card,1,965.68
527,527,debit_card,1,444.2
528,528,boleto,1,6388.32
529,529,boleto,1,768.86
530,530,boleto,1,858.28
531,531,credit_card,1,1834.57
532,532,voucher,1,533.03
533,533,debit_card,1,1248.25
534,534,credit_card,6,722.86
535,535,boleto,1,1639.87
536,536,credit_card,1,1059.12
537,537,debit_card,1,2587.86
538,538,credit_card,6,4608.36
539,539,debit_card,1,1587.76
540,540,debit_card,1,4139.55
541,541,voucher,1,644.94
542,542,credit_card,2,307.47
543,543,voucher,1,5502.26
544,544,voucher,1,2536.09
545,545,debit_card,1,3220.92
546,546,credit_card,3,6828.61
547,547,credit_card,1,310.93
548,548,debit_card,1,1524.38
549,549,credit_card,1,1185.83
550,550,boleto,1,497.09
551,551,debit_card,1,9496.53
552,552,voucher,1,3575.51
553,553,boleto,1,5639.66
554,554,voucher,1,2110.77
555,555,credit_card,1,1615.42
556,556,debit_card,1,6650.07
557,557,voucher,1,592.88
558,558,voucher,1,110.63
559,559,boleto,1,1875.72
560,560,boleto,1,125.85
561,561,boleto,1,3316.53
562,562,credit_card,1,5197.13
563,563,boleto,1,4664.24
564,564,boleto,1,355.03
565,565,credit_card,2,404.36
566,566,boleto,1,7866.0
567,567,credit_card,1,3082.56
568,568,credit_card,1,569.2
569,569,boleto,1,1256.51
570,570,voucher,1,3233.24
571,571,boleto,1,2174.03
572,572,debit_card,1,5203.34
573,573,debit_card,1,57.59
574,574,boleto,1,3417.35
575,575,debit_card,1,148.59
576,576,voucher,1,1297.52
577,577,credit_card,10,5340.0
578,578,debit_card,1,488.86
579,579,voucher,1,2393.18
580,580,credit_card,2,1792.17
581,581,boleto,1,543.48
582,582,debit_card,1,265.72
583,583,credit_card,6,1029.99
584,584,voucher,1,3003.38
585,585,debit_card,1,563.28
586,586,voucher,1,2557.38
587,587,credit_card,6,753.28
588,588,credit_card,1,985.36
589,589,voucher,1,803.38
590,590,voucher,1,4644.45
591,591,debit_card,1,1041.23
592,592,credit_card,1,5690.86
593,593,voucher,1,72.83
594,594,debit_card,1,2572.86
595,595,credit_card,1,385.64
596,596,credit_card,2,2178.22
597,597,voucher,1,165.67
598,598,debit_card,1,531.9
599,599,boleto,1,1763.8
600,600,debit_card,1,3050.63
601,601,credit_card,1,2941.61
602,602,credit_card,1,1216.15
603,603,credit_card,1,529.44
604,604,credit_card,1,6792.06
605,605,credit_card,2,257.6
606,606,credit_card,1,101.52
607,607,credit_card,1,3246.58
608,608,debit_card,1,415.62
609,609,credit_card,10,7207.89
610,610,boleto,1,1273.62
611,611,voucher,1,1039.88
612,612,boleto,1,3532.38
613,613,voucher,1,9092.53
614,614,boleto,1,3046.05
615,615,debit_card,1,351.27
616,616,boleto,1,3252.39
617,617,boleto,1,3719.76
618,618,boleto,1,418.13
619,619,voucher,1,4779.4
620,620,voucher,1,90.45
621,621,boleto,1,1751.87
622,622,credit_card,1,886.87
623,623,credit_card,1,264.55
624,624,debit_card,1,11767.74
625,625,debit_card,1,759.13
626,626,debit_card,1,5035.24
627,627,debit_card,1,1078.98
628,628,voucher,1,338.85
629,629,boleto,1,1563.2
630,630,credit_card,3,1739.34
631,631,voucher,1,2551.49
632,632,voucher,1,518.65
633,633,credit_card,1,764.62
634,634,boleto,1,301.35
635,635,credit_card,2,2914.09
636,636,voucher,1,2028.9
637,637,credit_card,1,227.47
638,638,credit_card,1,130.06
639,639,voucher,1,909.16
640,640,credit_card,4,299.66
641,641,credit_card,1,231.6
642,642,voucher,1,3113.88
643,643,debit_card,1,553.8
644,644,voucher,1,302.09
645,645,boleto,1,543.26
646,646,credit_card,1,480.06
647,647,credit_card,1,323.02
648,648,boleto,1,1752.79
649,649,voucher,1,4107.05
650,650,debit_card,1,5806.0
651,651,credit_card,1,1338.46
652,652,voucher,1,298.16
653,653,debit_card,1,1686.79
654,654,credit_card,6,306.34
655,655,boleto,1,796.91
656,656,voucher,1,2608.31
657,657,credit_card,1,1022.01
658,658,debit_card,1,2957.14
659,659,credit_card,4,5568.17
660,660,debit_card,1,146.25
661,661,boleto,1,4605.59
662,662,boleto,1,1720.8
663,663,boleto,1,1722.88
664,664,credit_card,2,526.62
665,665,credit_card,10,245.23
666,666,voucher,1,1390.85
667,667,boleto,1,299.82
668,668,boleto,1,307.69
669,669,debit_card,1,281.84
670,670,boleto,1,56.48
671,671,boleto,1,651.11
672,672,credit_card,10,2346.65
673,673,credit_card,1,2962.1
674,674,debit_card,1,387.02
675,675,debit_card,1,443.31
676,676,boleto,1,7671.26
677,677,voucher,1,2126.11
678,678,debit_card,1,120.06
679,679,voucher,1,1101.43
680,680,debit_card,1,88.4
681,681,debit_card,1,3890.77
682,682,boleto,1,2524.47
683,683,boleto,1,6234.79
684,684,debit_card,1,785.04
685,685,boleto,1,56.78
686,686,boleto,1,1466.57
687,687,credit_card,4,244.37
688,688,voucher,1,4429.36
689,689,debit_card,1,2924.31
690,690,debit_card,1,182.37
691,691,debit_card,1,2613.33
692,692,voucher,1,85.42
693,693,voucher,1,148.15
694,694,voucher,1,654.15
695,695,boleto,1,253.72
696,696,boleto,1,588.68
697,697,voucher,1,226.84
698,698,debit_card,1,2025.71
699,699,voucher,1,986.19
700,700,boleto,1,2332.11
701,701,voucher,1,302.12
702,702,voucher,1,1018.71
703,703,credit_card,3,513.88
704,704,boleto,1,201.45
705,705,credit_card,3,4048.32
706,706,debit_card,1,2507.58
707,707,credit_card,6,3900.01
708,708,boleto,1,15273.04
709,709,debit_card,1,118.18
710,710,boleto,1,6020.26
711,711,voucher,1,369.46
712,712,boleto,1,443.37
713,713,debit_card,1,890.5
714,714,voucher,1,2553.72
715,715,boleto,1,2406.02
716,716,credit_card,1,553.88
717,717,voucher,1,1980.13
718,718,voucher,1,414.13
719,719,voucher,1,6368.66
720,720,debit_card,1,3923.8
721,721,boleto,1,643.1
722,722,boleto,1,53.47
723,723,boleto,1,2884.31
724,724,boleto,1,447.3
725,725,voucher,1,254.16
726,726,voucher,1,1875.44
727,727,voucher,1,43.32
728,728,boleto,1,79.15
729,729,credit_card,1,207.24
730,730,credit_card,10,863.91
731,731,debit_card,1,1156.82
732,732,boleto,1,2122.02
733,733,debit_card,1,2634.34
734,734,voucher,1,3001.54
735,735,voucher,1,275.32
736,736,credit_card,10,242.51
737,737,voucher,1,557.72
738,738,credit_card,10,2179.68
739,739,voucher,1,3752.43
740,740,debit_card,1,81.03
741,741,credit_card,1,2118.74
742,742,credit_card,1,323.11
743,743,credit_card,1,1185.06
744,744,credit_card,1,974.48
745,745,credit_card,4,2026.05
746,746,debit_card,1,1457.13
747,747,voucher,1,3056.7
748,748,credit_card,10,743.18
749,749,boleto,1,165.54
750,750,voucher,1,1078.9
751,751,debit_card,1,3893.8
752,752,boleto,1,660.57
753,753,voucher,1,1001.75
754,754,credit_card,1,129.4
755,755,boleto,1,803.26
756,756,credit_card,1,5125.62
757,757,debit_card,1,2627.99
758,758,credit_card,1,854.83
759,759,debit_card,1,682.62
760,760,voucher,1,153.37
761,761,voucher,1,713.7
762,762,boleto,1,2775.35
763,763,boleto,1,6953.08
764,764,credit_card,1,170.26
765,765,credit_card,1,1496.49
766,766,boleto,1,2932.89
767,767,credit_card,4,2401.65
768,768,debit_card,1,509.85
769,769,credit_card,1,371.37
770,770,boleto,1,440.28
771,771,credit_card,3,2822.68
772,772,credit_card,4,756.78
773,773,boleto,1,125.79
774,774,credit_card,6,1000.21
775,775,boleto,1,1004.44
776,776,credit_card,1,597.41
777,777,credit_card,1,145.95
778,778,credit_card,1,1195.2
779,779,credit_card,1,2311.88
780,780,debit_card,1,785.07
781,781,voucher,1,1640.59
782,782,credit_card,4,5354.46
783,783,boleto,1,3036.5
784,784,voucher,1,1552.61
785,785,boleto,1,687.94
786,786,voucher,1,1127.57
787,787,credit_card,1,1502.29
788,788,boleto,1,198.41
789,789,debit_card,1,2412.36
790,790,credit_card,3,341.1
791,791,boleto,1,3086.82
792,792,voucher,1,2320.94
793,793,boleto,1,3130.67
794,794,boleto,1,1528.97
795,795,credit_card,1,276.45
796,796,credit_card,1,120.87
797,797,credit_card,1,2483.17
798,798,boleto,1,416.59
799,799,credit_card,1,1208.51
800,800,debit_card,1,1230.69
801,801,boleto,1,4466.48
802,802,boleto,1,1849.13
803,803,credit_card,1,1598.56
804,804,debit_card,1,4174.76
805,805,voucher,1,1809.35
806,806,credit_card,1,186.57
807,807,debit_card,1,606.36
808,808,boleto,1,194.28
809,809,boleto,1,62.7
810,810,credit_card,10,865.78
811,811,voucher,1,349.25
812,812,debit_card,1,1985.69
813,813,debit_card,1,1597.88
814,814,credit_card,1,133.65
815,815,voucher,1,215.06
816,816,credit_card,1,2761.53
817,817,boleto,1,3132.48
818,818,debit_card,1,370.75
819,819,credit_card,1,1460.9
820,820,voucher,1,2473.73
821,821,voucher,1,1321.81
822,822,voucher,1,113.49
823,823,debit_card,1,1129.33
824,824,credit_card,1,1681.24
825,825,boleto,1,283.66
826,826,boleto,1,2140.22
827,827,voucher,1,4827.49
828,828,voucher,1,192.0
829,829,debit_card,1,2700.63
830,830,debit_card,1,1126.98
831,831,boleto,1,169.43
832,832,boleto,1,155.05
833,833,debit_card,1,1825.42
834,834,boleto,1,1023.77
835,835,voucher,1,506.04
836,836,voucher,1,3192.41
837,837,boleto,1,1991.98
838,838,debit_card,1,1679.56
839,839,debit_card,1,329.27
840,840,boleto,1,2157.58
841,841,debit_card,1,3826.26
842,842,debit_card,1,206.74
843,843,debit_card,1,5686.15
844,844,voucher,1,163.1
845,845,boleto,1,1611.98
846,846,voucher,1,1278.12
847,847,boleto,1,896.58
848,848,voucher,1,978.47
849,849,debit_card,1,8593.32
850,850,boleto,1,255.32
851,851,debit_card,1,2505.71
852,852,boleto,1,792.03
853,853,boleto,1,5123.37
854,854,boleto,1,467.31
855,855,voucher,1,2830.31
856,856,boleto,1,158.35
857,857,voucher,1,2254.45
858,858,credit_card,1,49.76
859,859,debit_card,1,593.72
860,860,credit_card,4,13825.92
861,861,voucher,1,133.39
862,862,voucher,1,172.68
863,863,debit_card,1,425.03
864,864,credit_card,1,3416.28
865,865,voucher,1,3357.9
866,866,boleto,1,1582.38
867,867,credit_card,1,1131.34
868,868,credit_card,1,4156.33
869,869,boleto,1,234.2
870,870,boleto,1,106.82
871,871,boleto,1,263.74
872,872,debit_card,1,842.45
873,873,debit_card,1,534.21
874,874,debit_card,1,88.79
875,875,voucher,1,5965.8
876,876,debit_card,1,1475.64
877,877,debit_card,1,102.76
878,878,voucher,1,478.4
879,879,boleto,1,962.97
880,880,voucher,1,2181.87
881,881,credit_card,4,2260.62
882,882,voucher,1,395.21
883,883,voucher,1,620.9
884,884,credit_card,6,3490.16
885,885,boleto,1,292.43
886,886,voucher,1,3173.99
887,887,boleto,1,3700.84
888,888,boleto,1,1275.39
889,889,voucher,1,693.96
890,890,boleto,1,4394.31
891,891,boleto,1,1901.69
892,892,voucher,1,407.14
893,893,debit_card,1,235.17
894,894,boleto,1,1510.64
895,895,debit_card,1,1255.02
896,896,boleto,1,1243.62
897,897,voucher,1,468.54
898,898,voucher,1,99.2
899,899,boleto,1,1139.39
900,900,credit_card,2,352.54
901,901,boleto,1,218.52
902,902,boleto,1,129.37
903,903,voucher,1,247.44
904,904,voucher,1,4227.29
905,905,credit_card,10,248.7
906,906,boleto,1,384.22
907,907,voucher,1,1083.2
908,908,debit_card,1,730.68
909,909,credit_card,4,404.5
910,910,boleto,1,1321.81
911,911,boleto,1,856.88
912,912,credit_card,1,61.87
913,913,voucher,1,2740.08
914,914,credit_card,1,159.36
915,915,credit_card,6,766.87
916,916,credit_card,1,3323.88
917,917,voucher,1,69.83
918,918,voucher,1,2267.14
919,919,voucher,1,1909.56
920,920,credit_card,1,5867.45
921,921,boleto,1,731.78
922,922,debit_card,1,627.27
923,923,credit_card,1,420.38
924,924,debit_card,1,742.6
925,925,debit_card,1,720.42
926,926,credit_card,1,7671.1
927,927,debit_card,1,673.26
928,928,voucher,1,1818.85
929,929,boleto,1,4268.74
930,930,voucher,1,887.5
931,931,credit_card,4,904.16
932,932,boleto,1,2591.75
933,933,debit_card,1,5487.83
934,934,voucher,1,6162.67
935,935,voucher,1,1710.51
936,936,credit_card,1,1202.15
937,937,debit_card,1,815.91
938,938,voucher,1,1538.73
939,939,debit_card,1,1761.75
940,940,credit_card,1,426.02
941,941,boleto,1,2195.51
942,942,debit_card,1,1469.9
943,943,voucher,1,1123.68
944,944,credit_card,1,2083.0
945,945,credit_card,1,411.45
946,946,debit_card,1,170.68
947,947,credit_card,1,2024.89
948,948,boleto,1,80.2
949,949,boleto,1,317.71
950,950,boleto,1,6226.56
951,951,voucher,1,1616.77
952,952,debit_card,1,294.06
953,953,voucher,1,138.36
954,954,debit_card,1,4341.92
955,955,voucher,1,666.26
956,956,credit_card,3,5335.01
957,957,voucher,1,4005.6
958,958,debit_card,1,447.78
959,959,voucher,1,3988.59
960,960,debit_card,1,4549.81
961,961,debit_card,1,7338.38
962,962,debit_card,1,5615.21
963,963,credit_card,4,4007.19
964,964,debit_card,1,1172.48
965,965,debit_card,1,207.19
966,966,voucher,1,5812.27
967,967,credit_card,6,7728.08
968,968,credit_card,1,6253.8
969,969,voucher,1,3159.75
970,970,voucher,1,1133.78
971,971,boleto,1,4833.38
972,972,voucher,1,4149.76
973,973,debit_card,1,108.47
974,974,voucher,1,560.81
975,975,credit_card,1,218.56
976,976,voucher,1,200.7
977,977,debit_card,1,402.29
978,978,boleto,1,232.67
979,979,voucher,1,3375.96
980,980,boleto,1,1598.14
981,981,boleto,1,1975.62
982,982,voucher,1,410.79
983,983,boleto,1,315.79
984,984,voucher,1,1288.03
985,985,debit_card,1,2149.43
986,986,debit_card,1,526.96
987,987,voucher,1,418.89
988,988,debit_card,1,714.69
989,989,debit_card,1,52.38
990,990,boleto,1,1697.3
991,991,voucher,1,214.01
992,992,credit_card,3,3860.42
993,993,credit_card,1,1917.11
994,994,voucher,1,301.28
995,995,credit_card,1,2421.87
996,996,boleto,1,321.95
997,997,voucher,1,368.41
998,998,credit_card,6,1641.94
999,999,boleto,1,454.5
1000,1000,debit_card,1,659.96
1001,1001,boleto,1,272.12
1002,1002,debit_card,1,653.71
1003,1003,debit_card,1,218.38
1004,1004,voucher,1,108.95
1005,1005,credit_card,1,2274.54
1006,1006,boleto,1,2528.09
1007,1007,debit_card,1,2901.49
1008,1008,debit_card,1,458.09
1009,1009,boleto,1,2910.44
1010,1010,debit_card,1,1888.68
1011,1011,boleto,1,331.42
1012,1012,voucher,1,882.12
1013,1013,voucher,1,5226.43
1014,1014,debit_card,1,8221.8
1015,1015,boleto,1,5427.81
1016,1016,credit_card,1,273.43
1017,1017,boleto,1,979.28
1018,1018,boleto,1,344.84
1019,1019,boleto,1,1635.33
1020,1020,debit_card,1,3874.02
1021,1021,boleto,1,1634.62
1022,1022,debit_card,1,942.09
1023,1023,boleto,1,1489.96
1024,1024,boleto,1,392.88
1025,1025,debit_card,1,1148.99
1026,1026,voucher,1,728.43
1027,1027,voucher,1,4038.89
1028,1028,debit_card,1,4706.23
1029,1029,debit_card,1,391.07
1030,1030,voucher,1,85.63
1031,1031,boleto,1,1064.74
1032,1032,credit_card,2,465.84
1033,1033,debit_card,1,103.31
1034,1034,debit_card,1,370.83
1035,1035,credit_card,1,5542.18
1036,1036,credit_card,3,4807.9
1037,1037,voucher,1,3428.84
1038,1038,debit_card,1,3820.44
1039,1039,credit_card,1,5419.97
1040,1040,credit_card,1,47.42
1041,1041,credit_card,1,294.03
1042,1042,voucher,1,1252.27
1043,1043,boleto,1,5069.58
1044,1044,credit_card,3,5063.2
1045,1045,boleto,1,997.82
1046,1046,debit_card,1,2835.21
1047,1047,voucher,1,2215.77
1048,1048,voucher,1,351.08
1049,1049,debit_card,1,843.75
1050,1050,boleto,1,201.65
1051,1051,credit_card,1,1518.31
1052,1052,voucher,1,2038.47
1053,1053,credit_card,1,4827.56
1054,1054,debit_card,1,153.89
1055,1055,credit_card,1,126.81
1056,1056,voucher,1,99.33
1057,1057,credit_card,3,836.55
1058,1058,voucher,1,521.07
1059,1059,credit_card,4,1880.25
1060,1060,debit_card,1,211.18
1061,1061,voucher,1,151.17
1062,1062,boleto,1,1835.08
1063,1063,voucher,1,694.02
1064,1064,credit_card,10,2008.78
1065,1065,debit_card,1,121.97
1066,1066,voucher,1,1962.59
1067,1067,credit_card,1,173.25
1068,1068,boleto,1,1830.83
1069,1069,voucher,1,504.14
1070,1070,voucher,1,1427.28
1071,1071,boleto,1,549.22
1072,1072,boleto,1,3616.13
1073,1073,voucher,1,2203.2
1074,1074,credit_card,1,371.83
1075,1075,debit_card,1,5338.54
1076,1076,credit_card,6,2756.45
1077,1077,debit_card,1,1017.7
1078,1078,boleto,1,4354.95
1079,1079,boleto,1,2583.87
1080,1080,voucher,1,2483.73
1081,1081,boleto,1,1254.8
1082,1082,voucher,1,2379.13
1083,1083,credit_card,1,124.99
1084,1084,credit_card,1,403.53
1085,1085,debit_card,1,194.25
1086,1086,boleto,1,156.19
1087,1087,boleto,1,2117.6
1088,1088,debit_card,1,159.05
1089,1089,voucher,1,2278.88
1090,1090,credit_card,1,2451.64
1091,1091,credit_card,4,914.74
1092,1092,boleto,1,1493.83
1093,1093,voucher,1,1107.51
1094,1094,voucher,1,16203.39
1095,1095,credit_card,1,2004.99
1096,1096,voucher,1,7167.63
1097,1097,debit_card,1,3327.22
1098,1098,boleto,1,1841.74
1099,1099,debit_card,1,635.06
1100,1100,voucher,1,553.9
1101,1101,credit_card,1,261.19
1102,1102,boleto,1,5597.06
1103,1103,debit_card,1,2725.08
1104,1104,voucher,1,1547.47
1105,1105,debit_card,1,3025.59
1106,1106,debit_card,1,8324.05
1107,1107,boleto,1,6172.61
1108,1108,boleto,1,1425.45
1109,1109,credit_card,1,173.76
1110,1110,credit_card,6,628.39
1111,1111,credit_card,1,253.52
1112,1112,boleto,1,658.99
1113,1113,credit_card,6,2884.97
1114,1114,boleto,1,3933.58
1115,1115,boleto,1,1192.41
1116,1116,boleto,1,225.18
1117,1117,debit_card,1,4090.87
1118,1118,credit_card,1,2323.12
1119,1119,voucher,1,1647.59
1120,1120,voucher,1,216.62
1121,1121,voucher,1,71.52
1122,1122,boleto,1,377.22
1123,1123,credit_card,1,3379.89
1124,1124,boleto,1,3362.03
1125,1125,debit_card,1,2975.14
1126,1126,credit_card,10,389.51
1127,1127,boleto,1,3373.94
1128,1128,boleto,1,224.97
1129,1129,voucher,1,1994.73
1130,1130,credit_card,1,537.31
1131,1131,debit_card,1,219.18
1132,1132,credit_card,1,209.1
1133,1133,debit_card,1,1023.56
1134,1134,boleto,1,4282.97
1135,1135,boleto,1,5335.49
1136,1136,voucher,1,2398.63
1137,1137,credit_card,1,177.65
1138,1138,boleto,1,1012.54
1139,1139,voucher,1,1468.6
1140,1140,debit_card,1,1889.31
1141,1141,voucher,1,6839.09
1142,1142,boleto,1,931.51
1143,1143,debit_card,1,1889.61
1144,1144,debit_card,1,1545.85
1145,1145,voucher,1,2210.7
1146,1146,debit_card,1,790.7
1147,1147,credit_card,4,386.63
1148,1148,voucher,1,3366.39
1149,1149,debit_card,1,249.45
1150,1150,boleto,1,8014.54
1151,1151,boleto,1,2324.38
1152,1152,voucher,1,1260.82
1153,1153,voucher,1,504.87
1154,1154,debit_card,1,588.77
1155,1155,boleto,1,2588.32
1156,1156,voucher,1,5933.57
1157,1157,boleto,1,981.6
1158,1158,credit_card,1,1855.79
1159,1159,voucher,1,1906.28
1160,1160,boleto,1,392.27
1161,1161,boleto,1,113.21
1162,1162,credit_card,1,128.97
1163,1163,credit_card,1,204.79
1164,1164,voucher,1,6739.99
1165,1165,voucher,1,1134.73
1166,1166,debit_card,1,181.83
1167,1167,debit_card,1,140.32
1168,1168,debit_card,1,1653.83
1169,1169,boleto,1,3250.13
1170,1170,debit_card,1,1153.06
1171,1171,voucher,1,735.4
1172,1172,credit_card,6,1496.68
1173,1173,debit_card,1,48.51
1174,1174,debit_card,1,205.91
1175,1175,voucher,1,204.64
1176,1176,credit_card,4,1610.36
1177,1177,debit_card,1,3084.28
1178,1178,credit_card,10,4265.96
1179,1179,credit_card,4,1882.23
1180,1180,voucher,1,1214.06
1181,1181,voucher,1,350.2
1182,1182,credit_card,4,407.44
1183,1183,debit_card,1,5915.23
1184,1184,voucher,1,3924.69
1185,1185,debit_card,1,1842.34
1186,1186,voucher,1,933.77
1187,1187,credit_card,2,3212.56
1188,1188,boleto,1,5107.33
1189,1189,voucher,1,4271.76
1190,1190,voucher,1,7354.6
1191,1191,voucher,1,2413.85
1192,1192,voucher,1,637.11
1193,1193,debit_card,1,7886.16
1194,1194,voucher,1,4246.11
1195,1195,credit_card,1,156.72
1196,1196,credit_card,3,1208.67
1197,1197,credit_card,3,2009.09
1198,1198,credit_card,6,1200.44
1199,1199,debit_card,1,3220.85
1200,1200,boleto,1,4319.22
1201,1201,credit_card,4,329.44
1202,1202,voucher,1,5048.64
1203,1203,debit_card,1,3205.82
1204,1204,voucher,1,370.37
1205,1205,boleto,1,6119.42
1206,1206,voucher,1,858.87
1207,1207,voucher,1,1096.31
1208,1208,boleto,1,4193.55
1209,1209,voucher,1,4521.37
1210,1210,debit_card,1,2140.98
1211,1211,credit_card,1,982.47
1212,1212,debit_card,1,4569.84
1213,1213,boleto,1,5930.55
1214,1214,credit_card,4,1056.8
1215,1215,boleto,1,12518.11
1216,1216,debit_card,1,1039.27
1217,1217,boleto,1,671.88
1218,1218,debit_card,1,273.9
1219,1219,boleto,1,555.07
1220,1220,boleto,1,9481.08
1221,1221,credit_card,6,617.19
1222,1222,debit_card,1,158.8
1223,1223,voucher,1,5170.78
1224,1224,boleto,1,3361.54
1225,1225,voucher,1,232.75
1226,1226,debit_card,1,1476.8
1227,1227,voucher,1,245.66
1228,1228,credit_card,1,4393.22
1229,1229,credit_card,1,7939.94
1230,1230,debit_card,1,1663.12
1231,1231,boleto,1,229.77
1232,1232,voucher,1,2950.36
1233,1233,voucher,1,3268.01
1234,1234,voucher,1,1294.21
1235,1235,credit_card,1,1885.43
1236,1236,credit_card,4,1910.85
1237,1237,credit_card,1,610.94
1238,1238,credit_card,10,373.59
1239,1239,voucher,1,3067.28
1240,1240,boleto,1,172.28
1241,1241,credit_card,1,171.3
1242,1242,debit_card,1,1890.6
1243,1243,debit_card,1,1782.98
1244,1244,credit_card,1,1393.24
1245,1245,debit_card,1,848.24
1246,1246,credit_card,1,5528.93
1247,1247,debit_card,1,1194.87
1248,1248,boleto,1,1831.9
1249,1249,voucher,1,3695.77
1250,1250,credit_card,1,253.26
1251,1251,voucher,1,832.36
1252,1252,voucher,1,1409.66
1253,1253,voucher,1,710.67
1254,1254,boleto,1,888.05
1255,1255,debit_card,1,3720.7
1256,1256,debit_card,1,1794.08
1257,1257,credit_card,2,1668.62
1258,1258,voucher,1,378.97
1259,1259,boleto,1,5762.09
1260,1260,voucher,1,6890.49
1261,1261,debit_card,1,1120.23
1262,1262,debit_card,1,1462.16
1263,1263,boleto,1,10794.6
1264,1264,debit_card,1,310.39
1265,1265,debit_card,1,596.92
1266,1266,credit_card,3,2029.94
1267,1267,credit_card,1,162.31
1268,1268,voucher,1,270.13
1269,1269,credit_card,1,3179.32
1270,1270,boleto,1,700.27
1271,1271,credit_card,1,129.15
1272,1272,voucher,1,1681.83
1273,1273,credit_card,10,2002.52
1274,1274,voucher,1,187.35
1275,1275,debit_card,1,2819.5
1276,1276,credit_card,1,232.89
1277,1277,voucher,1,986.31
1278,1278,voucher,1,1274.93
1279,1279,debit_card,1,714.67
1280,1280,voucher,1,1673.15
1281,1281,debit_card,1,78.79
1282,1282,credit_card,1,1164.08
1283,1283,boleto,1,3525.67
1284,1284,voucher,1,507.52
1285,1285,credit_card,1,2101.17
1286,1286,credit_card,1,1981.35
1287,1287,boleto,1,1092.93
1288,1288,voucher,1,2599.01
1289,1289,debit_card,1,443.94
1290,1290,voucher,1,1292.23
1291,1291,credit_card,1,240.19
1292,1292,debit_card,1,502.48
1293,1293,credit_card,4,3598.26
1294,1294,credit_card,1,4296.67
1295,1295,voucher,1,794.19
1296,1296,debit_card,1,5039.57
1297,1297,voucher,1,940.28
1298,1298,voucher,1,383.14
1299,1299,credit_card,6,298.4
1300,1300,credit_card,6,4602.79
1301,1301,credit_card,4,1181.65
1302,1302,debit_card,1,265.68
1303,1303,debit_card,1,3705.46
1304,1304,credit_card,10,1342.26
1305,1305,credit_card,10,2474.56
1306,1306,voucher,1,751.94
1307,1307,debit_card,1,183.44
1308,1308,credit_card,1,541.56
1309,1309,debit_card,1,1246.55
1310,1310,debit_card,1,477.65
1311,1311,boleto,1,5819.61
1312,1312,voucher,1,2046.13
1313,1313,boleto,1,640.99
1314,1314,debit_card,1,342.33
1315,1315,debit_card,1,479.4
1316,1316,voucher,1,453.34
1317,1317,voucher,1,1442.23
1318,1318,debit_card,1,4072.99
1319,1319,boleto,1,1765.85
1320,1320,voucher,1,1749.79
1321,1321,debit_card,1,4034.44
1322,1322,debit_card,1,942.55
1323,1323,boleto,1,659.21
1324,1324,boleto,1,2783.71
1325,1325,boleto,1,1204.15
1326,1326,voucher,1,154.12
1327,1327,boleto,1,3238.8
1328,1328,voucher,1,4502.9
1329,1329,credit_card,1,3245.98
1330,1330,boleto,1,3729.3
1331,1331,credit_card,1,587.07
1332,1332,boleto,1,9294.83
1333,1333,voucher,1,329.01
1334,1334,boleto,1,385.69
1335,1335,credit_card,3,1925.59
1336,1336,boleto,1,2694.08
1337,1337,boleto,1,4839.91
1338,1338,credit_card,1,106.13
1339,1339,debit_card,1,369.56
1340,1340,voucher,1,2884.94
1341,1341,debit_card,1,238.62
1342,1342,voucher,1,1595.13
1343,1343,boleto,1,5443.41
1344,1344,credit_card,1,4140.39
1345,1345,debit_card,1,508.9
1346,1346,voucher,1,828.49
1347,1347,credit_card,10,1997.13
1348,1348,credit_card,10,482.82
1349,1349,debit_card,1,4731.88
1350,1350,credit_card,2,221.43
1351,1351,voucher,1,83.11
1352,1352,boleto,1,3216.44
1353,1353,boleto,1,189.26
1354,1354,credit_card,1,366.89
1355,1355,boleto,1,3200.01
1356,1356,voucher,1,193.83
1357,1357,credit_card,4,979.45
1358,1358,credit_card,1,3415.85
1359,1359,credit_card,4,4689.15
1360,1360,boleto,1,2632.31
1361,1361,voucher,1,765.63
1362,1362,boleto,1,277.52
1363,1363,voucher,1,2612.02
1364,1364,voucher,1,2938.8
1365,1365,voucher,1,256.67
1366,1366,debit_card,1,314.31
1367,1367,credit_card,1,12478.78
1368,1368,debit_card,1,44.72
1369,1369,credit_card,10,5718.12
1370,1370,credit_card,1,162.32
1371,1371,boleto,1,1521.0
1372,1372,credit_card,6,5767.58
1373,1373,voucher,1,5573.96
1374,1374,debit_card,1,1945.74
1375,1375,credit_card,10,3256.64
1376,1376,debit_card,1,14936.91
1377,1377,boleto,1,572.49
1378,1378,debit_card,1,787.08
1379,1379,boleto,1,526.28
1380,1380,debit_card,1,491.2
1381,1381,credit_card,10,3327.07
1382,1382,boleto,1,697.88
1383,1383,voucher,1,2206.99
1384,1384,voucher,1,2514.9
1385,1385,credit_card,2,518.83
1386,1386,credit_card,1,139.46
1387,1387,boleto,1,574.31
1388,1388,voucher,1,1444.21
1389,1389,boleto,1,1763.26
1390,1390,debit_card,1,402.7
1391,1391,credit_card,1,2688.4
1392,1392,credit_card,1,672.64
1393,1393,credit_card,1,2481.0
1394,1394,debit_card,1,1245.77
1395,1395,credit_card,1,5246.73
1396,1396,credit_card,1,1006.84
1397,1397,boleto,1,202.17
1398,1398,debit_card,1,3517.58
1399,1399,debit_card,1,135.71
1400,1400,credit_card,1,153.87
1401,1401,voucher,1,520.34
1402,1402,voucher,1,644.38
1403,1403,debit_card,1,1673.4
1404,1404,voucher,1,143.7
1405,1405,debit_card,1,1935.35
1406,1406,debit_card,1,607.64
1407,1407,boleto,1,2020.64
1408,1408,boleto,1,7121.82
1409,1409,voucher,1,504.32
1410,1410,boleto,1,2712.33
1411,1411,credit_card,6,3275.32
1412,1412,voucher,1,76.34
1413,1413,credit_card,2,6982.68
1414,1414,credit_card,4,1091.92
1415,1415,boleto,1,2740.52
1416,1416,boleto,1,1088.37
1417,1417,debit_card,1,1615.33
1418,1418,voucher,1,467.71
1419,1419,debit_card,1,2081.53
1420,1420,voucher,1,3775.65
1421,1421,debit_card,1,490.46
1422,1422,voucher,1,1214.66
1423,1423,credit_card,4,1252.35
1424,1424,credit_card,4,785.13
1425,1425,voucher,1,476.55
1426,1426,credit_card,10,733.58
1427,1427,boleto,1,93.65
1428,1428,debit_card,1,3064.67
1429,1429,voucher,1,403.05
1430,1430,credit_card,3,704.04
1431,1431,boleto,1,177.23
1432,1432,voucher,1,5293.92
1433,1433,debit_card,1,549.57
1434,1434,boleto,1,1789.64
1435,1435,debit_card,1,403.79
1436,1436,voucher,1,1378.88
1437,1437,credit_card,1,2913.36
1438,1438,boleto,1,336.07
1439,1439,debit_card,1,1619.92
1440,1440,boleto,1,249.64
1441,1441,boleto,1,3268.29
1442,1442,voucher,1,1392.92
1443,1443,credit_card,6,406.23
1444,1444,boleto,1,844.78
1445,1445,boleto,1,3075.66
1446,1446,debit_card,1,2355.38
1447,1447,credit_card,10,1886.7
1448,1448,boleto,1,2082.03
1449,1449,voucher,1,690.94
1450,1450,debit_card,1,2836.92
1451,1451,boleto,1,166.48
1452,1452,boleto,1,167.57
1453,1453,boleto,1,3607.27
1454,1454,voucher,1,230.16
1455,1455,voucher,1,1185.35
1456,1456,debit_card,1,3916.32
1457,1457,boleto,1,897.76
1458,1458,debit_card,1,850.19
1459,1459,boleto,1,1817.93
1460,1460,boleto,1,1834.19
1461,1461,credit_card,1,186.82
1462,1462,credit_card,1,280.56
1463,1463,debit_card,1,521.35
1464,1464,boleto,1,456.54
1465,1465,debit_card,1,535.11
1466,1466,credit_card,1,149.82
1467,1467,boleto,1,305.36
1468,1468,debit_card,1,3391.77
1469,1469,boleto,1,3619.54
1470,1470,voucher,1,1921.75
1471,1471,boleto,1,2488.71
1472,1472,debit_card,1,307.56
1473,1473,voucher,1,530.33
1474,1474,debit_card,1,2088.3
1475,1475,boleto,1,914.9
1476,1476,credit_card,1,38.66
1477,1477,debit_card,1,425.48
1478,1478,boleto,1,3460.5
1479,1479,voucher,1,423.76
1480,1480,debit_card,1,2238.64
1481,1481,voucher,1,541.59
1482,1482,credit_card,1,166.57
1483,1483,credit_card,1,6053.09
1484,1484,boleto,1,827.42
1485,1485,voucher,1,2756.52
1486,1486,voucher,1,460.85
1487,1487,credit_card,3,1640.61
1488,1488,boleto,1,7205.43
1489,1489,boleto,1,345.5
1490,1490,debit_card,1,4517.19
1491,1491,debit_card,1,2262.88
1492,1492,boleto,1,182.35
1493,1493,credit_card,3,379.35
1494,1494,boleto,1,1956.07
1495,1495,credit_card,1,145.14
1496,1496,debit_card,1,3640.35
1497,1497,debit_card,1,1096.35
1498,1498,boleto,1,2449.21
1499,1499,debit_card,1,361.5
1500,1500,credit_card,3,1606.19
1501,1501,voucher,1,583.73
1502,1502,credit_card,1,628.73
1503,1503,credit_card,1,908.86
1504,1504,debit_card,1,460.33
1505,1505,debit_card,1,5437.3
1506,1506,voucher,1,655.05
1507,1507,voucher,1,325.48
1508,1508,credit_card,1,85.05
1509,1509,debit_card,1,2003.15
1510,1510,debit_card,1,1767.0
1511,1511,debit_card,1,4073.06
1512,1512,voucher,1,97.22
1513,1513,credit_card,1,92.55
1514,1514,boleto,1,1797.55
1515,1515,debit_card,1,494.35
1516,1516,credit_card,1,1094.78
1517,1517,boleto,1,1023.67
1518,1518,credit_card,4,3556.89
1519,1519,credit_card,1,435.62
1520,1520,boleto,1,211.99
1521,1521,debit_card,1,2631.96
1522,1522,debit_card,1,907.4
1523,1523,debit_card,1,1758.64
1524,1524,voucher,1,2975.83
1525,1525,boleto,1,4882.47
1526,1526,voucher,1,475.51
1527,1527,debit_card,1,5251.26
1528,1528,boleto,1,523.53
1529,1529,boleto,1,359.8
1530,1530,voucher,1,3033.44
1531,1531,debit_card,1,798.72
1532,1532,voucher,1,250.53
1533,1533,voucher,1,85.93
1534,1534,boleto,1,939.62
1535,1535,voucher,1,5251.9
1536,1536,credit_card,3,4377.42
1537,1537,credit_card,4,311.11
1538,1538,debit_card,1,848.68
1539,1539,voucher,1,4613.6
1540,1540,voucher,1,2955.48
1541,1541,debit_card,1,3707.71
1542,1542,credit_card,1,622.32
1543,1543,credit_card,10,4795.81
1544,1544,voucher,1,1908.02
1545,1545,debit_card,1,419.44
1546,1546,credit_card,2,5818.49
1547,1547,boleto,1,2460.29
1548,1548,boleto,1,1990.76
1549,1549,credit_card,1,3045.29
1550,1550,debit_card,1,584.51
1551,1551,voucher,1,7309.16
1552,1552,voucher,1,413.62
1553,1553,credit_card,1,1948.95
1554,1554,voucher,1,223.02
1555,1555,debit_card,1,565.56
1556,1556,voucher,1,1926.73
1557,1557,debit_card,1,1141.75
1558,1558,voucher,1,541.62
1559,1559,boleto,1,3626.71
1560,1560,voucher,1,42.34
1561,1561,boleto,1,511.56
1562,1562,credit_card,1,4229.4
1563,1563,debit_card,1,1515.38
1564,1564,voucher,1,2952.73
1565,1565,voucher,1,1480.01
1566,1566,voucher,1,647.99
1567,1567,boleto,1,275.66
1568,1568,debit_card,1,343.23
1569,1569,boleto,1,204.58
1570,1570,boleto,1,474.83
1571,1571,voucher,1,2962.92
1572,1572,voucher,1,2567.42
1573,1573,boleto,1,129.5
1574,1574,credit_card,1,2385.36
1575,1575,boleto,1,360.17
1576,1576,credit_card,1,986.22
1577,1577,debit_card,1,10420.72
1578,1578,credit_card,1,3841.8
1579,1579,credit_card,1,65.1
1580,1580,debit_card,1,317.8
1581,1581,boleto,1,6245.54
1582,1582,debit_card,1,100.7
1583,1583,voucher,1,2040.31
1584,1584,credit_card,1,3663.76
1585,1585,boleto,1,2011.58
1586,1586,voucher,1,3726.35
1587,1587,debit_card,1,4371.2
1588,1588,boleto,1,865.97
1589,1589,debit_card,1,265.86
1590,1590,debit_card,1,7099.17
1591,1591,voucher,1,569.55
1592,1592,boleto,1,2257.1
1593,1593,debit_card,1,1901.57
1594,1594,voucher,1,1129.76
1595,1595,voucher,1,59.38
1596,1596,debit_card,1,502.16
1597,1597,boleto,1,3657.37
1598,1598,credit_card,1,7300.07
1599,1599,debit_card,1,3501.99
1600,1600,credit_card,1,329.85
1601,1601,credit_card,1,4251.55
1602,1602,boleto,1,288.62
1603,1603,debit_card,1,1415.72
1604,1604,credit_card,1,163.67
1605,1605,voucher,1,162.02
1606,1606,boleto,1,3470.91
1607,1607,debit_card,1,398.19
1608,1608,voucher,1,705.39
1609,1609,credit_card,1,106.53
1610,1610,credit_card,1,118.81
1611,1611,voucher,1,2403.61
1612,1612,boleto,1,1766.05
1613,1613,debit_card,1,1039.28
1614,1614,voucher,1,1129.62
1615,1615,debit_card,1,219.63
1616,1616,credit_card,1,1879.51
1617,1617,debit_card,1,158.76
1618,1618,voucher,1,245.92
1619,1619,boleto,1,1041.86
1620,1620,boleto,1,1172.86
1621,1621,voucher,1,6373.84
1622,1622,voucher,1,291.46
1623,1623,boleto,1,893.26
1624,1624,debit_card,1,36.55
1625,1625,voucher,1,2357.18
1626,1626,credit_card,4,3359.31
1627,1627,debit_card,1,91.68
1628,1628,boleto,1,1448.9
1629,1629,voucher,1,190.44
1630,1630,voucher,1,1813.65
1631,1631,credit_card,1,522.41
1632,1632,boleto,1,301.41
1633,1633,debit_card,1,1671.16
1634,1634,debit_card,1,2091.62
1635,1635,voucher,1,296.71
1636,1636,voucher,1,1916.02
1637,1637,voucher,1,3931.42
1638,1638,boleto,1,55.48
1639,1639,debit_card,1,1843.37
1640,1640,voucher,1,1975.9
1641,1641,debit_card,1,178.88
1642,1642,credit_card,1,215.35
1643,1643,boleto,1,3029.4
1644,1644,debit_card,1,564.23
1645,1645,boleto,1,541.7
1646,1646,debit_card,1,4727.96
1647,1647,debit_card,1,2725.62
1648,1648,debit_card,1,143.84
1649,1649,boleto,1,7465.88
1650,1650,boleto,1,2241.52
1651,1651,voucher,1,787.22
1652,1652,voucher,1,888.04
1653,1653,debit_card,1,826.57
1654,1654,boleto,1,2085.68
1655,1655,debit_card,1,544.62
1656,1656,debit_card,1,4002.95
1657,1657,debit_card,1,595.27
1658,1658,boleto,1,623.47
1659,1659,debit_card,1,3978.74
1660,1660,credit_card,1,134.65
1661,1661,voucher,1,1961.21
1662,1662,credit_card,1,1636.78
1663,1663,credit_card,1,513.63
1664,1664,boleto,1,1835.27
1665,1665,voucher,1,1048.93
1666,1666,credit_card,4,5306.25
1667,1667,voucher,1,455.99
1668,1668,voucher,1,2238.0
1669,1669,voucher,1,546.94
1670,1670,boleto,1,310.96
1671,1671,credit_card,1,83.54
1672,1672,voucher,1,7091.05
1673,1673,debit_card,1,4018.24
1674,1674,voucher,1,6451.08
1675,1675,debit_card,1,239.85
1676,1676,boleto,1,1408.04
1677,1677,boleto,1,836.19
1678,1678,voucher,1,1191.08
1679,1679,credit_card,6,1182.14
1680,1680,voucher,1,377.22
1681,1681,credit_card,1,9326.77
1682,1682,boleto,1,1195.92
1683,1683,credit_card,6,3491.59
1684,1684,voucher,1,368.45
1685,1685,boleto,1,3104.42
1686,1686,boleto,1,6756.2
1687,1687,credit_card,1,97.01
1688,1688,debit_card,1,1567.61
1689,1689,boleto,1,388.11
1690,1690,credit_card,4,213.33
1691,1691,debit_card,1,1885.08
1692,1692,voucher,1,7455.41
1693,1693,voucher,1,167.41
1694,1694,boleto,1,467.84
1695,1695,debit_card,1,1522.77
1696,1696,credit_card,1,480.17
1697,1697,voucher,1,3207.96
1698,1698,boleto,1,4483.24
1699,1699,credit_card,1,153.41
1700,1700,debit_card,1,70.95
1701,1701,boleto,1,1139.76
1702,1702,debit_card,1,1293.13
1703,1703,credit_card,1,303.2
1704,1704,boleto,1,994.7
1705,1705,debit_card,1,864.51
1706,1706,boleto,1,252.18
1707,1707,debit_card,1,3153.84
1708,1708,voucher,1,3025.17
1709,1709,debit_card,1,1645.93
1710,1710,credit_card,1,1097.3
1711,1711,debit_card,1,6132.24
1712,1712,voucher,1,9232.38
1713,1713,boleto,1,314.37
1714,1714,debit_card,1,3454.51
1715,1715,debit_card,1,791.26
1716,1716,debit_card,1,6751.46
1717,1717,credit_card,10,3169.4
1718,1718,credit_card,6,2481.68
1719,1719,voucher,1,3132.29
1720,1720,boleto,1,51.06
1721,1721,credit_card,1,159.4
1722,1722,voucher,1,115.26
1723,1723,boleto,1,271.18
1724,1724,boleto,1,2065.24
1725,1725,boleto,1,7371.9
1726,1726,credit_card,1,123.72
1727,1727,debit_card,1,3093.87
1728,1728,credit_card,6,424.95
1729,1729,debit_card,1,2786.87
1730,1730,debit_card,1,1193.09
1731,1731,credit_card,1,1871.32
1732,1732,boleto,1,2465.53
1733,1733,voucher,1,639.47
1734,1734,boleto,1,108.94
1735,1735,debit_card,1,456.21
1736,1736,voucher,1,7318.38
1737,1737,debit_card,1,269.73
1738,1738,voucher,1,1268.64
1739,1739,credit_card,2,4895.82
1740,1740,voucher,1,3450.72
1741,1741,boleto,1,433.11
1742,1742,debit_card,1,1449.73
1743,1743,credit_card,4,385.48
1744,1744,boleto,1,67.24
1745,1745,voucher,1,598.84
1746,1746,boleto,1,169.79
1747,1747,credit_card,1,285.95
1748,1748,debit_card,1,379.41
1749,1749,debit_card,1,550.22
1750,1750,voucher,1,2765.37
1751,1751,credit_card,4,574.05
1752,1752,voucher,1,221.64
1753,1753,credit_card,3,4097.84
1754,1754,boleto,1,2852.03
1755,1755,voucher,1,7201.65
1756,1756,debit_card,1,134.46
1757,1757,debit_card,1,1114.05
1758,1758,debit_card,1,2323.07
1759,1759,credit_card,1,2262.04
1760,1760,debit_card,1,4398.57
1761,1761,credit_card,1,7304.94
1762,1762,credit_card,1,311.52
1763,1763,boleto,1,163.94
1764,1764,voucher,1,5051.88
1765,1765,debit_card,1,793.93
1766,1766,boleto,1,2267.94
1767,1767,debit_card,1,532.38
1768,1768,voucher,1,9869.09
1769,1769,boleto,1,246.9
1770,1770,credit_card,1,4951.74
1771,1771,debit_card,1,3007.52
1772,1772,debit_card,1,2699.87
1773,1773,debit_card,1,1228.52
1774,1774,voucher,1,1698.87
1775,1775,debit_card,1,651.19
1776,1776,debit_card,1,74.89
1777,1777,credit_card,10,826.85
1778,1778,debit_card,1,267.91
1779,1779,boleto,1,922.35
1780,1780,voucher,1,630.2
1781,1781,debit_card,1,53.89
1782,1782,boleto,1,476.31
1783,1783,debit_card,1,3842.44
1784,1784,credit_card,1,3563.04
1785,1785,credit_card,1,190.84
1786,1786,debit_card,1,2079.89
1787,1787,debit_card,1,780.5
1788,1788,debit_card,1,108.9
1789,1789,debit_card,1,1643.99
1790,1790,boleto,1,91.33
1791,1791,credit_card,2,1139.93
1792,1792,debit_card,1,920.38
1793,1793,credit_card,2,5447.94
1794,1794,voucher,1,610.17
1795,1795,boleto,1,426.6
1796,1796,voucher,1,1960.07
1797,1797,voucher,1,1336.85
1798,1798,debit_card,1,4670.96
1799,1799,credit_card,1,167.24
1800,1800,credit_card,1,199.45
1801,1801,voucher,1,2207.2
1802,1802,boleto,1,639.49
1803,1803,debit_card,1,1101.15
1804,1804,credit_card,4,746.13
1805,1805,debit_card,1,346.51
1806,1806,debit_card,1,4009.81
1807,1807,credit_card,1,3432.58
1808,1808,voucher,1,519.93
1809,1809,debit_card,1,494.62
1810,1810,voucher,1,1828.22
1811,1811,credit_card,3,2361.15
1812,1812,credit_card,2,2644.83
1813,1813,debit_card,1,7033.52
1814,1814,boleto,1,262.42
1815,1815,credit_card,3,269.75
1816,1816,boleto,1,98.78
1817,1817,debit_card,1,623.67
1818,1818,voucher,1,3480.03
1819,1819,credit_card,1,567.67
1820,1820,voucher,1,445.83
1821,1821,credit_card,1,989.86
1822,1822,boleto,1,1015.31
1823,1823,credit_card,2,221.43
1824,1824,credit_card,4,714.07
1825,1825,debit_card,1,2026.31
1826,1826,credit_card,10,4801.49
1827,1827,voucher,1,262.15
1828,1828,voucher,1,1763.1
1829,1829,debit_card,1,1495.32
1830,1830,debit_card,1,6353.24
1831,1831,credit_card,10,2078.44
1832,1832,debit_card,1,85.58
1833,1833,boleto,1,537.45
1834,1834,voucher,1,790.31
1835,1835,boleto,1,706.21
1836,1836,boleto,1,14667.05
1837,1837,boleto,1,482.22
1838,1838,credit_card,1,352.74
1839,1839,debit_card,1,1144.47
1840,1840,boleto,1,830.15
1841,1841,credit_card,2,369.89
1842,1842,credit_card,6,920.21
1843,1843,boleto,1,551.79
1844,1844,credit_card,1,507.49
1845,1845,debit_card,1,3843.27
1846,1846,credit_card,2,2172.85
1847,1847,voucher,1,224.72
1848,1848,credit_card,1,962.39
1849,1849,voucher,1,3634.78
1850,1850,voucher,1,3373.15
1851,1851,debit_card,1,1534.57
1852,1852,boleto,1,281.58
1853,1853,boleto,1,854.73
1854,1854,debit_card,1,4919.07
1855,1855,boleto,1,1484.51
1856,1856,credit_card,2,6435.03
1857,1857,credit_card,4,5029.84
1858,1858,credit_card,2,308.07
1859,1859,voucher,1,2607.6
1860,1860,credit_card,1,251.22
1861,1861,boleto,1,2415.21
1862,1862,debit_card,1,2466.72
1863,1863,voucher,1,1918.98
1864,1864,voucher,1,941.8
1865,1865,boleto,1,1889.18
1866,1866,debit_card,1,800.59
1867,1867,debit_card,1,122.71
1868,1868,boleto,1,2396.23
1869,1869,credit_card,1,7917.92
1870,1870,voucher,1,1311.9
1871,1871,boleto,1,7700.86
1872,1872,boleto,1,5540.22
1873,1873,voucher,1,2535.01
1874,1874,boleto,1,506.54
1875,1875,debit_card,1,646.56
1876,1876,voucher,1,4541.08
1877,1877,voucher,1,868.8
1878,1878,credit_card,1,5136.13
1879,1879,credit_card,1,183.02
1880,1880,voucher,1,1420.48
1881,1881,voucher,1,3364.17
1882,1882,boleto,1,3012.0
1883,1883,voucher,1,4817.23
1884,1884,credit_card,1,2783.94
1885,1885,voucher,1,1201.97
1886,1886,voucher,1,811.37
1887,1887,voucher,1,294.28
1888,1888,debit_card,1,3346.86
1889,1889,debit_card,1,581.95
1890,1890,voucher,1,658.81
1891,1891,boleto,1,6886.28
1892,1892,voucher,1,523.66
1893,1893,credit_card,3,1402.03
1894,1894,credit_card,1,1501.82
1895,1895,voucher,1,852.71
1896,1896,boleto,1,2667.76
1897,1897,voucher,1,988.77
1898,1898,boleto,1,630.12
1899,1899,boleto,1,113.41
1900,1900,boleto,1,1410.56
1901,1901,voucher,1,6097.22
1902,1902,debit_card,1,114.78
1903,1903,boleto,1,2943.38
1904,1904,voucher,1,3349.32
1905,1905,credit_card,3,2311.96
1906,1906,voucher,1,3229.07
1907,1907,boleto,1,762.71
1908,1908,voucher,1,162.62
1909,1909,voucher,1,1316.28
1910,1910,boleto,1,5665.88
1911,1911,voucher,1,5885.33
1912,1912,voucher,1,996.81
1913,1913,debit_card,1,9795.52
1914,1914,voucher,1,1940.79
1915,1915,voucher,1,301.43
1916,1916,debit_card,1,2257.1
1917,1917,credit_card,1,470.09
1918,1918,debit_card,1,1105.43
1919,1919,voucher,1,91.48
1920,1920,voucher,1,3198.18
1921,1921,credit_card,2,689.88
1922,1922,debit_card,1,75.49
1923,1923,voucher,1,2166.65
1924,1924,debit_card,1,454.67
1925,1925,credit_card,1,105.58
1926,1926,voucher,1,1907.31
1927,1927,voucher,1,6032.95
1928,1928,debit_card,1,780.53
1929,1929,boleto,1,3509.17
1930,1930,debit_card,1,2811.74
1931,1931,credit_card,1,225.67
1932,1932,voucher,1,3829.58
1933,1933,boleto,1,168.76
1934,1934,voucher,1,288.9
1935,1935,voucher,1,820.98
1936,1936,credit_card,1,2929.11
1937,1937,debit_card,1,96.26
1938,1938,debit_card,1,2444.74
1939,1939,debit_card,1,4223.81
1940,1940,debit_card,1,316.47
1941,1941,voucher,1,3495.46
1942,1942,debit_card,1,291.98
1943,1943,boleto,1,2875.56
1944,1944,debit_card,1,2295.74
1945,1945,boleto,1,12930.17
1946,1946,voucher,1,617.26
1947,1947,credit_card,1,79.45
1948,1948,debit_card,1,2761.75
1949,1949,boleto,1,144.6
1950,1950,boleto,1,308.34
1951,1951,credit_card,1,365.92
1952,1952,credit_card,3,1563.94
1953,1953,credit_card,6,724.06
1954,1954,debit_card,1,100.59
1955,1955,credit_card,3,5989.27
1956,1956,credit_card,10,1994.23
1957,1957,voucher,1,5423.3
1958,1958,debit_card,1,827.73
1959,1959,debit_card,1,586.81
1960,1960,debit_card,1,1184.27
1961,1961,boleto,1,8972.35
1962,1962,voucher,1,3405.28
1963,1963,debit_card,1,4715.34
1964,1964,debit_card,1,449.32
1965,1965,debit_card,1,752.52
1966,1966,voucher,1,562.83
1967,1967,credit_card,4,947.83
1968,1968,debit_card,1,5170.66
1969,1969,credit_card,1,71.48
1970,1970,debit_card,1,528.54
1971,1971,debit_card,1,417.59
1972,1972,debit_card,1,587.75
1973,1973,credit_card,6,1137.13
1974,1974,voucher,1,7713.66
1975,1975,boleto,1,1046.1
1976,1976,voucher,1,3387.76
1977,1977,boleto,1,4997.8
1978,1978,boleto,1,1220.1
1979,1979,debit_card,1,2505.22
1980,1980,debit_card,1,177.57
1981,1981,credit_card,1,1429.13
1982,1982,credit_card,2,444.42
1983,1983,credit_card,1,7719.63
1984,1984,debit_card,1,4005.15
1985,1985,credit_card,3,1472.65
1986,1986,voucher,1,3253.24
1987,1987,voucher,1,340.19
1988,1988,boleto,1,692.69
1989,1989,voucher,1,592.14
1990,1990,debit_card,1,4827.47
1991,1991,credit_card,1,2344.01
1992,1992,debit_card,1,7798.93
1993,1993,boleto,1,4904.09
1994,1994,credit_card,6,610.48
1995,1995,credit_card,1,1385.24
1996,1996,voucher,1,2248.97
1997,1997,credit_card,1,239.06
1998,1998,boleto,1,927.13
1999,1999,debit_card,1,4739.03
2000,2000,boleto,1,4275.69
2001,2001,credit_card,1,6260.62
2002,2002,credit_card,2,1120.82
2003,2003,debit_card,1,1605.93
2004,2004,credit_card,1,1995.07
2005,2005,voucher,1,312.08
2006,2006,debit_card,1,790.99
2007,2007,credit_card,6,303.36
2008,2008,boleto,1,2247.37
2009,2009,credit_card,6,726.14
2010,2010,voucher,1,2183.58
2011,2011,boleto,1,7157.88
2012,2012,boleto,1,225.3
2013,2013,credit_card,1,2969.85
2014,2014,debit_card,1,1193.43
2015,2015,debit_card,1,85.57
2016,2016,boleto,1,3004.33
2017,2017,boleto,1,586.28
2018,2018,boleto,1,2871.74
2019,2019,voucher,1,687.2
2020,2020,debit_card,1,1999.97
2021,2021,boleto,1,1746.42
2022,2022,voucher,1,997.17
2023,2023,voucher,1,3475.79
2024,2024,voucher,1,1281.29
2025,2025,debit_card,1,1347.28
2026,2026,voucher,1,596.43
2027,2027,voucher,1,196.15
2028,2028,voucher,1,5681.37
2029,2029,boleto,1,926.9
2030,2030,debit_card,1,202.59
2031,2031,credit_card,1,3442.71
2032,2032,credit_card,10,6883.76
2033,2033,debit_card,1,4737.28
2034,2034,credit_card,3,660.96
2035,2035,voucher,1,3109.44
2036,2036,boleto,1,2782.87
2037,2037,voucher,1,5223.91
2038,2038,voucher,1,1596.3
2039,2039,boleto,1,208.43
2040,2040,voucher,1,627.66
2041,2041,boleto,1,2121.95
2042,2042,debit_card,1,7597.19
2043,2043,debit_card,1,2785.92
2044,2044,voucher,1,284.84
2045,2045,credit_card,1,953.22
2046,2046,credit_card,1,508.52
2047,2047,credit_card,6,317.14
2048,2048,debit_card,1,2155.68
2049,2049,debit_card,1,1227.24
2050,2050,credit_card,2,645.8
2051,2051,credit_card,3,888.69
2052,2052,boleto,1,378.09
2053,2053,debit_card,1,4293.91
2054,2054,voucher,1,1180.33
2055,2055,credit_card,6,310.4
2056,2056,debit_card,1,345.59
2057,2057,credit_card,1,373.05
2058,2058,credit_card,4,2481.98
2059,2059,voucher,1,153.22
2060,2060,debit_card,1,73.67
2061,2061,debit_card,1,4076.77
2062,2062,credit_card,1,6464.14
2063,2063,debit_card,1,135.1
2064,2064,credit_card,1,2649.69
2065,2065,debit_card,1,2447.38
2066,2066,credit_card,1,293.08
2067,2067,credit_card,1,2754.44
2068,2068,voucher,1,3083.01
2069,2069,debit_card,1,4170.25
2070,2070,debit_card,1,1181.29
2071,2071,credit_card,4,384.33
2072,2072,credit_card,6,4335.19
2073,2073,credit_card,1,367.51
2074,2074,voucher,1,436.04
2075,2075,debit_card,1,3957.56
2076,2076,credit_card,1,138.3
2077,2077,debit_card,1,849.19
2078,2078,voucher,1,121.18
2079,2079,voucher,1,1891.66
2080,2080,voucher,1,1795.7
2081,2081,boleto,1,56.15
2082,2082,credit_card,1,4096.69
2083,2083,boleto,1,1660.59
2084,2084,credit_card,1,4562.91
2085,2085,boleto,1,1549.4
2086,2086,debit_card,1,380.87
2087,2087,voucher,1,165.72
2088,2088,debit_card,1,214.2
2089,2089,voucher,1,6454.61
2090,2090,voucher,1,2138.96
2091,2091,credit_card,2,1717.69
2092,2092,boleto,1,2783.16
2093,2093,boleto,1,555.31
2094,2094,debit_card,1,3233.36
2095,2095,voucher,1,122.94
2096,2096,debit_card,1,6570.09
2097,2097,voucher,1,1148.01
2098,2098,voucher,1,146.99
2099,2099,credit_card,1,3722.91
2100,2100,boleto,1,1348.83
2101,2101,voucher,1,4633.45
2102,2102,debit_card,1,2819.7
2103,2103,voucher,1,6569.43
2104,2104,debit_card,1,3146.19
2105,2105,debit_card,1,248.21
2106,2106,voucher,1,1105.56
2107,2107,boleto,1,2658.1
2108,2108,credit_card,6,4120.35
2109,2109,credit_card,2,3443.05
2110,2110,boleto,1,5599.44
2111,2111,boleto,1,3422.91
2112,2112,debit_card,1,2691.11
2113,2113,debit_card,1,4299.63
2114,2114,boleto,1,1417.71
2115,2115,debit_card,1,1035.42
2116,2116,boleto,1,494.6
2117,2117,debit_card,1,515.31
2118,2118,debit_card,1,3487.13
2119,2119,debit_card,1,272.95
2120,2120,debit_card,1,2617.15
2121,2121,boleto,1,638.17
2122,2122,voucher,1,8230.58
2123,2123,boleto,1,5159.56
2124,2124,boleto,1,419.71
2125,2125,voucher,1,2240.15
2126,2126,credit_card,1,250.23
2127,2127,debit_card,1,670.96
2128,2128,boleto,1,654.52
2129,2129,debit_card,1,2412.77
2130,2130,boleto,1,1998.61
2131,2131,debit_card,1,1424.18
2132,2132,boleto,1,3749.4
2133,2133,debit_card,1,1995.12
2134,2134,credit_card,1,1095.01
2135,2135,voucher,1,3360.31
2136,2136,debit_card,1,3529.55
2137,2137,credit_card,1,367.82
2138,2138,boleto,1,5346.55
2139,2139,voucher,1,165.3
2140,2140,credit_card,6,2821.83
2141,2141,credit_card,1,273.35
2142,2142,debit_card,1,993.48
2143,2143,debit_card,1,954.99
2144,2144,credit_card,1,493.56
2145,2145,credit_card,1,3752.67
2146,2146,boleto,1,144.29
2147,2147,debit_card,1,404.87
2148,2148,credit_card,1,3251.51
2149,2149,credit_card,1,2082.8
2150,2150,voucher,1,1834.3
2151,2151,credit_card,1,4231.02
2152,2152,boleto,1,300.44
2153,2153,credit_card,1,2974.47
2154,2154,debit_card,1,1859.24
2155,2155,credit_card,10,4554.51
2156,2156,credit_card,1,2770.58
2157,2157,voucher,1,605.56
2158,2158,boleto,1,360.26
2159,2159,voucher,1,189.89
2160,2160,voucher,1,3101.52
2161,2161,boleto,1,376.39
2162,2162,credit_card,1,3232.42
2163,2163,boleto,1,47.18
2164,2164,credit_card,1,562.73
2165,2165,credit_card,6,587.41
2166,2166,boleto,1,359.18
2167,2167,boleto,1,3028.25
2168,2168,voucher,1,216.44
2169,2169,boleto,1,2931.95
2170,2170,voucher,1,2519.27
2171,2171,credit_card,2,2278.47
2172,2172,voucher,1,459.75
2173,2173,boleto,1,748.2
2174,2174,boleto,1,3596.62
2175,2175,debit_card,1,3985.12
2176,2176,boleto,1,3781.61
2177,2177,boleto,1,663.05
2178,2178,boleto,1,5485.37
2179,2179,boleto,1,3136.41
2180,2180,boleto,1,333.79
2181,2181,credit_card,1,1143.08
2182,2182,voucher,1,1917.12
2183,2183,voucher,1,1624.08
2184,2184,boleto,1,1181.98
2185,2185,debit_card,1,6187.27
2186,2186,credit_card,1,1863.92
2187,2187,credit_card,1,349.1
2188,2188,debit_card,1,4099.79
2189,2189,credit_card,1,2887.17
2190,2190,voucher,1,160.78
2191,2191,debit_card,1,511.17
2192,2192,voucher,1,1341.03
2193,2193,voucher,1,1588.59
2194,2194,voucher,1,1667.28
2195,2195,credit_card,1,78.26
2196,2196,credit_card,1,269.27
2197,2197,debit_card,1,424.87
2198,2198,debit_card,1,6446.37
2199,2199,debit_card,1,1986.48
2200,2200,credit_card,4,444.36
2201,2201,boleto,1,276.4
2202,2202,credit_card,3,5203.01
2203,2203,credit_card,4,3802.38
2204,2204,boleto,1,162.43
2205,2205,debit_card,1,1653.38
2206,2206,credit_card,3,1317.5
2207,2207,boleto,1,380.38
2208,2208,credit_card,10,1876.32
2209,2209,voucher,1,6218.18
2210,2210,boleto,1,1931.18
2211,2211,credit_card,3,1835.81
2212,2212,voucher,1,363.84
2213,2213,credit_card,4,8861.84
2214,2214,boleto,1,4015.63
2215,2215,boleto,1,4606.23
2216,2216,debit_card,1,252.4
2217,2217,credit_card,1,155.81
2218,2218,credit_card,3,13320.86
2219,2219,credit_card,1,2160.6
2220,2220,debit_card,1,1558.24
2221,2221,voucher,1,2050.09
2222,2222,boleto,1,3178.18
2223,2223,voucher,1,4448.8
2224,2224,credit_card,10,854.76
2225,2225,voucher,1,9567.63
2226,2226,voucher,1,319.52
2227,2227,boleto,1,186.26
2228,2228,voucher,1,400.13
2229,2229,boleto,1,1599.92
2230,2230,credit_card,1,1831.48
2231,2231,voucher,1,1096.66
2232,2232,boleto,1,363.34
2233,2233,voucher,1,1677.48
2234,2234,boleto,1,723.41
2235,2235,debit_card,1,635.18
2236,2236,debit_card,1,350.85
2237,2237,credit_card,3,1980.89
2238,2238,boleto,1,740.64
2239,2239,credit_card,2,847.59
2240,2240,debit_card,1,1378.7
2241,2241,debit_card,1,602.07
2242,2242,boleto,1,4431.98
2243,2243,voucher,1,71.5
2244,2244,debit_card,1,593.32
2245,2245,boleto,1,277.72
2246,2246,boleto,1,211.21
2247,2247,boleto,1,4921.43
2248,2248,voucher,1,2337.98
2249,2249,debit_card,1,2455.5
2250,2250,credit_card,1,104.81
2251,2251,voucher,1,349.49
2252,2252,credit_card,1,271.81
2253,2253,boleto,1,993.76
2254,2254,boleto,1,697.28
2255,2255,boleto,1,4693.47
2256,2256,debit_card,1,2112.66
2257,2257,debit_card,1,2778.47
2258,2258,voucher,1,216.04
2259,2259,voucher,1,5036.73
2260,2260,boleto,1,3434.62
2261,2261,credit_card,1,506.25
2262,2262,boleto,1,154.71
2263,2263,voucher,1,3443.02
2264,2264,voucher,1,558.75
2265,2265,credit_card,1,1476.4
2266,2266,boleto,1,2095.02
2267,2267,boleto,1,769.26
2268,2268,voucher,1,1105.19
2269,2269,credit_card,10,604.48
2270,2270,credit_card,4,639.83
2271,2271,boleto,1,111.96
2272,2272,boleto,1,259.95
2273,2273,boleto,1,272.68
2274,2274,debit_card,1,1343.71
2275,2275,credit_card,6,3384.83
2276,2276,debit_card,1,1289.62
2277,2277,boleto,1,333.96
2278,2278,voucher,1,1466.78
2279,2279,debit_card,1,1742.16
2280,2280,boleto,1,1775.38
2281,2281,debit_card,1,327.61
2282,2282,boleto,1,9670.18
2283,2283,voucher,1,5375.33
2284,2284,credit_card,1,379.18
2285,2285,voucher,1,3459.93
2286,2286,debit_card,1,653.94
2287,2287,voucher,1,810.11
2288,2288,boleto,1,3914.31
2289,2289,debit_card,1,573.21
2290,2290,credit_card,1,79.38
2291,2291,voucher,1,711.66
2292,2292,boleto,1,1696.9
2293,2293,voucher,1,259.42
2294,2294,boleto,1,589.58
2295,2295,debit_card,1,1655.94
2296,2296,debit_card,1,622.16
2297,2297,credit_card,1,665.92
2298,2298,debit_card,1,1954.26
2299,2299,debit_card,1,4829.94
2300,2300,boleto,1,85.05
2301,2301,debit_card,1,3548.79
2302,2302,voucher,1,120.32
2303,2303,voucher,1,414.99
2304,2304,boleto,1,605.21
2305,2305,boleto,1,583.85
2306,2306,voucher,1,946.86
2307,2307,credit_card,4,290.33
2308,2308,credit_card,2,709.24
2309,2309,credit_card,1,958.96
2310,2310,boleto,1,45.9
2311,2311,boleto,1,526.17
2312,2312,voucher,1,154.84
2313,2313,boleto,1,184.92
2314,2314,boleto,1,3887.02
2315,2315,credit_card,6,1630.49
2316,2316,debit_card,1,4313.96
2317,2317,boleto,1,245.89
2318,2318,credit_card,6,1134.15
2319,2319,credit_card,4,362.17
2320,2320,credit_card,1,859.75
2321,2321,boleto,1,893.59
2322,2322,credit_card,1,342.72
2323,2323,credit_card,1,124.79
2324,2324,boleto,1,3561.29
2325,2325,boleto,1,1111.98
2326,2326,credit_card,4,5967.13
2327,2327,debit_card,1,1949.61
2328,2328,boleto,1,5388.05
2329,2329,credit_card,1,1495.54
2330,2330,debit_card,1,1004.33
2331,2331,boleto,1,2650.09
2332,2332,voucher,1,625.99
2333,2333,debit_card,1,2397.93
2334,2334,boleto,1,72.98
2335,2335,boleto,1,388.87
2336,2336,credit_card,1,259.91
2337,2337,voucher,1,6110.59
2338,2338,debit_card,1,7538.85
2339,2339,debit_card,1,3977.51
2340,2340,credit_card,1,873.76
2341,2341,credit_card,1,1104.67
2342,2342,voucher,1,4228.69
2343,2343,voucher,1,2122.05
2344,2344,debit_card,1,389.0
2345,2345,credit_card,1,1507.03
2346,2346,voucher,1,3090.33
2347,2347,credit_card,1,1021.13
2348,2348,boleto,1,596.02
2349,2349,boleto,1,5583.33
2350,2350,boleto,1,2496.59
2351,2351,voucher,1,3475.44
2352,2352,boleto,1,3367.31
2353,2353,credit_card,4,5861.02
2354,2354,debit_card,1,249.84
2355,2355,voucher,1,563.99
2356,2356,credit_card,10,706.63
2357,2357,voucher,1,620.5
2358,2358,debit_card,1,2602.26
2359,2359,boleto,1,1605.03
2360,2360,credit_card,2,829.3
2361,2361,voucher,1,5693.57
2362,2362,credit_card,2,1409.35
2363,2363,credit_card,1,391.56
2364,2364,voucher,1,6379.5
2365,2365,credit_card,1,485.51
2366,2366,boleto,1,1124.2
2367,2367,debit_card,1,7736.92
2368,2368,debit_card,1,3412.49
2369,2369,credit_card,1,118.12
2370,2370,boleto,1,9215.08
2371,2371,boleto,1,4039.36
2372,2372,boleto,1,550.29
2373,2373,voucher,1,3330.95
2374,2374,debit_card,1,5860.01
2375,2375,debit_card,1,119.43
2376,2376,credit_card,1,1217.6
2377,2377,credit_card,1,887.48
2378,2378,voucher,1,426.9
2379,2379,debit_card,1,144.61
2380,2380,debit_card,1,3169.24
2381,2381,boleto,1,5585.18
2382,2382,credit_card,6,493.04
2383,2383,debit_card,1,1537.87
2384,2384,debit_card,1,1638.16
2385,2385,boleto,1,713.18
2386,2386,boleto,1,578.09
2387,2387,credit_card,6,5015.98
2388,2388,voucher,1,1072.91
2389,2389,boleto,1,411.49
2390,2390,credit_card,1,147.08
2391,2391,voucher,1,3710.89
2392,2392,voucher,1,181.09
2393,2393,debit_card,1,75.22
2394,2394,boleto,1,850.21
2395,2395,credit_card,4,953.81
2396,2396,boleto,1,1309.14
2397,2397,voucher,1,504.49
2398,2398,credit_card,2,675.79
2399,2399,voucher,1,108.2
2400,2400,debit_card,1,841.61
2401,2401,credit_card,1,4819.84
2402,2402,credit_card,1,1013.81
2403,2403,credit_card,1,2834.93
2404,2404,boleto,1,4228.5
2405,2405,debit_card,1,391.67
2406,2406,debit_card,1,2910.26
2407,2407,voucher,1,900.05
2408,2408,credit_card,1,183.23
2409,2409,credit_card,1,540.05
2410,2410,credit_card,1,2656.71
2411,2411,voucher,1,50.89
2412,2412,voucher,1,54.27
2413,2413,voucher,1,96.03
2414,2414,credit_card,10,1782.58
2415,2415,voucher,1,3091.84
2416,2416,voucher,1,275.76
2417,2417,credit_card,1,67.03
2418,2418,boleto,1,578.45
2419,2419,voucher,1,2362.65
2420,2420,boleto,1,858.18
2421,2421,credit_card,2,2318.55
2422,2422,voucher,1,1085.19
2423,2423,voucher,1,762.5
2424,2424,voucher,1,452.61
2425,2425,debit_card,1,1791.69
2426,2426,boleto,1,629.0
2427,2427,voucher,1,1597.85
2428,2428,credit_card,1,189.52
2429,2429,voucher,1,1954.66
2430,2430,boleto,1,4931.55
2431,2431,boleto,1,810.66
2432,2432,credit_card,1,985.83
2433,2433,credit_card,1,3631.31
2434,2434,debit_card,1,6747.38
2435,2435,boleto,1,3183.5
2436,2436,credit_card,1,1231.38
2437,2437,debit_card,1,2971.39
2438,2438,voucher,1,239.9
2439,2439,credit_card,1,1143.45
2440,2440,boleto,1,75.47
2441,2441,voucher,1,2321.83
2442,2442,boleto,1,1547.54
2443,2443,voucher,1,2597.52
2444,2444,boleto,1,276.4
2445,2445,credit_card,1,161.48
2446,2446,voucher,1,510.66
2447,2447,boleto,1,151.23
2448,2448,credit_card,1,2486.54
2449,2449,voucher,1,5128.03
2450,2450,voucher,1,2211.71
2451,2451,voucher,1,1153.61
2452,2452,debit_card,1,4782.22
2453,2453,credit_card,1,839.29
2454,2454,boleto,1,759.49
2455,2455,voucher,1,763.55
2456,2456,boleto,1,1741.28
2457,2457,credit_card,3,5525.89
2458,2458,debit_card,1,3645.4
2459,2459,debit_card,1,104.12
2460,2460,credit_card,1,562.73
2461,2461,voucher,1,2793.68
2462,2462,credit_card,1,1128.66
2463,2463,debit_card,1,392.1
2464,2464,boleto,1,201.53
2465,2465,debit_card,1,579.51
2466,2466,debit_card,1,2239.59
2467,2467,debit_card,1,408.54
2468,2468,voucher,1,817.41
2469,2469,debit_card,1,2447.81
2470,2470,voucher,1,481.24
2471,2471,boleto,1,3236.53
2472,2472,boleto,1,1367.1
2473,2473,boleto,1,199.76
2474,2474,credit_card,1,4199.48
2475,2475,credit_card,1,1206.81
2476,2476,boleto,1,330.68
2477,2477,boleto,1,816.67
2478,2478,voucher,1,6307.98
2479,2479,boleto,1,783.58
2480,2480,credit_card,1,3713.76
2481,2481,voucher,1,2933.86
2482,2482,debit_card,1,1081.94
2483,2483,debit_card,1,1520.54
2484,2484,debit_card,1,2233.13
2485,2485,debit_card,1,1532.12
2486,2486,voucher,1,743.79
2487,2487,voucher,1,585.63
2488,2488,debit_card,1,1090.06
2489,2489,credit_card,1,2259.58
2490,2490,credit_card,3,9903.59
2491,2491,credit_card,1,2245.24
2492,2492,debit_card,1,1771.93
2493,2493,voucher,1,846.09
2494,2494,voucher,1,236.34
2495,2495,credit_card,1,1957.98
2496,2496,voucher,1,8026.26
2497,2497,credit_card,1,234.79
2498,2498,voucher,1,230.35
2499,2499,debit_card,1,2275.67
2500,2500,debit_card,1,5465.91
2501,2501,credit_card,1,734.31
2502,2502,credit_card,1,2113.71
2503,2503,boleto,1,2681.44
2504,2504,credit_card,10,4299.68
2505,2505,credit_card,10,1473.51
2506,2506,boleto,1,1770.1
2507,2507,credit_card,1,460.78
2508,2508,debit_card,1,1993.28
2509,2509,boleto,1,2607.37
2510,2510,debit_card,1,3086.67
2511,2511,debit_card,1,193.09
2512,2512,credit_card,1,2222.79
2513,2513,voucher,1,2284.5
2514,2514,boleto,1,135.03
2515,2515,credit_card,1,3405.84
2516,2516,credit_card,4,1437.42
2517,2517,boleto,1,507.48
2518,2518,debit_card,1,7166.46
2519,2519,voucher,1,144.1
2520,2520,credit_card,1,57.89
2521,2521,voucher,1,5237.1
2522,2522,credit_card,4,1774.3
2523,2523,voucher,1,4371.61
2524,2524,voucher,1,5131.84
2525,2525,credit_card,1,464.83
2526,2526,debit_card,1,854.45
2527,2527,debit_card,1,1709.9
2528,2528,boleto,1,4919.68
2529,2529,credit_card,2,461.98
2530,2530,debit_card,1,193.32
2531,2531,debit_card,1,990.89
2532,2532,credit_card,3,1682.81
2533,2533,voucher,1,366.89
2534,2534,boleto,1,249.14
2535,2535,voucher,1,2849.29
2536,2536,boleto,1,151.57
2537,2537,debit_card,1,12417.16
2538,2538,voucher,1,757.64
2539,2539,boleto,1,271.98
2540,2540,boleto,1,203.66
2541,2541,debit_card,1,942.09
2542,2542,boleto,1,381.64
2543,2543,credit_card,1,635.83
2544,2544,boleto,1,1031.92
2545,2545,boleto,1,1263.5
2546,2546,voucher,1,5473.37
2547,2547,voucher,1,3301.01
2548,2548,boleto,1,5275.49
2549,2549,debit_card,1,4661.55
2550,2550,voucher,1,332.17
2551,2551,debit_card,1,5789.32
2552,2552,voucher,1,6948.84
2553,2553,debit_card,1,697.92
2554,2554,boleto,1,1828.08
2555,2555,boleto,1,2987.38
2556,2556,debit_card,1,3877.24
2557,2557,voucher,1,1022.25
2558,2558,voucher,1,122.65
2559,2559,credit_card,1,3301.86
2560,2560,credit_card,3,1866.01
2561,2561,credit_card,1,332.7
2562,2562,debit_card,1,746.15
2563,2563,voucher,1,2365.23
2564,2564,debit_card,1,1409.87
2565,2565,credit_card,2,395.6
2566,2566,credit_card,2,1433.89
2567,2567,credit_card,1,3273.95
2568,2568,boleto,1,1698.48
2569,2569,debit_card,1,2641.86
2570,2570,credit_card,10,1277.68
2571,2571,credit_card,3,3799.18
2572,2572,credit_card,4,2949.55
2573,2573,credit_card,6,853.93
2574,2574,voucher,1,1603.03
2575,2575,voucher,1,396.57
2576,2576,credit_card,1,1120.96
2577,2577,debit_card,1,1620.5
2578,2578,boleto,1,1996.73
2579,2579,voucher,1,233.85
2580,2580,boleto,1,3080.35
2581,2581,boleto,1,6330.62
2582,2582,voucher,1,1769.99
2583,2583,debit_card,1,661.2
2584,2584,voucher,1,3879.49
2585,2585,voucher,1,932.73
2586,2586,debit_card,1,51.07
2587,2587,debit_card,1,16110.41
2588,2588,credit_card,1,985.95
2589,2589,boleto,1,283.63
2590,2590,voucher,1,448.39
2591,2591,debit_card,1,766.72
2592,2592,voucher,1,2217.87
2593,2593,voucher,1,3064.83
2594,2594,boleto,1,7144.94
2595,2595,boleto,1,88.35
2596,2596,credit_card,1,290.85
2597,2597,voucher,1,229.72
2598,2598,debit_card,1,632.06
2599,2599,debit_card,1,371.91
2600,2600,debit_card,1,192.37
2601,2601,debit_card,1,600.42
2602,2602,debit_card,1,2790.86
2603,2603,voucher,1,3179.61
2604,2604,debit_card,1,394.37
2605,2605,debit_card,1,164.09
2606,2606,boleto,1,1591.22
2607,2607,boleto,1,2930.32
2608,2608,boleto,1,2053.09
2609,2609,voucher,1,215.56
2610,2610,boleto,1,3180.05
2611,2611,boleto,1,366.73
2612,2612,debit_card,1,378.74
2613,2613,boleto,1,5494.76
2614,2614,credit_card,1,144.88
2615,2615,boleto,1,4062.13
2616,2616,voucher,1,471.41
2617,2617,debit_card,1,243.12
2618,2618,credit_card,4,1748.44
2619,2619,credit_card,2,456.85
2620,2620,debit_card,1,132.58
2621,2621,credit_card,1,92.29
2622,2622,boleto,1,894.42
2623,2623,boleto,1,3603.2
2624,2624,debit_card,1,486.31
2625,2625,credit_card,1,4294.78
2626,2626,voucher,1,8811.62
2627,2627,credit_card,3,1357.21
2628,2628,credit_card,1,255.62
2629,2629,boleto,1,185.62
2630,2630,voucher,1,895.0
2631,2631,voucher,1,1974.24
2632,2632,voucher,1,76.98
2633,2633,boleto,1,907.13
2634,2634,credit_card,4,705.45
2635,2635,debit_card,1,591.22
2636,2636,debit_card,1,1204.07
2637,2637,debit_card,1,7812.91
2638,2638,boleto,1,3602.32
2639,2639,voucher,1,1782.79
2640,2640,credit_card,1,1180.43
2641,2641,boleto,1,736.95
2642,2642,boleto,1,2072.84
2643,2643,voucher,1,118.86
2644,2644,debit_card,1,688.07
2645,2645,voucher,1,4392.36
2646,2646,credit_card,1,6289.78
2647,2647,credit_card,1,5447.29
2648,2648,boleto,1,112.31
2649,2649,credit_card,1,117.28
2650,2650,boleto,1,5151.26
2651,2651,credit_card,1,252.55
2652,2652,credit_card,1,536.6
2653,2653,credit_card,1,342.69
2654,2654,voucher,1,1401.2
2655,2655,boleto,1,2499.42
2656,2656,boleto,1,3815.1
2657,2657,credit_card,1,1956.59
2658,2658,credit_card,2,868.11
2659,2659,boleto,1,1445.84
2660,2660,voucher,1,727.52
2661,2661,boleto,1,1280.27
2662,2662,credit_card,4,5748.53
2663,2663,credit_card,1,3413.78
2664,2664,boleto,1,2062.68
2665,2665,voucher,1,165.67
2666,2666,credit_card,6,200.56
2667,2667,credit_card,1,155.25
2668,2668,debit_card,1,294.15
2669,2669,voucher,1,571.54
2670,2670,debit_card,1,534.14
2671,2671,credit_card,1,113.88
2672,2672,boleto,1,1835.93
2673,2673,credit_card,4,548.39
2674,2674,credit_card,1,322.96
2675,2675,boleto,1,6982.87
2676,2676,boleto,1,2788.17
2677,2677,credit_card,4,682.28
2678,2678,boleto,1,56.4
2679,2679,credit_card,1,89.54
2680,2680,credit_card,1,852.88
2681,2681,voucher,1,4022.4
2682,2682,debit_card,1,1645.0
2683,2683,boleto,1,6391.06
2684,2684,boleto,1,5432.04
2685,2685,voucher,1,1083.57
2686,2686,boleto,1,413.94
2687,2687,boleto,1,2535.67
2688,2688,credit_card,2,1887.54
2689,2689,credit_card,10,507.16
2690,2690,voucher,1,4124.91
2691,2691,voucher,1,2299.39
2692,2692,debit_card,1,2320.92
2693,2693,boleto,1,113.82
2694,2694,credit_card,3,5521.72
2695,2695,voucher,1,755.74
2696,2696,credit_card,1,1885.24
2697,2697,boleto,1,3578.47
2698,2698,credit_card,1,115.75
2699,2699,voucher,1,364.83
2700,2700,debit_card,1,4033.75
2701,2701,credit_card,10,452.71
2702,2702,debit_card,1,6567.57
2703,2703,credit_card,1,344.09
2704,2704,voucher,1,273.38
2705,2705,debit_card,1,151.47
2706,2706,credit_card,1,2925.21
2707,2707,voucher,1,993.05
2708,2708,credit_card,2,282.06
2709,2709,debit_card,1,576.49
2710,2710,boleto,1,1523.12
2711,2711,voucher,1,483.13
2712,2712,boleto,1,4596.61
2713,2713,credit_card,1,3330.04
2714,2714,debit_card,1,1842.48
2715,2715,voucher,1,208.91
2716,2716,voucher,1,391.4
2717,2717,voucher,1,1013.06
2718,2718,credit_card,1,5045.89
2719,2719,debit_card,1,1057.25
2720,2720,credit_card,1,368.53
2721,2721,boleto,1,6411.53
2722,2722,debit_card,1,3850.98
2723,2723,voucher,1,1297.68
2724,2724,boleto,1,123.24
2725,2725,credit_card,4,3593.13
2726,2726,voucher,1,987.4
2727,2727,voucher,1,2452.37
2728,2728,voucher,1,2595.41
2729,2729,debit_card,1,1984.46
2730,2730,debit_card,1,2196.73
2731,2731,boleto,1,633.25
2732,2732,debit_card,1,3497.35
2733,2733,credit_card,1,1330.43
2734,2734,credit_card,1,160.01
2735,2735,debit_card,1,1729.96
2736,2736,credit_card,6,1062.79
2737,2737,voucher,1,3838.93
2738,2738,boleto,1,2254.68
2739,2739,voucher,1,422.32
2740,2740,boleto,1,1123.09
2741,2741,voucher,1,1013.44
2742,2742,voucher,1,5088.9
2743,2743,voucher,1,9503.24
2744,2744,credit_card,1,473.42
2745,2745,debit_card,1,432.22
2746,2746,debit_card,1,2997.29
2747,2747,credit_card,1,2075.57
2748,2748,boleto,1,202.11
2749,2749,boleto,1,213.71
2750,2750,debit_card,1,4601.95
2751,2751,voucher,1,1046.46
2752,2752,debit_card,1,666.48
2753,2753,boleto,1,621.99
2754,2754,boleto,1,7549.54
2755,2755,credit_card,1,4829.28
2756,2756,debit_card,1,927.25
2757,2757,credit_card,1,1937.05
2758,2758,credit_card,1,726.02
2759,2759,boleto,1,4228.98
2760,2760,credit_card,1,767.5
2761,2761,boleto,1,1281.02
2762,2762,voucher,1,2456.09
2763,2763,debit_card,1,367.07
2764,2764,credit_card,2,2737.92
2765,2765,voucher,1,2079.45
2766,2766,credit_card,1,60.84
2767,2767,debit_card,1,88.32
2768,2768,boleto,1,778.59
2769,2769,credit_card,1,4000.55
2770,2770,boleto,1,1624.36
2771,2771,voucher,1,3780.81
2772,2772,boleto,1,6867.12
2773,2773,boleto,1,2189.24
2774,2774,debit_card,1,1980.77
2775,2775,voucher,1,1775.99
2776,2776,voucher,1,428.56
2777,2777,credit_card,2,5907.29
2778,2778,boleto,1,2972.37
2779,2779,debit_card,1,1975.7
2780,2780,debit_card,1,3482.19
2781,2781,debit_card,1,543.43
2782,2782,credit_card,1,185.66
2783,2783,credit_card,6,1395.99
2784,2784,credit_card,3,699.2
2785,2785,credit_card,3,524.81
2786,2786,voucher,1,378.88
2787,2787,credit_card,1,1074.67
2788,2788,voucher,1,299.86
2789,2789,debit_card,1,137.05
2790,2790,credit_card,3,1381.86
2791,2791,boleto,1,3573.66
2792,2792,credit_card,4,9064.95
2793,2793,debit_card,1,116.98
2794,2794,debit_card,1,4399.06
2795,2795,credit_card,1,8325.99
2796,2796,credit_card,10,2504.12
2797,2797,credit_card,3,7993.56
2798,2798,boleto,1,1083.07
2799,2799,boleto,1,8133.71
2800,2800,boleto,1,342.19
2801,2801,credit_card,2,1725.4
2802,2802,credit_card,1,7791.63
2803,2803,debit_card,1,405.11
2804,2804,voucher,1,540.72
2805,2805,boleto,1,2933.92
2806,2806,boleto,1,1516.16
2807,2807,credit_card,6,1042.99
2808,2808,voucher,1,514.82
2809,2809,voucher,1,9759.33
2810,2810,boleto,1,514.43
2811,2811,boleto,1,296.59
2812,2812,credit_card,1,209.64
2813,2813,boleto,1,4379.44
2814,2814,credit_card,1,1963.66
2815,2815,debit_card,1,248.44
2816,2816,credit_card,1,9969.87
2817,2817,debit_card,1,2948.27
2818,2818,credit_card,1,91.07
2819,2819,credit_card,1,4266.24
2820,2820,debit_card,1,561.61
2821,2821,credit_card,3,3736.15
2822,2822,voucher,1,3099.32
2823,2823,credit_card,6,1179.81
2824,2824,debit_card,1,256.7
2825,2825,voucher,1,5703.01
2826,2826,voucher,1,831.97
2827,2827,voucher,1,632.34
2828,2828,boleto,1,2515.71
2829,2829,debit_card,1,570.2
2830,2830,boleto,1,1264.63
2831,2831,debit_card,1,173.19
2832,2832,debit_card,1,358.7
2833,2833,credit_card,1,2921.89
2834,2834,boleto,1,1595.93
2835,2835,credit_card,1,1742.56
2836,2836,voucher,1,2557.97
2837,2837,boleto,1,607.35
2838,2838,voucher,1,5543.38
2839,2839,debit_card,1,4014.33
2840,2840,voucher,1,1712.23
2841,2841,voucher,1,1791.86
2842,2842,debit_card,1,294.19
2843,2843,boleto,1,4261.6
2844,2844,boleto,1,210.63
2845,2845,boleto,1,126.45
2846,2846,credit_card,1,1001.24
2847,2847,credit_card,1,880.07
2848,2848,debit_card,1,763.72
2849,2849,debit_card,1,269.16
2850,2850,voucher,1,75.06
2851,2851,voucher,1,6904.63
2852,2852,voucher,1,1352.53
2853,2853,voucher,1,569.27
2854,2854,credit_card,1,6149.53
2855,2855,boleto,1,1187.73
2856,2856,boleto,1,867.67
2857,2857,debit_card,1,187.15
2858,2858,credit_card,1,514.36
2859,2859,credit_card,1,276.72
2860,2860,credit_card,3,488.04
2861,2861,voucher,1,1145.13
2862,2862,credit_card,4,5002.69
2863,2863,boleto,1,1897.44
2864,2864,debit_card,1,476.98
2865,2865,boleto,1,4927.37
2866,2866,voucher,1,5379.68
2867,2867,voucher,1,2316.17
2868,2868,voucher,1,155.51
2869,2869,debit_card,1,8165.59
2870,2870,credit_card,1,2020.24
2871,2871,voucher,1,1467.51
2872,2872,voucher,1,1152.25
2873,2873,voucher,1,2433.11
2874,2874,debit_card,1,1379.32
2875,2875,debit_card,1,1030.95
2876,2876,debit_card,1,587.12
2877,2877,debit_card,1,153.45
2878,2878,voucher,1,183.62
2879,2879,credit_card,1,3071.74
2880,2880,boleto,1,627.63
2881,2881,debit_card,1,1914.92
2882,2882,voucher,1,334.4
2883,2883,credit_card,2,566.5
2884,2884,credit_card,4,7602.43
2885,2885,credit_card,1,60.36
2886,2886,boleto,1,5287.14
2887,2887,voucher,1,4296.73
2888,2888,boleto,1,5740.74
2889,2889,voucher,1,1973.8
2890,2890,debit_card,1,1325.71
2891,2891,voucher,1,1329.95
2892,2892,boleto,1,122.35
2893,2893,voucher,1,5603.14
2894,2894,credit_card,1,291.56
2895,2895,credit_card,6,221.44
2896,2896,voucher,1,1285.9
2897,2897,boleto,1,2997.87
2898,2898,boleto,1,1501.1
2899,2899,credit_card,4,6854.88
2900,2900,boleto,1,142.35
2901,2901,voucher,1,2969.42
2902,2902,boleto,1,755.06
2903,2903,debit_card,1,2044.49
2904,2904,debit_card,1,1174.59
2905,2905,voucher,1,8395.34
2906,2906,boleto,1,5742.09
2907,2907,debit_card,1,103.27
2908,2908,voucher,1,621.21
2909,2909,boleto,1,1143.65
2910,2910,debit_card,1,1776.1
2911,2911,boleto,1,479.27
2912,2912,voucher,1,753.46
2913,2913,boleto,1,604.98
2914,2914,credit_card,3,1182.09
2915,2915,debit_card,1,3058.84
2916,2916,debit_card,1,1151.91
2917,2917,boleto,1,187.77
2918,2918,boleto,1,73.6
2919,2919,debit_card,1,41.5
2920,2920,debit_card,1,4920.8
2921,2921,voucher,1,907.65
2922,2922,boleto,1,6399.11
2923,2923,boleto,1,313.77
2924,2924,credit_card,3,1229.05
2925,2925,debit_card,1,1720.1
2926,2926,boleto,1,5818.7
2927,2927,debit_card,1,1445.03
2928,2928,debit_card,1,1496.24
2929,2929,debit_card,1,327.32
2930,2930,debit_card,1,1845.3
2931,2931,debit_card,1,1665.4
2932,2932,credit_card,3,5114.09
2933,2933,credit_card,1,2710.62
2934,2934,boleto,1,1504.98
2935,2935,voucher,1,591.84
2936,2936,boleto,1,945.27
2937,2937,boleto,1,569.61
2938,2938,boleto,1,2007.41
2939,2939,credit_card,1,507.09
2940,2940,voucher,1,4028.44
2941,2941,voucher,1,1280.76
2942,2942,credit_card,1,745.65
2943,2943,credit_card,1,918.96
2944,2944,boleto,1,963.52
2945,2945,boleto,1,3433.4
2946,2946,voucher,1,303.39
2947,2947,debit_card,1,168.37
2948,2948,boleto,1,5759.79
2949,2949,voucher,1,2265.29
2950,2950,boleto,1,1209.25
2951,2951,debit_card,1,2320.25
2952,2952,voucher,1,6565.46
2953,2953,credit_card,1,256.21
2954,2954,boleto,1,42.95
2955,2955,voucher,1,1129.23
2956,2956,credit_card,10,3085.53
2957,2957,boleto,1,2569.24
2958,2958,debit_card,1,271.98
2959,2959,debit_card,1,1012.6
2960,2960,voucher,1,2447.74
2961,2961,boleto,1,3582.49
2962,2962,debit_card,1,1137.02
2963,2963,voucher,1,775.81
2964,2964,debit_card,1,131.88
2965,2965,voucher,1,5953.32
2966,2966,debit_card,1,328.66
2967,2967,debit_card,1,3627.25
2968,2968,debit_card,1,5386.29
2969,2969,credit_card,1,226.87
2970,2970,credit_card,1,249.59
2971,2971,debit_card,1,374.48
2972,2972,boleto,1,2768.56
2973,2973,boleto,1,2886.24
2974,2974,boleto,1,829.55
2975,2975,credit_card,1,3181.92
2976,2976,boleto,1,5219.28
2977,2977,credit_card,10,373.08
2978,2978,credit_card,1,990.1
2979,2979,voucher,1,4227.81
2980,2980,boleto,1,1225.93
2981,2981,credit_card,2,753.98
2982,2982,debit_card,1,2335.21
2983,2983,credit_card,10,400.64
2984,2984,credit_card,6,1170.19
2985,2985,debit_card,1,752.17
2986,2986,boleto,1,600.1
2987,2987,debit_card,1,1907.84
2988,2988,boleto,1,4040.14
2989,2989,debit_card,1,228.67
2990,2990,voucher,1,768.63
2991,2991,credit_card,1,5067.13
2992,2992,credit_card,1,427.66
2993,2993,voucher,1,1164.7
2994,2994,boleto,1,2802.67
2995,2995,credit_card,4,1831.54
2996,2996,boleto,1,911.51
2997,2997,debit_card,1,526.18
2998,2998,credit_card,3,8255.21
2999,2999,voucher,1,7059.8
3000,3000,voucher,1,5295.4
3001,3001,credit_card,1,484.74
3002,3002,voucher,1,1327.28
3003,3003,boleto,1,712.55
3004,3004,debit_card,1,186.02
3005,3005,boleto,1,4723.65
3006,3006,voucher,1,193.25
3007,3007,credit_card,2,1411.3
3008,3008,voucher,1,490.93
3009,3009,debit_card,1,220.37
3010,3010,voucher,1,1516.4
3011,3011,voucher,1,964.29
3012,3012,credit_card,1,112.73
3013,3013,voucher,1,7275.08
3014,3014,credit_card,4,843.85
3015,3015,voucher,1,2983.19
3016,3016,debit_card,1,1385.7
3017,3017,debit_card,1,2588.69
3018,3018,debit_card,1,1608.92
3019,3019,boleto,1,1245.22
3020,3020,voucher,1,254.91
3021,3021,credit_card,1,114.53
3022,3022,credit_card,1,236.17
3023,3023,voucher,1,189.86
3024,3024,boleto,1,4136.66
3025,3025,credit_card,10,625.59
3026,3026,debit_card,1,1310.19
3027,3027,boleto,1,656.39
3028,3028,voucher,1,68.95
3029,3029,credit_card,1,1736.3
3030,3030,voucher,1,81.51
3031,3031,voucher,1,1431.75
3032,3032,boleto,1,3257.2
3033,3033,credit_card,6,530.86
3034,3034,debit_card,1,7507.0
3035,3035,boleto,1,4074.56
3036,3036,boleto,1,1075.23
3037,3037,credit_card,1,2839.17
3038,3038,debit_card,1,2298.38
3039,3039,boleto,1,940.23
3040,3040,boleto,1,4635.2
3041,3041,debit_card,1,5783.5
3042,3042,debit_card,1,384.99
3043,3043,voucher,1,3033.63
3044,3044,boleto,1,5537.87
3045,3045,credit_card,1,287.33
3046,3046,boleto,1,3032.37
3047,3047,debit_card,1,137.4
3048,3048,boleto,1,672.39
3049,3049,debit_card,1,1619.46
3050,3050,boleto,1,592.05
3051,3051,debit_card,1,2806.75
3052,3052,credit_card,1,1457.3
3053,3053,voucher,1,3911.25
3054,3054,boleto,1,4134.1
3055,3055,voucher,1,711.71
3056,3056,voucher,1,268.93
3057,3057,voucher,1,594.61
3058,3058,voucher,1,1939.88
3059,3059,voucher,1,3533.6
3060,3060,debit_card,1,1421.34
3061,3061,boleto,1,1354.99
3062,3062,debit_card,1,384.59
3063,3063,boleto,1,647.86
3064,3064,credit_card,1,2076.49
3065,3065,credit_card,1,382.38
3066,3066,boleto,1,5253.53
3067,3067,credit_card,4,901.58
3068,3068,debit_card,1,2027.45
3069,3069,credit_card,1,264.46
3070,3070,boleto,1,353.49
3071,3071,boleto,1,1114.92
3072,3072,boleto,1,2703.62
3073,3073,debit_card,1,197.51
3074,3074,credit_card,10,1485.84
3075,3075,voucher,1,406.77
3076,3076,boleto,1,5012.8
3077,3077,credit_card,3,1833.15
3078,3078,voucher,1,399.67
3079,3079,credit_card,1,229.88
3080,3080,credit_card,1,605.43
3081,3081,voucher,1,381.88
3082,3082,voucher,1,3540.89
3083,3083,boleto,1,1453.76
3084,3084,debit_card,1,130.29
3085,3085,credit_card,1,67.27
3086,3086,credit_card,1,8910.54
3087,3087,debit_card,1,1022.99
3088,3088,voucher,1,370.58
3089,3089,boleto,1,2411.39
3090,3090,voucher,1,155.26
3091,3091,boleto,1,348.64
3092,3092,voucher,1,6133.86
3093,3093,voucher,1,267.97
3094,3094,boleto,1,1533.31
3095,3095,debit_card,1,5985.95
3096,3096,debit_card,1,672.56
3097,3097,credit_card,1,2002.11
3098,3098,boleto,1,367.87
3099,3099,boleto,1,1526.55
3100,3100,credit_card,4,445.18
3101,3101,boleto,1,848.57
3102,3102,credit_card,6,1883.26
3103,3103,credit_card,1,556.68
3104,3104,voucher,1,3416.1
3105,3105,boleto,1,422.93
3106,3106,boleto,1,998.36
3107,3107,boleto,1,82.08
3108,3108,voucher,1,518.7
3109,3109,debit_card,1,326.2
3110,3110,boleto,1,283.58
3111,3111,voucher,1,2068.03
3112,3112,boleto,1,2730.02
3113,3113,credit_card,1,7323.51
3114,3114,voucher,1,136.42
3115,3115,credit_card,1,1188.15
3116,3116,boleto,1,498.07
3117,3117,voucher,1,3026.48
3118,3118,credit_card,10,2350.37
3119,3119,boleto,1,3113.77
3120,3120,voucher,1,606.51
3121,3121,boleto,1,185.75
3122,3122,boleto,1,169.87
3123,3123,credit_card,1,358.25
3124,3124,debit_card,1,184.55
3125,3125,boleto,1,754.74
3126,3126,debit_card,1,1084.64
3127,3127,boleto,1,64.38
3128,3128,boleto,1,640.14
3129,3129,debit_card,1,198.02
3130,3130,debit_card,1,938.03
3131,3131,boleto,1,965.65
3132,3132,debit_card,1,2253.4
3133,3133,credit_card,10,444.21
3134,3134,voucher,1,79.73
3135,3135,voucher,1,1352.92
3136,3136,debit_card,1,6089.93
3137,3137,boleto,1,7059.0
3138,3138,voucher,1,3174.28
3139,3139,boleto,1,338.64
3140,3140,voucher,1,349.43
3141,3141,boleto,1,2165.04
3142,3142,credit_card,1,1834.3
3143,3143,debit_card,1,7814.65
3144,3144,credit_card,1,270.36
3145,3145,boleto,1,1022.38
3146,3146,credit_card,2,287.65
3147,3147,debit_card,1,4797.62
3148,3148,boleto,1,3028.72
3149,3149,credit_card,1,1478.88
3150,3150,debit_card,1,117.8
3151,3151,debit_card,1,2625.84
3152,3152,debit_card,1,219.87
3153,3153,boleto,1,1124.6
3154,3154,boleto,1,3137.17
3155,3155,voucher,1,1761.5
3156,3156,voucher,1,3244.51
3157,3157,debit_card,1,169.65
3158,3158,boleto,1,2563.49
3159,3159,credit_card,1,1430.86
3160,3160,debit_card,1,131.85
3161,3161,debit_card,1,1497.1
3162,3162,boleto,1,1737.89
3163,3163,voucher,1,3467.1
3164,3164,debit_card,1,3725.86
3165,3165,voucher,1,2891.56
3166,3166,debit_card,1,2136.54
3167,3167,credit_card,1,8464.11
3168,3168,credit_card,4,2411.34
3169,3169,voucher,1,437.67
3170,3170,voucher,1,335.64
3171,3171,boleto,1,3257.9
3172,3172,boleto,1,3154.53
3173,3173,boleto,1,263.31
3174,3174,voucher,1,1625.71
3175,3175,credit_card,6,661.66
3176,3176,debit_card,1,1618.34
3177,3177,boleto,1,615.2
3178,3178,debit_card,1,4140.6
3179,3179,debit_card,1,289.41
3180,3180,credit_card,1,2155.29
3181,3181,debit_card,1,1647.28
3182,3182,credit_card,6,216.83
3183,3183,boleto,1,2444.19
3184,3184,credit_card,4,3556.3
3185,3185,boleto,1,209.7
3186,3186,credit_card,1,141.23
3187,3187,credit_card,10,2427.3
3188,3188,credit_card,3,254.08
3189,3189,credit_card,2,201.72
3190,3190,debit_card,1,273.39
3191,3191,credit_card,1,158.68
3192,3192,voucher,1,4305.07
3193,3193,debit_card,1,1162.52
3194,3194,boleto,1,270.55
3195,3195,credit_card,1,1622.69
3196,3196,debit_card,1,3276.85
3197,3197,debit_card,1,2348.47
3198,3198,boleto,1,3240.08
3199,3199,debit_card,1,3360.24
3200,3200,voucher,1,1434.41
3201,3201,voucher,1,7042.76
3202,3202,voucher,1,742.25
3203,3203,boleto,1,790.46
3204,3204,debit_card,1,1522.72
3205,3205,credit_card,4,1766.84
3206,3206,boleto,1,225.79
3207,3207,voucher,1,327.53
3208,3208,debit_card,1,224.11
3209,3209,boleto,1,591.21
3210,3210,credit_card,1,77.8
3211,3211,boleto,1,198.63
3212,3212,credit_card,1,10271.83
3213,3213,voucher,1,228.81
3214,3214,debit_card,1,823.2
3215,3215,credit_card,1,91.1
3216,3216,voucher,1,1515.99
3217,3217,boleto,1,4396.26
3218,3218,debit_card,1,624.96
3219,3219,voucher,1,4677.47
3220,3220,boleto,1,69.95
3221,3221,voucher,1,898.33
3222,3222,boleto,1,1427.81
3223,3223,voucher,1,988.38
3224,3224,voucher,1,982.78
3225,3225,debit_card,1,3599.84
3226,3226,credit_card,1,235.3
3227,3227,voucher,1,279.85
3228,3228,boleto,1,949.41
3229,3229,debit_card,1,418.9
3230,3230,debit_card,1,288.4
3231,3231,boleto,1,2568.67
3232,3232,voucher,1,1546.05
3233,3233,debit_card,1,2345.14
3234,3234,boleto,1,271.03
3235,3235,debit_card,1,446.12
3236,3236,debit_card,1,2651.45
3237,3237,credit_card,1,131.84
3238,3238,boleto,1,1689.69
3239,3239,debit_card,1,877.04
3240,3240,voucher,1,117.05
3241,3241,boleto,1,7330.51
3242,3242,credit_card,3,848.97
3243,3243,debit_card,1,333.53
3244,3244,debit_card,1,576.62
3245,3245,voucher,1,708.09
3246,3246,debit_card,1,2652.71
3247,3247,boleto,1,5159.26
3248,3248,voucher,1,4231.38
3249,3249,boleto,1,3234.72
3250,3250,debit_card,1,1443.47
3251,3251,boleto,1,12084.18
3252,3252,voucher,1,4186.15
3253,3253,voucher,1,1020.28
3254,3254,voucher,1,521.72
3255,3255,voucher,1,144.62
3256,3256,credit_card,10,611.2
3257,3257,voucher,1,7670.81
3258,3258,credit_card,1,465.16
3259,3259,voucher,1,7851.1
3260,3260,debit_card,1,89.27
3261,3261,voucher,1,2467.37
3262,3262,boleto,1,2182.91
3263,3263,boleto,1,613.47
3264,3264,voucher,1,106.66
3265,3265,credit_card,1,3071.31
3266,3266,boleto,1,207.47
3267,3267,debit_card,1,1130.56
3268,3268,debit_card,1,1021.45
3269,3269,debit_card,1,766.95
3270,3270,debit_card,1,55.63
3271,3271,voucher,1,237.64
3272,3272,credit_card,10,2870.4
3273,3273,debit_card,1,83.31
3274,3274,debit_card,1,7332.3
3275,3275,debit_card,1,272.44
3276,3276,credit_card,1,1639.16
3277,3277,boleto,1,2453.21
3278,3278,boleto,1,322.68
3279,3279,credit_card,2,288.09
3280,3280,voucher,1,277.99
3281,3281,debit_card,1,159.65
3282,3282,voucher,1,1353.02
3283,3283,credit_card,1,3479.04
3284,3284,debit_card,1,3255.17
3285,3285,debit_card,1,7001.76
3286,3286,boleto,1,689.09
3287,3287,voucher,1,3940.39
3288,3288,debit_card,1,575.64
3289,3289,voucher,1,79.0
3290,3290,credit_card,4,2039.03
3291,3291,boleto,1,379.11
3292,3292,voucher,1,106.53
3293,3293,voucher,1,7385.78
3294,3294,credit_card,1,648.34
3295,3295,voucher,1,1942.12
3296,3296,debit_card,1,272.47
3297,3297,debit_card,1,2487.47
3298,3298,debit_card,1,332.81
3299,3299,credit_card,1,1011.94
3300,3300,boleto,1,1772.48
3301,3301,boleto,1,3726.97
3302,3302,voucher,1,7193.77
3303,3303,credit_card,1,495.42
3304,3304,debit_card,1,1102.59
3305,3305,voucher,1,1701.45
3306,3306,debit_card,1,547.6
3307,3307,boleto,1,1759.0
3308,3308,voucher,1,4758.81
3309,3309,debit_card,1,231.7
3310,3310,debit_card,1,345.6
3311,3311,debit_card,1,668.97
3312,3312,debit_card,1,6351.27
3313,3313,debit_card,1,361.29
3314,3314,boleto,1,223.48
3315,3315,boleto,1,63.67
3316,3316,voucher,1,2521.02
3317,3317,boleto,1,860.51
3318,3318,debit_card,1,283.42
3319,3319,boleto,1,458.05
3320,3320,voucher,1,3306.57
3321,3321,boleto,1,356.44
3322,3322,voucher,1,67.67
3323,3323,credit_card,1,1016.89
3324,3324,credit_card,4,2167.98
3325,3325,voucher,1,178.83
3326,3326,credit_card,6,2032.24
3327,3327,voucher,1,1169.61
3328,3328,voucher,1,47.19
3329,3329,debit_card,1,1390.51
3330,3330,credit_card,1,5889.1
3331,3331,credit_card,6,1347.23
3332,3332,voucher,1,3356.42
3333,3333,boleto,1,4295.83
3334,3334,voucher,1,5327.29
3335,3335,boleto,1,2201.04
3336,3336,credit_card,1,126.37
3337,3337,boleto,1,4824.21
3338,3338,boleto,1,2766.96
3339,3339,credit_card,4,222.44
3340,3340,voucher,1,5744.45
3341,3341,boleto,1,1163.29
3342,3342,credit_card,1,3867.34
3343,3343,voucher,1,145.08
3344,3344,credit_card,1,160.24
3345,3345,debit_card,1,948.75
3346,3346,credit_card,1,268.54
3347,3347,voucher,1,280.43
3348,3348,boleto,1,165.86
3349,3349,boleto,1,869.83
3350,3350,boleto,1,1891.6
3351,3351,credit_card,1,1707.76
3352,3352,debit_card,1,289.14
3353,3353,voucher,1,1684.77
3354,3354,voucher,1,912.98
3355,3355,voucher,1,7563.99
3356,3356,debit_card,1,739.0
3357,3357,debit_card,1,1505.85
3358,3358,debit_card,1,1186.31
3359,3359,credit_card,6,6114.87
3360,3360,voucher,1,1394.93
3361,3361,boleto,1,2152.93
3362,3362,boleto,1,5489.46
3363,3363,debit_card,1,409.12
3364,3364,credit_card,10,392.29
3365,3365,voucher,1,228.14
3366,3366,boleto,1,3540.54
3367,3367,credit_card,1,1472.59
3368,3368,debit_card,1,3346.21
3369,3369,voucher,1,1443.7
3370,3370,voucher,1,129.99
3371,3371,boleto,1,2361.97
3372,3372,debit_card,1,6626.37
3373,3373,boleto,1,16422.8
3374,3374,voucher,1,422.13
3375,3375,credit_card,10,3711.48
3376,3376,boleto,1,2728.21
3377,3377,boleto,1,7615.74
3378,3378,boleto,1,2414.32
3379,3379,voucher,1,2315.89
3380,3380,boleto,1,913.81
3381,3381,debit_card,1,242.53
3382,3382,voucher,1,113.38
3383,3383,debit_card,1,606.77
3384,3384,voucher,1,3561.13
3385,3385,credit_card,3,4150.96
3386,3386,boleto,1,2485.56
3387,3387,voucher,1,681.95
3388,3388,voucher,1,2972.23
3389,3389,debit_card,1,5588.64
3390,3390,debit_card,1,3396.92
3391,3391,debit_card,1,1804.29
3392,3392,debit_card,1,2046.61
3393,3393,voucher,1,8200.33
3394,3394,voucher,1,452.71
3395,3395,voucher,1,2835.74
3396,3396,boleto,1,365.42
3397,3397,credit_card,6,245.06
3398,3398,voucher,1,915.57
3399,3399,boleto,1,706.2
3400,3400,voucher,1,286.18
3401,3401,voucher,1,66.73
3402,3402,credit_card,4,353.73
3403,3403,debit_card,1,98.79
3404,3404,voucher,1,532.81
3405,3405,credit_card,1,4203.43
3406,3406,boleto,1,7275.45
3407,3407,boleto,1,272.41
3408,3408,voucher,1,1781.03
3409,3409,voucher,1,501.15
3410,3410,boleto,1,501.95
3411,3411,boleto,1,306.0
3412,3412,boleto,1,1667.69
3413,3413,boleto,1,58.23
3414,3414,voucher,1,2133.51
3415,3415,debit_card,1,2386.2
3416,3416,credit_card,3,466.22
3417,3417,debit_card,1,3036.04
3418,3418,voucher,1,292.82
3419,3419,debit_card,1,1593.01
3420,3420,voucher,1,342.35
3421,3421,boleto,1,2384.33
3422,3422,debit_card,1,1178.84
3423,3423,boleto,1,525.41
3424,3424,voucher,1,313.66
3425,3425,credit_card,1,4222.21
3426,3426,debit_card,1,1157.84
3427,3427,credit_card,1,2846.4
3428,3428,credit_card,4,792.79
3429,3429,credit_card,10,338.22
3430,3430,debit_card,1,5667.19
3431,3431,debit_card,1,2624.29
3432,3432,voucher,1,923.88
3433,3433,debit_card,1,90.45
3434,3434,voucher,1,7081.54
3435,3435,debit_card,1,1625.81
3436,3436,voucher,1,581.03
3437,3437,voucher,1,170.95
3438,3438,debit_card,1,5968.35
3439,3439,debit_card,1,475.3
3440,3440,debit_card,1,314.93
3441,3441,boleto,1,642.68
3442,3442,debit_card,1,5259.06
3443,3443,debit_card,1,2551.11
3444,3444,voucher,1,5908.74
3445,3445,credit_card,3,4359.6
3446,3446,debit_card,1,3443.77
3447,3447,debit_card,1,558.72
3448,3448,credit_card,10,505.56
3449,3449,voucher,1,138.54
3450,3450,debit_card,1,3606.28
3451,3451,debit_card,1,3537.06
3452,3452,boleto,1,65.7
3453,3453,credit_card,3,3198.25
3454,3454,credit_card,1,3690.06
3455,3455,debit_card,1,5787.31
3456,3456,credit_card,1,184.43
3457,3457,credit_card,1,123.13
3458,3458,credit_card,1,372.13
3459,3459,voucher,1,3555.85
3460,3460,credit_card,1,447.92
3461,3461,credit_card,3,557.92
3462,3462,debit_card,1,567.01
3463,3463,credit_card,1,1138.96
3464,3464,credit_card,1,711.68
3465,3465,credit_card,2,2114.44
3466,3466,boleto,1,369.99
3467,3467,credit_card,6,1585.43
3468,3468,credit_card,1,475.42
3469,3469,debit_card,1,2516.8
3470,3470,debit_card,1,819.65
3471,3471,debit_card,1,2163.82
3472,3472,voucher,1,2345.29
3473,3473,voucher,1,297.61
3474,3474,debit_card,1,104.79
3475,3475,credit_card,1,196.44
3476,3476,boleto,1,6607.07
3477,3477,voucher,1,2917.2
3478,3478,boleto,1,1083.27
3479,3479,boleto,1,2247.35
3480,3480,debit_card,1,1806.23
3481,3481,boleto,1,172.59
3482,3482,boleto,1,1863.42
3483,3483,voucher,1,3251.71
3484,3484,boleto,1,1768.63
3485,3485,credit_card,10,770.85
3486,3486,credit_card,1,1221.01
3487,3487,voucher,1,3570.26
3488,3488,voucher,1,363.79
3489,3489,voucher,1,1672.36
3490,3490,boleto,1,842.36
3491,3491,credit_card,6,810.21
3492,3492,boleto,1,1216.71
3493,3493,voucher,1,1436.8
3494,3494,credit_card,1,340.73
3495,3495,boleto,1,2611.32
3496,3496,credit_card,3,1627.2
3497,3497,boleto,1,514.1
3498,3498,boleto,1,2919.97
3499,3499,credit_card,1,3815.42
3500,3500,debit_card,1,305.2
3501,3501,boleto,1,1467.97
3502,3502,boleto,1,770.53
3503,3503,voucher,1,6204.39
3504,3504,debit_card,1,604.65
3505,3505,debit_card,1,129.22
3506,3506,boleto,1,2141.99
3507,3507,credit_card,3,369.29
3508,3508,boleto,1,2094.8
3509,3509,credit_card,3,736.85
3510,3510,credit_card,1,5351.24
3511,3511,voucher,1,507.1
3512,3512,debit_card,1,2265.86
3513,3513,boleto,1,4181.09
3514,3514,debit_card,1,6893.32
3515,3515,boleto,1,4490.67
3516,3516,credit_card,2,1557.44
3517,3517,debit_card,1,802.19
3518,3518,voucher,1,166.22
3519,3519,credit_card,1,1057.93
3520,3520,boleto,1,1342.6
3521,3521,voucher,1,1997.98
3522,3522,debit_card,1,276.17
3523,3523,boleto,1,177.73
3524,3524,credit_card,1,3271.79
3525,3525,debit_card,1,178.65
3526,3526,credit_card,3,713.99
3527,3527,credit_card,1,60.51
3528,3528,boleto,1,627.44
3529,3529,voucher,1,597.17
3530,3530,voucher,1,685.52
3531,3531,voucher,1,2535.14
3532,3532,voucher,1,259.88
3533,3533,debit_card,1,274.61
3534,3534,boleto,1,5845.59
3535,3535,debit_card,1,275.04
3536,3536,boleto,1,755.11
3537,3537,debit_card,1,552.33
3538,3538,boleto,1,340.4
3539,3539,boleto,1,199.43
3540,3540,debit_card,1,1394.99
3541,3541,debit_card,1,1805.29
3542,3542,boleto,1,2618.02
3543,3543,boleto,1,671.4
3544,3544,credit_card,1,319.26
3545,3545,credit_card,1,3472.61
3546,3546,boleto,1,1414.2
3547,3547,boleto,1,3006.69
3548,3548,debit_card,1,3179.44
3549,3549,boleto,1,192.6
3550,3550,voucher,1,1210.21
3551,3551,voucher,1,833.76
3552,3552,credit_card,4,2338.62
3553,3553,credit_card,4,1343.8
3554,3554,boleto,1,5802.26
3555,3555,voucher,1,4068.69
3556,3556,debit_card,1,1700.25
3557,3557,credit_card,3,1391.27
3558,3558,credit_card,1,2116.59
3559,3559,voucher,1,11610.33
3560,3560,boleto,1,1379.82
3561,3561,voucher,1,77.69
3562,3562,credit_card,2,329.03
3563,3563,credit_card,2,2076.83
3564,3564,voucher,1,73.69
3565,3565,boleto,1,1158.65
3566,3566,boleto,1,5633.07
3567,3567,debit_card,1,100.2
3568,3568,credit_card,1,4612.54
3569,3569,voucher,1,2280.17
3570,3570,debit_card,1,390.99
3571,3571,voucher,1,383.19
3572,3572,boleto,1,176.45
3573,3573,debit_card,1,1162.59
3574,3574,debit_card,1,796.91
3575,3575,voucher,1,289.65
3576,3576,voucher,1,3497.73
3577,3577,boleto,1,1144.81
3578,3578,credit_card,3,663.21
3579,3579,boleto,1,3525.07
3580,3580,boleto,1,6195.14
3581,3581,debit_card,1,2194.06
3582,3582,credit_card,3,3246.28
3583,3583,boleto,1,2575.72
3584,3584,credit_card,1,2809.83
3585,3585,boleto,1,1640.33
3586,3586,boleto,1,711.08
3587,3587,credit_card,1,322.71
3588,3588,boleto,1,2077.53
3589,3589,debit_card,1,5420.12
3590,3590,voucher,1,645.31
3591,3591,debit_card,1,960.79
3592,3592,credit_card,3,847.76
3593,3593,credit_card,1,2132.92
3594,3594,credit_card,1,981.54
3595,3595,credit_card,2,1127.85
3596,3596,voucher,1,1966.85
3597,3597,debit_card,1,1740.65
3598,3598,voucher,1,284.41
3599,3599,voucher,1,1501.4
3600,3600,voucher,1,1153.68
3601,3601,voucher,1,726.76
3602,3602,credit_card,1,732.48
3603,3603,voucher,1,1083.75
3604,3604,debit_card,1,2696.9
3605,3605,debit_card,1,253.98
3606,3606,boleto,1,2521.75
3607,3607,credit_card,1,110.3
3608,3608,boleto,1,743.04
3609,3609,debit_card,1,2202.46
3610,3610,debit_card,1,6926.39
3611,3611,credit_card,4,341.08
3612,3612,debit_card,1,250.26
3613,3613,credit_card,1,410.3
3614,3614,voucher,1,5632.66
3615,3615,voucher,1,446.86
3616,3616,debit_card,1,1342.22
3617,3617,boleto,1,512.63
3618,3618,credit_card,6,2588.88
3619,3619,voucher,1,2073.76
3620,3620,voucher,1,3497.17
3621,3621,voucher,1,106.76
3622,3622,voucher,1,779.1
3623,3623,debit_card,1,2445.77
3624,3624,boleto,1,111.96
3625,3625,credit_card,3,1416.22
3626,3626,boleto,1,470.91
3627,3627,debit_card,1,2342.76
3628,3628,credit_card,1,1216.32
3629,3629,credit_card,2,3295.82
3630,3630,debit_card,1,2834.03
3631,3631,debit_card,1,318.06
3632,3632,credit_card,1,2159.43
3633,3633,credit_card,2,991.68
3634,3634,debit_card,1,420.05
3635,3635,debit_card,1,467.32
3636,3636,voucher,1,1170.9
3637,3637,credit_card,1,518.96
3638,3638,credit_card,1,2882.54
3639,3639,voucher,1,2840.75
3640,3640,boleto,1,186.26
3641,3641,boleto,1,1053.7
3642,3642,boleto,1,1916.59
3643,3643,boleto,1,1165.81
3644,3644,debit_card,1,2621.39
3645,3645,credit_card,1,2777.13
3646,3646,credit_card,10,402.41
3647,3647,debit_card,1,1889.48
3648,3648,debit_card,1,494.42
3649,3649,credit_card,1,536.32
3650,3650,boleto,1,3228.05
3651,3651,credit_card,3,557.19
3652,3652,boleto,1,168.23
3653,3653,boleto,1,1775.06
3654,3654,boleto,1,612.06
3655,3655,credit_card,2,245.38
3656,3656,voucher,1,2097.17
3657,3657,credit_card,2,273.33
3658,3658,debit_card,1,6496.97
3659,3659,debit_card,1,318.24
3660,3660,boleto,1,4499.16
3661,3661,debit_card,1,631.75
3662,3662,boleto,1,2269.35
3663,3663,boleto,1,131.79
3664,3664,debit_card,1,428.01
3665,3665,credit_card,10,392.49
3666,3666,voucher,1,1382.45
3667,3667,boleto,1,2359.25
3668,3668,debit_card,1,3334.63
3669,3669,debit_card,1,5829.07
3670,3670,boleto,1,2632.13
3671,3671,voucher,1,146.49
3672,3672,boleto,1,1554.22
3673,3673,debit_card,1,1563.62
3674,3674,boleto,1,387.56
3675,3675,voucher,1,207.86
3676,3676,boleto,1,848.38
3677,3677,boleto,1,681.45
3678,3678,credit_card,4,2177.17
3679,3679,voucher,1,1078.82
3680,3680,credit_card,1,90.95
3681,3681,boleto,1,2222.91
3682,3682,voucher,1,4095.8
3683,3683,voucher,1,3007.44
3684,3684,debit_card,1,1397.68
3685,3685,boleto,1,1734.67
3686,3686,debit_card,1,321.43
3687,3687,voucher,1,89.53
3688,3688,boleto,1,252.76
3689,3689,debit_card,1,1611.57
3690,3690,voucher,1,123.64
3691,3691,debit_card,1,846.02
3692,3692,credit_card,1,113.93
3693,3693,debit_card,1,533.68
3694,3694,debit_card,1,6834.86
3695,3695,credit_card,1,3928.95
3696,3696,boleto,1,551.95
3697,3697,debit_card,1,401.92
3698,3698,credit_card,3,10825.2
3699,3699,debit_card,1,277.64
3700,3700,voucher,1,3279.63
3701,3701,debit_card,1,3396.31
3702,3702,debit_card,1,887.62
3703,3703,credit_card,3,884.83
3704,3704,boleto,1,2008.59
3705,3705,credit_card,1,4211.45
3706,3706,voucher,1,6001.52
3707,3707,credit_card,1,1172.82
3708,3708,boleto,1,1460.97
3709,3709,boleto,1,3804.45
3710,3710,boleto,1,1539.22
3711,3711,credit_card,10,3906.83
3712,3712,credit_card,1,708.68
3713,3713,voucher,1,538.43
3714,3714,boleto,1,1841.99
3715,3715,boleto,1,1789.01
3716,3716,debit_card,1,470.49
3717,3717,credit_card,10,410.37
3718,3718,voucher,1,1646.01
3719,3719,debit_card,1,3092.42
3720,3720,voucher,1,316.17
3721,3721,boleto,1,6843.23
3722,3722,voucher,1,160.88
3723,3723,debit_card,1,3564.56
3724,3724,voucher,1,3001.03
3725,3725,credit_card,1,115.33
3726,3726,debit_card,1,3936.87
3727,3727,voucher,1,99.04
3728,3728,debit_card,1,255.84
3729,3729,credit_card,2,3390.7
3730,3730,voucher,1,1320.1
3731,3731,debit_card,1,5155.08
3732,3732,debit_card,1,3122.81
3733,3733,voucher,1,366.61
3734,3734,boleto,1,1380.0
3735,3735,credit_card,1,6130.19
3736,3736,debit_card,1,3805.15
3737,3737,voucher,1,422.74
3738,3738,boleto,1,2089.17
3739,3739,voucher,1,4816.12
3740,3740,voucher,1,5321.35
3741,3741,credit_card,3,397.47
3742,3742,boleto,1,7278.6
3743,3743,credit_card,1,1707.9
3744,3744,credit_card,1,395.29
3745,3745,debit_card,1,2212.8
3746,3746,boleto,1,2321.93
3747,3747,debit_card,1,1099.76
3748,3748,credit_card,4,6837.76
3749,3749,credit_card,6,2845.72
3750,3750,debit_card,1,1847.67
3751,3751,credit_card,10,884.6
3752,3752,debit_card,1,3354.06
3753,3753,voucher,1,179.3
3754,3754,debit_card,1,4932.57
3755,3755,debit_card,1,741.63
3756,3756,voucher,1,4534.55
3757,3757,boleto,1,106.43
3758,3758,debit_card,1,537.72
3759,3759,credit_card,2,4807.6
3760,3760,voucher,1,222.88
3761,3761,credit_card,1,214.56
3762,3762,debit_card,1,1151.71
3763,3763,voucher,1,1921.22
3764,3764,debit_card,1,464.06
3765,3765,voucher,1,782.8
3766,3766,boleto,1,2543.01
3767,3767,voucher,1,3955.76
3768,3768,boleto,1,8673.1
3769,3769,debit_card,1,1002.72
3770,3770,boleto,1,104.02
3771,3771,voucher,1,2808.98
3772,3772,voucher,1,618.59
3773,3773,boleto,1,4392.48
3774,3774,boleto,1,1958.15
3775,3775,credit_card,4,1661.03
3776,3776,boleto,1,873.25
3777,3777,debit_card,1,529.54
3778,3778,debit_card,1,249.89
3779,3779,voucher,1,48.1
3780,3780,credit_card,1,3614.33
3781,3781,boleto,1,288.76
3782,3782,credit_card,3,5706.95
3783,3783,debit_card,1,446.15
3784,3784,boleto,1,842.57
3785,3785,voucher,1,2765.36
3786,3786,credit_card,6,389.88
3787,3787,credit_card,6,1658.09
3788,3788,debit_card,1,421.9
3789,3789,debit_card,1,476.4
3790,3790,boleto,1,2091.39
3791,3791,debit_card,1,278.2
3792,3792,voucher,1,66.1
3793,3793,boleto,1,370.31
3794,3794,boleto,1,1328.51
3795,3795,credit_card,1,101.09
3796,3796,debit_card,1,1415.81
3797,3797,voucher,1,158.82
3798,3798,boleto,1,173.54
3799,3799,credit_card,2,215.08
3800,3800,debit_card,1,6344.83
3801,3801,voucher,1,243.74
3802,3802,boleto,1,845.65
3803,3803,debit_card,1,1032.64
3804,3804,debit_card,1,4229.71
3805,3805,voucher,1,2666.95
3806,3806,voucher,1,1177.66
3807,3807,credit_card,1,280.26
3808,3808,debit_card,1,419.76
3809,3809,debit_card,1,4227.82
3810,3810,voucher,1,2100.06
3811,3811,credit_card,1,195.22
3812,3812,credit_card,1,603.19
3813,3813,boleto,1,145.81
3814,3814,boleto,1,9179.81
3815,3815,voucher,1,428.14
3816,3816,voucher,1,6708.47
3817,3817,boleto,1,6622.11
3818,3818,boleto,1,508.62
3819,3819,credit_card,6,1250.63
3820,3820,voucher,1,131.09
3821,3821,credit_card,1,2904.53
3822,3822,credit_card,1,7729.5
3823,3823,voucher,1,3212.96
3824,3824,credit_card,4,4542.35
3825,3825,debit_card,1,3224.25
3826,3826,credit_card,6,629.99
3827,3827,debit_card,1,1786.93
3828,3828,credit_card,1,1311.83
3829,3829,credit_card,6,475.37
3830,3830,debit_card,1,2641.47
3831,3831,credit_card,1,4226.83
3832,3832,credit_card,1,342.32
3833,3833,debit_card,1,807.31
3834,3834,voucher,1,3289.27
3835,3835,voucher,1,1515.08
3836,3836,boleto,1,3058.91
3837,3837,debit_card,1,715.05
3838,3838,debit_card,1,2305.63
3839,3839,debit_card,1,67.17
3840,3840,voucher,1,1070.26
3841,3841,voucher,1,1023.15
3842,3842,credit_card,1,3510.08
3843,3843,boleto,1,1930.86
3844,3844,debit_card,1,192.17
3845,3845,debit_card,1,146.72
3846,3846,boleto,1,60.3
3847,3847,boleto,1,1920.05
3848,3848,voucher,1,1313.27
3849,3849,boleto,1,944.56
3850,3850,debit_card,1,103.22
3851,3851,credit_card,1,226.45
3852,3852,voucher,1,1414.49
3853,3853,debit_card,1,596.03
3854,3854,voucher,1,392.28
3855,3855,credit_card,6,509.13
3856,3856,voucher,1,362.19
3857,3857,credit_card,1,1102.94
3858,3858,voucher,1,4481.15
3859,3859,voucher,1,8086.11
3860,3860,voucher,1,542.95
3861,3861,boleto,1,1293.58
3862,3862,boleto,1,1679.3
3863,3863,credit_card,1,4394.03
3864,3864,debit_card,1,760.03
3865,3865,credit_card,1,4624.82
3866,3866,voucher,1,2289.2
3867,3867,boleto,1,498.22
3868,3868,voucher,1,652.23
3869,3869,debit_card,1,3075.53
3870,3870,credit_card,3,283.64
3871,3871,boleto,1,1303.7
3872,3872,credit_card,4,5401.91
3873,3873,debit_card,1,910.25
3874,3874,boleto,1,579.96
3875,3875,voucher,1,104.99
3876,3876,credit_card,2,2442.81
3877,3877,boleto,1,1518.81
3878,3878,boleto,1,163.86
3879,3879,debit_card,1,1776.02
3880,3880,boleto,1,163.51
3881,3881,boleto,1,2764.94
3882,3882,credit_card,1,1388.16
3883,3883,debit_card,1,1539.62
3884,3884,credit_card,1,56.61
3885,3885,debit_card,1,133.41
3886,3886,credit_card,2,341.45
3887,3887,boleto,1,934.64
3888,3888,debit_card,1,3991.1
3889,3889,credit_card,1,3311.46
3890,3890,boleto,1,245.89
3891,3891,debit_card,1,3224.77
3892,3892,boleto,1,536.21
3893,3893,boleto,1,967.79
3894,3894,credit_card,3,648.02
3895,3895,debit_card,1,8749.97
3896,3896,boleto,1,2090.26
3897,3897,debit_card,1,82.01
3898,3898,boleto,1,839.61
3899,3899,credit_card,1,98.56
3900,3900,voucher,1,1154.8
3901,3901,voucher,1,1444.93
3902,3902,credit_card,6,1491.48
3903,3903,credit_card,1,264.1
3904,3904,boleto,1,5480.56
3905,3905,voucher,1,481.58
3906,3906,debit_card,1,2343.72
3907,3907,debit_card,1,1431.47
3908,3908,debit_card,1,4060.56
3909,3909,debit_card,1,1088.39
3910,3910,voucher,1,1184.8
3911,3911,debit_card,1,1345.51
3912,3912,debit_card,1,6645.34
3913,3913,voucher,1,1748.67
3914,3914,debit_card,1,991.98
3915,3915,boleto,1,224.18
3916,3916,voucher,1,1482.2
3917,3917,boleto,1,3364.45
3918,3918,boleto,1,2525.67
3919,3919,debit_card,1,1628.48
3920,3920,boleto,1,5079.44
3921,3921,credit_card,1,268.58
3922,3922,voucher,1,4801.29
3923,3923,debit_card,1,5517.31
3924,3924,voucher,1,213.97
3925,3925,credit_card,1,1481.79
3926,3926,credit_card,10,4115.72
3927,3927,credit_card,10,270.19
3928,3928,boleto,1,2206.83
3929,3929,debit_card,1,543.05
3930,3930,voucher,1,14717.35
3931,3931,voucher,1,437.25
3932,3932,boleto,1,3722.0
3933,3933,voucher,1,5031.44
3934,3934,voucher,1,2614.24
3935,3935,voucher,1,1787.44
3936,3936,boleto,1,419.9
3937,3937,boleto,1,424.66
3938,3938,credit_card,1,2934.71
3939,3939,boleto,1,2336.33
3940,3940,voucher,1,76.6
3941,3941,debit_card,1,273.98
3942,3942,boleto,1,7867.12
3943,3943,credit_card,4,1674.89
3944,3944,debit_card,1,1163.04
3945,3945,voucher,1,4293.56
3946,3946,credit_card,3,290.21
3947,3947,boleto,1,5308.38
3948,3948,debit_card,1,1586.09
3949,3949,debit_card,1,447.15
3950,3950,credit_card,10,3533.01
3951,3951,credit_card,1,210.68
3952,3952,boleto,1,5972.49
3953,3953,debit_card,1,318.41
3954,3954,debit_card,1,484.09
3955,3955,voucher,1,112.19
3956,3956,credit_card,1,170.17
3957,3957,boleto,1,5110.37
3958,3958,credit_card,6,3282.55
3959,3959,boleto,1,3062.99
3960,3960,credit_card,1,896.84
3961,3961,voucher,1,3574.8
3962,3962,voucher,1,2475.38
3963,3963,voucher,1,281.34
3964,3964,boleto,1,103.66
3965,3965,boleto,1,824.41
3966,3966,credit_card,1,345.04
3967,3967,debit_card,1,5873.71
3968,3968,debit_card,1,4597.42
3969,3969,voucher,1,4345.06
3970,3970,credit_card,1,307.65
3971,3971,debit_card,1,386.6
3972,3972,debit_card,1,408.58
3973,3973,credit_card,6,3550.72
3974,3974,credit_card,1,914.45
3975,3975,boleto,1,1008.55
3976,3976,credit_card,6,1913.91
3977,3977,debit_card,1,3881.76
3978,3978,credit_card,1,3723.74
3979,3979,credit_card,6,4272.95
3980,3980,voucher,1,2910.72
3981,3981,boleto,1,839.67
3982,3982,credit_card,1,1053.17
3983,3983,credit_card,1,107.19
3984,3984,credit_card,1,155.01
3985,3985,credit_card,6,4766.26
3986,3986,debit_card,1,1695.71
3987,3987,boleto,1,6444.01
3988,3988,voucher,1,420.86
3989,3989,voucher,1,428.11
3990,3990,voucher,1,193.76
3991,3991,voucher,1,1348.07
3992,3992,boleto,1,388.77
3993,3993,debit_card,1,8944.61
3994,3994,voucher,1,885.37
3995,3995,boleto,1,6021.36
3996,3996,credit_card,2,281.05
3997,3997,credit_card,1,3844.61
3998,3998,debit_card,1,3588.18
3999,3999,debit_card,1,906.14
4000,4000,debit_card,1,147.08
4001,4001,boleto,1,3443.64
4002,4002,credit_card,1,1352.46
4003,4003,debit_card,1,934.25
4004,4004,debit_card,1,3480.37
4005,4005,debit_card,1,423.39
4006,4006,boleto,1,5092.67
4007,4007,voucher,1,664.0
4008,4008,credit_card,3,916.44
4009,4009,debit_card,1,94.26
4010,4010,debit_card,1,3000.86
4011,4011,voucher,1,94.74
4012,4012,credit_card,4,710.27
4013,4013,debit_card,1,1913.5
4014,4014,debit_card,1,15401.21
4015,4015,boleto,1,2985.11
4016,4016,credit_card,6,432.37
4017,4017,boleto,1,75.03
4018,4018,voucher,1,1334.47
4019,4019,boleto,1,842.88
4020,4020,credit_card,2,222.19
4021,4021,credit_card,3,2694.52
4022,4022,debit_card,1,785.83
4023,4023,credit_card,1,1757.6
4024,4024,boleto,1,1035.84
4025,4025,voucher,1,86.46
4026,4026,debit_card,1,1042.18
4027,4027,voucher,1,2568.39
4028,4028,boleto,1,1247.13
4029,4029,debit_card,1,1284.3
4030,4030,voucher,1,249.28
4031,4031,voucher,1,1164.83
4032,4032,boleto,1,315.95
4033,4033,credit_card,3,5844.01
4034,4034,voucher,1,5265.57
4035,4035,boleto,1,4895.25
4036,4036,debit_card,1,2380.12
4037,4037,credit_card,4,1934.57
4038,4038,voucher,1,1437.72
4039,4039,boleto,1,3492.39
4040,4040,boleto,1,465.3
4041,4041,credit_card,2,3469.35
4042,4042,debit_card,1,417.97
4043,4043,voucher,1,1034.24
4044,4044,voucher,1,3608.74
4045,4045,boleto,1,4597.44
4046,4046,boleto,1,3268.86
4047,4047,voucher,1,10032.02
4048,4048,boleto,1,373.54
4049,4049,boleto,1,967.79
4050,4050,debit_card,1,4996.79
4051,4051,debit_card,1,257.19
4052,4052,voucher,1,382.9
4053,4053,boleto,1,233.22
4054,4054,boleto,1,373.59
4055,4055,credit_card,3,4935.19
4056,4056,debit_card,1,2455.88
4057,4057,debit_card,1,508.55
4058,4058,boleto,1,2284.59
4059,4059,credit_card,1,1743.59
4060,4060,credit_card,6,6255.05
4061,4061,voucher,1,566.59
4062,4062,credit_card,1,2392.5
4063,4063,credit_card,1,210.49
4064,4064,boleto,1,123.8
4065,4065,voucher,1,82.68
4066,4066,boleto,1,3279.3
4067,4067,credit_card,2,2635.43
4068,4068,boleto,1,1828.77
4069,4069,boleto,1,565.1
4070,4070,voucher,1,117.55
4071,4071,boleto,1,2655.96
4072,4072,debit_card,1,117.85
4073,4073,debit_card,1,3645.38
4074,4074,credit_card,2,3040.56
4075,4075,boleto,1,1754.32
4076,4076,debit_card,1,1120.78
4077,4077,debit_card,1,583.94
4078,4078,voucher,1,705.73
4079,4079,debit_card,1,4595.56
4080,4080,boleto,1,60.43
4081,4081,boleto,1,1859.22
4082,4082,debit_card,1,3680.96
4083,4083,credit_card,1,3920.4
4084,4084,debit_card,1,1502.66
4085,4085,boleto,1,3006.14
4086,4086,voucher,1,1380.42
4087,4087,voucher,1,1703.45
4088,4088,boleto,1,5040.82
4089,4089,voucher,1,950.4
4090,4090,debit_card,1,1122.84
4091,4091,voucher,1,890.44
4092,4092,debit_card,1,382.97
4093,4093,boleto,1,746.61
4094,4094,debit_card,1,1605.23
4095,4095,boleto,1,251.37
4096,4096,voucher,1,1510.16
4097,4097,debit_card,1,148.79
4098,4098,voucher,1,404.03
4099,4099,boleto,1,408.49
4100,4100,boleto,1,714.84
4101,4101,credit_card,2,6128.2
4102,4102,debit_card,1,260.32
4103,4103,boleto,1,1911.98
4104,4104,debit_card,1,5378.5
4105,4105,credit_card,3,2495.6
4106,4106,voucher,1,469.68
4107,4107,voucher,1,416.34
4108,4108,debit_card,1,838.93
4109,4109,voucher,1,307.93
4110,4110,voucher,1,1001.92
4111,4111,boleto,1,2461.16
4112,4112,debit_card,1,2692.95
4113,4113,credit_card,1,3060.47
4114,4114,voucher,1,300.56
4115,4115,credit_card,1,1991.23
4116,4116,credit_card,2,3049.12
4117,4117,boleto,1,1461.47
4118,4118,voucher,1,1090.68
4119,4119,credit_card,1,458.22
4120,4120,boleto,1,1917.91
4121,4121,credit_card,4,1110.72
4122,4122,voucher,1,1286.07
4123,4123,credit_card,3,1720.75
4124,4124,credit_card,1,645.95
4125,4125,boleto,1,2242.35
4126,4126,debit_card,1,3836.19
4127,4127,credit_card,1,105.87
4128,4128,credit_card,1,102.41
4129,4129,boleto,1,1485.95
4130,4130,credit_card,1,1559.88
4131,4131,boleto,1,1749.77
4132,4132,debit_card,1,6854.87
4133,4133,debit_card,1,3882.71
4134,4134,credit_card,4,292.73
4135,4135,boleto,1,1289.8
4136,4136,credit_card,4,568.93
4137,4137,voucher,1,4466.22
4138,4138,voucher,1,996.26
4139,4139,credit_card,6,4248.44
4140,4140,credit_card,3,5480.21
4141,4141,boleto,1,2715.99
4142,4142,credit_card,1,264.44
4143,4143,credit_card,3,5270.15
4144,4144,credit_card,4,200.16
4145,4145,voucher,1,406.4
4146,4146,boleto,1,746.93
4147,4147,debit_card,1,3274.49
4148,4148,boleto,1,2136.78
4149,4149,voucher,1,527.05
4150,4150,boleto,1,112.89
4151,4151,boleto,1,677.31
4152,4152,credit_card,2,1458.99
4153,4153,credit_card,6,818.6
4154,4154,voucher,1,2086.28
4155,4155,credit_card,4,492.26
4156,4156,debit_card,1,89.09
4157,4157,voucher,1,1748.29
4158,4158,boleto,1,2506.9
4159,4159,credit_card,1,1204.68
4160,4160,boleto,1,195.36
4161,4161,credit_card,3,384.99
4162,4162,boleto,1,1293.42
4163,4163,debit_card,1,128.88
4164,4164,credit_card,1,5039.6
4165,4165,debit_card,1,823.27
4166,4166,debit_card,1,511.35
4167,4167,credit_card,1,327.11
4168,4168,credit_card,3,487.79
4169,4169,voucher,1,1129.48
4170,4170,voucher,1,2197.75
4171,4171,debit_card,1,1836.91
4172,4172,boleto,1,855.44
4173,4173,credit_card,1,550.91
4174,4174,credit_card,10,297.34
4175,4175,debit_card,1,395.61
4176,4176,debit_card,1,1337.3
4177,4177,debit_card,1,1148.25
4178,4178,debit_card,1,4244.08
4179,4179,credit_card,2,418.36
4180,4180,voucher,1,604.12
4181,4181,credit_card,10,1061.86
4182,4182,credit_card,1,3819.78
4183,4183,voucher,1,1547.82
4184,4184,credit_card,1,160.0
4185,4185,voucher,1,2175.56
4186,4186,debit_card,1,1174.76
4187,4187,boleto,1,3078.99
4188,4188,voucher,1,2931.65
4189,4189,credit_card,1,7279.9
4190,4190,boleto,1,3869.42
4191,4191,debit_card,1,636.96
4192,4192,boleto,1,604.88
4193,4193,boleto,1,416.04
4194,4194,credit_card,6,7843.84
4195,4195,voucher,1,5087.54
4196,4196,boleto,1,241.83
4197,4197,debit_card,1,3949.69
4198,4198,boleto,1,41.98
4199,4199,voucher,1,890.91
4200,4200,debit_card,1,2283.89
4201,4201,voucher,1,64.51
4202,4202,debit_card,1,6169.74
4203,4203,debit_card,1,1625.44
4204,4204,voucher,1,370.02
4205,4205,boleto,1,312.65
4206,4206,debit_card,1,3473.83
4207,4207,debit_card,1,741.58
4208,4208,debit_card,1,1565.15
4209,4209,credit_card,4,3379.85
4210,4210,boleto,1,1385.64
4211,4211,voucher,1,187.22
4212,4212,credit_card,10,3126.94
4213,4213,credit_card,10,2511.69
4214,4214,debit_card,1,947.02
4215,4215,voucher,1,687.96
4216,4216,boleto,1,300.38
4217,4217,credit_card,1,3185.03
4218,4218,debit_card,1,2711.82
4219,4219,credit_card,1,486.33
4220,4220,credit_card,1,670.03
4221,4221,credit_card,1,3800.68
4222,4222,debit_card,1,7188.55
4223,4223,voucher,1,2400.51
4224,4224,debit_card,1,514.38
4225,4225,debit_card,1,1764.74
4226,4226,voucher,1,2566.95
4227,4227,credit_card,2,1902.21
4228,4228,credit_card,10,1912.69
4229,4229,credit_card,1,191.48
4230,4230,credit_card,1,149.58
4231,4231,voucher,1,1489.46
4232,4232,boleto,1,1232.56
4233,4233,boleto,1,349.13
4234,4234,boleto,1,5014.27
4235,4235,boleto,1,4313.38
4236,4236,boleto,1,768.48
4237,4237,boleto,1,1129.17
4238,4238,credit_card,1,83.06
4239,4239,voucher,1,3106.95
4240,4240,voucher,1,422.06
4241,4241,debit_card,1,824.74
4242,4242,voucher,1,1327.12
4243,4243,credit_card,1,164.92
4244,4244,debit_card,1,2327.69
4245,4245,boleto,1,839.45
4246,4246,boleto,1,2000.2
4247,4247,debit_card,1,999.98
4248,4248,debit_card,1,6892.92
4249,4249,debit_card,1,4963.78
4250,4250,voucher,1,70.8
4251,4251,credit_card,10,5201.04
4252,4252,debit_card,1,405.04
4253,4253,voucher,1,3239.65
4254,4254,debit_card,1,1881.49
4255,4255,debit_card,1,1002.76
4256,4256,boleto,1,2516.07
4257,4257,voucher,1,1398.24
4258,4258,voucher,1,831.54
4259,4259,debit_card,1,270.11
4260,4260,debit_card,1,4591.05
4261,4261,credit_card,2,3572.25
4262,4262,debit_card,1,534.59
4263,4263,debit_card,1,599.41
4264,4264,credit_card,2,288.45
4265,4265,credit_card,1,380.52
4266,4266,debit_card,1,294.69
4267,4267,boleto,1,4889.66
4268,4268,voucher,1,539.88
4269,4269,voucher,1,1475.27
4270,4270,voucher,1,2048.24
4271,4271,debit_card,1,379.55
4272,4272,credit_card,4,899.75
4273,4273,credit_card,1,2234.69
4274,4274,debit_card,1,886.87
4275,4275,debit_card,1,1250.73
4276,4276,credit_card,1,170.31
4277,4277,boleto,1,130.18
4278,4278,credit_card,1,1754.53
4279,4279,debit_card,1,983.44
4280,4280,debit_card,1,2408.27
4281,4281,voucher,1,416.57
4282,4282,credit_card,4,766.12
4283,4283,credit_card,1,2385.26
4284,4284,credit_card,1,1531.73
4285,4285,credit_card,1,1917.96
4286,4286,boleto,1,214.53
4287,4287,credit_card,3,242.87
4288,4288,voucher,1,3439.45
4289,4289,credit_card,6,365.08
4290,4290,voucher,1,3962.32
4291,4291,credit_card,10,4329.74
4292,4292,debit_card,1,463.37
4293,4293,credit_card,10,207.79
4294,4294,credit_card,2,1605.68
4295,4295,boleto,1,920.34
4296,4296,debit_card,1,832.35
4297,4297,debit_card,1,1457.82
4298,4298,boleto,1,168.26
4299,4299,voucher,1,539.28
4300,4300,boleto,1,263.03
4301,4301,voucher,1,1610.39
4302,4302,debit_card,1,436.13
4303,4303,voucher,1,1535.02
4304,4304,voucher,1,870.91
4305,4305,boleto,1,382.01
4306,4306,credit_card,10,2098.47
4307,4307,credit_card,1,2097.7
4308,4308,debit_card,1,1873.44
4309,4309,credit_card,1,2472.71
4310,4310,debit_card,1,431.41
4311,4311,debit_card,1,7038.21
4312,4312,debit_card,1,6451.49
4313,4313,debit_card,1,2032.45
4314,4314,voucher,1,953.62
4315,4315,boleto,1,2884.71
4316,4316,credit_card,1,4701.21
4317,4317,credit_card,3,6343.45
4318,4318,credit_card,4,3639.05
4319,4319,voucher,1,3855.21
4320,4320,voucher,1,2521.95
4321,4321,boleto,1,70.6
4322,4322,voucher,1,5678.04
4323,4323,credit_card,1,1240.69
4324,4324,debit_card,1,238.26
4325,4325,credit_card,6,1042.49
4326,4326,debit_card,1,4231.7
4327,4327,voucher,1,923.69
4328,4328,voucher,1,3840.91
4329,4329,credit_card,1,521.76
4330,4330,credit_card,6,4641.52
4331,4331,boleto,1,269.98
4332,4332,voucher,1,154.34
4333,4333,boleto,1,1219.21
4334,4334,boleto,1,2854.8
4335,4335,voucher,1,579.46
4336,4336,debit_card,1,964.85
4337,4337,voucher,1,86.51
4338,4338,debit_card,1,401.66
4339,4339,voucher,1,70.49
4340,4340,boleto,1,314.97
4341,4341,debit_card,1,2714.74
4342,4342,voucher,1,1074.6
4343,4343,debit_card,1,1968.86
4344,4344,voucher,1,381.91
4345,4345,credit_card,1,381.4
4346,4346,credit_card,2,1161.31
4347,4347,debit_card,1,728.95
4348,4348,boleto,1,1299.51
4349,4349,debit_card,1,239.93
4350,4350,debit_card,1,183.38
4351,4351,debit_card,1,148.23
4352,4352,credit_card,10,249.05
4353,4353,voucher,1,272.8
4354,4354,voucher,1,5703.06
4355,4355,boleto,1,880.72
4356,4356,voucher,1,1688.49
4357,4357,voucher,1,411.4
4358,4358,credit_card,1,80.44
4359,4359,voucher,1,704.31
4360,4360,debit_card,1,3529.9
4361,4361,voucher,1,2285.17
4362,4362,voucher,1,285.33
4363,4363,voucher,1,113.75
4364,4364,voucher,1,424.6
4365,4365,boleto,1,398.54
4366,4366,voucher,1,2894.57
4367,4367,boleto,1,290.05
4368,4368,debit_card,1,2067.85
4369,4369,voucher,1,5715.74
4370,4370,voucher,1,799.56
4371,4371,boleto,1,2557.02
4372,4372,credit_card,2,362.19
4373,4373,boleto,1,10428.69
4374,4374,credit_card,4,7563.52
4375,4375,voucher,1,253.59
4376,4376,voucher,1,8410.59
4377,4377,debit_card,1,1520.41
4378,4378,debit_card,1,166.4
4379,4379,credit_card,1,1662.68
4380,4380,debit_card,1,370.77
4381,4381,voucher,1,295.34
4382,4382,debit_card,1,1541.11
4383,4383,voucher,1,270.45
4384,4384,credit_card,1,397.18
4385,4385,boleto,1,546.76
4386,4386,credit_card,2,724.47
4387,4387,debit_card,1,304.67
4388,4388,voucher,1,307.07
4389,4389,boleto,1,1726.99
4390,4390,debit_card,1,553.05
4391,4391,voucher,1,1395.25
4392,4392,voucher,1,2826.45
4393,4393,debit_card,1,536.44
4394,4394,boleto,1,366.91
4395,4395,boleto,1,228.28
4396,4396,debit_card,1,832.72
4397,4397,voucher,1,523.91
4398,4398,voucher,1,361.17
4399,4399,credit_card,1,1144.19
4400,4400,voucher,1,1473.44
4401,4401,debit_card,1,368.85
4402,4402,debit_card,1,555.24
4403,4403,boleto,1,1576.75
4404,4404,boleto,1,976.35
4405,4405,debit_card,1,349.67
4406,4406,credit_card,1,949.83
4407,4407,boleto,1,488.41
4408,4408,debit_card,1,189.72
4409,4409,boleto,1,639.81
4410,4410,boleto,1,5203.21
4411,4411,voucher,1,255.78
4412,4412,debit_card,1,236.09
4413,4413,debit_card,1,5378.4
4414,4414,voucher,1,501.46
4415,4415,credit_card,2,405.42
4416,4416,boleto,1,2604.41
4417,4417,voucher,1,7174.63
4418,4418,credit_card,1,864.58
4419,4419,debit_card,1,171.96
4420,4420,credit_card,3,737.61
4421,4421,boleto,1,577.52
4422,4422,voucher,1,183.98
4423,4423,boleto,1,445.86
4424,4424,voucher,1,3668.64
4425,4425,boleto,1,3126.49
4426,4426,voucher,1,59.93
4427,4427,boleto,1,1179.56
4428,4428,credit_card,3,2061.96
4429,4429,credit_card,1,450.42
4430,4430,voucher,1,1775.39
4431,4431,boleto,1,1453.41
4432,4432,voucher,1,2762.73
4433,4433,boleto,1,5373.98
4434,4434,voucher,1,131.85
4435,4435,debit_card,1,313.36
4436,4436,boleto,1,1450.9
4437,4437,debit_card,1,913.73
4438,4438,debit_card,1,66.28
4439,4439,credit_card,2,7290.46
4440,4440,boleto,1,5378.94
4441,4441,debit_card,1,2807.09
4442,4442,voucher,1,348.68
4443,4443,credit_card,1,4317.75
4444,4444,credit_card,10,348.47
4445,4445,debit_card,1,94.78
4446,4446,debit_card,1,1771.06
4447,4447,boleto,1,877.71
4448,4448,debit_card,1,394.51
4449,4449,debit_card,1,1084.93
4450,4450,debit_card,1,1545.77
4451,4451,boleto,1,262.7
4452,4452,boleto,1,5241.15
4453,4453,voucher,1,78.38
4454,4454,voucher,1,2965.45
4455,4455,debit_card,1,1163.9
4456,4456,boleto,1,2107.07
4457,4457,debit_card,1,532.01
4458,4458,credit_card,1,270.04
4459,4459,credit_card,1,225.35
4460,4460,debit_card,1,2638.79
4461,4461,credit_card,1,2237.21
4462,4462,debit_card,1,4495.02
4463,4463,boleto,1,3749.7
4464,4464,boleto,1,4881.71
4465,4465,boleto,1,3679.01
4466,4466,boleto,1,65.64
4467,4467,credit_card,3,2228.31
4468,4468,credit_card,1,929.53
4469,4469,credit_card,3,788.47
4470,4470,debit_card,1,171.37
4471,4471,voucher,1,59.83
4472,4472,credit_card,1,3861.91
4473,4473,voucher,1,4989.8
4474,4474,boleto,1,848.7
4475,4475,boleto,1,746.91
4476,4476,boleto,1,1591.88
4477,4477,boleto,1,2946.27
4478,4478,voucher,1,405.3
4479,4479,credit_card,1,4150.5
4480,4480,voucher,1,1245.95
4481,4481,boleto,1,364.57
4482,4482,credit_card,3,3715.02
4483,4483,boleto,1,2893.25
4484,4484,voucher,1,309.54
4485,4485,voucher,1,1908.07
4486,4486,voucher,1,411.06
4487,4487,boleto,1,956.53
4488,4488,voucher,1,723.05
4489,4489,boleto,1,1117.92
4490,4490,credit_card,1,61.97
4491,4491,credit_card,4,1182.05
4492,4492,debit_card,1,6608.67
4493,4493,debit_card,1,2260.13
4494,4494,credit_card,1,2409.8
4495,4495,voucher,1,1982.09
4496,4496,debit_card,1,200.15
4497,4497,boleto,1,229.7
4498,4498,boleto,1,3241.07
4499,4499,debit_card,1,1064.86
4500,4500,voucher,1,1513.09
4501,4501,debit_card,1,6796.85
4502,4502,voucher,1,182.41
4503,4503,debit_card,1,1383.89
4504,4504,voucher,1,141.65
4505,4505,boleto,1,304.42
4506,4506,debit_card,1,269.22
4507,4507,voucher,1,4492.5
4508,4508,boleto,1,907.06
4509,4509,credit_card,1,1286.57
4510,4510,debit_card,1,272.59
4511,4511,debit_card,1,478.66
4512,4512,credit_card,6,1992.61
4513,4513,debit_card,1,54.39
4514,4514,boleto,1,472.78
4515,4515,debit_card,1,1688.92
4516,4516,debit_card,1,346.9
4517,4517,debit_card,1,438.3
4518,4518,voucher,1,4164.7
4519,4519,voucher,1,632.43
4520,4520,boleto,1,1807.72
4521,4521,debit_card,1,587.0
4522,4522,boleto,1,1618.05
4523,4523,credit_card,1,3590.35
4524,4524,boleto,1,2112.21
4525,4525,voucher,1,7033.21
4526,4526,voucher,1,3555.8
4527,4527,boleto,1,1503.65
4528,4528,credit_card,3,3243.98
4529,4529,voucher,1,3356.98
4530,4530,boleto,1,296.28
4531,4531,credit_card,2,2397.42
4532,4532,voucher,1,371.57
4533,4533,voucher,1,652.56
4534,4534,voucher,1,2675.97
4535,4535,voucher,1,202.52
4536,4536,debit_card,1,290.86
4537,4537,boleto,1,135.6
4538,4538,voucher,1,6865.11
4539,4539,debit_card,1,3373.79
4540,4540,boleto,1,1286.26
4541,4541,credit_card,1,175.86
4542,4542,boleto,1,1287.56
4543,4543,credit_card,6,904.79
4544,4544,credit_card,2,1853.41
4545,4545,credit_card,2,787.14
4546,4546,boleto,1,136.75
4547,4547,boleto,1,2138.08
4548,4548,voucher,1,186.64
4549,4549,boleto,1,192.79
4550,4550,boleto,1,2796.72
4551,4551,credit_card,1,119.64
4552,4552,voucher,1,722.51
4553,4553,boleto,1,3888.52
4554,4554,debit_card,1,555.51
4555,4555,boleto,1,4263.65
4556,4556,voucher,1,384.81
4557,4557,voucher,1,291.68
4558,4558,debit_card,1,3812.96
4559,4559,voucher,1,3605.08
4560,4560,debit_card,1,3389.73
4561,4561,credit_card,1,3192.04
4562,4562,boleto,1,2141.93
4563,4563,boleto,1,1346.45
4564,4564,debit_card,1,2157.79
4565,4565,boleto,1,182.64
4566,4566,debit_card,1,1903.38
4567,4567,debit_card,1,2190.06
4568,4568,credit_card,1,1787.08
4569,4569,debit_card,1,1660.49
4570,4570,debit_card,1,688.21
4571,4571,debit_card,1,297.23
4572,4572,credit_card,3,607.78
4573,4573,voucher,1,52.49
4574,4574,credit_card,1,2458.28
4575,4575,voucher,1,3498.66
4576,4576,boleto,1,155.71
4577,4577,credit_card,3,2725.13
4578,4578,debit_card,1,2686.45
4579,4579,debit_card,1,880.45
4580,4580,boleto,1,556.13
4581,4581,boleto,1,2771.88
4582,4582,boleto,1,3713.66
4583,4583,credit_card,1,497.33
4584,4584,credit_card,6,439.67
4585,4585,credit_card,1,276.08
4586,4586,debit_card,1,5085.72
4587,4587,credit_card,4,2139.91
4588,4588,debit_card,1,878.0
4589,4589,voucher,1,2258.1
4590,4590,credit_card,4,991.37
4591,4591,boleto,1,869.82
4592,4592,voucher,1,291.63
4593,4593,credit_card,1,47.08
4594,4594,credit_card,1,4716.29
4595,4595,boleto,1,2780.06
4596,4596,debit_card,1,370.74
4597,4597,credit_card,1,460.25
4598,4598,boleto,1,183.77
4599,4599,debit_card,1,177.65
4600,4600,voucher,1,184.92
4601,4601,voucher,1,273.15
4602,4602,debit_card,1,613.27
4603,4603,credit_card,6,439.54
4604,4604,boleto,1,1840.05
4605,4605,boleto,1,562.7
4606,4606,credit_card,1,1998.43
4607,4607,credit_card,1,1768.98
4608,4608,boleto,1,315.3
4609,4609,debit_card,1,110.58
4610,4610,debit_card,1,119.15
4611,4611,credit_card,1,1303.03
4612,4612,boleto,1,229.29
4613,4613,credit_card,6,643.27
4614,4614,voucher,1,318.71
4615,4615,boleto,1,1703.72
4616,4616,boleto,1,128.87
4617,4617,voucher,1,5949.04
4618,4618,debit_card,1,2537.43
4619,4619,voucher,1,233.1
4620,4620,debit_card,1,3395.85
4621,4621,debit_card,1,456.71
4622,4622,voucher,1,900.48
4623,4623,boleto,1,456.27
4624,4624,boleto,1,1846.35
4625,4625,boleto,1,115.5
4626,4626,voucher,1,1243.4
4627,4627,boleto,1,4764.5
4628,4628,debit_card,1,83.88
4629,4629,voucher,1,4494.75
4630,4630,credit_card,4,215.73
4631,4631,debit_card,1,987.12
4632,4632,credit_card,1,302.32
4633,4633,debit_card,1,3786.62
4634,4634,boleto,1,4796.49
4635,4635,credit_card,1,735.81
4636,4636,voucher,1,1714.19
4637,4637,debit_card,1,2780.92
4638,4638,voucher,1,1749.69
4639,4639,boleto,1,543.43
4640,4640,credit_card,4,899.59
4641,4641,debit_card,1,3149.52
4642,4642,credit_card,1,225.43
4643,4643,debit_card,1,2998.96
4644,4644,debit_card,1,1113.71
4645,4645,boleto,1,242.57
4646,4646,boleto,1,342.69
4647,4647,boleto,1,1198.44
4648,4648,voucher,1,101.86
4649,4649,credit_card,1,2247.66
4650,4650,voucher,1,631.39
4651,4651,credit_card,1,338.75
4652,4652,boleto,1,1604.1
4653,4653,credit_card,1,186.63
4654,4654,voucher,1,977.43
4655,4655,credit_card,1,189.04
4656,4656,debit_card,1,1134.46
4657,4657,debit_card,1,303.04
4658,4658,credit_card,1,435.85
4659,4659,voucher,1,2624.57
4660,4660,voucher,1,1351.11
4661,4661,debit_card,1,3016.0
4662,4662,debit_card,1,2220.74
4663,4663,voucher,1,4248.81
4664,4664,credit_card,1,1116.61
4665,4665,debit_card,1,269.19
4666,4666,credit_card,1,111.42
4667,4667,credit_card,1,166.3
4668,4668,voucher,1,1154.66
4669,4669,credit_card,1,82.59
4670,4670,credit_card,6,5471.73
4671,4671,voucher,1,231.73
4672,4672,credit_card,4,468.47
4673,4673,voucher,1,433.12
4674,4674,voucher,1,1105.83
4675,4675,voucher,1,8249.38
4676,4676,credit_card,1,202.53
4677,4677,voucher,1,167.24
4678,4678,credit_card,6,979.82
4679,4679,boleto,1,1849.89
4680,4680,credit_card,1,133.71
4681,4681,voucher,1,1488.82
4682,4682,boleto,1,1012.93
4683,4683,voucher,1,4103.47
4684,4684,voucher,1,3331.54
4685,4685,debit_card,1,2088.99
4686,4686,boleto,1,883.3
4687,4687,boleto,1,151.27
4688,4688,credit_card,1,1464.74
4689,4689,debit_card,1,96.72
4690,4690,boleto,1,1631.57
4691,4691,debit_card,1,690.63
4692,4692,credit_card,1,3359.05
4693,4693,voucher,1,3400.96
4694,4694,credit_card,10,2548.71
4695,4695,debit_card,1,2986.92
4696,4696,credit_card,1,4552.88
4697,4697,debit_card,1,764.83
4698,4698,voucher,1,1509.08
4699,4699,voucher,1,3580.89
4700,4700,boleto,1,44.59
4701,4701,credit_card,3,620.26
4702,4702,credit_card,1,1742.0
4703,4703,boleto,1,2310.11
4704,4704,boleto,1,275.96
4705,4705,credit_card,1,265.83
4706,4706,debit_card,1,3205.34
4707,4707,voucher,1,3507.46
4708,4708,voucher,1,152.53
4709,4709,debit_card,1,320.51
4710,4710,credit_card,1,124.93
4711,4711,boleto,1,9448.43
4712,4712,boleto,1,3921.99
4713,4713,credit_card,1,1241.65
4714,4714,credit_card,2,2592.72
4715,4715,voucher,1,756.04
4716,4716,boleto,1,453.32
4717,4717,debit_card,1,468.43
4718,4718,debit_card,1,913.96
4719,4719,voucher,1,108.12
4720,4720,debit_card,1,1283.37
4721,4721,boleto,1,5757.89
4722,4722,credit_card,6,757.07
4723,4723,debit_card,1,225.75
4724,4724,voucher,1,364.44
4725,4725,debit_card,1,1280.71
4726,4726,debit_card,1,739.06
4727,4727,credit_card,2,5699.93
4728,4728,credit_card,1,3437.77
4729,4729,debit_card,1,257.33
4730,4730,boleto,1,3186.03
4731,4731,credit_card,10,377.7
4732,4732,credit_card,1,1007.38
4733,4733,debit_card,1,1956.43
4734,4734,debit_card,1,111.87
4735,4735,boleto,1,456.24
4736,4736,voucher,1,9763.79
4737,4737,voucher,1,124.74
4738,4738,credit_card,1,1009.22
4739,4739,credit_card,1,172.07
4740,4740,boleto,1,651.27
4741,4741,boleto,1,4615.74
4742,4742,boleto,1,768.25
4743,4743,debit_card,1,2238.16
4744,4744,boleto,1,152.81
4745,4745,voucher,1,719.89
4746,4746,boleto,1,810.28
4747,4747,voucher,1,5236.71
4748,4748,voucher,1,6264.67
4749,4749,credit_card,1,3085.91
4750,4750,boleto,1,2755.2
4751,4751,credit_card,1,89.77
4752,4752,voucher,1,123.84
4753,4753,credit_card,1,104.76
4754,4754,boleto,1,1140.41
4755,4755,boleto,1,1426.26
4756,4756,credit_card,1,86.92
4757,4757,boleto,1,2303.99
4758,4758,voucher,1,427.71
4759,4759,credit_card,1,234.85
4760,4760,voucher,1,3083.38
4761,4761,boleto,1,274.19
4762,4762,credit_card,1,42.3
4763,4763,credit_card,1,115.11
4764,4764,boleto,1,2503.7
4765,4765,debit_card,1,1219.1
4766,4766,debit_card,1,287.88
4767,4767,debit_card,1,3813.46
4768,4768,voucher,1,5736.82
4769,4769,voucher,1,61.21
4770,4770,credit_card,10,883.09
4771,4771,credit_card,1,306.59
4772,4772,credit_card,6,860.37
4773,4773,boleto,1,1102.97
4774,4774,boleto,1,6522.25
4775,4775,credit_card,6,2684.93
4776,4776,credit_card,1,87.24
4777,4777,credit_card,1,6197.1
4778,4778,boleto,1,847.71
4779,4779,boleto,1,516.76
4780,4780,debit_card,1,174.23
4781,4781,voucher,1,8090.92
4782,4782,boleto,1,2534.82
4783,4783,credit_card,1,4751.76
4784,4784,credit_card,6,723.62
4785,4785,boleto,1,765.81
4786,4786,debit_card,1,189.87
4787,4787,boleto,1,358.48
4788,4788,credit_card,6,1258.19
4789,4789,credit_card,6,491.65
4790,4790,debit_card,1,997.14
4791,4791,voucher,1,436.23
4792,4792,credit_card,1,1835.52
4793,4793,voucher,1,4423.0
4794,4794,credit_card,1,463.03
4795,4795,debit_card,1,3726.72
4796,4796,boleto,1,2958.64
4797,4797,debit_card,1,914.63
4798,4798,credit_card,2,444.33
4799,4799,boleto,1,924.83
4800,4800,debit_card,1,7909.58
4801,4801,boleto,1,4180.8
4802,4802,debit_card,1,2942.33
4803,4803,credit_card,1,3655.01
4804,4804,credit_card,6,2708.83
4805,4805,boleto,1,1616.05
4806,4806,boleto,1,1418.91
4807,4807,voucher,1,4328.95
4808,4808,voucher,1,787.42
4809,4809,boleto,1,115.68
4810,4810,credit_card,6,1529.05
4811,4811,voucher,1,165.14
4812,4812,voucher,1,1565.24
4813,4813,voucher,1,1312.61
4814,4814,voucher,1,1260.61
4815,4815,voucher,1,1603.38
4816,4816,debit_card,1,6145.99
4817,4817,debit_card,1,1067.89
4818,4818,debit_card,1,1388.21
4819,4819,credit_card,6,375.81
4820,4820,credit_card,1,194.45
4821,4821,voucher,1,118.83
4822,4822,voucher,1,415.94
4823,4823,boleto,1,587.19
4824,4824,debit_card,1,163.61
4825,4825,voucher,1,352.72
4826,4826,credit_card,1,3131.75
4827,4827,credit_card,4,293.01
4828,4828,credit_card,2,8651.02
4829,4829,credit_card,1,2450.45
4830,4830,boleto,1,805.04
4831,4831,voucher,1,3072.24
4832,4832,voucher,1,5501.81
4833,4833,credit_card,2,1070.46
4834,4834,debit_card,1,252.6
4835,4835,credit_card,1,384.1
4836,4836,boleto,1,96.58
4837,4837,voucher,1,180.24
4838,4838,boleto,1,2314.49
4839,4839,credit_card,2,909.67
4840,4840,voucher,1,787.5
4841,4841,voucher,1,571.24
4842,4842,voucher,1,2872.09
4843,4843,voucher,1,412.88
4844,4844,boleto,1,628.9
4845,4845,debit_card,1,76.03
4846,4846,credit_card,4,3270.67
4847,4847,credit_card,10,478.44
4848,4848,voucher,1,2060.92
4849,4849,credit_card,1,247.65
4850,4850,voucher,1,1349.23
4851,4851,voucher,1,379.66
4852,4852,credit_card,10,535.44
4853,4853,voucher,1,3323.95
4854,4854,boleto,1,131.04
4855,4855,boleto,1,17704.34
4856,4856,credit_card,1,596.23
4857,4857,voucher,1,128.46
4858,4858,debit_card,1,382.17
4859,4859,boleto,1,592.01
4860,4860,credit_card,1,495.74
4861,4861,debit_card,1,609.74
4862,4862,voucher,1,6128.89
4863,4863,boleto,1,477.56
4864,4864,boleto,1,613.52
4865,4865,credit_card,6,3475.39
4866,4866,credit_card,1,1242.84
4867,4867,voucher,1,369.4
4868,4868,boleto,1,1894.83
4869,4869,boleto,1,975.28
4870,4870,boleto,1,236.95
4871,4871,debit_card,1,2885.98
4872,4872,boleto,1,657.79
4873,4873,debit_card,1,4723.28
4874,4874,boleto,1,388.45
4875,4875,voucher,1,63.55
4876,4876,voucher,1,147.82
4877,4877,boleto,1,321.15
4878,4878,credit_card,1,2832.03
4879,4879,credit_card,4,381.46
4880,4880,debit_card,1,1015.57
4881,4881,credit_card,3,5897.17
4882,4882,boleto,1,2322.65
4883,4883,voucher,1,1248.22
4884,4884,credit_card,1,1693.61
4885,4885,credit_card,3,1144.24
4886,4886,voucher,1,1409.93
4887,4887,credit_card,6,1189.0
4888,4888,debit_card,1,90.8
4889,4889,credit_card,1,159.57
4890,4890,debit_card,1,4878.51
4891,4891,credit_card,2,464.11
4892,4892,credit_card,3,5646.54
4893,4893,voucher,1,5046.4
4894,4894,boleto,1,372.57
4895,4895,credit_card,3,217.2
4896,4896,boleto,1,1678.99
4897,4897,debit_card,1,208.69
4898,4898,voucher,1,336.88
4899,4899,voucher,1,1299.76
4900,4900,credit_card,1,5919.84
4901,4901,boleto,1,3623.31
4902,4902,voucher,1,1426.22
4903,4903,credit_card,1,11202.77
4904,4904,credit_card,1,184.01
4905,4905,boleto,1,727.38
4906,4906,boleto,1,256.74
4907,4907,boleto,1,101.96
4908,4908,boleto,1,599.16
4909,4909,debit_card,1,1474.95
4910,4910,voucher,1,6076.16
4911,4911,voucher,1,146.26
4912,4912,debit_card,1,362.42
4913,4913,debit_card,1,1787.28
4914,4914,credit_card,10,277.72
4915,4915,boleto,1,3885.7
4916,4916,voucher,1,216.36
4917,4917,voucher,1,178.1
4918,4918,credit_card,1,3354.42
4919,4919,credit_card,6,983.37
4920,4920,voucher,1,1919.66
4921,4921,boleto,1,291.02
4922,4922,boleto,1,994.21
4923,4923,debit_card,1,567.87
4924,4924,voucher,1,1169.56
4925,4925,credit_card,10,527.11
4926,4926,voucher,1,4540.74
4927,4927,credit_card,6,1901.06
4928,4928,debit_card,1,9563.46
4929,4929,debit_card,1,1877.76
4930,4930,credit_card,1,1667.56
4931,4931,credit_card,3,2721.23
4932,4932,debit_card,1,485.64
4933,4933,debit_card,1,2183.39
4934,4934,voucher,1,551.83
4935,4935,debit_card,1,6155.71
4936,4936,debit_card,1,613.35
4937,4937,boleto,1,3488.97
4938,4938,credit_card,6,276.94
4939,4939,boleto,1,8859.7
4940,4940,boleto,1,3663.7
4941,4941,credit_card,1,562.29
4942,4942,voucher,1,601.59
4943,4943,voucher,1,3988.38
4944,4944,debit_card,1,3052.26
4945,4945,boleto,1,347.57
4946,4946,voucher,1,4294.59
4947,4947,voucher,1,582.77
4948,4948,voucher,1,270.88
4949,4949,debit_card,1,1490.7
4950,4950,credit_card,1,2262.39
4951,4951,debit_card,1,1737.78
4952,4952,boleto,1,2198.42
4953,4953,voucher,1,3274.87
4954,4954,credit_card,1,1262.13
4955,4955,debit_card,1,2972.35
4956,4956,debit_card,1,749.05
4957,4957,debit_card,1,2712.47
4958,4958,credit_card,1,1464.2
4959,4959,debit_card,1,571.9
4960,4960,debit_card,1,871.48
4961,4961,voucher,1,5735.18
4962,4962,voucher,1,1715.42
4963,4963,debit_card,1,822.16
4964,4964,voucher,1,1230.43
4965,4965,debit_card,1,1485.04
4966,4966,credit_card,1,828.15
4967,4967,debit_card,1,225.28
4968,4968,credit_card,10,807.9
4969,4969,debit_card,1,403.7
4970,4970,voucher,1,1429.2
4971,4971,boleto,1,3231.59
4972,4972,boleto,1,68.44
4973,4973,boleto,1,354.15
4974,4974,voucher,1,724.56
4975,4975,credit_card,1,811.22
4976,4976,voucher,1,349.13
4977,4977,debit_card,1,128.78
4978,4978,credit_card,4,2190.64
4979,4979,credit_card,1,5930.54
4980,4980,voucher,1,759.05
4981,4981,debit_card,1,588.55
4982,4982,debit_card,1,920.08
4983,4983,boleto,1,89.37
4984,4984,voucher,1,1999.16
4985,4985,voucher,1,6141.17
4986,4986,boleto,1,743.69
4987,4987,credit_card,1,68.83
4988,4988,debit_card,1,4175.17
4989,4989,debit_card,1,4760.47
4990,4990,boleto,1,11283.01
4991,4991,voucher,1,630.34
4992,4992,credit_card,2,6043.73
4993,4993,credit_card,1,1971.07
4994,4994,boleto,1,3583.65
4995,4995,boleto,1,18123.02
4996,4996,credit_card,1,3439.74
4997,4997,debit_card,1,1031.6
4998,4998,credit_card,1,2941.97
4999,4999,voucher,1,62.21
5000,5000,voucher,1,2527.18
5001,5001,credit_card,2,490.93
5002,5002,voucher,1,250.53
5003,5003,voucher,1,4805.8
5004,5004,debit_card,1,7331.58
5005,5005,voucher,1,1508.11
5006,5006,voucher,1,1907.82
5007,5007,voucher,1,3465.67
5008,5008,debit_card,1,651.22
5009,5009,voucher,1,161.02
5010,5010,boleto,1,172.63
5011,5011,credit_card,1,1866.16
5012,5012,voucher,1,2032.27
5013,5013,debit_card,1,240.22
5014,5014,voucher,1,4836.2
5015,5015,voucher,1,984.75
5016,5016,voucher,1,4850.46
5017,5017,credit_card,1,64.34
5018,5018,voucher,1,1103.23
5019,5019,voucher,1,1049.83
5020,5020,voucher,1,1959.46
5021,5021,voucher,1,819.83
5022,5022,boleto,1,3055.46
5023,5023,voucher,1,727.87
5024,5024,credit_card,1,126.91
5025,5025,boleto,1,3803.45
5026,5026,debit_card,1,1337.99
5027,5027,credit_card,1,455.05
5028,5028,credit_card,1,719.15
5029,5029,voucher,1,1597.68
5030,5030,debit_card,1,765.74
5031,5031,boleto,1,750.45
5032,5032,credit_card,1,674.66
5033,5033,credit_card,10,728.47
5034,5034,boleto,1,841.96
5035,5035,debit_card,1,6062.1
5036,5036,credit_card,1,84.79
5037,5037,boleto,1,325.98
5038,5038,credit_card,1,3678.36
5039,5039,debit_card,1,2259.95
5040,5040,debit_card,1,318.65
5041,5041,credit_card,4,1648.78
5042,5042,boleto,1,386.09
5043,5043,debit_card,1,512.05
5044,5044,boleto,1,577.31
5045,5045,boleto,1,1789.84
5046,5046,debit_card,1,946.43
5047,5047,boleto,1,1196.19
5048,5048,voucher,1,507.52
5049,5049,credit_card,1,2934.98
5050,5050,boleto,1,132.92
5051,5051,debit_card,1,1501.22
5052,5052,credit_card,4,857.13
5053,5053,debit_card,1,209.43
5054,5054,debit_card,1,69.58
5055,5055,credit_card,1,420.35
5056,5056,credit_card,2,215.02
5057,5057,credit_card,6,896.32
5058,5058,debit_card,1,4206.29
5059,5059,debit_card,1,1369.11
5060,5060,boleto,1,666.1
5061,5061,voucher,1,734.57
5062,5062,voucher,1,3119.36
5063,5063,debit_card,1,5429.38
5064,5064,credit_card,1,54.17
5065,5065,debit_card,1,2325.92
5066,5066,debit_card,1,880.77
5067,5067,boleto,1,369.46
5068,5068,debit_card,1,5048.38
5069,5069,boleto,1,3149.93
5070,5070,boleto,1,406.62
5071,5071,voucher,1,198.32
5072,5072,boleto,1,154.51
5073,5073,voucher,1,261.19
5074,5074,boleto,1,3113.48
5075,5075,debit_card,1,297.19
5076,5076,voucher,1,10024.59
5077,5077,credit_card,1,4010.33
5078,5078,voucher,1,940.41
5079,5079,voucher,1,2108.4
5080,5080,credit_card,1,485.38
5081,5081,boleto,1,270.47
5082,5082,voucher,1,248.04
5083,5083,credit_card,1,3162.59
5084,5084,credit_card,2,458.2
5085,5085,credit_card,10,355.9
5086,5086,voucher,1,877.68
5087,5087,voucher,1,7462.05
5088,5088,credit_card,4,524.09
5089,5089,debit_card,1,217.61
5090,5090,credit_card,6,814.31
5091,5091,credit_card,6,3172.87
5092,5092,credit_card,4,3964.14
5093,5093,debit_card,1,250.71
5094,5094,voucher,1,4295.68
5095,5095,voucher,1,217.66
5096,5096,debit_card,1,2688.33
5097,5097,boleto,1,2734.1
5098,5098,voucher,1,139.14
5099,5099,credit_card,3,1500.11
5100,5100,voucher,1,413.28
5101,5101,boleto,1,206.72
5102,5102,credit_card,1,2921.95
5103,5103,voucher,1,278.82
5104,5104,credit_card,3,1296.98
5105,5105,credit_card,1,1839.44
5106,5106,boleto,1,2350.86
5107,5107,voucher,1,3314.44
5108,5108,boleto,1,636.45
5109,5109,boleto,1,245.32
5110,5110,debit_card,1,562.5
5111,5111,credit_card,3,1060.61
5112,5112,boleto,1,623.94
5113,5113,boleto,1,3139.76
5114,5114,debit_card,1,856.53
5115,5115,voucher,1,1221.41
5116,5116,credit_card,4,1969.95
5117,5117,boleto,1,4089.5
5118,5118,credit_card,1,94.1
5119,5119,boleto,1,226.76
5120,5120,credit_card,10,1970.92
5121,5121,credit_card,1,290.0
5122,5122,boleto,1,1923.8
5123,5123,credit_card,1,675.84
5124,5124,voucher,1,966.32
5125,5125,credit_card,2,3272.42
5126,5126,debit_card,1,591.51
5127,5127,boleto,1,5503.23
5128,5128,boleto,1,574.17
5129,5129,voucher,1,1596.27
5130,5130,debit_card,1,6557.14
5131,5131,boleto,1,478.41
5132,5132,debit_card,1,833.35
5133,5133,voucher,1,616.04
5134,5134,boleto,1,2719.86
5135,5135,debit_card,1,1815.46
5136,5136,debit_card,1,2562.92
5137,5137,boleto,1,1678.99
5138,5138,debit_card,1,1667.31
5139,5139,debit_card,1,331.44
5140,5140,boleto,1,1576.47
5141,5141,credit_card,1,451.7
5142,5142,voucher,1,2311.26
5143,5143,credit_card,1,144.31
5144,5144,credit_card,1,2764.32
5145,5145,credit_card,1,245.82
5146,5146,credit_card,1,1123.96
5147,5147,credit_card,3,1007.38
5148,5148,debit_card,1,7080.19
5149,5149,boleto,1,1973.2
5150,5150,boleto,1,1440.15
5151,5151,debit_card,1,2155.85
5152,5152,credit_card,1,2608.93
5153,5153,credit_card,6,352.98
5154,5154,credit_card,3,3263.92
5155,5155,boleto,1,87.08
5156,5156,voucher,1,228.88
5157,5157,credit_card,2,3779.36
5158,5158,credit_card,10,1463.69
5159,5159,boleto,1,5650.93
5160,5160,debit_card,1,356.27
5161,5161,voucher,1,6447.28
5162,5162,credit_card,2,206.79
5163,5163,voucher,1,565.87
5164,5164,boleto,1,2816.15
5165,5165,boleto,1,3193.79
5166,5166,debit_card,1,644.77
5167,5167,boleto,1,3276.03
5168,5168,credit_card,1,1573.38
5169,5169,credit_card,10,451.39
5170,5170,boleto,1,3310.37
5171,5171,debit_card,1,525.45
5172,5172,credit_card,1,2111.36
5173,5173,voucher,1,1529.43
5174,5174,credit_card,1,511.26
5175,5175,debit_card,1,2404.41
5176,5176,debit_card,1,1886.84
5177,5177,credit_card,10,916.47
5178,5178,credit_card,1,679.28
5179,5179,boleto,1,792.53
5180,5180,voucher,1,2699.09
5181,5181,boleto,1,1398.7
5182,5182,voucher,1,4417.27
5183,5183,debit_card,1,1075.46
5184,5184,credit_card,1,464.5
5185,5185,voucher,1,7147.49
5186,5186,boleto,1,6040.35
5187,5187,voucher,1,2100.86
5188,5188,boleto,1,560.35
5189,5189,voucher,1,2632.97
5190,5190,debit_card,1,66.39
5191,5191,debit_card,1,346.7
5192,5192,boleto,1,7476.76
5193,5193,voucher,1,3319.69
5194,5194,debit_card,1,208.39
5195,5195,debit_card,1,3945.13
5196,5196,voucher,1,1663.35
5197,5197,boleto,1,2544.17
5198,5198,voucher,1,1296.08
5199,5199,debit_card,1,5955.52
5200,5200,boleto,1,179.88
5201,5201,boleto,1,206.33
5202,5202,debit_card,1,379.4
5203,5203,voucher,1,888.64
5204,5204,credit_card,3,4572.21
5205,5205,voucher,1,2828.94
5206,5206,credit_card,1,5967.13
5207,5207,voucher,1,5916.44
5208,5208,debit_card,1,1677.74
5209,5209,debit_card,1,99.72
5210,5210,voucher,1,528.17
5211,5211,voucher,1,389.84
5212,5212,credit_card,10,1592.79
5213,5213,boleto,1,1469.72
5214,5214,boleto,1,2833.48
5215,5215,boleto,1,743.0
5216,5216,voucher,1,3776.09
5217,5217,debit_card,1,249.12
5218,5218,voucher,1,6927.01
5219,5219,debit_card,1,406.87
5220,5220,credit_card,1,287.84
5221,5221,credit_card,1,411.27
5222,5222,boleto,1,374.18
5223,5223,boleto,1,3145.36
5224,5224,boleto,1,7879.15
5225,5225,debit_card,1,83.87
5226,5226,voucher,1,6507.66
5227,5227,credit_card,1,2433.18
5228,5228,boleto,1,965.97
5229,5229,debit_card,1,2029.07
5230,5230,boleto,1,3825.83
5231,5231,voucher,1,6891.87
5232,5232,debit_card,1,1543.13
5233,5233,debit_card,1,210.54
5234,5234,debit_card,1,1435.51
5235,5235,credit_card,1,2840.09
5236,5236,debit_card,1,2823.23
5237,5237,debit_card,1,562.39
5238,5238,voucher,1,690.79
5239,5239,boleto,1,6275.77
5240,5240,voucher,1,334.77
5241,5241,debit_card,1,1769.76
5242,5242,debit_card,1,2883.35
5243,5243,voucher,1,5642.52
5244,5244,boleto,1,843.5
5245,5245,boleto,1,1868.85
5246,5246,credit_card,3,3218.14
5247,5247,debit_card,1,299.83
5248,5248,credit_card,1,334.19
5249,5249,credit_card,4,730.31
5250,5250,debit_card,1,495.82
5251,5251,credit_card,1,835.78
5252,5252,credit_card,2,772.43
5253,5253,voucher,1,1469.59
5254,5254,voucher,1,2876.61
5255,5255,boleto,1,156.62
5256,5256,boleto,1,1521.5
5257,5257,voucher,1,295.67
5258,5258,voucher,1,122.41
5259,5259,voucher,1,5673.05
5260,5260,voucher,1,2334.73
5261,5261,debit_card,1,3160.81
5262,5262,debit_card,1,152.94
5263,5263,debit_card,1,2502.37
5264,5264,debit_card,1,367.78
5265,5265,boleto,1,6001.13
5266,5266,credit_card,3,2922.43
5267,5267,debit_card,1,875.15
5268,5268,debit_card,1,381.17
5269,5269,voucher,1,751.11
5270,5270,voucher,1,6075.53
5271,5271,boleto,1,1941.21
5272,5272,debit_card,1,566.59
5273,5273,boleto,1,4209.1
5274,5274,voucher,1,1630.46
5275,5275,boleto,1,2418.63
5276,5276,credit_card,6,3187.75
5277,5277,credit_card,1,649.75
5278,5278,credit_card,1,421.97
5279,5279,credit_card,1,4292.11
5280,5280,voucher,1,2010.24
5281,5281,debit_card,1,264.44
5282,5282,voucher,1,3338.1
5283,5283,voucher,1,196.81
5284,5284,voucher,1,885.88
5285,5285,boleto,1,981.96
5286,5286,debit_card,1,267.45
5287,5287,debit_card,1,1472.95
5288,5288,voucher,1,123.14
5289,5289,boleto,1,174.07
5290,5290,boleto,1,2782.42
5291,5291,debit_card,1,346.32
5292,5292,debit_card,1,611.42
5293,5293,boleto,1,1676.93
5294,5294,debit_card,1,2269.85
5295,5295,boleto,1,4656.01
5296,5296,credit_card,6,1964.93
5297,5297,debit_card,1,235.18
5298,5298,debit_card,1,160.9
5299,5299,boleto,1,1160.2
5300,5300,credit_card,1,886.71
5301,5301,debit_card,1,2868.78
5302,5302,debit_card,1,806.94
5303,5303,boleto,1,3418.64
5304,5304,boleto,1,2185.66
5305,5305,credit_card,6,4367.19
5306,5306,credit_card,2,300.01
5307,5307,credit_card,1,227.8
5308,5308,credit_card,1,352.05
5309,5309,boleto,1,7260.66
5310,5310,boleto,1,784.07
5311,5311,boleto,1,384.98
5312,5312,credit_card,1,1418.56
5313,5313,boleto,1,376.49
5314,5314,debit_card,1,3123.13
5315,5315,debit_card,1,471.68
5316,5316,credit_card,4,1078.52
5317,5317,voucher,1,818.28
5318,5318,boleto,1,1251.4
5319,5319,credit_card,1,807.94
5320,5320,debit_card,1,1204.75
5321,5321,debit_card,1,437.72
5322,5322,voucher,1,1218.9
5323,5323,voucher,1,3511.42
5324,5324,boleto,1,3480.57
5325,5325,credit_card,1,319.72
5326,5326,boleto,1,1153.49
5327,5327,boleto,1,1145.47
5328,5328,credit_card,4,6078.87
5329,5329,debit_card,1,124.84
5330,5330,debit_card,1,665.37
5331,5331,boleto,1,1964.9
5332,5332,voucher,1,5723.85
5333,5333,credit_card,1,575.31
5334,5334,boleto,1,1312.9
5335,5335,boleto,1,2026.19
5336,5336,boleto,1,206.37
5337,5337,voucher,1,2768.96
5338,5338,voucher,1,186.38
5339,5339,boleto,1,2961.48
5340,5340,boleto,1,201.38
5341,5341,debit_card,1,92.53
5342,5342,credit_card,10,3773.75
5343,5343,credit_card,1,81.99
5344,5344,debit_card,1,472.94
5345,5345,boleto,1,4928.93
5346,5346,boleto,1,173.99
5347,5347,voucher,1,1066.17
5348,5348,debit_card,1,1207.37
5349,5349,voucher,1,307.09
5350,5350,boleto,1,1058.34
5351,5351,credit_card,6,1336.79
5352,5352,voucher,1,361.58
5353,5353,boleto,1,1981.72
5354,5354,debit_card,1,871.35
5355,5355,voucher,1,1949.91
5356,5356,debit_card,1,1740.97
5357,5357,credit_card,4,6291.28
5358,5358,debit_card,1,1959.57
5359,5359,boleto,1,180.32
5360,5360,voucher,1,93.68
5361,5361,boleto,1,329.93
5362,5362,voucher,1,2269.81
5363,5363,credit_card,10,714.33
5364,5364,debit_card,1,3204.39
5365,5365,debit_card,1,263.51
5366,5366,credit_card,1,1336.44
5367,5367,debit_card,1,4793.98
5368,5368,boleto,1,739.61
5369,5369,voucher,1,7328.07
5370,5370,credit_card,1,4416.73
5371,5371,debit_card,1,625.76
5372,5372,debit_card,1,719.67
5373,5373,credit_card,1,995.5
5374,5374,credit_card,1,3045.39
5375,5375,credit_card,6,4529.19
5376,5376,debit_card,1,4707.87
5377,5377,credit_card,1,451.2
5378,5378,debit_card,1,104.5
5379,5379,voucher,1,205.56
5380,5380,voucher,1,3375.98
5381,5381,boleto,1,500.12
5382,5382,credit_card,1,4504.92
5383,5383,credit_card,1,353.73
5384,5384,credit_card,4,862.22
5385,5385,voucher,1,1744.5
5386,5386,boleto,1,1764.74
5387,5387,boleto,1,1524.45
5388,5388,debit_card,1,126.02
5389,5389,debit_card,1,150.14
5390,5390,credit_card,3,1531.99
5391,5391,voucher,1,846.42
5392,5392,voucher,1,327.42
5393,5393,credit_card,1,713.94
5394,5394,boleto,1,146.39
5395,5395,debit_card,1,449.35
5396,5396,boleto,1,2543.42
5397,5397,boleto,1,191.26
5398,5398,credit_card,1,53.38
5399,5399,credit_card,1,5807.12
5400,5400,debit_card,1,1075.7
5401,5401,credit_card,3,3002.26
5402,5402,voucher,1,203.65
5403,5403,voucher,1,2898.43
5404,5404,debit_card,1,3242.09
5405,5405,debit_card,1,1024.88
5406,5406,boleto,1,1279.06
5407,5407,debit_card,1,241.58
5408,5408,boleto,1,897.9
5409,5409,credit_card,6,502.57
5410,5410,credit_card,1,230.51
5411,5411,credit_card,6,2719.54
5412,5412,boleto,1,3183.94
5413,5413,voucher,1,3164.17
5414,5414,boleto,1,321.04
5415,5415,boleto,1,205.44
5416,5416,debit_card,1,1644.29
5417,5417,debit_card,1,2376.27
5418,5418,voucher,1,10298.48
5419,5419,credit_card,1,232.82
5420,5420,credit_card,1,1800.31
5421,5421,voucher,1,538.83
5422,5422,voucher,1,322.5
5423,5423,credit_card,1,11150.7
5424,5424,boleto,1,144.2
5425,5425,credit_card,2,2626.41
5426,5426,debit_card,1,921.47
5427,5427,voucher,1,5219.66
5428,5428,boleto,1,2169.4
5429,5429,credit_card,4,420.81
5430,5430,voucher,1,1060.97
5431,5431,boleto,1,336.98
5432,5432,credit_card,1,931.63
5433,5433,debit_card,1,362.44
5434,5434,debit_card,1,330.4
5435,5435,voucher,1,153.18
5436,5436,debit_card,1,135.12
5437,5437,debit_card,1,60.84
5438,5438,voucher,1,770.99
5439,5439,debit_card,1,1008.07
5440,5440,debit_card,1,293.34
5441,5441,credit_card,4,2459.67
5442,5442,voucher,1,57.48
5443,5443,credit_card,6,7270.82
5444,5444,boleto,1,338.79
5445,5445,credit_card,1,2617.3
5446,5446,credit_card,1,105.22
5447,5447,credit_card,1,3217.5
5448,5448,voucher,1,391.5
5449,5449,voucher,1,1448.13
5450,5450,debit_card,1,5474.8
5451,5451,voucher,1,340.86
5452,5452,debit_card,1,4244.81
5453,5453,boleto,1,115.14
5454,5454,debit_card,1,1413.21
5455,5455,boleto,1,2768.06
5456,5456,debit_card,1,1196.18
5457,5457,voucher,1,154.13
5458,5458,credit_card,6,9494.33
5459,5459,voucher,1,4770.8
5460,5460,voucher,1,2155.37
5461,5461,debit_card,1,536.64
5462,5462,debit_card,1,358.27
5463,5463,voucher,1,1621.96
5464,5464,debit_card,1,4865.4
5465,5465,credit_card,4,643.6
5466,5466,voucher,1,4096.53
5467,5467,debit_card,1,407.15
5468,5468,debit_card,1,109.21
5469,5469,boleto,1,1340.4
5470,5470,voucher,1,401.24
5471,5471,credit_card,2,1086.45
5472,5472,credit_card,1,266.67
5473,5473,boleto,1,681.12
5474,5474,debit_card,1,1687.45
5475,5475,boleto,1,1077.08
5476,5476,debit_card,1,4308.42
5477,5477,credit_card,1,88.33
5478,5478,boleto,1,2704.16
5479,5479,credit_card,4,1974.4
5480,5480,debit_card,1,1744.1
5481,5481,boleto,1,1496.71
5482,5482,boleto,1,303.95
5483,5483,debit_card,1,7687.61
5484,5484,voucher,1,1149.85
5485,5485,boleto,1,109.0
5486,5486,voucher,1,308.19
5487,5487,debit_card,1,800.09
5488,5488,voucher,1,1364.62
5489,5489,boleto,1,4819.81
5490,5490,voucher,1,422.61
5491,5491,credit_card,6,4876.79
5492,5492,credit_card,1,2266.96
5493,5493,debit_card,1,246.7
5494,5494,boleto,1,8049.7
5495,5495,debit_card,1,2331.74
5496,5496,credit_card,10,727.13
5497,5497,debit_card,1,587.37
5498,5498,boleto,1,414.79
5499,5499,debit_card,1,3467.88
5500,5500,debit_card,1,223.38
5501,5501,boleto,1,1392.52
5502,5502,boleto,1,154.0
5503,5503,credit_card,2,1006.29
5504,5504,credit_card,10,4240.45
5505,5505,boleto,1,3866.57
5506,5506,credit_card,4,1929.16
5507,5507,debit_card,1,1339.33
5508,5508,boleto,1,842.38
5509,5509,credit_card,3,998.55
5510,5510,debit_card,1,8267.43
5511,5511,debit_card,1,386.15
5512,5512,boleto,1,3238.03
5513,5513,credit_card,1,2453.67
5514,5514,boleto,1,965.9
5515,5515,credit_card,1,1067.95
5516,5516,boleto,1,1344.21
5517,5517,boleto,1,141.43
5518,5518,voucher,1,50.91
5519,5519,credit_card,1,1450.28
5520,5520,boleto,1,1180.29
5521,5521,voucher,1,2401.64
5522,5522,credit_card,4,2586.17
5523,5523,boleto,1,391.24
5524,5524,debit_card,1,2673.46
5525,5525,debit_card,1,8312.42
5526,5526,boleto,1,459.48
5527,5527,debit_card,1,269.46
5528,5528,voucher,1,819.51
5529,5529,boleto,1,1588.12
5530,5530,debit_card,1,165.48
5531,5531,credit_card,2,765.79
5532,5532,voucher,1,7383.38
5533,5533,debit_card,1,2897.33
5534,5534,credit_card,1,2483.39
5535,5535,boleto,1,5307.53
5536,5536,boleto,1,610.68
5537,5537,boleto,1,1499.23
5538,5538,boleto,1,384.54
5539,5539,voucher,1,2341.74
5540,5540,boleto,1,737.13
5541,5541,voucher,1,4271.44
5542,5542,boleto,1,845.95
5543,5543,credit_card,10,2726.49
5544,5544,boleto,1,2004.79
5545,5545,credit_card,1,534.18
5546,5546,debit_card,1,2012.3
5547,5547,credit_card,10,734.57
5548,5548,credit_card,1,306.34
5549,5549,boleto,1,1818.51
5550,5550,voucher,1,2611.07
5551,5551,debit_card,1,1381.18
5552,5552,voucher,1,3272.61
5553,5553,voucher,1,404.29
5554,5554,debit_card,1,2610.93
5555,5555,voucher,1,852.67
5556,5556,boleto,1,59.25
5557,5557,voucher,1,8031.85
5558,5558,credit_card,2,2198.47
5559,5559,credit_card,1,7227.43
5560,5560,voucher,1,2998.97
5561,5561,voucher,1,7974.87
5562,5562,boleto,1,2976.8
5563,5563,credit_card,1,774.86
5564,5564,credit_card,1,188.13
5565,5565,debit_card,1,1530.24
5566,5566,boleto,1,370.92
5567,5567,debit_card,1,620.87
5568,5568,debit_card,1,515.18
5569,5569,debit_card,1,4666.21
5570,5570,boleto,1,2980.93
5571,5571,voucher,1,186.4
5572,5572,debit_card,1,772.8
5573,5573,boleto,1,195.83
5574,5574,debit_card,1,2655.0
5575,5575,boleto,1,1148.11
5576,5576,debit_card,1,321.19
5577,5577,voucher,1,108.74
5578,5578,voucher,1,1573.97
5579,5579,debit_card,1,2526.27
5580,5580,boleto,1,2387.96
5581,5581,credit_card,2,433.17
5582,5582,voucher,1,3373.52
5583,5583,credit_card,1,371.71
5584,5584,credit_card,6,613.75
5585,5585,debit_card,1,3061.81
5586,5586,voucher,1,1613.26
5587,5587,boleto,1,337.76
5588,5588,voucher,1,1087.2
5589,5589,credit_card,1,291.52
5590,5590,credit_card,1,1802.11
5591,5591,debit_card,1,319.47
5592,5592,debit_card,1,5893.91
5593,5593,debit_card,1,5798.67
5594,5594,credit_card,1,90.56
5595,5595,debit_card,1,233.36
5596,5596,voucher,1,1880.43
5597,5597,voucher,1,821.51
5598,5598,boleto,1,1720.29
5599,5599,credit_card,1,130.74
5600,5600,credit_card,2,201.93
5601,5601,credit_card,3,1022.87
5602,5602,voucher,1,288.61
5603,5603,boleto,1,1000.19
5604,5604,voucher,1,1164.88
5605,5605,debit_card,1,678.59
5606,5606,boleto,1,2823.19
5607,5607,debit_card,1,259.85
5608,5608,voucher,1,821.51
5609,5609,debit_card,1,4398.55
5610,5610,boleto,1,4706.5
5611,5611,debit_card,1,363.02
5612,5612,debit_card,1,54.35
5613,5613,debit_card,1,1958.05
5614,5614,debit_card,1,565.85
5615,5615,boleto,1,1876.01
5616,5616,debit_card,1,427.48
5617,5617,debit_card,1,751.9
5618,5618,credit_card,1,147.7
5619,5619,debit_card,1,3293.08
5620,5620,boleto,1,1283.64
5621,5621,credit_card,1,1186.73
5622,5622,debit_card,1,152.41
5623,5623,voucher,1,388.68
5624,5624,credit_card,1,1124.17
5625,5625,debit_card,1,1219.76
5626,5626,boleto,1,480.3
5627,5627,boleto,1,391.57
5628,5628,voucher,1,2567.24
5629,5629,credit_card,1,136.83
5630,5630,voucher,1,1976.03
5631,5631,debit_card,1,4282.84
5632,5632,debit_card,1,2937.56
5633,5633,voucher,1,3513.74
5634,5634,debit_card,1,561.14
5635,5635,boleto,1,184.61
5636,5636,credit_card,1,159.84
5637,5637,credit_card,1,464.0
5638,5638,debit_card,1,3358.16
5639,5639,voucher,1,481.93
5640,5640,voucher,1,5560.53
5641,5641,credit_card,4,5740.74
5642,5642,debit_card,1,93.78
5643,5643,voucher,1,2986.75
5644,5644,debit_card,1,1793.79
5645,5645,debit_card,1,719.51
5646,5646,debit_card,1,2379.34
5647,5647,credit_card,1,1853.58
5648,5648,credit_card,1,121.33
5649,5649,boleto,1,3981.64
5650,5650,voucher,1,4753.63
5651,5651,voucher,1,241.47
5652,5652,voucher,1,294.71
5653,5653,voucher,1,1728.12
5654,5654,voucher,1,12712.71
5655,5655,debit_card,1,1249.21
5656,5656,boleto,1,218.23
5657,5657,credit_card,1,6417.34
5658,5658,debit_card,1,8373.74
5659,5659,boleto,1,750.95
5660,5660,credit_card,1,121.64
5661,5661,voucher,1,428.57
5662,5662,boleto,1,616.72
5663,5663,credit_card,10,395.24
5664,5664,credit_card,1,154.59
5665,5665,credit_card,1,1613.62
5666,5666,voucher,1,80.36
5667,5667,voucher,1,764.86
5668,5668,boleto,1,48.55
5669,5669,boleto,1,1361.71
5670,5670,voucher,1,3576.43
5671,5671,boleto,1,1685.79
5672,5672,boleto,1,4826.16
5673,5673,boleto,1,572.38
5674,5674,debit_card,1,1425.86
5675,5675,voucher,1,3727.8
5676,5676,boleto,1,2094.53
5677,5677,boleto,1,8524.73
5678,5678,debit_card,1,276.85
5679,5679,voucher,1,807.34
5680,5680,credit_card,1,111.96
5681,5681,credit_card,4,787.78
5682,5682,voucher,1,5893.75
5683,5683,credit_card,1,406.57
5684,5684,voucher,1,50.7
5685,5685,boleto,1,3810.86
5686,5686,voucher,1,2702.88
5687,5687,credit_card,1,1647.47
5688,5688,voucher,1,5758.53
5689,5689,debit_card,1,203.97
5690,5690,debit_card,1,5521.71
5691,5691,boleto,1,4717.16
5692,5692,voucher,1,147.39
5693,5693,boleto,1,823.36
5694,5694,debit_card,1,115.6
5695,5695,boleto,1,926.0
5696,5696,boleto,1,870.06
5697,5697,debit_card,1,2336.13
5698,5698,credit_card,1,805.17
5699,5699,debit_card,1,381.52
5700,5700,debit_card,1,2681.68
5701,5701,boleto,1,794.68
5702,5702,voucher,1,6005.73
5703,5703,debit_card,1,2517.44
5704,5704,credit_card,1,139.55
5705,5705,credit_card,1,3298.72
5706,5706,debit_card,1,4847.31
5707,5707,credit_card,2,1897.92
5708,5708,credit_card,6,5443.22
5709,5709,credit_card,1,62.08
5710,5710,debit_card,1,228.5
5711,5711,credit_card,1,6115.86
5712,5712,voucher,1,328.52
5713,5713,voucher,1,3641.37
5714,5714,voucher,1,481.44
5715,5715,debit_card,1,3762.22
5716,5716,credit_card,10,4180.53
5717,5717,boleto,1,1935.74
5718,5718,credit_card,2,403.46
5719,5719,debit_card,1,575.96
5720,5720,credit_card,3,833.2
5721,5721,credit_card,1,527.46
5722,5722,voucher,1,603.48
5723,5723,voucher,1,150.79
5724,5724,boleto,1,2543.81
5725,5725,voucher,1,1551.64
5726,5726,boleto,1,2220.88
5727,5727,credit_card,1,10128.74
5728,5728,voucher,1,3238.75
5729,5729,debit_card,1,113.73
5730,5730,boleto,1,1401.97
5731,5731,debit_card,1,4500.38
5732,5732,boleto,1,5136.56
5733,5733,debit_card,1,1531.67
5734,5734,voucher,1,5916.76
5735,5735,voucher,1,1495.68
5736,5736,voucher,1,3067.73
5737,5737,boleto,1,681.92
5738,5738,boleto,1,6112.31
5739,5739,boleto,1,276.3
5740,5740,debit_card,1,370.96
5741,5741,credit_card,2,1784.9
5742,5742,credit_card,3,1441.67
5743,5743,debit_card,1,1430.67
5744,5744,debit_card,1,100.15
5745,5745,boleto,1,2434.62
5746,5746,credit_card,10,1346.29
5747,5747,debit_card,1,383.83
5748,5748,boleto,1,214.78
5749,5749,debit_card,1,3343.95
5750,5750,debit_card,1,7299.13
5751,5751,boleto,1,2490.39
5752,5752,debit_card,1,10138.66
5753,5753,credit_card,4,2753.54
5754,5754,credit_card,1,998.52
5755,5755,boleto,1,171.18
5756,5756,boleto,1,4300.12
5757,5757,voucher,1,2951.26
5758,5758,voucher,1,3520.95
5759,5759,debit_card,1,157.57
5760,5760,debit_card,1,3962.9
5761,5761,debit_card,1,382.94
5762,5762,debit_card,1,368.51
5763,5763,credit_card,10,680.25
5764,5764,voucher,1,7213.47
5765,5765,debit_card,1,4707.43
5766,5766,credit_card,1,2403.55
5767,5767,credit_card,10,225.21
5768,5768,credit_card,6,9934.46
5769,5769,boleto,1,3125.2
5770,5770,voucher,1,1135.85
5771,5771,credit_card,2,969.47
5772,5772,voucher,1,599.17
5773,5773,debit_card,1,2862.2
5774,5774,voucher,1,1312.66
5775,5775,boleto,1,347.2
5776,5776,debit_card,1,321.4
5777,5777,credit_card,1,1727.12
5778,5778,credit_card,1,209.7
5779,5779,boleto,1,3582.52
5780,5780,voucher,1,784.48
5781,5781,credit_card,3,4133.54
5782,5782,debit_card,1,2088.09
5783,5783,boleto,1,1205.23
5784,5784,boleto,1,6571.99
5785,5785,boleto,1,1491.03
5786,5786,debit_card,1,292.19
5787,5787,debit_card,1,1207.17
5788,5788,voucher,1,2844.12
5789,5789,debit_card,1,3020.79
5790,5790,boleto,1,393.58
5791,5791,boleto,1,2242.22
5792,5792,voucher,1,1860.09
5793,5793,credit_card,10,252.03
5794,5794,boleto,1,2012.87
5795,5795,debit_card,1,422.11
5796,5796,boleto,1,332.78
5797,5797,boleto,1,1399.94
5798,5798,credit_card,3,441.66
5799,5799,debit_card,1,2181.04
5800,5800,debit_card,1,347.21
5801,5801,debit_card,1,2989.29
5802,5802,voucher,1,6452.38
5803,5803,debit_card,1,2231.26
5804,5804,debit_card,1,394.33
5805,5805,debit_card,1,546.62
5806,5806,credit_card,1,1055.66
5807,5807,credit_card,1,11159.96
5808,5808,debit_card,1,4093.37
5809,5809,voucher,1,3083.66
5810,5810,voucher,1,6446.63
5811,5811,voucher,1,237.17
5812,5812,credit_card,2,511.73
5813,5813,boleto,1,1556.44
5814,5814,boleto,1,2573.02
5815,5815,boleto,1,385.45
5816,5816,boleto,1,218.58
5817,5817,boleto,1,816.17
5818,5818,boleto,1,1586.31
5819,5819,voucher,1,1557.76
5820,5820,credit_card,4,964.06
5821,5821,credit_card,10,3280.74
5822,5822,credit_card,1,594.12
5823,5823,debit_card,1,4655.15
5824,5824,boleto,1,366.26
5825,5825,voucher,1,166.08
5826,5826,voucher,1,6313.87
5827,5827,credit_card,6,239.41
5828,5828,boleto,1,878.5
5829,5829,debit_card,1,231.21
5830,5830,debit_card,1,782.63
5831,5831,voucher,1,798.11
5832,5832,boleto,1,3410.32
5833,5833,boleto,1,207.87
5834,5834,credit_card,1,497.03
5835,5835,debit_card,1,3231.45
5836,5836,credit_card,1,339.46
5837,5837,credit_card,1,3333.98
5838,5838,boleto,1,74.18
5839,5839,boleto,1,4619.89
5840,5840,credit_card,4,264.87
5841,5841,voucher,1,511.41
5842,5842,debit_card,1,2112.89
5843,5843,voucher,1,1459.92
5844,5844,voucher,1,1424.76
5845,5845,credit_card,4,4293.91
5846,5846,credit_card,1,199.41
5847,5847,voucher,1,1454.01
5848,5848,boleto,1,163.27
5849,5849,boleto,1,4618.39
5850,5850,credit_card,10,278.25
5851,5851,credit_card,1,402.47
5852,5852,voucher,1,1924.1
5853,5853,boleto,1,247.03
5854,5854,voucher,1,203.34
5855,5855,debit_card,1,4622.19
5856,5856,voucher,1,878.97
5857,5857,debit_card,1,1536.76
5858,5858,debit_card,1,463.5
5859,5859,credit_card,6,1047.69
5860,5860,voucher,1,452.22
5861,5861,debit_card,1,505.56
5862,5862,debit_card,1,350.14
5863,5863,debit_card,1,1731.55
5864,5864,boleto,1,355.07
5865,5865,boleto,1,361.26
5866,5866,boleto,1,4537.06
5867,5867,voucher,1,154.63
5868,5868,boleto,1,180.87
5869,5869,voucher,1,5262.56
5870,5870,voucher,1,8087.68
5871,5871,boleto,1,5531.12
5872,5872,debit_card,1,3373.89
5873,5873,boleto,1,1572.94
5874,5874,voucher,1,3309.33
5875,5875,boleto,1,1469.48
5876,5876,debit_card,1,2480.26
5877,5877,boleto,1,131.87
5878,5878,debit_card,1,4121.32
5879,5879,boleto,1,2188.36
5880,5880,credit_card,1,372.35
5881,5881,voucher,1,130.16
5882,5882,debit_card,1,703.13
5883,5883,credit_card,1,38.03
5884,5884,voucher,1,2138.71
5885,5885,boleto,1,2515.95
5886,5886,debit_card,1,227.78
5887,5887,credit_card,10,445.08
5888,5888,voucher,1,3381.1
5889,5889,debit_card,1,3552.07
5890,5890,credit_card,3,428.76
5891,5891,debit_card,1,914.46
5892,5892,debit_card,1,482.39
5893,5893,boleto,1,123.31
5894,5894,credit_card,1,2900.2
5895,5895,voucher,1,6346.56
5896,5896,voucher,1,823.64
5897,5897,voucher,1,995.09
5898,5898,voucher,1,560.64
5899,5899,boleto,1,221.85
5900,5900,boleto,1,5424.91
5901,5901,voucher,1,171.49
5902,5902,credit_card,1,2535.6
5903,5903,debit_card,1,510.58
5904,5904,boleto,1,1641.04
5905,5905,credit_card,10,714.23
5906,5906,credit_card,1,190.22
5907,5907,voucher,1,1763.67
5908,5908,credit_card,4,2653.12
5909,5909,credit_card,1,5048.63
5910,5910,debit_card,1,728.74
5911,5911,credit_card,4,2030.21
5912,5912,debit_card,1,728.38
5913,5913,voucher,1,1279.34
5914,5914,debit_card,1,185.9
5915,5915,boleto,1,248.95
5916,5916,debit_card,1,185.76
5917,5917,boleto,1,3085.77
5918,5918,debit_card,1,1553.4
5919,5919,voucher,1,2443.65
5920,5920,credit_card,6,435.17
5921,5921,debit_card,1,759.78
5922,5922,credit_card,1,1497.46
5923,5923,boleto,1,255.76
5924,5924,credit_card,2,500.13
5925,5925,voucher,1,365.38
5926,5926,credit_card,6,1364.27
5927,5927,voucher,1,656.54
5928,5928,boleto,1,1334.42
5929,5929,debit_card,1,325.98
5930,5930,voucher,1,2683.45
5931,5931,voucher,1,1987.75
5932,5932,debit_card,1,8588.33
5933,5933,debit_card,1,119.86
5934,5934,debit_card,1,331.83
5935,5935,debit_card,1,485.28
5936,5936,boleto,1,3548.25
5937,5937,credit_card,1,333.52
5938,5938,credit_card,1,128.01
5939,5939,voucher,1,2036.56
5940,5940,credit_card,1,298.99
5941,5941,voucher,1,819.89
5942,5942,voucher,1,3818.89
5943,5943,credit_card,4,1128.13
5944,5944,debit_card,1,88.35
5945,5945,boleto,1,2765.36
5946,5946,voucher,1,1754.71
5947,5947,debit_card,1,78.94
5948,5948,debit_card,1,1860.98
5949,5949,boleto,1,143.38
5950,5950,debit_card,1,479.35
5951,5951,debit_card,1,2776.68
5952,5952,debit_card,1,317.88
5953,5953,boleto,1,353.36
5954,5954,credit_card,1,2498.02
5955,5955,credit_card,1,3418.65
5956,5956,boleto,1,4490.72
5957,5957,debit_card,1,2893.94
5958,5958,boleto,1,285.87
5959,5959,credit_card,1,17829.07
5960,5960,boleto,1,1217.58
5961,5961,boleto,1,3086.36
5962,5962,credit_card,1,334.18
5963,5963,boleto,1,209.81
5964,5964,credit_card,1,89.99
5965,5965,boleto,1,1007.48
5966,5966,voucher,1,877.82
5967,5967,voucher,1,2880.29
5968,5968,credit_card,4,7650.93
5969,5969,credit_card,1,1369.61
5970,5970,credit_card,2,2583.41
5971,5971,boleto,1,1732.15
5972,5972,credit_card,1,5514.38
5973,5973,debit_card,1,6006.78
5974,5974,debit_card,1,2971.13
5975,5975,credit_card,1,1234.95
5976,5976,boleto,1,2407.89
5977,5977,voucher,1,2308.78
5978,5978,boleto,1,3115.36
5979,5979,boleto,1,1068.7
5980,5980,voucher,1,3332.08
5981,5981,voucher,1,2520.0
5982,5982,credit_card,10,2081.73
5983,5983,voucher,1,2226.06
5984,5984,boleto,1,9455.9
5985,5985,boleto,1,17820.8
5986,5986,voucher,1,5044.64
5987,5987,boleto,1,865.54
5988,5988,debit_card,1,919.69
5989,5989,voucher,1,1106.48
5990,5990,boleto,1,274.75
5991,5991,debit_card,1,920.91
5992,5992,debit_card,1,542.68
5993,5993,boleto,1,4468.13
5994,5994,boleto,1,4074.05
5995,5995,boleto,1,3421.61
5996,5996,boleto,1,3927.14
5997,5997,boleto,1,1598.88
5998,5998,voucher,1,800.62
5999,5999,credit_card,1,71.06
6000,6000,credit_card,10,3342.12
6001,6001,boleto,1,1958.92
6002,6002,credit_card,4,3783.39
6003,6003,boleto,1,2941.33
6004,6004,voucher,1,3465.61
6005,6005,credit_card,1,4045.89
6006,6006,debit_card,1,2038.13
6007,6007,debit_card,1,369.0
6008,6008,voucher,1,687.64
6009,6009,voucher,1,2476.37
6010,6010,credit_card,1,814.86
6011,6011,voucher,1,1270.85
6012,6012,debit_card,1,1444.98
6013,6013,boleto,1,3903.01
6014,6014,boleto,1,582.52
6015,6015,boleto,1,819.02
6016,6016,credit_card,1,724.19
6017,6017,voucher,1,360.69
6018,6018,boleto,1,108.06
6019,6019,voucher,1,1630.01
6020,6020,voucher,1,1571.82
6021,6021,credit_card,1,1212.23
6022,6022,boleto,1,755.22
6023,6023,credit_card,1,2450.94
6024,6024,boleto,1,3823.43
6025,6025,debit_card,1,107.38
6026,6026,voucher,1,1107.99
6027,6027,voucher,1,2220.04
6028,6028,voucher,1,158.27
6029,6029,credit_card,2,8683.98
6030,6030,voucher,1,182.86
6031,6031,credit_card,3,962.04
6032,6032,voucher,1,493.32
6033,6033,voucher,1,2413.94
6034,6034,credit_card,3,3272.49
6035,6035,credit_card,3,5699.65
6036,6036,debit_card,1,2449.11
6037,6037,voucher,1,2284.55
6038,6038,voucher,1,428.0
6039,6039,boleto,1,554.55
6040,6040,credit_card,1,477.82
6041,6041,debit_card,1,3987.35
6042,6042,credit_card,2,3544.77
6043,6043,debit_card,1,2672.45
6044,6044,voucher,1,247.8
6045,6045,credit_card,1,291.83
6046,6046,debit_card,1,1279.43
6047,6047,voucher,1,1985.21
6048,6048,voucher,1,921.9
6049,6049,credit_card,3,730.52
6050,6050,voucher,1,6436.47
6051,6051,debit_card,1,5657.08
6052,6052,boleto,1,3225.44
6053,6053,boleto,1,12466.93
6054,6054,voucher,1,209.71
6055,6055,debit_card,1,1841.23
6056,6056,boleto,1,85.72
6057,6057,credit_card,1,528.92
6058,6058,credit_card,1,2065.13
6059,6059,debit_card,1,8840.24
6060,6060,debit_card,1,1049.34
6061,6061,boleto,1,1084.59
6062,6062,credit_card,10,854.11
6063,6063,credit_card,1,11093.1
6064,6064,credit_card,1,131.8
6065,6065,credit_card,1,4161.99
6066,6066,credit_card,2,3384.81
6067,6067,boleto,1,1976.06
6068,6068,credit_card,1,183.65
6069,6069,credit_card,1,107.08
6070,6070,debit_card,1,3132.15
6071,6071,debit_card,1,1136.69
6072,6072,credit_card,2,516.6
6073,6073,credit_card,1,215.74
6074,6074,debit_card,1,20512.65
6075,6075,debit_card,1,2124.87
6076,6076,debit_card,1,174.18
6077,6077,boleto,1,508.85
6078,6078,credit_card,1,1206.8
6079,6079,boleto,1,10069.44
6080,6080,credit_card,3,1673.87
6081,6081,debit_card,1,2289.36
6082,6082,credit_card,1,164.58
6083,6083,credit_card,10,755.26
6084,6084,debit_card,1,2358.12
6085,6085,debit_card,1,437.32
6086,6086,credit_card,10,400.27
6087,6087,credit_card,10,994.05
6088,6088,boleto,1,749.35
6089,6089,boleto,1,56.08
6090,6090,debit_card,1,5143.85
6091,6091,credit_card,1,4558.8
6092,6092,voucher,1,2044.42
6093,6093,credit_card,1,1685.41
6094,6094,debit_card,1,786.93
6095,6095,voucher,1,268.6
6096,6096,credit_card,1,104.66
6097,6097,debit_card,1,1777.94
6098,6098,voucher,1,5720.05
6099,6099,credit_card,10,2336.6
6100,6100,boleto,1,1050.22
6101,6101,boleto,1,152.6
6102,6102,credit_card,6,3727.49
6103,6103,boleto,1,324.04
6104,6104,debit_card,1,1991.47
6105,6105,boleto,1,2114.93
6106,6106,boleto,1,1574.76
6107,6107,credit_card,2,9433.35
6108,6108,credit_card,2,2105.54
6109,6109,voucher,1,1616.05
6110,6110,debit_card,1,160.91
6111,6111,voucher,1,192.75
6112,6112,debit_card,1,1130.42
6113,6113,voucher,1,664.65
6114,6114,credit_card,6,607.58
6115,6115,credit_card,1,3089.12
6116,6116,credit_card,1,2925.12
6117,6117,voucher,1,283.01
6118,6118,credit_card,1,1888.77
6119,6119,voucher,1,467.24
6120,6120,debit_card,1,821.02
6121,6121,debit_card,1,1629.58
6122,6122,debit_card,1,3894.72
6123,6123,boleto,1,189.29
6124,6124,debit_card,1,5352.86
6125,6125,debit_card,1,803.69
6126,6126,boleto,1,213.3
6127,6127,debit_card,1,324.72
6128,6128,boleto,1,8265.12
6129,6129,debit_card,1,217.42
6130,6130,credit_card,1,2719.66
6131,6131,voucher,1,594.32
6132,6132,debit_card,1,4701.18
6133,6133,boleto,1,4787.59
6134,6134,credit_card,1,124.57
6135,6135,debit_card,1,450.24
6136,6136,boleto,1,2020.56
6137,6137,debit_card,1,1141.64
6138,6138,debit_card,1,4013.48
6139,6139,boleto,1,243.45
6140,6140,credit_card,4,1496.05
6141,6141,debit_card,1,3549.97
6142,6142,voucher,1,5609.75
6143,6143,boleto,1,816.99
6144,6144,debit_card,1,805.54
6145,6145,boleto,1,2270.48
6146,6146,voucher,1,1329.26
6147,6147,boleto,1,103.43
6148,6148,boleto,1,229.84
6149,6149,credit_card,2,1137.65
6150,6150,voucher,1,1189.07
6151,6151,debit_card,1,246.43
6152,6152,boleto,1,62.43
6153,6153,voucher,1,510.58
6154,6154,voucher,1,149.55
6155,6155,voucher,1,238.62
6156,6156,boleto,1,417.06
6157,6157,boleto,1,2047.14
6158,6158,boleto,1,3307.71
6159,6159,credit_card,1,9460.33
6160,6160,debit_card,1,65.51
6161,6161,voucher,1,3907.61
6162,6162,debit_card,1,99.27
6163,6163,debit_card,1,1937.26
6164,6164,debit_card,1,961.5
6165,6165,debit_card,1,984.75
6166,6166,debit_card,1,1569.46
6167,6167,credit_card,1,2005.16
6168,6168,credit_card,1,2172.79
6169,6169,boleto,1,167.03
6170,6170,credit_card,1,194.32
6171,6171,voucher,1,2899.2
6172,6172,boleto,1,173.0
6173,6173,debit_card,1,415.23
6174,6174,credit_card,10,7455.93
6175,6175,debit_card,1,2813.42
6176,6176,credit_card,1,1013.21
6177,6177,debit_card,1,832.3
6178,6178,credit_card,3,1315.4
6179,6179,debit_card,1,1494.5
6180,6180,boleto,1,344.15
6181,6181,debit_card,1,172.43
6182,6182,boleto,1,966.81
6183,6183,debit_card,1,300.37
6184,6184,voucher,1,72.69
6185,6185,voucher,1,142.23
6186,6186,debit_card,1,623.53
6187,6187,credit_card,1,970.35
6188,6188,boleto,1,1438.37
6189,6189,debit_card,1,257.09
6190,6190,voucher,1,5988.9
6191,6191,debit_card,1,64.12
6192,6192,voucher,1,3986.06
6193,6193,credit_card,1,186.68
6194,6194,voucher,1,159.74
6195,6195,voucher,1,94.64
6196,6196,credit_card,2,417.06
6197,6197,voucher,1,6596.45
6198,6198,debit_card,1,738.41
6199,6199,voucher,1,198.18
6200,6200,boleto,1,1355.61
6201,6201,voucher,1,452.34
6202,6202,voucher,1,2892.38
6203,6203,credit_card,1,3981.54
6204,6204,credit_card,6,3493.74
6205,6205,voucher,1,1208.58
6206,6206,voucher,1,1535.04
6207,6207,voucher,1,11042.49
6208,6208,credit_card,1,1193.46
6209,6209,voucher,1,2633.15
6210,6210,debit_card,1,697.81
6211,6211,debit_card,1,1511.95
6212,6212,voucher,1,2423.86
6213,6213,credit_card,1,1321.33
6214,6214,credit_card,1,4889.78
6215,6215,boleto,1,2973.37
6216,6216,debit_card,1,443.71
6217,6217,boleto,1,1695.12
6218,6218,credit_card,4,2614.07
6219,6219,voucher,1,401.88
6220,6220,voucher,1,1057.7
6221,6221,debit_card,1,5209.28
6222,6222,debit_card,1,511.34
6223,6223,voucher,1,846.26
6224,6224,debit_card,1,1187.5
6225,6225,voucher,1,49.73
6226,6226,boleto,1,3803.14
6227,6227,boleto,1,4700.46
6228,6228,boleto,1,1774.31
6229,6229,credit_card,1,248.96
6230,6230,voucher,1,3007.71
6231,6231,debit_card,1,4701.1
6232,6232,voucher,1,281.77
6233,6233,voucher,1,420.04
6234,6234,boleto,1,192.85
6235,6235,boleto,1,3085.53
6236,6236,credit_card,1,3173.07
6237,6237,boleto,1,2110.1
6238,6238,debit_card,1,290.82
6239,6239,boleto,1,533.29
6240,6240,debit_card,1,837.54
6241,6241,voucher,1,13084.9
6242,6242,voucher,1,62.36
6243,6243,credit_card,1,157.31
6244,6244,voucher,1,410.12
6245,6245,voucher,1,197.9
6246,6246,voucher,1,4824.03
6247,6247,voucher,1,482.4
6248,6248,boleto,1,1257.65
6249,6249,boleto,1,7104.52
6250,6250,voucher,1,1481.13
6251,6251,boleto,1,255.62
6252,6252,debit_card,1,2112.44
6253,6253,credit_card,1,12844.8
6254,6254,debit_card,1,682.51
6255,6255,boleto,1,359.13
6256,6256,voucher,1,2378.47
6257,6257,credit_card,10,2407.46
6258,6258,boleto,1,3413.55
6259,6259,boleto,1,5658.74
6260,6260,boleto,1,140.98
6261,6261,credit_card,4,456.28
6262,6262,boleto,1,3903.94
6263,6263,boleto,1,782.71
6264,6264,voucher,1,417.2
6265,6265,credit_card,1,7980.94
6266,6266,credit_card,3,782.69
6267,6267,debit_card,1,2335.07
6268,6268,credit_card,1,723.74
6269,6269,debit_card,1,588.96
6270,6270,credit_card,4,6407.47
6271,6271,voucher,1,586.93
6272,6272,boleto,1,5822.34
6273,6273,boleto,1,286.08
6274,6274,voucher,1,585.37
6275,6275,boleto,1,1296.81
6276,6276,credit_card,1,5225.43
6277,6277,voucher,1,280.87
6278,6278,boleto,1,231.5
6279,6279,credit_card,4,234.15
6280,6280,voucher,1,358.7
6281,6281,credit_card,1,63.44
6282,6282,boleto,1,4412.03
6283,6283,credit_card,1,128.91
6284,6284,boleto,1,3465.85
6285,6285,boleto,1,177.53
6286,6286,credit_card,3,2014.26
6287,6287,boleto,1,1583.66
6288,6288,credit_card,1,385.56
6289,6289,credit_card,6,362.19
6290,6290,debit_card,1,4684.86
6291,6291,boleto,1,2778.24
6292,6292,credit_card,1,215.34
6293,6293,voucher,1,1728.14
6294,6294,credit_card,6,3115.48
6295,6295,voucher,1,4829.25
6296,6296,credit_card,2,1394.45
6297,6297,credit_card,2,1322.15
6298,6298,debit_card,1,343.03
6299,6299,credit_card,1,2920.91
6300,6300,credit_card,1,766.81
6301,6301,voucher,1,60.57
6302,6302,debit_card,1,2566.53
6303,6303,voucher,1,224.37
6304,6304,credit_card,3,3495.97
6305,6305,credit_card,1,339.85
6306,6306,credit_card,1,2233.84
6307,6307,boleto,1,2413.34
6308,6308,voucher,1,1151.9
6309,6309,voucher,1,726.9
6310,6310,voucher,1,3793.01
6311,6311,debit_card,1,6355.46
6312,6312,boleto,1,1449.49
6313,6313,debit_card,1,1897.35
6314,6314,boleto,1,109.56
6315,6315,credit_card,1,108.23
6316,6316,boleto,1,2523.02
6317,6317,voucher,1,1197.58
6318,6318,debit_card,1,754.43
6319,6319,boleto,1,388.5
6320,6320,credit_card,1,199.96
6321,6321,voucher,1,382.4
6322,6322,boleto,1,1064.36
6323,6323,credit_card,6,696.67
6324,6324,voucher,1,313.75
6325,6325,debit_card,1,3947.05
6326,6326,credit_card,1,4224.39
6327,6327,debit_card,1,364.56
6328,6328,voucher,1,5250.35
6329,6329,debit_card,1,100.32
6330,6330,boleto,1,867.28
6331,6331,voucher,1,708.53
6332,6332,debit_card,1,1751.19
6333,6333,debit_card,1,4200.07
6334,6334,credit_card,1,48.71
6335,6335,voucher,1,1089.62
6336,6336,credit_card,1,335.72
6337,6337,debit_card,1,1476.41
6338,6338,boleto,1,2635.9
6339,6339,voucher,1,3356.29
6340,6340,boleto,1,100.87
6341,6341,debit_card,1,2879.86
6342,6342,credit_card,1,354.45
6343,6343,debit_card,1,1887.99
6344,6344,boleto,1,741.09
6345,6345,credit_card,1,183.28
6346,6346,credit_card,1,2008.34
6347,6347,credit_card,6,4973.42
6348,6348,voucher,1,110.77
6349,6349,voucher,1,3385.74
6350,6350,debit_card,1,602.4
6351,6351,credit_card,1,925.07
6352,6352,voucher,1,1324.45
6353,6353,credit_card,1,3878.02
6354,6354,debit_card,1,1608.95
6355,6355,boleto,1,1190.13
6356,6356,debit_card,1,55.45
6357,6357,debit_card,1,856.14
6358,6358,debit_card,1,5868.73
6359,6359,credit_card,4,490.22
6360,6360,voucher,1,286.54
6361,6361,credit_card,2,1047.19
6362,6362,voucher,1,507.85
6363,6363,boleto,1,1402.09
6364,6364,boleto,1,3737.01
6365,6365,boleto,1,390.09
6366,6366,boleto,1,280.75
6367,6367,boleto,1,256.04
6368,6368,boleto,1,5323.04
6369,6369,voucher,1,3287.73
6370,6370,boleto,1,59.93
6371,6371,boleto,1,94.45
6372,6372,boleto,1,5241.06
6373,6373,debit_card,1,1236.93
6374,6374,debit_card,1,1866.1
6375,6375,voucher,1,2302.21
6376,6376,debit_card,1,12852.83
6377,6377,credit_card,4,10915.22
6378,6378,voucher,1,8351.81
6379,6379,credit_card,1,80.81
6380,6380,credit_card,1,371.21
6381,6381,boleto,1,1629.48
6382,6382,voucher,1,5639.55
6383,6383,credit_card,2,3053.57
6384,6384,boleto,1,1276.86
6385,6385,credit_card,6,3047.76
6386,6386,voucher,1,602.22
6387,6387,credit_card,1,1544.26
6388,6388,debit_card,1,3271.61
6389,6389,voucher,1,616.25
6390,6390,voucher,1,3566.12
6391,6391,boleto,1,257.37
6392,6392,debit_card,1,7049.77
6393,6393,boleto,1,2630.01
6394,6394,boleto,1,2223.46
6395,6395,boleto,1,1611.17
6396,6396,debit_card,1,966.92
6397,6397,voucher,1,2778.3
6398,6398,credit_card,3,5731.06
6399,6399,debit_card,1,296.83
6400,6400,boleto,1,3362.73
6401,6401,credit_card,1,2526.32
6402,6402,boleto,1,80.05
6403,6403,credit_card,1,87.75
6404,6404,debit_card,1,1006.26
6405,6405,debit_card,1,358.08
6406,6406,credit_card,1,431.35
6407,6407,credit_card,10,1331.05
6408,6408,boleto,1,1577.13
6409,6409,voucher,1,372.52
6410,6410,voucher,1,5939.11
6411,6411,boleto,1,137.24
6412,6412,debit_card,1,3033.0
6413,6413,credit_card,1,188.74
6414,6414,credit_card,6,608.83
6415,6415,voucher,1,4529.81
6416,6416,credit_card,1,671.79
6417,6417,debit_card,1,2769.14
6418,6418,debit_card,1,1210.11
6419,6419,debit_card,1,602.84
6420,6420,credit_card,1,5794.35
6421,6421,debit_card,1,801.12
6422,6422,debit_card,1,696.49
6423,6423,boleto,1,5073.26
6424,6424,credit_card,1,3398.37
6425,6425,debit_card,1,739.76
6426,6426,credit_card,1,1537.49
6427,6427,debit_card,1,1407.07
6428,6428,credit_card,1,1687.15
6429,6429,voucher,1,423.58
6430,6430,boleto,1,1837.39
6431,6431,debit_card,1,137.79
6432,6432,credit_card,4,1957.67
6433,6433,voucher,1,1066.58
6434,6434,boleto,1,152.97
6435,6435,credit_card,1,3017.93
6436,6436,voucher,1,10997.46
6437,6437,debit_card,1,5836.92
6438,6438,credit_card,1,1542.38
6439,6439,voucher,1,1642.14
6440,6440,boleto,1,3546.46
6441,6441,voucher,1,2729.11
6442,6442,debit_card,1,3160.77
6443,6443,credit_card,1,106.55
6444,6444,voucher,1,150.47
6445,6445,voucher,1,1373.46
6446,6446,credit_card,1,610.31
6447,6447,debit_card,1,46.74
6448,6448,boleto,1,150.04
6449,6449,voucher,1,1584.06
6450,6450,voucher,1,162.0
6451,6451,debit_card,1,174.98
6452,6452,boleto,1,82.83
6453,6453,voucher,1,275.81
6454,6454,debit_card,1,591.46
6455,6455,debit_card,1,895.11
6456,6456,boleto,1,5246.74
6457,6457,voucher,1,1139.91
6458,6458,debit_card,1,4236.92
6459,6459,credit_card,1,68.57
6460,6460,debit_card,1,385.98
6461,6461,credit_card,1,5314.73
6462,6462,credit_card,4,3631.13
6463,6463,voucher,1,372.34
6464,6464,voucher,1,6548.96
6465,6465,debit_card,1,543.26
6466,6466,boleto,1,157.54
6467,6467,voucher,1,1794.44
6468,6468,debit_card,1,73.75
6469,6469,voucher,1,2594.13
6470,6470,voucher,1,1545.62
6471,6471,boleto,1,3832.17
6472,6472,voucher,1,360.61
6473,6473,voucher,1,731.79
6474,6474,voucher,1,3472.24
6475,6475,credit_card,1,569.65
6476,6476,voucher,1,459.1
6477,6477,boleto,1,3109.59
6478,6478,boleto,1,5823.9
6479,6479,debit_card,1,2220.42
6480,6480,debit_card,1,2027.79
6481,6481,boleto,1,3013.41
6482,6482,debit_card,1,578.85
6483,6483,boleto,1,4207.45
6484,6484,boleto,1,2261.85
6485,6485,debit_card,1,283.98
6486,6486,debit_card,1,290.71
6487,6487,debit_card,1,392.65
6488,6488,credit_card,1,268.93
6489,6489,credit_card,10,8242.36
6490,6490,voucher,1,613.42
6491,6491,voucher,1,1484.57
6492,6492,debit_card,1,381.54
6493,6493,credit_card,1,722.38
6494,6494,debit_card,1,28.53
6495,6495,voucher,1,156.56
6496,6496,debit_card,1,355.47
6497,6497,voucher,1,1043.53
6498,6498,credit_card,1,777.5
6499,6499,boleto,1,478.43
6500,6500,boleto,1,5042.24
6501,6501,voucher,1,1578.88
6502,6502,credit_card,6,3692.5
6503,6503,voucher,1,279.39
6504,6504,boleto,1,291.4
6505,6505,debit_card,1,824.34
6506,6506,voucher,1,945.27
6507,6507,debit_card,1,2494.93
6508,6508,boleto,1,3183.81
6509,6509,debit_card,1,5221.58
6510,6510,voucher,1,12841.98
6511,6511,credit_card,1,139.39
6512,6512,boleto,1,430.08
6513,6513,debit_card,1,346.19
6514,6514,voucher,1,463.17
6515,6515,boleto,1,3919.46
6516,6516,boleto,1,5983.33
6517,6517,boleto,1,1232.92
6518,6518,debit_card,1,3760.06
6519,6519,voucher,1,231.78
6520,6520,boleto,1,3005.68
6521,6521,debit_card,1,3351.88
6522,6522,voucher,1,159.42
6523,6523,boleto,1,383.65
6524,6524,debit_card,1,136.93
6525,6525,boleto,1,327.88
6526,6526,debit_card,1,3981.86
6527,6527,voucher,1,3252.04
6528,6528,voucher,1,8399.12
6529,6529,boleto,1,4442.15
6530,6530,debit_card,1,6573.45
6531,6531,voucher,1,252.02
6532,6532,credit_card,6,2329.73
6533,6533,credit_card,1,2891.6
6534,6534,boleto,1,629.04
6535,6535,voucher,1,1358.76
6536,6536,boleto,1,1150.81
6537,6537,credit_card,1,745.92
6538,6538,credit_card,1,3881.66
6539,6539,debit_card,1,2589.69
6540,6540,voucher,1,1249.18
6541,6541,voucher,1,4610.35
6542,6542,debit_card,1,1945.53
6543,6543,debit_card,1,265.52
6544,6544,boleto,1,3252.68
6545,6545,credit_card,10,2163.18
6546,6546,boleto,1,3965.36
6547,6547,credit_card,1,144.73
6548,6548,boleto,1,603.64
6549,6549,voucher,1,579.39
6550,6550,debit_card,1,122.24
6551,6551,debit_card,1,2010.71
6552,6552,debit_card,1,6643.37
6553,6553,boleto,1,475.55
6554,6554,credit_card,1,4871.67
6555,6555,boleto,1,4406.89
6556,6556,boleto,1,3428.25
6557,6557,debit_card,1,436.95
6558,6558,debit_card,1,2466.21
6559,6559,boleto,1,304.35
6560,6560,debit_card,1,5270.78
6561,6561,credit_card,3,2552.41
6562,6562,boleto,1,982.36
6563,6563,debit_card,1,322.9
6564,6564,debit_card,1,473.18
6565,6565,voucher,1,878.3
6566,6566,credit_card,1,3875.04
6567,6567,boleto,1,2664.56
6568,6568,boleto,1,322.91
6569,6569,voucher,1,313.97
6570,6570,boleto,1,213.63
6571,6571,debit_card,1,3598.95
6572,6572,debit_card,1,3025.01
6573,6573,voucher,1,2375.11
6574,6574,voucher,1,165.4
6575,6575,credit_card,1,490.11
6576,6576,debit_card,1,3665.97
6577,6577,debit_card,1,62.74
6578,6578,voucher,1,390.4
6579,6579,credit_card,6,6514.26
6580,6580,debit_card,1,5010.29
6581,6581,voucher,1,5903.67
6582,6582,credit_card,10,238.4
6583,6583,boleto,1,88.83
6584,6584,boleto,1,3948.47
6585,6585,voucher,1,1592.52
6586,6586,voucher,1,816.28
6587,6587,boleto,1,935.36
6588,6588,boleto,1,914.16
6589,6589,credit_card,6,5973.68
6590,6590,debit_card,1,767.49
6591,6591,credit_card,1,975.76
6592,6592,credit_card,1,1467.34
6593,6593,boleto,1,853.34
6594,6594,boleto,1,263.83
6595,6595,boleto,1,180.4
6596,6596,voucher,1,146.81
6597,6597,debit_card,1,851.85
6598,6598,boleto,1,2833.37
6599,6599,boleto,1,6139.75
6600,6600,debit_card,1,3371.34
6601,6601,boleto,1,3730.49
6602,6602,boleto,1,2396.37
6603,6603,credit_card,1,748.87
6604,6604,voucher,1,681.75
6605,6605,boleto,1,3270.53
6606,6606,credit_card,1,3439.02
6607,6607,debit_card,1,2765.07
6608,6608,credit_card,4,2232.18
6609,6609,boleto,1,391.07
6610,6610,debit_card,1,2506.02
6611,6611,credit_card,1,2168.2
6612,6612,debit_card,1,8697.58
6613,6613,debit_card,1,195.52
6614,6614,boleto,1,2700.39
6615,6615,credit_card,1,4036.39
6616,6616,credit_card,1,686.61
6617,6617,debit_card,1,1374.57
6618,6618,debit_card,1,438.82
6619,6619,voucher,1,5005.65
6620,6620,debit_card,1,10599.14
6621,6621,credit_card,1,2046.51
6622,6622,voucher,1,4008.1
6623,6623,voucher,1,302.35
6624,6624,credit_card,1,404.46
6625,6625,boleto,1,361.71
6626,6626,boleto,1,2381.95
6627,6627,credit_card,6,2071.07
6628,6628,debit_card,1,571.38
6629,6629,voucher,1,3211.66
6630,6630,credit_card,2,218.59
6631,6631,voucher,1,4150.11
6632,6632,credit_card,3,2223.5
6633,6633,voucher,1,605.59
6634,6634,credit_card,10,3269.25
6635,6635,debit_card,1,113.25
6636,6636,credit_card,1,318.74
6637,6637,debit_card,1,844.46
6638,6638,voucher,1,4158.13
6639,6639,voucher,1,4083.63
6640,6640,debit_card,1,365.91
6641,6641,voucher,1,4040.09
6642,6642,credit_card,1,1329.65
6643,6643,credit_card,1,3417.35
6644,6644,boleto,1,718.55
6645,6645,debit_card,1,2500.36
6646,6646,debit_card,1,3536.4
6647,6647,boleto,1,109.64
6648,6648,voucher,1,811.1
6649,6649,credit_card,1,345.63
6650,6650,debit_card,1,37.0
6651,6651,boleto,1,981.06
6652,6652,debit_card,1,2877.5
6653,6653,debit_card,1,1219.0
6654,6654,voucher,1,364.28
6655,6655,boleto,1,2086.34
6656,6656,voucher,1,1781.27
6657,6657,voucher,1,3516.64
6658,6658,boleto,1,824.35
6659,6659,voucher,1,2202.63
6660,6660,credit_card,1,548.14
6661,6661,voucher,1,479.12
6662,6662,debit_card,1,98.0
6663,6663,debit_card,1,3246.3
6664,6664,voucher,1,296.35
6665,6665,debit_card,1,224.01
6666,6666,voucher,1,2752.81
6667,6667,debit_card,1,835.08
6668,6668,debit_card,1,3564.4
6669,6669,boleto,1,11359.17
6670,6670,voucher,1,6078.79
6671,6671,debit_card,1,772.26
6672,6672,debit_card,1,890.17
6673,6673,voucher,1,3076.59
6674,6674,boleto,1,418.9
6675,6675,boleto,1,162.88
6676,6676,boleto,1,197.66
6677,6677,credit_card,1,1678.28
6678,6678,credit_card,10,357.32
6679,6679,debit_card,1,562.16
6680,6680,credit_card,1,547.9
6681,6681,boleto,1,5512.91
6682,6682,boleto,1,526.51
6683,6683,boleto,1,708.01
6684,6684,voucher,1,191.28
6685,6685,debit_card,1,2266.21
6686,6686,credit_card,1,1018.94
6687,6687,credit_card,6,305.74
6688,6688,boleto,1,3229.47
6689,6689,debit_card,1,3967.2
6690,6690,boleto,1,4510.17
6691,6691,credit_card,1,2427.51
6692,6692,voucher,1,201.31
6693,6693,debit_card,1,446.95
6694,6694,voucher,1,121.11
6695,6695,credit_card,6,247.85
6696,6696,voucher,1,98.28
6697,6697,voucher,1,73.08
6698,6698,voucher,1,540.18
6699,6699,voucher,1,231.12
6700,6700,credit_card,1,58.66
6701,6701,debit_card,1,4430.63
6702,6702,credit_card,10,207.73
6703,6703,credit_card,4,305.7
6704,6704,voucher,1,279.27
6705,6705,boleto,1,1890.6
6706,6706,credit_card,4,661.1
6707,6707,credit_card,1,380.61
6708,6708,boleto,1,6582.36
6709,6709,voucher,1,1666.11
6710,6710,debit_card,1,2122.45
6711,6711,boleto,1,2759.47
6712,6712,debit_card,1,657.51
6713,6713,voucher,1,342.75
6714,6714,boleto,1,460.22
6715,6715,voucher,1,232.42
6716,6716,debit_card,1,2626.12
6717,6717,debit_card,1,1506.65
6718,6718,debit_card,1,1071.84
6719,6719,voucher,1,1803.97
6720,6720,boleto,1,619.01
6721,6721,debit_card,1,580.08
6722,6722,debit_card,1,2328.25
6723,6723,boleto,1,3201.78
6724,6724,voucher,1,300.36
6725,6725,debit_card,1,454.01
6726,6726,debit_card,1,651.4
6727,6727,boleto,1,147.29
6728,6728,boleto,1,243.22
6729,6729,boleto,1,195.4
6730,6730,voucher,1,1334.79
6731,6731,credit_card,6,685.56
6732,6732,boleto,1,3291.15
6733,6733,voucher,1,1575.4
6734,6734,boleto,1,378.7
6735,6735,credit_card,3,2054.82
6736,6736,voucher,1,167.38
6737,6737,boleto,1,1295.93
6738,6738,debit_card,1,1080.55
6739,6739,debit_card,1,136.02
6740,6740,voucher,1,383.43
6741,6741,debit_card,1,406.98
6742,6742,credit_card,4,1303.86
6743,6743,voucher,1,1471.93
6744,6744,boleto,1,441.09
6745,6745,voucher,1,1917.14
6746,6746,debit_card,1,1587.73
6747,6747,credit_card,3,489.47
6748,6748,voucher,1,214.91
6749,6749,boleto,1,2939.77
6750,6750,boleto,1,823.27
6751,6751,voucher,1,223.94
6752,6752,credit_card,6,1035.06
6753,6753,credit_card,1,2506.8
6754,6754,credit_card,4,279.54
6755,6755,credit_card,1,1586.72
6756,6756,credit_card,2,7265.63
6757,6757,credit_card,1,88.14
6758,6758,boleto,1,145.75
6759,6759,debit_card,1,4578.09
6760,6760,debit_card,1,1266.56
6761,6761,boleto,1,1420.78
6762,6762,voucher,1,1222.69
6763,6763,boleto,1,2638.9
6764,6764,voucher,1,1101.66
6765,6765,voucher,1,3198.37
6766,6766,boleto,1,2619.73
6767,6767,debit_card,1,156.56
6768,6768,credit_card,1,2593.62
6769,6769,debit_card,1,762.16
6770,6770,voucher,1,667.94
6771,6771,voucher,1,1369.94
6772,6772,boleto,1,1146.03
6773,6773,voucher,1,752.76
6774,6774,debit_card,1,195.95
6775,6775,voucher,1,1191.58
6776,6776,voucher,1,990.98
6777,6777,credit_card,1,269.0
6778,6778,credit_card,2,4285.03
6779,6779,boleto,1,2697.96
6780,6780,voucher,1,2153.89
6781,6781,voucher,1,185.3
6782,6782,voucher,1,4700.41
6783,6783,credit_card,4,216.12
6784,6784,credit_card,1,1467.86
6785,6785,debit_card,1,1157.87
6786,6786,voucher,1,318.38
6787,6787,boleto,1,512.18
6788,6788,voucher,1,3374.62
6789,6789,debit_card,1,399.0
6790,6790,credit_card,10,1555.59
6791,6791,boleto,1,480.13
6792,6792,voucher,1,2452.69
6793,6793,credit_card,4,2968.42
6794,6794,voucher,1,2526.1
6795,6795,credit_card,2,282.39
6796,6796,debit_card,1,4702.85
6797,6797,credit_card,10,298.56
6798,6798,boleto,1,167.44
6799,6799,boleto,1,485.11
6800,6800,debit_card,1,829.26
6801,6801,boleto,1,1027.44
6802,6802,credit_card,3,960.07
6803,6803,voucher,1,889.34
6804,6804,debit_card,1,229.2
6805,6805,boleto,1,65.55
6806,6806,credit_card,1,1444.37
6807,6807,credit_card,1,388.9
6808,6808,credit_card,3,4067.09
6809,6809,boleto,1,2932.62
6810,6810,debit_card,1,6816.05
6811,6811,credit_card,1,1059.4
6812,6812,debit_card,1,44.96
6813,6813,credit_card,3,713.07
6814,6814,boleto,1,1814.52
6815,6815,credit_card,1,1769.7
6816,6816,debit_card,1,2921.77
6817,6817,debit_card,1,444.83
6818,6818,boleto,1,1884.8
6819,6819,voucher,1,427.18
6820,6820,boleto,1,240.88
6821,6821,debit_card,1,849.12
6822,6822,voucher,1,3814.58
6823,6823,debit_card,1,1342.71
6824,6824,debit_card,1,1195.67
6825,6825,boleto,1,332.43
6826,6826,voucher,1,126.8
6827,6827,voucher,1,210.53
6828,6828,debit_card,1,1201.44
6829,6829,debit_card,1,188.41
6830,6830,boleto,1,1114.06
6831,6831,credit_card,2,571.9
6832,6832,credit_card,10,1180.76
6833,6833,voucher,1,227.56
6834,6834,voucher,1,195.17
6835,6835,credit_card,1,1162.88
6836,6836,credit_card,1,87.0
6837,6837,boleto,1,1116.87
6838,6838,debit_card,1,2281.42
6839,6839,voucher,1,969.76
6840,6840,boleto,1,349.74
6841,6841,boleto,1,157.08
6842,6842,debit_card,1,974.98
6843,6843,debit_card,1,4450.91
6844,6844,credit_card,1,303.84
6845,6845,credit_card,3,1079.57
6846,6846,credit_card,1,9156.93
6847,6847,boleto,1,368.35
6848,6848,boleto,1,2032.14
6849,6849,boleto,1,259.72
6850,6850,boleto,1,2926.5
6851,6851,boleto,1,307.12
6852,6852,voucher,1,2275.86
6853,6853,credit_card,6,547.24
6854,6854,debit_card,1,1527.55
6855,6855,credit_card,1,4069.08
6856,6856,boleto,1,860.05
6857,6857,voucher,1,1492.81
6858,6858,voucher,1,122.4
6859,6859,debit_card,1,268.87
6860,6860,voucher,1,162.51
6861,6861,boleto,1,399.65
6862,6862,credit_card,10,1017.16
6863,6863,voucher,1,1672.61
6864,6864,boleto,1,4464.64
6865,6865,debit_card,1,1722.88
6866,6866,voucher,1,698.2
6867,6867,debit_card,1,1830.58
6868,6868,boleto,1,5335.78
6869,6869,credit_card,2,214.06
6870,6870,boleto,1,2060.6
6871,6871,debit_card,1,521.97
6872,6872,credit_card,1,599.27
6873,6873,debit_card,1,598.11
6874,6874,voucher,1,4547.78
6875,6875,voucher,1,554.39
6876,6876,credit_card,4,6825.83
6877,6877,debit_card,1,361.14
6878,6878,debit_card,1,4135.39
6879,6879,debit_card,1,639.85
6880,6880,boleto,1,307.39
6881,6881,boleto,1,574.99
6882,6882,debit_card,1,222.54
6883,6883,voucher,1,365.18
6884,6884,debit_card,1,107.8
6885,6885,voucher,1,3362.01
6886,6886,debit_card,1,624.25
6887,6887,voucher,1,307.68
6888,6888,credit_card,4,3092.11
6889,6889,boleto,1,1724.66
6890,6890,boleto,1,931.67
6891,6891,boleto,1,320.59
6892,6892,boleto,1,6031.45
6893,6893,boleto,1,1465.58
6894,6894,credit_card,1,6781.27
6895,6895,boleto,1,1463.47
6896,6896,voucher,1,3518.76
6897,6897,debit_card,1,2969.64
6898,6898,voucher,1,1806.23
6899,6899,debit_card,1,425.63
6900,6900,voucher,1,10564.0
6901,6901,boleto,1,1494.25
6902,6902,debit_card,1,143.18
6903,6903,voucher,1,483.39
6904,6904,credit_card,1,4743.05
6905,6905,debit_card,1,383.72
6906,6906,voucher,1,3704.69
6907,6907,boleto,1,226.96
6908,6908,boleto,1,2183.87
6909,6909,voucher,1,2423.97
6910,6910,debit_card,1,1925.89
6911,6911,voucher,1,82.06
6912,6912,credit_card,10,1158.19
6913,6913,debit_card,1,476.1
6914,6914,voucher,1,3874.64
6915,6915,boleto,1,10213.05
6916,6916,credit_card,2,13777.1
6917,6917,credit_card,1,2791.17
6918,6918,boleto,1,214.52
6919,6919,boleto,1,6269.16
6920,6920,boleto,1,4462.11
6921,6921,voucher,1,4470.47
6922,6922,boleto,1,2004.48
6923,6923,boleto,1,2361.44
6924,6924,boleto,1,2567.35
6925,6925,credit_card,4,3990.53
6926,6926,credit_card,1,775.12
6927,6927,debit_card,1,1733.89
6928,6928,boleto,1,1512.77
6929,6929,credit_card,6,447.84
6930,6930,voucher,1,236.99
6931,6931,credit_card,3,6335.7
6932,6932,boleto,1,166.8
6933,6933,voucher,1,1043.28
6934,6934,voucher,1,318.36
6935,6935,credit_card,1,1947.96
6936,6936,credit_card,2,705.81
6937,6937,credit_card,4,1335.5
6938,6938,voucher,1,859.77
6939,6939,debit_card,1,263.04
6940,6940,boleto,1,635.96
6941,6941,voucher,1,2563.06
6942,6942,boleto,1,208.44
6943,6943,voucher,1,1065.64
6944,6944,boleto,1,1045.38
6945,6945,voucher,1,563.31
6946,6946,boleto,1,2084.38
6947,6947,voucher,1,458.47
6948,6948,boleto,1,109.06
6949,6949,boleto,1,581.33
6950,6950,credit_card,1,853.82
6951,6951,credit_card,1,815.56
6952,6952,voucher,1,79.02
6953,6953,voucher,1,96.55
6954,6954,boleto,1,305.76
6955,6955,credit_card,1,650.11
6956,6956,debit_card,1,3807.41
6957,6957,voucher,1,2035.98
6958,6958,boleto,1,3556.5
6959,6959,credit_card,1,3219.9
6960,6960,credit_card,10,202.87
6961,6961,debit_card,1,714.65
6962,6962,debit_card,1,1115.68
6963,6963,boleto,1,150.32
6964,6964,credit_card,1,176.16
6965,6965,credit_card,1,1782.5
6966,6966,voucher,1,178.43
6967,6967,credit_card,4,757.4
6968,6968,boleto,1,2026.31
6969,6969,boleto,1,2173.02
6970,6970,boleto,1,2937.61
6971,6971,boleto,1,2354.29
6972,6972,voucher,1,565.92
6973,6973,boleto,1,227.68
6974,6974,boleto,1,1025.45
6975,6975,credit_card,3,331.71
6976,6976,credit_card,1,368.15
6977,6977,boleto,1,634.16
6978,6978,boleto,1,2298.18
6979,6979,voucher,1,826.92
6980,6980,credit_card,1,393.61
6981,6981,boleto,1,347.89
6982,6982,boleto,1,101.44
6983,6983,credit_card,1,1403.82
6984,6984,voucher,1,2974.09
6985,6985,debit_card,1,385.53
6986,6986,boleto,1,904.18
6987,6987,voucher,1,1421.65
6988,6988,voucher,1,231.73
6989,6989,debit_card,1,840.95
6990,6990,credit_card,2,567.62
6991,6991,voucher,1,5601.4
6992,6992,voucher,1,3497.94
6993,6993,voucher,1,87.87
6994,6994,debit_card,1,77.53
6995,6995,debit_card,1,752.89
6996,6996,debit_card,1,2818.3
6997,6997,debit_card,1,973.1
6998,6998,debit_card,1,644.77
6999,6999,boleto,1,284.07
7000,7000,boleto,1,1424.1
7001,7001,boleto,1,387.66
7002,7002,credit_card,6,3540.1
7003,7003,credit_card,1,134.95
7004,7004,boleto,1,1114.43
7005,7005,boleto,1,1936.33
7006,7006,voucher,1,2626.89
7007,7007,voucher,1,6423.04
7008,7008,debit_card,1,1352.14
7009,7009,credit_card,6,6640.25
7010,7010,voucher,1,642.06
7011,7011,boleto,1,465.3
7012,7012,boleto,1,807.6
7013,7013,debit_card,1,273.06
7014,7014,credit_card,1,4321.71
7015,7015,boleto,1,7694.1
7016,7016,credit_card,1,3570.31
7017,7017,credit_card,1,2636.21
7018,7018,debit_card,1,2289.24
7019,7019,credit_card,6,313.44
7020,7020,credit_card,1,4389.42
7021,7021,debit_card,1,2472.85
7022,7022,boleto,1,2613.92
7023,7023,credit_card,4,221.43
7024,7024,debit_card,1,696.45
7025,7025,boleto,1,198.13
7026,7026,debit_card,1,1069.24
7027,7027,debit_card,1,431.62
7028,7028,credit_card,1,258.96
7029,7029,debit_card,1,153.04
7030,7030,debit_card,1,754.0
7031,7031,boleto,1,1482.65
7032,7032,boleto,1,2746.17
7033,7033,voucher,1,510.88
7034,7034,credit_card,1,229.76
7035,7035,debit_card,1,222.07
7036,7036,boleto,1,922.98
7037,7037,debit_card,1,733.75
7038,7038,credit_card,1,1444.32
7039,7039,voucher,1,978.33
7040,7040,debit_card,1,1959.28
7041,7041,debit_card,1,3111.28
7042,7042,debit_card,1,908.66
7043,7043,credit_card,3,611.41
7044,7044,voucher,1,488.9
7045,7045,credit_card,1,807.77
7046,7046,credit_card,1,1864.45
7047,7047,debit_card,1,494.17
7048,7048,voucher,1,1826.7
7049,7049,debit_card,1,3546.49
7050,7050,boleto,1,1716.84
7051,7051,debit_card,1,1576.46
7052,7052,debit_card,1,224.93
7053,7053,debit_card,1,938.73
7054,7054,credit_card,1,3106.09
7055,7055,boleto,1,5918.68
7056,7056,boleto,1,3637.21
7057,7057,credit_card,6,1634.29
7058,7058,boleto,1,155.13
7059,7059,debit_card,1,4172.96
7060,7060,voucher,1,4420.45
7061,7061,credit_card,10,3294.35
7062,7062,voucher,1,374.41
7063,7063,boleto,1,371.95
7064,7064,debit_card,1,3141.34
7065,7065,boleto,1,451.89
7066,7066,voucher,1,148.43
7067,7067,debit_card,1,14552.4
7068,7068,boleto,1,3948.73
7069,7069,voucher,1,1006.02
7070,7070,voucher,1,391.11
7071,7071,voucher,1,1208.64
7072,7072,credit_card,2,369.67
7073,7073,credit_card,1,766.86
7074,7074,voucher,1,2612.7
7075,7075,debit_card,1,714.37
7076,7076,voucher,1,2070.95
7077,7077,debit_card,1,1341.0
7078,7078,debit_card,1,3319.14
7079,7079,boleto,1,2496.3
7080,7080,debit_card,1,147.9
7081,7081,boleto,1,65.13
7082,7082,credit_card,2,6452.7
7083,7083,boleto,1,123.24
7084,7084,credit_card,1,765.17
7085,7085,boleto,1,748.14
7086,7086,boleto,1,746.21
7087,7087,voucher,1,4718.76
7088,7088,debit_card,1,2340.71
7089,7089,voucher,1,201.76
7090,7090,credit_card,1,4574.4
7091,7091,credit_card,1,4185.25
7092,7092,debit_card,1,3629.88
7093,7093,debit_card,1,190.1
7094,7094,boleto,1,3901.33
7095,7095,debit_card,1,555.79
7096,7096,boleto,1,368.22
7097,7097,voucher,1,430.93
7098,7098,voucher,1,1803.4
7099,7099,credit_card,1,406.89
7100,7100,debit_card,1,232.43
7101,7101,debit_card,1,307.33
7102,7102,voucher,1,849.9
7103,7103,boleto,1,2060.0
7104,7104,voucher,1,638.71
7105,7105,voucher,1,276.16
7106,7106,boleto,1,323.17
7107,7107,boleto,1,390.02
7108,7108,debit_card,1,1940.66
7109,7109,boleto,1,297.64
7110,7110,voucher,1,2971.96
7111,7111,boleto,1,2502.93
7112,7112,credit_card,1,5132.77
7113,7113,boleto,1,3430.23
7114,7114,voucher,1,822.85
7115,7115,boleto,1,468.9
7116,7116,boleto,1,130.35
7117,7117,debit_card,1,336.83
7118,7118,voucher,1,1552.66
7119,7119,voucher,1,3032.6
7120,7120,voucher,1,29.31
7121,7121,boleto,1,495.41
7122,7122,credit_card,2,3487.21
7123,7123,boleto,1,1012.5
7124,7124,credit_card,2,320.01
7125,7125,boleto,1,172.1
7126,7126,voucher,1,3561.21
7127,7127,voucher,1,256.28
7128,7128,boleto,1,5761.81
7129,7129,credit_card,1,2634.73
7130,7130,credit_card,1,48.91
7131,7131,credit_card,1,288.41
7132,7132,credit_card,1,3301.73
7133,7133,boleto,1,3179.42
7134,7134,debit_card,1,3853.09
7135,7135,boleto,1,3409.5
7136,7136,voucher,1,1242.14
7137,7137,debit_card,1,1942.85
7138,7138,credit_card,3,1754.96
7139,7139,credit_card,1,1645.45
7140,7140,boleto,1,1361.88
7141,7141,boleto,1,177.72
7142,7142,credit_card,6,548.85
7143,7143,voucher,1,731.97
7144,7144,debit_card,1,167.04
7145,7145,debit_card,1,469.88
7146,7146,credit_card,1,3111.08
7147,7147,voucher,1,11923.02
7148,7148,voucher,1,1433.5
7149,7149,voucher,1,698.63
7150,7150,boleto,1,2445.51
7151,7151,boleto,1,875.54
7152,7152,boleto,1,5733.27
7153,7153,voucher,1,495.26
7154,7154,debit_card,1,785.73
7155,7155,debit_card,1,1312.21
7156,7156,debit_card,1,1504.52
7157,7157,credit_card,1,193.54
7158,7158,voucher,1,258.0
7159,7159,credit_card,4,299.42
7160,7160,voucher,1,569.0
7161,7161,voucher,1,160.02
7162,7162,debit_card,1,692.31
7163,7163,boleto,1,5976.56
7164,7164,debit_card,1,3226.62
7165,7165,voucher,1,130.98
7166,7166,credit_card,2,264.12
7167,7167,boleto,1,4667.03
7168,7168,credit_card,6,409.51
7169,7169,boleto,1,974.07
7170,7170,boleto,1,1926.46
7171,7171,debit_card,1,1854.51
7172,7172,voucher,1,3086.26
7173,7173,voucher,1,488.86
7174,7174,credit_card,3,639.93
7175,7175,boleto,1,1579.41
7176,7176,voucher,1,950.27
7177,7177,debit_card,1,265.58
7178,7178,credit_card,3,3477.81
7179,7179,voucher,1,2111.68
7180,7180,boleto,1,1666.73
7181,7181,boleto,1,375.12
7182,7182,boleto,1,1564.06
7183,7183,voucher,1,750.59
7184,7184,credit_card,1,2259.88
7185,7185,credit_card,3,19682.93
7186,7186,boleto,1,2461.17
7187,7187,boleto,1,709.86
7188,7188,debit_card,1,5216.75
7189,7189,voucher,1,640.0
7190,7190,credit_card,2,5187.88
7191,7191,credit_card,1,2826.39
7192,7192,voucher,1,2334.62
7193,7193,boleto,1,54.74
7194,7194,debit_card,1,1678.6
7195,7195,voucher,1,2358.15
7196,7196,debit_card,1,88.3
7197,7197,debit_card,1,1369.04
7198,7198,boleto,1,425.45
7199,7199,boleto,1,984.57
7200,7200,credit_card,1,5584.67
7201,7201,voucher,1,520.83
7202,7202,credit_card,1,563.04
7203,7203,boleto,1,101.69
7204,7204,boleto,1,4239.78
7205,7205,boleto,1,110.7
7206,7206,credit_card,1,136.35
7207,7207,credit_card,1,433.56
7208,7208,credit_card,6,2395.47
7209,7209,credit_card,10,8187.91
7210,7210,voucher,1,2268.91
7211,7211,credit_card,2,5769.5
7212,7212,boleto,1,3526.69
7213,7213,credit_card,1,61.39
7214,7214,boleto,1,931.65
7215,7215,voucher,1,1668.66
7216,7216,boleto,1,7762.59
7217,7217,debit_card,1,621.42
7218,7218,boleto,1,80.37
7219,7219,debit_card,1,369.16
7220,7220,boleto,1,831.95
7221,7221,voucher,1,726.93
7222,7222,credit_card,1,1460.85
7223,7223,voucher,1,1183.66
7224,7224,boleto,1,514.23
7225,7225,debit_card,1,3958.72
7226,7226,credit_card,1,1758.55
7227,7227,credit_card,1,1280.44
7228,7228,voucher,1,3755.5
7229,7229,boleto,1,1999.73
7230,7230,debit_card,1,911.27
7231,7231,voucher,1,235.94
7232,7232,boleto,1,74.71
7233,7233,voucher,1,421.31
7234,7234,debit_card,1,1612.21
7235,7235,debit_card,1,108.57
7236,7236,credit_card,1,598.86
7237,7237,credit_card,1,168.94
7238,7238,debit_card,1,3985.74
7239,7239,debit_card,1,1618.54
7240,7240,voucher,1,1141.84
7241,7241,boleto,1,312.47
7242,7242,credit_card,3,2060.21
7243,7243,voucher,1,972.39
7244,7244,voucher,1,1932.71
7245,7245,debit_card,1,55.73
7246,7246,boleto,1,1532.85
7247,7247,credit_card,1,755.03
7248,7248,debit_card,1,180.48
7249,7249,debit_card,1,165.95
7250,7250,voucher,1,471.21
7251,7251,debit_card,1,2334.09
7252,7252,boleto,1,779.98
7253,7253,boleto,1,655.42
7254,7254,credit_card,4,3712.9
7255,7255,boleto,1,138.66
7256,7256,debit_card,1,387.1
7257,7257,credit_card,3,768.44
7258,7258,voucher,1,944.3
7259,7259,boleto,1,149.06
7260,7260,debit_card,1,1761.93
7261,7261,credit_card,6,5222.55
7262,7262,boleto,1,6749.56
7263,7263,debit_card,1,126.39
7264,7264,boleto,1,31.58
7265,7265,boleto,1,4399.17
7266,7266,debit_card,1,2105.85
7267,7267,debit_card,1,662.71
7268,7268,credit_card,2,677.38
7269,7269,boleto,1,2885.89
7270,7270,voucher,1,1177.47
7271,7271,debit_card,1,2213.72
7272,7272,credit_card,1,1227.88
7273,7273,debit_card,1,187.33
7274,7274,voucher,1,3865.44
7275,7275,credit_card,4,3135.05
7276,7276,credit_card,1,2491.86
7277,7277,voucher,1,1132.29
7278,7278,voucher,1,3434.8
7279,7279,credit_card,1,85.68
7280,7280,credit_card,6,4322.75
7281,7281,voucher,1,3857.15
7282,7282,voucher,1,2076.58
7283,7283,boleto,1,325.08
7284,7284,credit_card,1,82.8
7285,7285,debit_card,1,771.23
7286,7286,voucher,1,2277.5
7287,7287,voucher,1,6740.41
7288,7288,boleto,1,212.3
7289,7289,voucher,1,4715.26
7290,7290,debit_card,1,1217.57
7291,7291,credit_card,3,3741.31
7292,7292,voucher,1,13348.03
7293,7293,voucher,1,771.53
7294,7294,boleto,1,6052.65
7295,7295,debit_card,1,205.65
7296,7296,credit_card,1,317.9
7297,7297,boleto,1,1188.07
7298,7298,voucher,1,228.25
7299,7299,voucher,1,452.66
7300,7300,voucher,1,395.67
7301,7301,voucher,1,6767.7
7302,7302,boleto,1,4659.04
7303,7303,boleto,1,1876.97
7304,7304,boleto,1,573.41
7305,7305,debit_card,1,1943.15
7306,7306,debit_card,1,175.56
7307,7307,boleto,1,1174.62
7308,7308,boleto,1,156.97
7309,7309,credit_card,1,2940.42
7310,7310,voucher,1,4665.34
7311,7311,credit_card,1,3221.78
7312,7312,debit_card,1,3558.05
7313,7313,boleto,1,1789.24
7314,7314,credit_card,2,206.59
7315,7315,boleto,1,3273.95
7316,7316,credit_card,6,569.6
7317,7317,boleto,1,3317.28
7318,7318,voucher,1,270.9
7319,7319,debit_card,1,480.94
7320,7320,debit_card,1,3357.34
7321,7321,credit_card,10,844.11
7322,7322,credit_card,2,1551.11
7323,7323,debit_card,1,573.61
7324,7324,voucher,1,1192.84
7325,7325,boleto,1,1480.56
7326,7326,debit_card,1,591.57
7327,7327,debit_card,1,254.84
7328,7328,boleto,1,212.05
7329,7329,voucher,1,325.72
7330,7330,voucher,1,504.77
7331,7331,voucher,1,180.1
7332,7332,credit_card,2,1838.69
7333,7333,boleto,1,8360.61
7334,7334,boleto,1,5534.33
7335,7335,credit_card,3,3052.85
7336,7336,boleto,1,2271.52
7337,7337,voucher,1,2574.15
7338,7338,credit_card,3,589.65
7339,7339,voucher,1,1557.06
7340,7340,voucher,1,10596.82
7341,7341,debit_card,1,487.91
7342,7342,credit_card,6,4092.33
7343,7343,voucher,1,2474.94
7344,7344,credit_card,1,2546.31
7345,7345,boleto,1,740.49
7346,7346,boleto,1,790.7
7347,7347,credit_card,1,979.62
7348,7348,credit_card,1,1676.75
7349,7349,credit_card,10,410.11
7350,7350,boleto,1,647.53
7351,7351,debit_card,1,288.43
7352,7352,voucher,1,530.0
7353,7353,credit_card,1,635.75
7354,7354,voucher,1,12742.66
7355,7355,debit_card,1,270.35
7356,7356,voucher,1,446.57
7357,7357,voucher,1,1127.81
7358,7358,boleto,1,2962.41
7359,7359,credit_card,1,1019.54
7360,7360,voucher,1,2062.24
7361,7361,debit_card,1,3966.21
7362,7362,credit_card,2,2787.91
7363,7363,boleto,1,1399.95
7364,7364,voucher,1,3604.78
7365,7365,credit_card,1,516.77
7366,7366,voucher,1,1174.87
7367,7367,debit_card,1,5331.62
7368,7368,credit_card,1,93.91
7369,7369,credit_card,10,3777.54
7370,7370,credit_card,6,589.0
7371,7371,boleto,1,6199.65
7372,7372,debit_card,1,2023.48
7373,7373,debit_card,1,2607.53
7374,7374,credit_card,6,436.97
7375,7375,voucher,1,1207.82
7376,7376,debit_card,1,878.28
7377,7377,voucher,1,1021.62
7378,7378,credit_card,10,4539.88
7379,7379,credit_card,1,5656.44
7380,7380,boleto,1,1112.58
7381,7381,boleto,1,113.14
7382,7382,debit_card,1,6903.04
7383,7383,voucher,1,3605.41
7384,7384,credit_card,1,2028.52
7385,7385,boleto,1,262.43
7386,7386,boleto,1,3252.51
7387,7387,voucher,1,399.7
7388,7388,credit_card,10,5301.58
7389,7389,debit_card,1,1471.22
7390,7390,credit_card,1,376.21
7391,7391,boleto,1,549.68
7392,7392,boleto,1,152.91
7393,7393,boleto,1,679.84
7394,7394,credit_card,2,432.54
7395,7395,credit_card,1,107.04
7396,7396,credit_card,1,2718.5
7397,7397,voucher,1,126.5
7398,7398,voucher,1,140.41
7399,7399,debit_card,1,9989.21
7400,7400,voucher,1,804.04
7401,7401,debit_card,1,808.16
7402,7402,debit_card,1,1623.92
7403,7403,voucher,1,1579.41
7404,7404,credit_card,1,414.07
7405,7405,debit_card,1,4112.13
7406,7406,boleto,1,386.93
7407,7407,boleto,1,236.29
7408,7408,boleto,1,2573.77
7409,7409,boleto,1,2202.54
7410,7410,voucher,1,3362.46
7411,7411,voucher,1,3248.24
7412,7412,boleto,1,226.84
7413,7413,credit_card,3,1015.75
7414,7414,boleto,1,2014.11
7415,7415,boleto,1,3585.27
7416,7416,voucher,1,1659.96
7417,7417,debit_card,1,1004.25
7418,7418,boleto,1,2742.42
7419,7419,credit_card,1,1079.72
7420,7420,debit_card,1,3321.99
7421,7421,voucher,1,2889.37
7422,7422,boleto,1,4297.27
7423,7423,debit_card,1,707.92
7424,7424,debit_card,1,3417.81
7425,7425,boleto,1,416.94
7426,7426,credit_card,4,1968.52
7427,7427,boleto,1,2230.68
7428,7428,debit_card,1,2934.86
7429,7429,voucher,1,1425.71
7430,7430,boleto,1,482.41
7431,7431,credit_card,6,5196.27
7432,7432,voucher,1,643.9
7433,7433,boleto,1,5315.94
7434,7434,boleto,1,6462.5
7435,7435,voucher,1,3697.48
7436,7436,credit_card,1,183.7
7437,7437,debit_card,1,2812.47
7438,7438,boleto,1,1591.98
7439,7439,credit_card,2,1830.03
7440,7440,debit_card,1,317.79
7441,7441,boleto,1,955.74
7442,7442,boleto,1,199.14
7443,7443,voucher,1,3552.18
7444,7444,boleto,1,5106.56
7445,7445,boleto,1,8547.62
7446,7446,voucher,1,446.73
7447,7447,voucher,1,505.35
7448,7448,voucher,1,5691.86
7449,7449,voucher,1,882.94
7450,7450,voucher,1,1187.1
7451,7451,credit_card,2,1287.71
7452,7452,voucher,1,1750.12
7453,7453,debit_card,1,1660.57
7454,7454,boleto,1,1355.7
7455,7455,debit_card,1,242.49
7456,7456,boleto,1,5372.26
7457,7457,debit_card,1,2545.29
7458,7458,voucher,1,1518.59
7459,7459,voucher,1,1527.43
7460,7460,boleto,1,2131.84
7461,7461,boleto,1,1223.17
7462,7462,debit_card,1,2902.36
7463,7463,voucher,1,543.93
7464,7464,voucher,1,3908.85
7465,7465,debit_card,1,909.34
7466,7466,voucher,1,465.27
7467,7467,credit_card,1,159.16
7468,7468,boleto,1,2103.09
7469,7469,voucher,1,104.03
7470,7470,voucher,1,1359.56
7471,7471,credit_card,6,6150.78
7472,7472,boleto,1,2561.5
7473,7473,debit_card,1,266.19
7474,7474,credit_card,1,771.51
7475,7475,credit_card,3,3663.48
7476,7476,credit_card,1,632.09
7477,7477,debit_card,1,8544.91
7478,7478,boleto,1,727.35
7479,7479,credit_card,2,425.19
7480,7480,voucher,1,1680.02
7481,7481,credit_card,6,8597.02
7482,7482,voucher,1,556.12
7483,7483,credit_card,2,900.04
7484,7484,debit_card,1,970.41
7485,7485,boleto,1,1606.96
7486,7486,debit_card,1,602.46
7487,7487,voucher,1,2118.75
7488,7488,boleto,1,1066.89
7489,7489,credit_card,3,226.71
7490,7490,voucher,1,4707.63
7491,7491,boleto,1,265.68
7492,7492,debit_card,1,2981.28
7493,7493,voucher,1,333.66
7494,7494,credit_card,4,2065.01
7495,7495,voucher,1,691.13
7496,7496,voucher,1,775.72
7497,7497,voucher,1,599.04
7498,7498,credit_card,2,216.27
7499,7499,credit_card,3,8809.07
7500,7500,voucher,1,8090.69
7501,7501,credit_card,10,1737.55
7502,7502,boleto,1,4615.32
7503,7503,voucher,1,1182.31
7504,7504,voucher,1,155.77
7505,7505,debit_card,1,4735.96
7506,7506,debit_card,1,5342.56
7507,7507,credit_card,1,5115.02
7508,7508,credit_card,1,448.35
7509,7509,voucher,1,553.0
7510,7510,debit_card,1,2358.75
7511,7511,credit_card,6,287.21
7512,7512,boleto,1,2890.34
7513,7513,credit_card,1,258.87
7514,7514,boleto,1,5168.22
7515,7515,debit_card,1,1305.24
7516,7516,debit_card,1,5801.9
7517,7517,debit_card,1,218.63
7518,7518,voucher,1,346.39
7519,7519,debit_card,1,935.35
7520,7520,boleto,1,1281.9
7521,7521,boleto,1,4234.91
7522,7522,debit_card,1,5917.98
7523,7523,voucher,1,2180.35
7524,7524,debit_card,1,373.95
7525,7525,debit_card,1,3891.43
7526,7526,debit_card,1,961.14
7527,7527,credit_card,1,706.41
7528,7528,boleto,1,6226.62
7529,7529,credit_card,3,2467.54
7530,7530,credit_card,1,3313.69
7531,7531,credit_card,1,32.11
7532,7532,boleto,1,661.79
7533,7533,voucher,1,1061.46
7534,7534,boleto,1,2126.69
7535,7535,voucher,1,403.09
7536,7536,boleto,1,2519.36
7537,7537,boleto,1,134.47
7538,7538,credit_card,3,639.35
7539,7539,voucher,1,3227.42
7540,7540,credit_card,1,569.98
7541,7541,voucher,1,440.14
7542,7542,credit_card,1,713.42
7543,7543,voucher,1,694.15
7544,7544,voucher,1,40.88
7545,7545,voucher,1,220.63
7546,7546,credit_card,1,1869.75
7547,7547,credit_card,4,1846.24
7548,7548,credit_card,4,2708.06
7549,7549,credit_card,1,2647.55
7550,7550,debit_card,1,2482.46
7551,7551,voucher,1,201.92
7552,7552,boleto,1,521.3
7553,7553,debit_card,1,2350.1
7554,7554,credit_card,1,1259.06
7555,7555,credit_card,2,4668.5
7556,7556,boleto,1,8585.42
7557,7557,boleto,1,637.33
7558,7558,debit_card,1,180.2
7559,7559,credit_card,1,155.38
7560,7560,debit_card,1,5687.47
7561,7561,credit_card,4,4197.69
7562,7562,voucher,1,210.87
7563,7563,voucher,1,1922.04
7564,7564,credit_card,10,5486.59
7565,7565,voucher,1,1463.96
7566,7566,debit_card,1,4514.56
7567,7567,credit_card,1,7112.23
7568,7568,boleto,1,1006.32
7569,7569,debit_card,1,68.26
7570,7570,boleto,1,1842.68
7571,7571,boleto,1,3259.88
7572,7572,voucher,1,6350.62
7573,7573,debit_card,1,1284.41
7574,7574,debit_card,1,1994.72
7575,7575,voucher,1,651.92
7576,7576,boleto,1,894.12
7577,7577,voucher,1,4144.81
7578,7578,boleto,1,640.72
7579,7579,credit_card,1,6348.47
7580,7580,debit_card,1,1162.57
7581,7581,debit_card,1,115.0
7582,7582,debit_card,1,120.43
7583,7583,voucher,1,289.88
7584,7584,credit_card,4,741.11
7585,7585,debit_card,1,57.69
7586,7586,voucher,1,1630.06
7587,7587,voucher,1,86.92
7588,7588,voucher,1,2568.32
7589,7589,debit_card,1,7847.21
7590,7590,voucher,1,592.27
7591,7591,voucher,1,173.55
7592,7592,debit_card,1,1413.06
7593,7593,debit_card,1,3181.45
7594,7594,voucher,1,1312.95
7595,7595,boleto,1,795.87
7596,7596,credit_card,10,267.06
7597,7597,credit_card,1,563.66
7598,7598,boleto,1,3094.72
7599,7599,credit_card,2,1085.75
7600,7600,credit_card,3,1999.83
7601,7601,debit_card,1,133.94
7602,7602,debit_card,1,2427.24
7603,7603,boleto,1,1619.36
7604,7604,credit_card,1,370.31
7605,7605,debit_card,1,368.48
7606,7606,boleto,1,5165.9
7607,7607,boleto,1,317.0
7608,7608,credit_card,3,5807.53
7609,7609,credit_card,10,7347.77
7610,7610,voucher,1,3256.83
7611,7611,debit_card,1,1087.8
7612,7612,debit_card,1,965.8
7613,7613,debit_card,1,432.53
7614,7614,credit_card,1,3348.76
7615,7615,credit_card,4,2904.68
7616,7616,boleto,1,318.16
7617,7617,debit_card,1,607.88
7618,7618,voucher,1,333.64
7619,7619,voucher,1,985.53
7620,7620,debit_card,1,315.95
7621,7621,credit_card,1,3114.73
7622,7622,debit_card,1,1154.5
7623,7623,credit_card,10,2898.51
7624,7624,voucher,1,1530.27
7625,7625,debit_card,1,329.81
7626,7626,credit_card,1,4381.79
7627,7627,voucher,1,642.05
7628,7628,voucher,1,1251.04
7629,7629,boleto,1,1221.16
7630,7630,voucher,1,217.65
7631,7631,debit_card,1,163.15
7632,7632,voucher,1,2969.35
7633,7633,debit_card,1,356.44
7634,7634,boleto,1,430.69
7635,7635,voucher,1,934.33
7636,7636,credit_card,10,238.66
7637,7637,voucher,1,472.02
7638,7638,debit_card,1,750.05
7639,7639,voucher,1,235.19
7640,7640,voucher,1,273.94
7641,7641,voucher,1,3140.05
7642,7642,debit_card,1,2050.64
7643,7643,credit_card,6,1410.82
7644,7644,credit_card,4,2837.9
7645,7645,credit_card,1,2755.61
7646,7646,credit_card,1,382.95
7647,7647,voucher,1,324.18
7648,7648,voucher,1,1541.89
7649,7649,credit_card,1,2575.92
7650,7650,debit_card,1,1866.96
7651,7651,boleto,1,3612.05
7652,7652,debit_card,1,494.39
7653,7653,debit_card,1,3988.91
7654,7654,voucher,1,920.8
7655,7655,voucher,1,154.54
7656,7656,boleto,1,1485.76
7657,7657,boleto,1,544.46
7658,7658,credit_card,2,458.53
7659,7659,voucher,1,634.73
7660,7660,voucher,1,5372.36
7661,7661,voucher,1,725.59
7662,7662,boleto,1,439.68
7663,7663,debit_card,1,892.91
7664,7664,debit_card,1,295.82
7665,7665,voucher,1,209.79
7666,7666,debit_card,1,1109.56
7667,7667,credit_card,6,257.12
7668,7668,debit_card,1,1135.35
7669,7669,credit_card,2,1598.41
7670,7670,boleto,1,4399.68
7671,7671,credit_card,3,591.56
7672,7672,debit_card,1,2749.78
7673,7673,credit_card,1,329.54
7674,7674,credit_card,10,211.55
7675,7675,debit_card,1,4608.43
7676,7676,credit_card,6,3241.31
7677,7677,boleto,1,3157.05
7678,7678,debit_card,1,452.11
7679,7679,boleto,1,2681.79
7680,7680,credit_card,1,2425.26
7681,7681,voucher,1,693.6
7682,7682,credit_card,1,1038.4
7683,7683,debit_card,1,4527.98
7684,7684,debit_card,1,5883.07
7685,7685,voucher,1,718.21
7686,7686,boleto,1,425.53
7687,7687,voucher,1,276.94
7688,7688,debit_card,1,1712.27
7689,7689,boleto,1,635.86
7690,7690,debit_card,1,1838.52
7691,7691,boleto,1,471.44
7692,7692,boleto,1,262.63
7693,7693,credit_card,10,3727.38
7694,7694,credit_card,1,3089.59
7695,7695,credit_card,4,277.49
7696,7696,debit_card,1,1208.98
7697,7697,voucher,1,287.43
7698,7698,credit_card,3,892.98
7699,7699,voucher,1,469.09
7700,7700,credit_card,1,219.55
7701,7701,debit_card,1,1154.22
7702,7702,voucher,1,1828.6
7703,7703,debit_card,1,118.31
7704,7704,voucher,1,166.12
7705,7705,credit_card,10,7438.73
7706,7706,voucher,1,890.19
7707,7707,voucher,1,289.45
7708,7708,credit_card,1,2122.93
7709,7709,boleto,1,274.31
7710,7710,debit_card,1,2548.63
7711,7711,boleto,1,234.59
7712,7712,voucher,1,385.15
7713,7713,debit_card,1,4813.58
7714,7714,credit_card,3,2990.8
7715,7715,boleto,1,247.22
7716,7716,credit_card,2,221.77
7717,7717,boleto,1,242.32
7718,7718,debit_card,1,199.29
7719,7719,voucher,1,974.47
7720,7720,credit_card,6,630.26
7721,7721,boleto,1,301.99
7722,7722,voucher,1,571.1
7723,7723,boleto,1,2830.38
7724,7724,debit_card,1,856.83
7725,7725,boleto,1,585.45
7726,7726,credit_card,3,613.79
7727,7727,debit_card,1,168.22
7728,7728,debit_card,1,4114.3
7729,7729,credit_card,1,218.42
7730,7730,credit_card,2,1182.04
7731,7731,credit_card,6,1482.17
7732,7732,credit_card,2,1417.77
7733,7733,credit_card,6,488.97
7734,7734,voucher,1,1176.41
7735,7735,boleto,1,1115.32
7736,7736,debit_card,1,196.06
7737,7737,debit_card,1,1418.77
7738,7738,debit_card,1,507.62
7739,7739,debit_card,1,252.92
7740,7740,voucher,1,1752.0
7741,7741,credit_card,6,1219.84
7742,7742,debit_card,1,469.26
7743,7743,voucher,1,5706.43
7744,7744,boleto,1,1124.82
7745,7745,boleto,1,620.23
7746,7746,voucher,1,609.62
7747,7747,voucher,1,665.67
7748,7748,credit_card,1,1349.4
7749,7749,credit_card,1,112.5
7750,7750,voucher,1,3568.24
7751,7751,voucher,1,584.32
7752,7752,voucher,1,2456.4
7753,7753,voucher,1,845.47
7754,7754,debit_card,1,1307.97
7755,7755,debit_card,1,162.45
7756,7756,credit_card,1,164.14
7757,7757,debit_card,1,446.73
7758,7758,voucher,1,410.23
7759,7759,debit_card,1,467.09
7760,7760,credit_card,1,908.94
7761,7761,credit_card,3,1278.57
7762,7762,credit_card,10,2731.02
7763,7763,credit_card,6,1711.91
7764,7764,voucher,1,388.17
7765,7765,boleto,1,40.95
7766,7766,voucher,1,2136.48
7767,7767,credit_card,1,438.13
7768,7768,voucher,1,510.5
7769,7769,credit_card,1,2507.28
7770,7770,debit_card,1,180.55
7771,7771,boleto,1,8203.41
7772,7772,voucher,1,3691.33
7773,7773,debit_card,1,191.32
7774,7774,debit_card,1,3322.7
7775,7775,voucher,1,207.25
7776,7776,debit_card,1,470.2
7777,7777,credit_card,1,1201.43
7778,7778,voucher,1,317.56
7779,7779,voucher,1,79.91
7780,7780,credit_card,2,6251.19
7781,7781,voucher,1,1592.06
7782,7782,boleto,1,2016.56
7783,7783,voucher,1,4692.59
7784,7784,credit_card,1,4619.56
7785,7785,debit_card,1,177.25
7786,7786,voucher,1,6004.88
7787,7787,boleto,1,900.81
7788,7788,debit_card,1,239.82
7789,7789,boleto,1,607.91
7790,7790,credit_card,1,201.32
7791,7791,debit_card,1,1528.36
7792,7792,credit_card,3,581.87
7793,7793,voucher,1,205.25
7794,7794,voucher,1,344.79
7795,7795,boleto,1,2094.88
7796,7796,voucher,1,429.67
7797,7797,debit_card,1,136.75
7798,7798,boleto,1,236.62
7799,7799,voucher,1,2071.85
7800,7800,boleto,1,5969.57
7801,7801,credit_card,4,261.76
7802,7802,voucher,1,81.52
7803,7803,debit_card,1,2940.66
7804,7804,credit_card,10,4562.66
7805,7805,boleto,1,2685.3
7806,7806,credit_card,1,3038.97
7807,7807,voucher,1,3796.8
7808,7808,debit_card,1,6798.1
7809,7809,voucher,1,3129.82
7810,7810,boleto,1,983.97
7811,7811,debit_card,1,277.5
7812,7812,voucher,1,164.54
7813,7813,voucher,1,86.07
7814,7814,debit_card,1,663.24
7815,7815,boleto,1,723.74
7816,7816,credit_card,1,645.02
7817,7817,boleto,1,1328.94
7818,7818,debit_card,1,2639.49
7819,7819,voucher,1,158.02
7820,7820,boleto,1,294.73
7821,7821,credit_card,2,5937.07
7822,7822,debit_card,1,6062.3
7823,7823,voucher,1,641.06
7824,7824,voucher,1,641.81
7825,7825,boleto,1,4261.16
7826,7826,boleto,1,914.15
7827,7827,debit_card,1,745.21
7828,7828,boleto,1,38.57
7829,7829,voucher,1,1198.08
7830,7830,boleto,1,327.03
7831,7831,boleto,1,156.67
7832,7832,voucher,1,2907.5
7833,7833,debit_card,1,178.08
7834,7834,boleto,1,191.02
7835,7835,debit_card,1,294.17
7836,7836,credit_card,1,5510.4
7837,7837,debit_card,1,1672.33
7838,7838,boleto,1,292.3
7839,7839,debit_card,1,82.11
7840,7840,credit_card,1,1113.06
7841,7841,debit_card,1,5188.1
7842,7842,debit_card,1,3017.3
7843,7843,debit_card,1,582.16
7844,7844,voucher,1,195.03
7845,7845,credit_card,1,702.07
7846,7846,credit_card,1,112.38
7847,7847,credit_card,1,931.67
7848,7848,credit_card,1,152.92
7849,7849,debit_card,1,173.42
7850,7850,boleto,1,1225.24
7851,7851,credit_card,4,2867.84
7852,7852,boleto,1,4035.99
7853,7853,voucher,1,2906.61
7854,7854,debit_card,1,1221.15
7855,7855,boleto,1,756.37
7856,7856,debit_card,1,563.52
7857,7857,credit_card,1,1155.03
7858,7858,boleto,1,3135.23
7859,7859,voucher,1,126.74
7860,7860,credit_card,6,1168.13
7861,7861,boleto,1,1614.93
7862,7862,debit_card,1,183.64
7863,7863,credit_card,1,2400.97
7864,7864,voucher,1,3730.45
7865,7865,debit_card,1,1580.66
7866,7866,voucher,1,1008.73
7867,7867,credit_card,1,1013.01
7868,7868,voucher,1,2365.04
7869,7869,debit_card,1,1072.48
7870,7870,voucher,1,2961.03
7871,7871,credit_card,3,353.43
7872,7872,debit_card,1,410.42
7873,7873,debit_card,1,898.32
7874,7874,debit_card,1,473.15
7875,7875,credit_card,1,67.61
7876,7876,debit_card,1,248.31
7877,7877,voucher,1,401.71
7878,7878,debit_card,1,800.78
7879,7879,voucher,1,2514.78
7880,7880,voucher,1,131.61
7881,7881,debit_card,1,1932.86
7882,7882,debit_card,1,1583.49
7883,7883,boleto,1,1436.43
7884,7884,boleto,1,5389.87
7885,7885,voucher,1,383.98
7886,7886,credit_card,1,2215.24
7887,7887,credit_card,4,4302.54
7888,7888,boleto,1,374.33
7889,7889,boleto,1,1935.91
7890,7890,credit_card,1,336.45
7891,7891,credit_card,1,168.64
7892,7892,debit_card,1,1013.19
7893,7893,credit_card,1,14413.3
7894,7894,boleto,1,5601.53
7895,7895,credit_card,3,431.26
7896,7896,debit_card,1,248.25
7897,7897,credit_card,6,863.85
7898,7898,debit_card,1,507.87
7899,7899,voucher,1,1965.89
7900,7900,boleto,1,1232.35
7901,7901,debit_card,1,518.39
7902,7902,debit_card,1,619.01
7903,7903,debit_card,1,1818.82
7904,7904,debit_card,1,2582.11
7905,7905,debit_card,1,1036.55
7906,7906,voucher,1,972.22
7907,7907,credit_card,1,421.02
7908,7908,voucher,1,1609.52
7909,7909,voucher,1,779.25
7910,7910,debit_card,1,718.37
7911,7911,debit_card,1,3532.52
7912,7912,boleto,1,178.37
7913,7913,boleto,1,1849.25
7914,7914,debit_card,1,396.4
7915,7915,credit_card,1,1689.34
7916,7916,credit_card,10,1238.64
7917,7917,credit_card,1,600.67
7918,7918,voucher,1,4157.21
7919,7919,boleto,1,4105.9
7920,7920,boleto,1,3020.41
7921,7921,credit_card,1,1547.37
7922,7922,voucher,1,1900.95
7923,7923,debit_card,1,224.47
7924,7924,boleto,1,118.16
7925,7925,boleto,1,922.5
7926,7926,credit_card,1,196.0
7927,7927,credit_card,1,1006.4
7928,7928,credit_card,6,214.64
7929,7929,boleto,1,2890.74
7930,7930,voucher,1,4910.81
7931,7931,boleto,1,573.74
7932,7932,voucher,1,4317.77
7933,7933,debit_card,1,7388.93
7934,7934,voucher,1,176.34
7935,7935,voucher,1,5738.95
7936,7936,credit_card,3,517.39
7937,7937,debit_card,1,1192.55
7938,7938,voucher,1,288.81
7939,7939,debit_card,1,1135.21
7940,7940,voucher,1,151.81
7941,7941,voucher,1,105.59
7942,7942,boleto,1,3779.65
7943,7943,debit_card,1,1279.14
7944,7944,credit_card,2,4779.16
7945,7945,voucher,1,4107.26
7946,7946,voucher,1,2199.3
7947,7947,debit_card,1,599.5
7948,7948,voucher,1,5277.21
7949,7949,voucher,1,1919.94
7950,7950,voucher,1,711.54
7951,7951,debit_card,1,123.65
7952,7952,credit_card,1,1033.63
7953,7953,credit_card,1,153.56
7954,7954,voucher,1,2440.46
7955,7955,debit_card,1,3847.57
7956,7956,voucher,1,753.24
7957,7957,debit_card,1,2235.29
7958,7958,voucher,1,61.09
7959,7959,debit_card,1,4701.82
7960,7960,voucher,1,1770.56
7961,7961,credit_card,1,414.81
7962,7962,credit_card,1,859.4
7963,7963,debit_card,1,727.89
7964,7964,boleto,1,509.32
7965,7965,credit_card,4,2623.28
7966,7966,credit_card,6,204.27
7967,7967,voucher,1,2438.46
7968,7968,boleto,1,129.64
7969,7969,debit_card,1,92.21
7970,7970,voucher,1,4159.29
7971,7971,credit_card,1,4126.8
7972,7972,credit_card,1,619.95
7973,7973,debit_card,1,172.61
7974,7974,debit_card,1,94.42
7975,7975,voucher,1,3839.86
7976,7976,debit_card,1,661.62
7977,7977,voucher,1,3859.8
7978,7978,voucher,1,372.64
7979,7979,credit_card,2,280.98
7980,7980,credit_card,3,466.51
7981,7981,boleto,1,2262.95
7982,7982,boleto,1,2518.22
7983,7983,voucher,1,222.7
7984,7984,boleto,1,560.56
7985,7985,voucher,1,214.3
7986,7986,debit_card,1,2514.0
7987,7987,boleto,1,1787.74
7988,7988,boleto,1,1497.59
7989,7989,credit_card,1,597.1
7990,7990,boleto,1,2475.67
7991,7991,credit_card,1,799.35
7992,7992,debit_card,1,1119.95
7993,7993,credit_card,3,2145.93
7994,7994,boleto,1,455.05
7995,7995,voucher,1,256.35
7996,7996,credit_card,1,130.76
7997,7997,credit_card,1,1424.05
7998,7998,debit_card,1,2188.94
7999,7999,boleto,1,419.02
8000,8000,credit_card,1,54.97
8001,8001,credit_card,3,529.39
8002,8002,boleto,1,58.5
8003,8003,credit_card,1,224.39
8004,8004,voucher,1,8010.55
8005,8005,debit_card,1,393.99
8006,8006,voucher,1,2245.01
8007,8007,debit_card,1,77.21
8008,8008,debit_card,1,2308.8
8009,8009,boleto,1,401.53
8010,8010,boleto,1,4174.02
8011,8011,credit_card,2,2890.3
8012,8012,boleto,1,1462.89
8013,8013,debit_card,1,2099.89
8014,8014,debit_card,1,2434.13
8015,8015,voucher,1,334.76
8016,8016,boleto,1,652.37
8017,8017,credit_card,1,94.54
8018,8018,voucher,1,978.54
8019,8019,boleto,1,4910.61
8020,8020,credit_card,6,350.16
8021,8021,debit_card,1,701.24
8022,8022,voucher,1,611.08
8023,8023,debit_card,1,3003.97
8024,8024,credit_card,1,1826.59
8025,8025,credit_card,3,235.71
8026,8026,credit_card,1,153.84
8027,8027,credit_card,4,4433.1
8028,8028,voucher,1,621.57
8029,8029,credit_card,1,2092.79
8030,8030,voucher,1,490.32
8031,8031,credit_card,10,1781.67
8032,8032,voucher,1,591.33
8033,8033,credit_card,10,6132.43
8034,8034,credit_card,2,304.24
8035,8035,voucher,1,1913.69
8036,8036,debit_card,1,64.49
8037,8037,debit_card,1,3308.25
8038,8038,credit_card,1,2480.32
8039,8039,voucher,1,330.51
8040,8040,voucher,1,5899.06
8041,8041,boleto,1,801.14
8042,8042,boleto,1,2025.79
8043,8043,voucher,1,90.67
8044,8044,credit_card,1,5175.85
8045,8045,boleto,1,2744.12
8046,8046,voucher,1,2103.8
8047,8047,debit_card,1,182.66
8048,8048,boleto,1,1722.06
8049,8049,voucher,1,7601.12
8050,8050,debit_card,1,281.22
8051,8051,credit_card,1,8578.67
8052,8052,credit_card,1,629.21
8053,8053,voucher,1,1656.4
8054,8054,voucher,1,3379.49
8055,8055,debit_card,1,155.39
8056,8056,boleto,1,317.14
8057,8057,boleto,1,2275.15
8058,8058,boleto,1,7526.91
8059,8059,credit_card,2,2279.47
8060,8060,boleto,1,250.23
8061,8061,boleto,1,1161.54
8062,8062,credit_card,2,2453.05
8063,8063,debit_card,1,2174.28
8064,8064,voucher,1,7222.13
8065,8065,credit_card,1,1520.86
8066,8066,boleto,1,182.48
8067,8067,voucher,1,2968.53
8068,8068,credit_card,3,367.65
8069,8069,boleto,1,1074.86
8070,8070,boleto,1,629.07
8071,8071,debit_card,1,1866.57
8072,8072,boleto,1,1944.44
8073,8073,boleto,1,1028.15
8074,8074,voucher,1,243.98
8075,8075,voucher,1,3411.17
8076,8076,credit_card,1,213.81
8077,8077,credit_card,6,678.5
8078,8078,credit_card,1,524.17
8079,8079,boleto,1,4252.49
8080,8080,credit_card,3,232.05
8081,8081,debit_card,1,416.9
8082,8082,credit_card,1,3273.16
8083,8083,boleto,1,220.35
8084,8084,boleto,1,1501.05
8085,8085,voucher,1,978.01
8086,8086,debit_card,1,275.02
8087,8087,debit_card,1,5303.66
8088,8088,credit_card,6,1088.03
8089,8089,debit_card,1,123.24
8090,8090,voucher,1,1149.74
8091,8091,voucher,1,1578.54
8092,8092,boleto,1,2384.61
8093,8093,voucher,1,85.32
8094,8094,boleto,1,3636.35
8095,8095,credit_card,6,747.38
8096,8096,voucher,1,485.3
8097,8097,credit_card,2,831.66
8098,8098,debit_card,1,243.53
8099,8099,voucher,1,3674.91
8100,8100,debit_card,1,1527.9
8101,8101,credit_card,4,4616.6
8102,8102,credit_card,1,239.94
8103,8103,debit_card,1,88.59
8104,8104,debit_card,1,5342.91
8105,8105,credit_card,1,1595.38
8106,8106,credit_card,1,1178.09
8107,8107,voucher,1,443.98
8108,8108,debit_card,1,2074.15
8109,8109,debit_card,1,370.74
8110,8110,voucher,1,308.07
8111,8111,debit_card,1,3980.71
8112,8112,boleto,1,198.54
8113,8113,boleto,1,299.44
8114,8114,boleto,1,2109.02
8115,8115,debit_card,1,858.4
8116,8116,debit_card,1,55.22
8117,8117,boleto,1,6960.24
8118,8118,credit_card,3,676.06
8119,8119,debit_card,1,1565.52
8120,8120,credit_card,2,277.66
8121,8121,debit_card,1,1059.18
8122,8122,voucher,1,9187.04
8123,8123,voucher,1,238.44
8124,8124,boleto,1,219.24
8125,8125,voucher,1,846.83
8126,8126,voucher,1,164.55
8127,8127,debit_card,1,135.14
8128,8128,boleto,1,2919.14
8129,8129,debit_card,1,3431.61
8130,8130,boleto,1,418.84
8131,8131,credit_card,1,9164.43
8132,8132,voucher,1,1831.68
8133,8133,boleto,1,2525.06
8134,8134,voucher,1,3602.0
8135,8135,debit_card,1,8908.22
8136,8136,debit_card,1,915.82
8137,8137,voucher,1,1439.9
8138,8138,debit_card,1,392.58
8139,8139,credit_card,2,663.9
8140,8140,voucher,1,224.31
8141,8141,credit_card,1,1036.4
8142,8142,boleto,1,1541.82
8143,8143,credit_card,1,3289.53
8144,8144,credit_card,10,693.72
8145,8145,boleto,1,290.25
8146,8146,credit_card,1,184.33
8147,8147,boleto,1,1066.48
8148,8148,credit_card,1,4464.64
8149,8149,boleto,1,176.49
8150,8150,voucher,1,2860.36
8151,8151,voucher,1,1418.79
8152,8152,credit_card,1,1632.54
8153,8153,credit_card,1,133.65
8154,8154,boleto,1,7558.76
8155,8155,voucher,1,4242.97
8156,8156,credit_card,10,652.78
8157,8157,voucher,1,349.73
8158,8158,debit_card,1,3173.53
8159,8159,boleto,1,277.46
8160,8160,debit_card,1,54.56
8161,8161,credit_card,1,262.97
8162,8162,boleto,1,198.2
8163,8163,boleto,1,149.68
8164,8164,debit_card,1,359.39
8165,8165,boleto,1,335.1
8166,8166,boleto,1,7823.64
8167,8167,credit_card,1,2623.42
8168,8168,credit_card,1,3990.45
8169,8169,voucher,1,514.91
8170,8170,debit_card,1,1006.39
8171,8171,debit_card,1,874.84
8172,8172,credit_card,3,3112.4
8173,8173,boleto,1,1900.63
8174,8174,voucher,1,851.8
8175,8175,debit_card,1,5604.85
8176,8176,boleto,1,501.1
8177,8177,debit_card,1,325.13
8178,8178,debit_card,1,1891.46
8179,8179,credit_card,4,907.68
8180,8180,boleto,1,4174.95
8181,8181,voucher,1,228.81
8182,8182,debit_card,1,1219.63
8183,8183,boleto,1,453.5
8184,8184,debit_card,1,268.76
8185,8185,voucher,1,609.24
8186,8186,credit_card,1,2803.57
8187,8187,credit_card,1,1124.11
8188,8188,voucher,1,231.65
8189,8189,credit_card,1,580.89
8190,8190,boleto,1,94.34
8191,8191,boleto,1,85.59
8192,8192,voucher,1,4983.93
8193,8193,voucher,1,129.75
8194,8194,boleto,1,3027.85
8195,8195,credit_card,1,403.58
8196,8196,debit_card,1,1885.5
8197,8197,debit_card,1,2032.21
8198,8198,boleto,1,1737.4
8199,8199,credit_card,1,3008.82
8200,8200,credit_card,6,2928.7
8201,8201,debit_card,1,1693.6
8202,8202,boleto,1,4254.51
8203,8203,debit_card,1,1664.22
8204,8204,debit_card,1,330.08
8205,8205,boleto,1,1265.83
8206,8206,voucher,1,2827.0
8207,8207,voucher,1,314.4
8208,8208,credit_card,2,876.58
8209,8209,debit_card,1,84.01
8210,8210,credit_card,4,3125.08
8211,8211,debit_card,1,5560.43
8212,8212,credit_card,1,3083.81
8213,8213,boleto,1,878.73
8214,8214,credit_card,3,2861.23
8215,8215,voucher,1,261.09
8216,8216,credit_card,1,866.19
8217,8217,credit_card,3,833.72
8218,8218,debit_card,1,367.64
8219,8219,voucher,1,1864.01
8220,8220,debit_card,1,7091.13
8221,8221,boleto,1,1663.28
8222,8222,voucher,1,1640.71
8223,8223,debit_card,1,3138.39
8224,8224,credit_card,1,292.39
8225,8225,debit_card,1,97.12
8226,8226,debit_card,1,2323.63
8227,8227,debit_card,1,6098.09
8228,8228,voucher,1,880.74
8229,8229,boleto,1,4948.7
8230,8230,credit_card,2,2779.88
8231,8231,voucher,1,1435.91
8232,8232,voucher,1,1471.13
8233,8233,voucher,1,1535.32
8234,8234,boleto,1,3803.91
8235,8235,credit_card,1,559.69
8236,8236,debit_card,1,2261.78
8237,8237,boleto,1,816.26
8238,8238,voucher,1,5056.2
8239,8239,debit_card,1,792.08
8240,8240,credit_card,10,980.53
8241,8241,credit_card,1,3401.33
8242,8242,debit_card,1,140.03
8243,8243,credit_card,1,438.83
8244,8244,debit_card,1,3448.66
8245,8245,voucher,1,621.41
8246,8246,credit_card,10,4795.43
8247,8247,voucher,1,41.65
8248,8248,debit_card,1,3267.53
8249,8249,credit_card,3,1536.67
8250,8250,boleto,1,1215.29
8251,8251,voucher,1,4828.81
8252,8252,debit_card,1,127.04
8253,8253,credit_card,10,1379.92
8254,8254,credit_card,1,1844.47
8255,8255,boleto,1,6066.58
8256,8256,voucher,1,771.98
8257,8257,voucher,1,3046.97
8258,8258,debit_card,1,1401.97
8259,8259,debit_card,1,6611.13
8260,8260,boleto,1,896.42
8261,8261,voucher,1,246.53
8262,8262,debit_card,1,343.85
8263,8263,credit_card,3,845.53
8264,8264,boleto,1,2227.49
8265,8265,credit_card,3,414.61
8266,8266,credit_card,1,2357.53
8267,8267,debit_card,1,3427.4
8268,8268,voucher,1,1909.68
8269,8269,credit_card,1,289.52
8270,8270,voucher,1,266.76
8271,8271,voucher,1,3257.67
8272,8272,credit_card,1,980.41
8273,8273,voucher,1,1942.81
8274,8274,voucher,1,1434.83
8275,8275,debit_card,1,136.9
8276,8276,voucher,1,385.06
8277,8277,boleto,1,10818.14
8278,8278,credit_card,1,1485.34
8279,8279,credit_card,6,7077.99
8280,8280,credit_card,2,1427.74
8281,8281,voucher,1,261.68
8282,8282,voucher,1,3820.66
8283,8283,boleto,1,326.28
8284,8284,credit_card,1,82.1
8285,8285,boleto,1,1629.6
8286,8286,debit_card,1,4968.1
8287,8287,debit_card,1,177.16
8288,8288,boleto,1,53.14
8289,8289,credit_card,1,346.13
8290,8290,boleto,1,3104.05
8291,8291,boleto,1,5405.69
8292,8292,credit_card,2,5338.44
8293,8293,voucher,1,2781.03
8294,8294,credit_card,2,1471.33
8295,8295,voucher,1,3636.58
8296,8296,debit_card,1,183.57
8297,8297,boleto,1,5194.17
8298,8298,boleto,1,2267.33
8299,8299,debit_card,1,1314.51
8300,8300,debit_card,1,5392.17
8301,8301,credit_card,4,4642.33
8302,8302,credit_card,1,657.18
8303,8303,voucher,1,2337.35
8304,8304,boleto,1,272.51
8305,8305,boleto,1,345.43
8306,8306,debit_card,1,269.25
8307,8307,debit_card,1,170.4
8308,8308,credit_card,3,3072.45
8309,8309,boleto,1,186.32
8310,8310,boleto,1,517.64
8311,8311,voucher,1,353.84
8312,8312,debit_card,1,494.58
8313,8313,voucher,1,3863.4
8314,8314,debit_card,1,2550.83
8315,8315,boleto,1,3343.39
8316,8316,voucher,1,42.48
8317,8317,credit_card,2,215.33
8318,8318,voucher,1,1541.22
8319,8319,boleto,1,570.54
8320,8320,boleto,1,361.62
8321,8321,credit_card,2,765.38
8322,8322,credit_card,3,938.46
8323,8323,debit_card,1,6732.17
8324,8324,debit_card,1,1723.04
8325,8325,boleto,1,2305.68
8326,8326,voucher,1,344.16
8327,8327,voucher,1,2530.08
8328,8328,voucher,1,1811.31
8329,8329,debit_card,1,178.74
8330,8330,boleto,1,270.1
8331,8331,voucher,1,115.97
8332,8332,debit_card,1,1731.76
8333,8333,boleto,1,142.48
8334,8334,voucher,1,527.4
8335,8335,voucher,1,4951.9
8336,8336,boleto,1,291.22
8337,8337,voucher,1,65.4
8338,8338,debit_card,1,2217.7
8339,8339,boleto,1,456.81
8340,8340,voucher,1,5597.23
8341,8341,credit_card,1,360.42
8342,8342,boleto,1,1770.5
8343,8343,credit_card,1,2228.15
8344,8344,voucher,1,2762.91
8345,8345,debit_card,1,239.57
8346,8346,debit_card,1,176.76
8347,8347,boleto,1,1009.61
8348,8348,voucher,1,552.12
8349,8349,credit_card,1,3266.82
8350,8350,debit_card,1,1103.48
8351,8351,voucher,1,201.14
8352,8352,debit_card,1,2067.79
8353,8353,credit_card,1,2911.93
8354,8354,credit_card,1,398.95
8355,8355,debit_card,1,2098.15
8356,8356,credit_card,10,887.26
8357,8357,debit_card,1,3320.63
8358,8358,boleto,1,283.9
8359,8359,boleto,1,789.55
8360,8360,debit_card,1,407.92
8361,8361,credit_card,4,422.4
8362,8362,voucher,1,3215.3
8363,8363,boleto,1,455.75
8364,8364,boleto,1,1818.21
8365,8365,credit_card,1,935.41
8366,8366,credit_card,1,1490.7
8367,8367,debit_card,1,1357.29
8368,8368,boleto,1,474.55
8369,8369,boleto,1,3215.39
8370,8370,debit_card,1,611.44
8371,8371,voucher,1,1918.43
8372,8372,credit_card,10,3839.65
8373,8373,credit_card,1,1164.75
8374,8374,debit_card,1,1635.18
8375,8375,voucher,1,542.62
8376,8376,boleto,1,5922.55
8377,8377,credit_card,1,157.71
8378,8378,boleto,1,1661.42
8379,8379,debit_card,1,2033.95
8380,8380,voucher,1,2486.7
8381,8381,credit_card,1,553.3
8382,8382,voucher,1,638.98
8383,8383,debit_card,1,104.59
8384,8384,boleto,1,3140.67
8385,8385,voucher,1,236.23
8386,8386,credit_card,1,38.05
8387,8387,debit_card,1,347.26
8388,8388,voucher,1,113.64
8389,8389,voucher,1,570.85
8390,8390,voucher,1,2758.94
8391,8391,debit_card,1,462.61
8392,8392,credit_card,1,943.69
8393,8393,voucher,1,1738.49
8394,8394,boleto,1,8760.07
8395,8395,debit_card,1,7279.66
8396,8396,voucher,1,242.4
8397,8397,boleto,1,2798.31
8398,8398,boleto,1,3609.1
8399,8399,boleto,1,204.96
8400,8400,boleto,1,345.15
8401,8401,debit_card,1,4192.22
8402,8402,voucher,1,2201.73
8403,8403,debit_card,1,3376.16
8404,8404,boleto,1,850.71
8405,8405,boleto,1,1330.12
8406,8406,debit_card,1,1262.93
8407,8407,voucher,1,587.48
8408,8408,boleto,1,1697.8
8409,8409,credit_card,6,8512.17
8410,8410,debit_card,1,261.0
8411,8411,debit_card,1,4768.6
8412,8412,boleto,1,4268.18
8413,8413,boleto,1,3775.87
8414,8414,debit_card,1,4599.24
8415,8415,boleto,1,2194.67
8416,8416,credit_card,2,429.21
8417,8417,debit_card,1,770.22
8418,8418,credit_card,1,1817.58
8419,8419,boleto,1,5174.46
8420,8420,credit_card,2,780.92
8421,8421,boleto,1,3373.78
8422,8422,boleto,1,101.24
8423,8423,debit_card,1,5903.75
8424,8424,voucher,1,4913.64
8425,8425,debit_card,1,4771.75
8426,8426,debit_card,1,341.68
8427,8427,voucher,1,3180.42
8428,8428,voucher,1,160.62
8429,8429,boleto,1,159.28
8430,8430,credit_card,3,3322.3
8431,8431,credit_card,6,1638.77
8432,8432,voucher,1,243.55
8433,8433,boleto,1,4749.79
8434,8434,debit_card,1,125.82
8435,8435,debit_card,1,2293.94
8436,8436,credit_card,4,1934.9
8437,8437,credit_card,1,931.79
8438,8438,debit_card,1,3017.23
8439,8439,credit_card,3,1060.66
8440,8440,debit_card,1,1493.93
8441,8441,debit_card,1,835.47
8442,8442,boleto,1,1720.42
8443,8443,voucher,1,609.22
8444,8444,credit_card,1,3691.31
8445,8445,debit_card,1,5175.56
8446,8446,boleto,1,528.22
8447,8447,voucher,1,2091.97
8448,8448,voucher,1,4097.73
8449,8449,voucher,1,96.22
8450,8450,credit_card,1,490.58
8451,8451,debit_card,1,3096.66
8452,8452,boleto,1,966.26
8453,8453,debit_card,1,804.21
8454,8454,voucher,1,550.38
8455,8455,debit_card,1,3645.55
8456,8456,boleto,1,682.24
8457,8457,credit_card,10,533.11
8458,8458,boleto,1,1514.58
8459,8459,voucher,1,531.56
8460,8460,debit_card,1,2593.07
8461,8461,debit_card,1,1308.52
8462,8462,credit_card,3,1096.2
8463,8463,voucher,1,1506.71
8464,8464,boleto,1,2836.34
8465,8465,boleto,1,1971.55
8466,8466,voucher,1,3852.62
8467,8467,voucher,1,9043.21
8468,8468,debit_card,1,225.08
8469,8469,voucher,1,605.99
8470,8470,boleto,1,1776.75
8471,8471,boleto,1,853.43
8472,8472,voucher,1,3375.62
8473,8473,voucher,1,3581.45
8474,8474,debit_card,1,504.72
8475,8475,debit_card,1,3375.05
8476,8476,credit_card,3,7144.62
8477,8477,boleto,1,4333.23
8478,8478,voucher,1,9122.83
8479,8479,voucher,1,8409.79
8480,8480,debit_card,1,953.96
8481,8481,credit_card,1,780.53
8482,8482,boleto,1,1125.82
8483,8483,debit_card,1,4243.34
8484,8484,voucher,1,1223.48
8485,8485,credit_card,1,615.0
8486,8486,voucher,1,107.72
8487,8487,boleto,1,2741.58
8488,8488,voucher,1,5229.65
8489,8489,voucher,1,1514.52
8490,8490,voucher,1,423.72
8491,8491,boleto,1,611.8
8492,8492,debit_card,1,147.89
8493,8493,debit_card,1,2729.72
8494,8494,credit_card,6,3141.08
8495,8495,voucher,1,557.59
8496,8496,voucher,1,48.33
8497,8497,credit_card,1,560.04
8498,8498,voucher,1,3150.62
8499,8499,credit_card,1,115.89
8500,8500,boleto,1,160.48
8501,8501,boleto,1,4005.76
8502,8502,voucher,1,700.29
8503,8503,boleto,1,343.78
8504,8504,voucher,1,1113.33
8505,8505,boleto,1,437.15
8506,8506,credit_card,4,1384.43
8507,8507,voucher,1,372.13
8508,8508,boleto,1,3070.67
8509,8509,boleto,1,3004.33
8510,8510,credit_card,1,172.0
8511,8511,debit_card,1,1937.53
8512,8512,boleto,1,1719.77
8513,8513,debit_card,1,197.32
8514,8514,debit_card,1,69.37
8515,8515,debit_card,1,1604.77
8516,8516,voucher,1,225.3
8517,8517,credit_card,3,494.96
8518,8518,credit_card,1,193.5
8519,8519,debit_card,1,3206.92
8520,8520,voucher,1,2882.51
8521,8521,credit_card,3,1160.78
8522,8522,credit_card,1,3180.41
8523,8523,boleto,1,2092.02
8524,8524,debit_card,1,585.5
8525,8525,boleto,1,7365.34
8526,8526,debit_card,1,6782.53
8527,8527,boleto,1,2088.16
8528,8528,credit_card,10,3926.8
8529,8529,debit_card,1,226.66
8530,8530,credit_card,1,5678.97
8531,8531,voucher,1,366.7
8532,8532,debit_card,1,8531.18
8533,8533,voucher,1,276.68
8534,8534,credit_card,2,666.5
8535,8535,voucher,1,101.46
8536,8536,voucher,1,2679.46
8537,8537,debit_card,1,3019.36
8538,8538,boleto,1,3222.29
8539,8539,boleto,1,392.19
8540,8540,voucher,1,2057.86
8541,8541,boleto,1,348.03
8542,8542,voucher,1,263.85
8543,8543,debit_card,1,1090.07
8544,8544,debit_card,1,528.51
8545,8545,voucher,1,7650.89
8546,8546,credit_card,4,436.47
8547,8547,debit_card,1,766.34
8548,8548,voucher,1,161.12
8549,8549,boleto,1,3123.79
8550,8550,voucher,1,505.37
8551,8551,credit_card,6,452.9
8552,8552,credit_card,1,870.4
8553,8553,boleto,1,361.65
8554,8554,voucher,1,4662.79
8555,8555,boleto,1,6046.72
8556,8556,debit_card,1,1200.48
8557,8557,debit_card,1,820.92
8558,8558,debit_card,1,3697.83
8559,8559,debit_card,1,1405.38
8560,8560,boleto,1,873.04
8561,8561,debit_card,1,3010.16
8562,8562,voucher,1,531.75
8563,8563,boleto,1,2503.64
8564,8564,voucher,1,287.25
8565,8565,debit_card,1,747.57
8566,8566,debit_card,1,947.01
8567,8567,boleto,1,151.77
8568,8568,debit_card,1,127.91
8569,8569,debit_card,1,2254.28
8570,8570,voucher,1,211.0
8571,8571,boleto,1,1464.43
8572,8572,voucher,1,655.59
8573,8573,boleto,1,1364.67
8574,8574,boleto,1,1146.04
8575,8575,voucher,1,346.45
8576,8576,voucher,1,2840.96
8577,8577,voucher,1,4261.89
8578,8578,voucher,1,1382.17
8579,8579,debit_card,1,110.03
8580,8580,credit_card,1,5479.13
8581,8581,debit_card,1,2240.64
8582,8582,debit_card,1,316.74
8583,8583,voucher,1,1164.44
8584,8584,credit_card,1,3680.54
8585,8585,boleto,1,527.24
8586,8586,debit_card,1,807.6
8587,8587,debit_card,1,122.62
8588,8588,debit_card,1,262.0
8589,8589,boleto,1,488.08
8590,8590,credit_card,1,371.6
8591,8591,voucher,1,7309.45
8592,8592,credit_card,4,5231.45
8593,8593,voucher,1,1981.76
8594,8594,debit_card,1,445.47
8595,8595,debit_card,1,907.06
8596,8596,voucher,1,3388.83
8597,8597,credit_card,4,6963.63
8598,8598,boleto,1,855.75
8599,8599,credit_card,2,477.97
8600,8600,credit_card,1,179.2
8601,8601,credit_card,1,186.66
8602,8602,debit_card,1,78.26
8603,8603,credit_card,6,914.83
8604,8604,debit_card,1,1549.69
8605,8605,debit_card,1,172.37
8606,8606,boleto,1,1775.12
8607,8607,credit_card,3,361.42
8608,8608,boleto,1,2317.12
8609,8609,debit_card,1,1331.39
8610,8610,debit_card,1,84.2
8611,8611,boleto,1,284.47
8612,8612,voucher,1,186.97
8613,8613,credit_card,10,2081.59
8614,8614,boleto,1,8627.54
8615,8615,credit_card,1,1821.44
8616,8616,boleto,1,7149.57
8617,8617,boleto,1,1510.34
8618,8618,credit_card,2,509.41
8619,8619,boleto,1,262.09
8620,8620,credit_card,10,1213.4
8621,8621,voucher,1,558.02
8622,8622,debit_card,1,2678.81
8623,8623,voucher,1,129.66
8624,8624,debit_card,1,2970.5
8625,8625,credit_card,1,342.07
8626,8626,debit_card,1,1967.04
8627,8627,debit_card,1,1704.14
8628,8628,debit_card,1,4952.95
8629,8629,voucher,1,1586.63
8630,8630,debit_card,1,4220.07
8631,8631,debit_card,1,2212.05
8632,8632,credit_card,1,63.15
8633,8633,credit_card,1,1546.5
8634,8634,boleto,1,4428.79
8635,8635,voucher,1,95.29
8636,8636,voucher,1,3032.44
8637,8637,credit_card,4,466.19
8638,8638,credit_card,3,1656.28
8639,8639,credit_card,4,430.31
8640,8640,boleto,1,753.69
8641,8641,debit_card,1,78.67
8642,8642,debit_card,1,881.8
8643,8643,debit_card,1,2086.55
8644,8644,boleto,1,857.61
8645,8645,debit_card,1,3370.57
8646,8646,credit_card,6,335.75
8647,8647,boleto,1,3703.04
8648,8648,voucher,1,12880.37
8649,8649,voucher,1,2563.54
8650,8650,boleto,1,645.93
8651,8651,voucher,1,569.21
8652,8652,boleto,1,958.53
8653,8653,boleto,1,831.96
8654,8654,debit_card,1,290.41
8655,8655,voucher,1,2490.36
8656,8656,voucher,1,153.24
8657,8657,voucher,1,531.45
8658,8658,voucher,1,3813.04
8659,8659,credit_card,1,3350.58
8660,8660,debit_card,1,876.33
8661,8661,boleto,1,718.1
8662,8662,voucher,1,192.18
8663,8663,boleto,1,697.33
8664,8664,credit_card,4,500.43
8665,8665,boleto,1,2027.75
8666,8666,voucher,1,610.35
8667,8667,boleto,1,115.81
8668,8668,voucher,1,5291.76
8669,8669,debit_card,1,1345.0
8670,8670,voucher,1,3437.3
8671,8671,debit_card,1,155.78
8672,8672,voucher,1,1191.67
8673,8673,voucher,1,3048.2
8674,8674,boleto,1,991.12
8675,8675,voucher,1,1061.38
8676,8676,boleto,1,2157.55
8677,8677,voucher,1,520.43
8678,8678,debit_card,1,3014.8
8679,8679,debit_card,1,1275.63
8680,8680,voucher,1,511.04
8681,8681,credit_card,1,3882.66
8682,8682,credit_card,4,1645.85
8683,8683,voucher,1,2390.01
8684,8684,credit_card,3,950.87
8685,8685,credit_card,10,4943.98
8686,8686,voucher,1,1123.52
8687,8687,debit_card,1,952.24
8688,8688,debit_card,1,130.55
8689,8689,debit_card,1,246.21
8690,8690,voucher,1,1650.22
8691,8691,debit_card,1,83.28
8692,8692,voucher,1,475.8
8693,8693,boleto,1,621.39
8694,8694,credit_card,10,664.7
8695,8695,credit_card,1,989.22
8696,8696,credit_card,3,357.88
8697,8697,credit_card,1,810.1
8698,8698,credit_card,1,185.57
8699,8699,voucher,1,1648.45
8700,8700,voucher,1,404.45
8701,8701,credit_card,1,247.62
8702,8702,debit_card,1,1419.44
8703,8703,debit_card,1,373.6
8704,8704,debit_card,1,1436.75
8705,8705,voucher,1,3378.75
8706,8706,debit_card,1,83.82
8707,8707,boleto,1,330.56
8708,8708,debit_card,1,474.31
8709,8709,credit_card,1,667.14
8710,8710,voucher,1,2672.05
8711,8711,debit_card,1,3694.4
8712,8712,debit_card,1,235.16
8713,8713,voucher,1,2038.44
8714,8714,voucher,1,551.2
8715,8715,voucher,1,674.62
8716,8716,credit_card,3,4102.92
8717,8717,debit_card,1,158.98
8718,8718,debit_card,1,1984.7
8719,8719,voucher,1,4291.34
8720,8720,debit_card,1,1168.77
8721,8721,boleto,1,764.85
8722,8722,debit_card,1,687.87
8723,8723,voucher,1,11666.15
8724,8724,credit_card,4,3247.21
8725,8725,debit_card,1,2205.01
8726,8726,voucher,1,5002.27
8727,8727,voucher,1,821.09
8728,8728,voucher,1,188.25
8729,8729,credit_card,3,2118.64
8730,8730,credit_card,2,491.68
8731,8731,credit_card,1,1722.66
8732,8732,credit_card,1,3108.51
8733,8733,debit_card,1,341.34
8734,8734,debit_card,1,705.32
8735,8735,voucher,1,783.18
8736,8736,credit_card,1,5820.44
8737,8737,voucher,1,156.0
8738,8738,debit_card,1,1912.35
8739,8739,debit_card,1,189.13
8740,8740,credit_card,1,7748.28
8741,8741,credit_card,1,1770.78
8742,8742,boleto,1,8170.37
8743,8743,debit_card,1,118.28
8744,8744,boleto,1,2911.02
8745,8745,boleto,1,3690.79
8746,8746,voucher,1,416.46
8747,8747,debit_card,1,146.5
8748,8748,voucher,1,228.88
8749,8749,voucher,1,1258.87
8750,8750,debit_card,1,564.11
8751,8751,boleto,1,3150.26
8752,8752,boleto,1,1543.81
8753,8753,debit_card,1,216.54
8754,8754,boleto,1,234.21
8755,8755,voucher,1,287.25
8756,8756,debit_card,1,761.4
8757,8757,credit_card,1,7796.9
8758,8758,credit_card,1,341.2
8759,8759,voucher,1,684.18
8760,8760,credit_card,3,411.45
8761,8761,credit_card,1,167.08
8762,8762,debit_card,1,684.55
8763,8763,credit_card,1,1988.03
8764,8764,debit_card,1,1480.83
8765,8765,debit_card,1,417.33
8766,8766,boleto,1,354.74
8767,8767,credit_card,1,163.38
8768,8768,debit_card,1,4215.1
8769,8769,boleto,1,2249.15
8770,8770,boleto,1,404.48
8771,8771,boleto,1,203.88
8772,8772,boleto,1,1215.51
8773,8773,voucher,1,4806.42
8774,8774,debit_card,1,333.16
8775,8775,voucher,1,1420.98
8776,8776,debit_card,1,3233.45
8777,8777,debit_card,1,4098.71
8778,8778,voucher,1,93.85
8779,8779,boleto,1,1328.71
8780,8780,credit_card,1,1102.26
8781,8781,credit_card,1,414.4
8782,8782,boleto,1,392.29
8783,8783,voucher,1,2469.23
8784,8784,voucher,1,823.12
8785,8785,credit_card,1,225.37
8786,8786,boleto,1,893.04
8787,8787,credit_card,3,509.69
8788,8788,boleto,1,2802.75
8789,8789,voucher,1,391.85
8790,8790,debit_card,1,3867.08
8791,8791,debit_card,1,221.91
8792,8792,credit_card,6,1763.92
8793,8793,voucher,1,4533.3
8794,8794,debit_card,1,3429.71
8795,8795,boleto,1,598.75
8796,8796,debit_card,1,428.94
8797,8797,boleto,1,279.68
8798,8798,debit_card,1,1620.82
8799,8799,credit_card,1,525.74
8800,8800,debit_card,1,765.32
8801,8801,voucher,1,2338.89
8802,8802,debit_card,1,3237.98
8803,8803,credit_card,6,2008.94
8804,8804,voucher,1,3976.39
8805,8805,debit_card,1,386.82
8806,8806,debit_card,1,2810.93
8807,8807,voucher,1,395.61
8808,8808,voucher,1,6603.23
8809,8809,voucher,1,1297.76
8810,8810,debit_card,1,3673.47
8811,8811,boleto,1,47.47
8812,8812,credit_card,1,138.39
8813,8813,credit_card,1,1669.69
8814,8814,voucher,1,617.35
8815,8815,voucher,1,3004.23
8816,8816,credit_card,1,1836.56
8817,8817,credit_card,6,247.12
8818,8818,credit_card,2,5493.54
8819,8819,voucher,1,664.62
8820,8820,debit_card,1,4891.33
8821,8821,voucher,1,532.7
8822,8822,credit_card,2,3039.69
8823,8823,credit_card,1,150.03
8824,8824,debit_card,1,2612.72
8825,8825,debit_card,1,232.33
8826,8826,credit_card,3,494.12
8827,8827,debit_card,1,4092.95
8828,8828,voucher,1,581.4
8829,8829,debit_card,1,3288.01
8830,8830,debit_card,1,1626.36
8831,8831,credit_card,1,1022.31
8832,8832,debit_card,1,309.62
8833,8833,boleto,1,209.27
8834,8834,debit_card,1,786.44
8835,8835,credit_card,1,880.74
8836,8836,boleto,1,1954.8
8837,8837,boleto,1,76.1
8838,8838,voucher,1,1504.43
8839,8839,credit_card,1,2476.72
8840,8840,debit_card,1,1144.04
8841,8841,voucher,1,239.45
8842,8842,boleto,1,320.05
8843,8843,debit_card,1,172.57
8844,8844,boleto,1,139.22
8845,8845,credit_card,4,1545.82
8846,8846,debit_card,1,2955.23
8847,8847,voucher,1,4990.93
8848,8848,voucher,1,4510.59
8849,8849,debit_card,1,5114.8
8850,8850,credit_card,2,272.89
8851,8851,voucher,1,6741.24
8852,8852,boleto,1,2957.49
8853,8853,boleto,1,931.2
8854,8854,debit_card,1,3006.18
8855,8855,debit_card,1,1793.3
8856,8856,boleto,1,1786.35
8857,8857,boleto,1,10733.31
8858,8858,debit_card,1,368.19
8859,8859,debit_card,1,6684.94
8860,8860,credit_card,1,309.87
8861,8861,debit_card,1,229.0
8862,8862,credit_card,1,417.18
8863,8863,credit_card,1,286.67
8864,8864,voucher,1,2831.07
8865,8865,credit_card,4,2389.66
8866,8866,credit_card,2,280.82
8867,8867,debit_card,1,1395.83
8868,8868,voucher,1,4291.02
8869,8869,boleto,1,1336.17
8870,8870,voucher,1,3488.65
8871,8871,debit_card,1,4063.61
8872,8872,boleto,1,5625.77
8873,8873,credit_card,1,333.17
8874,8874,credit_card,1,844.73
8875,8875,boleto,1,575.56
8876,8876,boleto,1,637.56
8877,8877,voucher,1,250.77
8878,8878,credit_card,1,6176.74
8879,8879,credit_card,1,82.01
8880,8880,voucher,1,1265.92
8881,8881,credit_card,3,784.26
8882,8882,credit_card,1,1151.03
8883,8883,debit_card,1,281.2
8884,8884,credit_card,1,2733.97
8885,8885,boleto,1,2154.18
8886,8886,debit_card,1,608.82
8887,8887,credit_card,1,101.72
8888,8888,boleto,1,1904.26
8889,8889,debit_card,1,603.25
8890,8890,boleto,1,3643.19
8891,8891,voucher,1,317.08
8892,8892,boleto,1,546.35
8893,8893,credit_card,1,1152.98
8894,8894,boleto,1,223.86
8895,8895,boleto,1,8950.44
8896,8896,credit_card,1,98.84
8897,8897,debit_card,1,1901.57
8898,8898,debit_card,1,527.46
8899,8899,credit_card,4,4770.49
8900,8900,boleto,1,1782.16
8901,8901,boleto,1,4510.78
8902,8902,boleto,1,706.12
8903,8903,debit_card,1,1942.49
8904,8904,credit_card,1,68.7
8905,8905,credit_card,1,4143.48
8906,8906,debit_card,1,1121.44
8907,8907,voucher,1,145.95
8908,8908,debit_card,1,1392.62
8909,8909,boleto,1,587.0
8910,8910,voucher,1,1816.17
8911,8911,credit_card,1,727.96
8912,8912,debit_card,1,2062.74
8913,8913,debit_card,1,1998.28
8914,8914,debit_card,1,153.96
8915,8915,debit_card,1,3693.43
8916,8916,credit_card,2,368.29
8917,8917,voucher,1,510.98
8918,8918,voucher,1,199.58
8919,8919,debit_card,1,83.86
8920,8920,debit_card,1,2387.46
8921,8921,credit_card,1,4036.77
8922,8922,credit_card,1,1328.34
8923,8923,boleto,1,4107.12
8924,8924,boleto,1,2212.73
8925,8925,boleto,1,3104.94
8926,8926,voucher,1,301.77
8927,8927,voucher,1,4256.17
8928,8928,credit_card,6,1350.14
8929,8929,debit_card,1,1182.85
8930,8930,voucher,1,1988.57
8931,8931,credit_card,2,2249.33
8932,8932,voucher,1,656.76
8933,8933,debit_card,1,3155.41
8934,8934,voucher,1,3042.85
8935,8935,credit_card,2,891.3
8936,8936,debit_card,1,1218.0
8937,8937,boleto,1,284.72
8938,8938,debit_card,1,481.41
8939,8939,credit_card,2,617.27
8940,8940,boleto,1,2021.14
8941,8941,debit_card,1,2211.8
8942,8942,voucher,1,2475.04
8943,8943,boleto,1,3445.23
8944,8944,voucher,1,2431.75
8945,8945,boleto,1,1355.78
8946,8946,debit_card,1,732.55
8947,8947,credit_card,10,255.71
8948,8948,credit_card,1,2791.67
8949,8949,debit_card,1,682.91
8950,8950,boleto,1,1475.06
8951,8951,boleto,1,642.69
8952,8952,debit_card,1,7913.58
8953,8953,boleto,1,314.06
8954,8954,credit_card,1,1508.39
8955,8955,voucher,1,295.99
8956,8956,credit_card,4,299.57
8957,8957,boleto,1,4235.83
8958,8958,credit_card,10,421.56
8959,8959,debit_card,1,153.4
8960,8960,boleto,1,4477.03
8961,8961,boleto,1,4800.93
8962,8962,voucher,1,390.98
8963,8963,credit_card,1,852.31
8964,8964,credit_card,1,301.93
8965,8965,boleto,1,5764.88
8966,8966,credit_card,6,2096.7
8967,8967,debit_card,1,201.76
8968,8968,credit_card,1,258.72
8969,8969,debit_card,1,928.1
8970,8970,boleto,1,535.7
8971,8971,boleto,1,2310.91
8972,8972,voucher,1,812.56
8973,8973,boleto,1,4168.24
8974,8974,boleto,1,251.85
8975,8975,credit_card,3,1850.54
8976,8976,boleto,1,572.46
8977,8977,boleto,1,333.69
8978,8978,credit_card,4,799.03
8979,8979,boleto,1,202.53
8980,8980,voucher,1,3027.54
8981,8981,debit_card,1,149.0
8982,8982,credit_card,3,661.46
8983,8983,debit_card,1,1512.93
8984,8984,voucher,1,921.11
8985,8985,debit_card,1,578.21
8986,8986,debit_card,1,378.49
8987,8987,boleto,1,518.79
8988,8988,credit_card,1,351.57
8989,8989,boleto,1,327.76
8990,8990,voucher,1,1501.6
8991,8991,voucher,1,1750.02
8992,8992,boleto,1,1149.62
8993,8993,boleto,1,162.93
8994,8994,boleto,1,1349.02
8995,8995,boleto,1,2043.53
8996,8996,debit_card,1,3398.25
8997,8997,boleto,1,7603.69
8998,8998,voucher,1,729.13
8999,8999,voucher,1,3703.19
9000,9000,voucher,1,3557.47
9001,9001,credit_card,1,93.36
9002,9002,voucher,1,483.04
9003,9003,credit_card,1,462.94
9004,9004,voucher,1,2858.84
9005,9005,voucher,1,130.0
9006,9006,boleto,1,291.44
9007,9007,credit_card,3,3362.9
9008,9008,voucher,1,140.39
9009,9009,debit_card,1,6429.81
9010,9010,credit_card,10,2671.18
9011,9011,debit_card,1,1882.47
9012,9012,credit_card,1,675.2
9013,9013,boleto,1,1993.34
9014,9014,debit_card,1,300.35
9015,9015,credit_card,1,98.61
9016,9016,boleto,1,2396.43
9017,9017,voucher,1,430.47
9018,9018,voucher,1,7028.11
9019,9019,voucher,1,2137.26
9020,9020,voucher,1,259.99
9021,9021,debit_card,1,405.04
9022,9022,voucher,1,351.03
9023,9023,boleto,1,863.54
9024,9024,boleto,1,604.96
9025,9025,debit_card,1,391.0
9026,9026,debit_card,1,1230.89
9027,9027,credit_card,1,2171.35
9028,9028,credit_card,1,137.0
9029,9029,boleto,1,1170.26
9030,9030,voucher,1,285.56
9031,9031,boleto,1,597.81
9032,9032,credit_card,1,1389.61
9033,9033,voucher,1,2710.98
9034,9034,boleto,1,2960.96
9035,9035,boleto,1,136.61
9036,9036,boleto,1,293.74
9037,9037,boleto,1,190.89
9038,9038,boleto,1,3592.42
9039,9039,boleto,1,5621.31
9040,9040,voucher,1,132.59
9041,9041,credit_card,6,889.1
9042,9042,debit_card,1,591.67
9043,9043,credit_card,1,186.35
9044,9044,boleto,1,472.47
9045,9045,credit_card,1,6823.44
9046,9046,credit_card,3,769.77
9047,9047,boleto,1,1844.96
9048,9048,voucher,1,2361.04
9049,9049,credit_card,1,81.83
9050,9050,credit_card,6,5275.02
9051,9051,boleto,1,183.75
9052,9052,voucher,1,961.16
9053,9053,credit_card,10,575.15
9054,9054,debit_card,1,617.24
9055,9055,debit_card,1,367.83
9056,9056,credit_card,1,635.84
9057,9057,debit_card,1,1553.89
9058,9058,voucher,1,1606.18
9059,9059,credit_card,1,3421.17
9060,9060,voucher,1,5062.53
9061,9061,debit_card,1,4125.74
9062,9062,debit_card,1,1999.61
9063,9063,boleto,1,441.91
9064,9064,debit_card,1,569.38
9065,9065,voucher,1,719.64
9066,9066,boleto,1,6337.94
9067,9067,credit_card,1,7029.72
9068,9068,debit_card,1,170.05
9069,9069,boleto,1,224.18
9070,9070,debit_card,1,3721.58
9071,9071,boleto,1,391.5
9072,9072,boleto,1,5145.96
9073,9073,voucher,1,352.11
9074,9074,debit_card,1,1566.46
9075,9075,debit_card,1,2308.18
9076,9076,voucher,1,2077.21
9077,9077,credit_card,1,2222.07
9078,9078,boleto,1,320.41
9079,9079,credit_card,1,3371.76
9080,9080,boleto,1,745.67
9081,9081,credit_card,1,405.11
9082,9082,boleto,1,2650.39
9083,9083,debit_card,1,5371.53
9084,9084,voucher,1,5550.87
9085,9085,voucher,1,6252.37
9086,9086,voucher,1,5330.87
9087,9087,debit_card,1,1938.8
9088,9088,boleto,1,10097.07
9089,9089,credit_card,3,330.59
9090,9090,voucher,1,527.85
9091,9091,boleto,1,2024.7
9092,9092,boleto,1,155.56
9093,9093,credit_card,2,1272.38
9094,9094,boleto,1,1250.81
9095,9095,boleto,1,1621.68
9096,9096,debit_card,1,930.41
9097,9097,debit_card,1,5694.72
9098,9098,debit_card,1,487.16
9099,9099,boleto,1,1006.51
9100,9100,debit_card,1,608.41
9101,9101,credit_card,1,829.5
9102,9102,voucher,1,2371.7
9103,9103,credit_card,1,3225.23
9104,9104,credit_card,6,1277.4
9105,9105,debit_card,1,4193.36
9106,9106,voucher,1,2851.88
9107,9107,boleto,1,581.17
9108,9108,debit_card,1,647.25
9109,9109,boleto,1,2200.76
9110,9110,debit_card,1,143.4
9111,9111,credit_card,10,4108.97
9112,9112,debit_card,1,2889.88
9113,9113,debit_card,1,340.28
9114,9114,debit_card,1,5058.55
9115,9115,boleto,1,5575.0
9116,9116,debit_card,1,1767.41
9117,9117,debit_card,1,414.18
9118,9118,credit_card,2,2563.43
9119,9119,voucher,1,500.85
9120,9120,debit_card,1,1249.25
9121,9121,boleto,1,860.13
9122,9122,credit_card,1,794.44
9123,9123,debit_card,1,6218.0
9124,9124,boleto,1,1073.37
9125,9125,debit_card,1,871.09
9126,9126,voucher,1,446.86
9127,9127,debit_card,1,4425.33
9128,9128,debit_card,1,430.53
9129,9129,voucher,1,269.88
9130,9130,boleto,1,1960.31
9131,9131,debit_card,1,274.63
9132,9132,voucher,1,789.94
9133,9133,debit_card,1,298.43
9134,9134,credit_card,1,1013.16
9135,9135,voucher,1,749.24
9136,9136,voucher,1,417.3
9137,9137,credit_card,1,853.74
9138,9138,voucher,1,470.42
9139,9139,debit_card,1,5039.86
9140,9140,credit_card,1,336.42
9141,9141,debit_card,1,4971.77
9142,9142,debit_card,1,3948.54
9143,9143,credit_card,1,5205.75
9144,9144,boleto,1,1196.0
9145,9145,boleto,1,2897.36
9146,9146,credit_card,3,1900.79
9147,9147,debit_card,1,651.77
9148,9148,voucher,1,1567.82
9149,9149,boleto,1,580.14
9150,9150,credit_card,1,386.39
9151,9151,voucher,1,1611.21
9152,9152,debit_card,1,4321.66
9153,9153,voucher,1,2384.67
9154,9154,debit_card,1,3086.29
9155,9155,debit_card,1,307.67
9156,9156,voucher,1,574.51
9157,9157,boleto,1,639.45
9158,9158,boleto,1,2929.64
9159,9159,debit_card,1,64.93
9160,9160,credit_card,1,284.92
9161,9161,boleto,1,1622.55
9162,9162,debit_card,1,1027.87
9163,9163,voucher,1,1379.68
9164,9164,boleto,1,6636.89
9165,9165,boleto,1,219.94
9166,9166,credit_card,1,1331.07
9167,9167,boleto,1,3418.92
9168,9168,boleto,1,992.24
9169,9169,voucher,1,630.58
9170,9170,voucher,1,2923.44
9171,9171,debit_card,1,456.88
9172,9172,debit_card,1,175.17
9173,9173,boleto,1,251.71
9174,9174,boleto,1,102.64
9175,9175,debit_card,1,3797.81
9176,9176,credit_card,1,3448.52
9177,9177,credit_card,2,1605.28
9178,9178,voucher,1,841.57
9179,9179,voucher,1,474.56
9180,9180,credit_card,4,2095.07
9181,9181,debit_card,1,1708.55
9182,9182,boleto,1,1534.59
9183,9183,voucher,1,85.62
9184,9184,boleto,1,424.41
9185,9185,voucher,1,132.98
9186,9186,credit_card,1,494.9
9187,9187,boleto,1,3593.55
9188,9188,credit_card,1,256.31
9189,9189,boleto,1,1106.54
9190,9190,debit_card,1,4294.27
9191,9191,credit_card,1,1286.53
9192,9192,credit_card,1,4581.95
9193,9193,boleto,1,1246.37
9194,9194,boleto,1,2076.89
9195,9195,credit_card,1,9554.76
9196,9196,credit_card,1,12270.88
9197,9197,boleto,1,1887.56
9198,9198,debit_card,1,1711.64
9199,9199,debit_card,1,5750.1
9200,9200,credit_card,10,2542.05
9201,9201,voucher,1,4411.18
9202,9202,voucher,1,486.21
9203,9203,credit_card,2,825.44
9204,9204,debit_card,1,658.94
9205,9205,credit_card,2,3339.77
9206,9206,voucher,1,275.98
9207,9207,credit_card,1,4174.33
9208,9208,voucher,1,4196.56
9209,9209,voucher,1,3430.75
9210,9210,debit_card,1,139.16
9211,9211,boleto,1,125.27
9212,9212,debit_card,1,3882.44
9213,9213,boleto,1,72.47
9214,9214,debit_card,1,2205.11
9215,9215,debit_card,1,319.38
9216,9216,boleto,1,2209.37
9217,9217,voucher,1,5760.91
9218,9218,boleto,1,1075.43
9219,9219,voucher,1,1542.81
9220,9220,debit_card,1,307.45
9221,9221,voucher,1,205.6
9222,9222,credit_card,6,354.94
9223,9223,boleto,1,2145.32
9224,9224,debit_card,1,617.69
9225,9225,voucher,1,1972.74
9226,9226,voucher,1,1087.41
9227,9227,boleto,1,115.66
9228,9228,boleto,1,924.76
9229,9229,boleto,1,221.79
9230,9230,credit_card,4,3383.96
9231,9231,credit_card,1,100.49
9232,9232,boleto,1,186.72
9233,9233,debit_card,1,863.04
9234,9234,boleto,1,873.5
9235,9235,credit_card,1,475.57
9236,9236,credit_card,10,594.16
9237,9237,credit_card,1,191.49
9238,9238,debit_card,1,377.37
9239,9239,boleto,1,5822.4
9240,9240,debit_card,1,2313.9
9241,9241,debit_card,1,117.73
9242,9242,boleto,1,529.12
9243,9243,boleto,1,6558.26
9244,9244,boleto,1,834.95
9245,9245,debit_card,1,455.49
9246,9246,boleto,1,216.87
9247,9247,boleto,1,293.96
9248,9248,credit_card,4,399.44
9249,9249,credit_card,1,860.33
9250,9250,voucher,1,1790.13
9251,9251,credit_card,6,323.17
9252,9252,credit_card,1,143.45
9253,9253,debit_card,1,497.86
9254,9254,debit_card,1,171.51
9255,9255,voucher,1,4512.51
9256,9256,boleto,1,429.51
9257,9257,debit_card,1,2874.59
9258,9258,credit_card,4,2068.91
9259,9259,debit_card,1,1154.97
9260,9260,credit_card,1,7132.77
9261,9261,voucher,1,2937.55
9262,9262,credit_card,1,553.05
9263,9263,boleto,1,2513.66
9264,9264,debit_card,1,1996.46
9265,9265,credit_card,1,3661.58
9266,9266,voucher,1,355.38
9267,9267,voucher,1,3183.84
9268,9268,boleto,1,252.81
9269,9269,debit_card,1,619.29
9270,9270,credit_card,3,8138.68
9271,9271,credit_card,1,1116.12
9272,9272,boleto,1,1183.55
9273,9273,boleto,1,4409.45
9274,9274,credit_card,1,480.11
9275,9275,voucher,1,2810.38
9276,9276,debit_card,1,1901.07
9277,9277,boleto,1,1953.1
9278,9278,voucher,1,2807.92
9279,9279,debit_card,1,4629.42
9280,9280,credit_card,1,267.44
9281,9281,boleto,1,243.95
9282,9282,voucher,1,6439.65
9283,9283,debit_card,1,1859.3
9284,9284,credit_card,3,1829.31
9285,9285,credit_card,1,246.39
9286,9286,voucher,1,2956.64
9287,9287,boleto,1,1682.31
9288,9288,credit_card,1,138.73
9289,9289,boleto,1,1738.55
9290,9290,boleto,1,998.37
9291,9291,voucher,1,7676.73
9292,9292,credit_card,2,1363.34
9293,9293,debit_card,1,3460.02
9294,9294,debit_card,1,2470.41
9295,9295,boleto,1,11837.74
9296,9296,debit_card,1,568.08
9297,9297,debit_card,1,1784.04
9298,9298,credit_card,2,809.95
9299,9299,credit_card,4,1206.95
9300,9300,debit_card,1,468.35
9301,9301,voucher,1,1501.44
9302,9302,debit_card,1,148.88
9303,9303,boleto,1,372.46
9304,9304,credit_card,1,172.94
9305,9305,debit_card,1,3164.0
9306,9306,credit_card,1,186.97
9307,9307,boleto,1,247.39
9308,9308,voucher,1,3378.49
9309,9309,debit_card,1,4155.69
9310,9310,credit_card,1,682.45
9311,9311,credit_card,1,1072.11
9312,9312,debit_card,1,457.43
9313,9313,voucher,1,943.6
9314,9314,boleto,1,199.52
9315,9315,credit_card,6,475.47
9316,9316,debit_card,1,3386.73
9317,9317,debit_card,1,11741.73
9318,9318,voucher,1,922.06
9319,9319,boleto,1,378.64
9320,9320,voucher,1,356.09
9321,9321,credit_card,1,1748.09
9322,9322,boleto,1,2322.05
9323,9323,debit_card,1,376.34
9324,9324,debit_card,1,3133.37
9325,9325,boleto,1,668.55
9326,9326,credit_card,4,1191.14
9327,9327,debit_card,1,1253.13
9328,9328,voucher,1,4206.9
9329,9329,voucher,1,415.77
9330,9330,credit_card,10,5278.76
9331,9331,credit_card,1,3329.42
9332,9332,debit_card,1,251.82
9333,9333,voucher,1,35.79
9334,9334,voucher,1,141.16
9335,9335,boleto,1,347.48
9336,9336,voucher,1,3837.33
9337,9337,debit_card,1,559.3
9338,9338,credit_card,6,3250.66
9339,9339,voucher,1,2718.07
9340,9340,voucher,1,1088.26
9341,9341,debit_card,1,2504.26
9342,9342,voucher,1,6446.83
9343,9343,credit_card,2,3549.76
9344,9344,credit_card,1,828.33
9345,9345,credit_card,1,1757.4
9346,9346,credit_card,1,149.88
9347,9347,boleto,1,1977.37
9348,9348,credit_card,1,926.15
9349,9349,voucher,1,284.21
9350,9350,boleto,1,3298.84
9351,9351,boleto,1,5128.6
9352,9352,credit_card,1,5380.56
9353,9353,debit_card,1,2113.99
9354,9354,boleto,1,382.25
9355,9355,boleto,1,2600.66
9356,9356,credit_card,2,623.65
9357,9357,debit_card,1,246.6
9358,9358,credit_card,1,135.32
9359,9359,boleto,1,5530.28
9360,9360,debit_card,1,1087.29
9361,9361,voucher,1,1147.87
9362,9362,credit_card,6,3067.45
9363,9363,boleto,1,2909.17
9364,9364,credit_card,1,1842.53
9365,9365,voucher,1,424.6
9366,9366,credit_card,6,425.78
9367,9367,boleto,1,90.31
9368,9368,credit_card,1,52.55
9369,9369,voucher,1,289.38
9370,9370,debit_card,1,4704.83
9371,9371,credit_card,1,1337.52
9372,9372,debit_card,1,535.91
9373,9373,voucher,1,7703.35
9374,9374,debit_card,1,4836.9
9375,9375,debit_card,1,286.04
9376,9376,boleto,1,2256.94
9377,9377,debit_card,1,1892.79
9378,9378,debit_card,1,1720.46
9379,9379,credit_card,1,328.47
9380,9380,debit_card,1,3569.81
9381,9381,voucher,1,431.93
9382,9382,voucher,1,2277.36
9383,9383,debit_card,1,1375.42
9384,9384,voucher,1,2170.1
9385,9385,credit_card,1,2188.47
9386,9386,debit_card,1,581.12
9387,9387,debit_card,1,578.5
9388,9388,credit_card,1,66.7
9389,9389,debit_card,1,57.98
9390,9390,debit_card,1,6171.11
9391,9391,debit_card,1,1180.73
9392,9392,credit_card,10,1602.51
9393,9393,boleto,1,698.34
9394,9394,debit_card,1,3353.32
9395,9395,debit_card,1,5753.83
9396,9396,debit_card,1,5710.01
9397,9397,credit_card,1,154.65
9398,9398,boleto,1,189.85
9399,9399,voucher,1,1406.5
9400,9400,voucher,1,5088.61
9401,9401,credit_card,1,1234.82
9402,9402,credit_card,1,6463.19
9403,9403,boleto,1,2771.38
9404,9404,credit_card,1,11554.73
9405,9405,voucher,1,12408.16
9406,9406,credit_card,3,2631.36
9407,9407,voucher,1,798.84
9408,9408,voucher,1,2403.73
9409,9409,boleto,1,737.9
9410,9410,credit_card,1,1915.11
9411,9411,voucher,1,2671.67
9412,9412,voucher,1,888.78
9413,9413,boleto,1,2401.1
9414,9414,debit_card,1,1604.93
9415,9415,voucher,1,1294.94
9416,9416,boleto,1,1432.92
9417,9417,voucher,1,1147.87
9418,9418,boleto,1,1186.39
9419,9419,voucher,1,1100.82
9420,9420,debit_card,1,892.45
9421,9421,voucher,1,359.61
9422,9422,boleto,1,366.24
9423,9423,credit_card,1,385.79
9424,9424,boleto,1,808.26
9425,9425,boleto,1,3460.38
9426,9426,credit_card,4,1069.67
9427,9427,debit_card,1,91.44
9428,9428,voucher,1,13848.05
9429,9429,voucher,1,91.11
9430,9430,boleto,1,2717.0
9431,9431,boleto,1,1163.23
9432,9432,credit_card,1,396.48
9433,9433,debit_card,1,2871.82
9434,9434,credit_card,1,1595.06
9435,9435,boleto,1,154.65
9436,9436,credit_card,2,277.38
9437,9437,debit_card,1,1311.36
9438,9438,boleto,1,1621.59
9439,9439,boleto,1,602.88
9440,9440,voucher,1,1129.37
9441,9441,credit_card,1,169.97
9442,9442,voucher,1,2069.28
9443,9443,debit_card,1,679.61
9444,9444,debit_card,1,280.43
9445,9445,debit_card,1,758.67
9446,9446,debit_card,1,172.2
9447,9447,boleto,1,586.52
9448,9448,credit_card,1,7615.12
9449,9449,credit_card,4,1549.58
9450,9450,boleto,1,2560.7
9451,9451,boleto,1,7508.18
9452,9452,voucher,1,378.74
9453,9453,boleto,1,6356.33
9454,9454,voucher,1,480.27
9455,9455,credit_card,1,169.37
9456,9456,debit_card,1,2766.24
9457,9457,boleto,1,1881.0
9458,9458,voucher,1,2028.54
9459,9459,credit_card,2,2436.77
9460,9460,boleto,1,72.71
9461,9461,debit_card,1,1338.58
9462,9462,debit_card,1,2520.26
9463,9463,credit_card,1,1821.51
9464,9464,boleto,1,248.37
9465,9465,credit_card,4,691.39
9466,9466,debit_card,1,243.67
9467,9467,credit_card,1,192.48
9468,9468,debit_card,1,5413.32
9469,9469,voucher,1,332.28
9470,9470,voucher,1,856.73
9471,9471,debit_card,1,3086.18
9472,9472,boleto,1,693.07
9473,9473,credit_card,10,6616.55
9474,9474,voucher,1,1886.22
9475,9475,debit_card,1,10588.93
9476,9476,credit_card,1,1029.08
9477,9477,debit_card,1,2001.32
9478,9478,voucher,1,351.87
9479,9479,debit_card,1,1911.53
9480,9480,debit_card,1,2544.38
9481,9481,boleto,1,185.36
9482,9482,boleto,1,4409.83
9483,9483,voucher,1,3140.44
9484,9484,boleto,1,1533.44
9485,9485,boleto,1,2334.78
9486,9486,voucher,1,1610.19
9487,9487,credit_card,1,216.41
9488,9488,voucher,1,783.59
9489,9489,debit_card,1,2078.28
9490,9490,voucher,1,348.72
9491,9491,credit_card,1,268.17
9492,9492,boleto,1,4984.2
9493,9493,boleto,1,926.73
9494,9494,boleto,1,184.47
9495,9495,debit_card,1,10678.43
9496,9496,credit_card,2,5694.23
9497,9497,debit_card,1,551.24
9498,9498,boleto,1,6429.52
9499,9499,credit_card,1,535.26
9500,9500,voucher,1,2685.4
9501,9501,boleto,1,6267.64
9502,9502,boleto,1,378.11
9503,9503,boleto,1,99.27
9504,9504,credit_card,1,185.2
9505,9505,boleto,1,117.84
9506,9506,voucher,1,96.39
9507,9507,boleto,1,1428.64
9508,9508,voucher,1,911.66
9509,9509,voucher,1,1223.32
9510,9510,boleto,1,3753.83
9511,9511,credit_card,1,81.25
9512,9512,credit_card,1,916.27
9513,9513,voucher,1,793.98
9514,9514,credit_card,3,423.63
9515,9515,boleto,1,147.68
9516,9516,voucher,1,4699.63
9517,9517,boleto,1,615.78
9518,9518,credit_card,6,2781.47
9519,9519,voucher,1,4424.48
9520,9520,credit_card,1,1162.67
9521,9521,boleto,1,5735.19
9522,9522,voucher,1,218.16
9523,9523,debit_card,1,715.52
9524,9524,boleto,1,378.86
9525,9525,debit_card,1,87.95
9526,9526,debit_card,1,6439.48
9527,9527,voucher,1,3797.22
9528,9528,voucher,1,224.73
9529,9529,voucher,1,4640.59
9530,9530,voucher,1,3245.5
9531,9531,debit_card,1,1663.91
9532,9532,boleto,1,2527.61
9533,9533,credit_card,1,926.56
9534,9534,voucher,1,514.37
9535,9535,credit_card,1,2018.51
9536,9536,boleto,1,1114.09
9537,9537,credit_card,1,444.91
9538,9538,boleto,1,2346.41
9539,9539,credit_card,6,648.93
9540,9540,debit_card,1,242.53
9541,9541,credit_card,1,3102.39
9542,9542,voucher,1,735.93
9543,9543,boleto,1,9104.51
9544,9544,credit_card,1,2681.35
9545,9545,debit_card,1,3726.11
9546,9546,debit_card,1,134.09
9547,9547,voucher,1,1422.6
9548,9548,voucher,1,2044.6
9549,9549,credit_card,2,757.86
9550,9550,voucher,1,3264.01
9551,9551,credit_card,1,2943.89
9552,9552,boleto,1,1737.19
9553,9553,voucher,1,716.94
9554,9554,credit_card,1,2374.28
9555,9555,credit_card,1,2838.57
9556,9556,boleto,1,3358.69
9557,9557,debit_card,1,235.28
9558,9558,debit_card,1,2060.46
9559,9559,voucher,1,1854.97
9560,9560,debit_card,1,912.42
9561,9561,credit_card,3,926.74
9562,9562,credit_card,6,693.75
9563,9563,boleto,1,4405.17
9564,9564,debit_card,1,3992.51
9565,9565,credit_card,4,2029.08
9566,9566,credit_card,1,72.74
9567,9567,credit_card,1,123.97
9568,9568,boleto,1,276.55
9569,9569,voucher,1,4065.27
9570,9570,debit_card,1,508.09
9571,9571,debit_card,1,2038.08
9572,9572,voucher,1,3028.2
9573,9573,boleto,1,1491.29
9574,9574,voucher,1,422.18
9575,9575,debit_card,1,697.72
9576,9576,credit_card,1,5461.42
9577,9577,boleto,1,250.25
9578,9578,voucher,1,781.21
9579,9579,voucher,1,1317.78
9580,9580,credit_card,1,128.22
9581,9581,boleto,1,91.06
9582,9582,voucher,1,646.04
9583,9583,debit_card,1,1241.97
9584,9584,boleto,1,688.54
9585,9585,voucher,1,3115.42
9586,9586,credit_card,3,4386.78
9587,9587,boleto,1,6601.55
9588,9588,boleto,1,1199.69
9589,9589,boleto,1,91.31
9590,9590,voucher,1,2860.58
9591,9591,debit_card,1,757.88
9592,9592,boleto,1,1391.65
9593,9593,credit_card,6,2547.38
9594,9594,credit_card,1,900.45
9595,9595,debit_card,1,2833.84
9596,9596,voucher,1,5983.28
9597,9597,credit_card,2,5101.45
9598,9598,voucher,1,423.01
9599,9599,credit_card,4,1606.98
9600,9600,credit_card,4,513.15
9601,9601,boleto,1,191.81
9602,9602,boleto,1,1514.6
9603,9603,boleto,1,1064.33
9604,9604,credit_card,1,153.94
9605,9605,credit_card,1,1267.54
9606,9606,boleto,1,2360.63
9607,9607,voucher,1,460.95
9608,9608,debit_card,1,511.2
9609,9609,credit_card,1,405.92
9610,9610,voucher,1,215.2
9611,9611,voucher,1,1454.73
9612,9612,voucher,1,193.51
9613,9613,credit_card,4,2709.4
9614,9614,voucher,1,6808.88
9615,9615,voucher,1,421.82
9616,9616,debit_card,1,2985.1
9617,9617,credit_card,1,1203.01
9618,9618,boleto,1,1357.96
9619,9619,debit_card,1,2384.31
9620,9620,voucher,1,806.89
9621,9621,voucher,1,1599.98
9622,9622,voucher,1,8685.66
9623,9623,credit_card,1,182.19
9624,9624,voucher,1,2135.31
9625,9625,boleto,1,2337.12
9626,9626,debit_card,1,4010.61
9627,9627,boleto,1,4118.2
9628,9628,debit_card,1,4874.99
9629,9629,voucher,1,694.31
9630,9630,credit_card,2,656.12
9631,9631,credit_card,2,769.83
9632,9632,voucher,1,304.83
9633,9633,voucher,1,5794.73
9634,9634,boleto,1,833.47
9635,9635,debit_card,1,390.72
9636,9636,debit_card,1,3678.76
9637,9637,debit_card,1,1302.83
9638,9638,debit_card,1,65.61
9639,9639,voucher,1,71.27
9640,9640,voucher,1,5297.6
9641,9641,credit_card,4,2128.67
9642,9642,debit_card,1,5370.15
9643,9643,debit_card,1,2003.76
9644,9644,boleto,1,168.73
9645,9645,debit_card,1,224.81
9646,9646,credit_card,3,406.55
9647,9647,debit_card,1,1188.32
9648,9648,voucher,1,121.98
9649,9649,boleto,1,10475.27
9650,9650,boleto,1,181.47
9651,9651,debit_card,1,1766.84
9652,9652,voucher,1,1886.78
9653,9653,debit_card,1,2174.54
9654,9654,boleto,1,436.69
9655,9655,credit_card,1,4024.54
9656,9656,boleto,1,1726.83
9657,9657,voucher,1,1051.8
9658,9658,credit_card,1,16863.38
9659,9659,boleto,1,2604.1
9660,9660,debit_card,1,781.16
9661,9661,credit_card,6,524.48
9662,9662,boleto,1,336.86
9663,9663,voucher,1,1146.99
9664,9664,voucher,1,300.14
9665,9665,credit_card,1,1517.11
9666,9666,voucher,1,1665.03
9667,9667,debit_card,1,1396.15
9668,9668,voucher,1,915.85
9669,9669,boleto,1,4871.11
9670,9670,debit_card,1,1515.87
9671,9671,boleto,1,2583.92
9672,9672,boleto,1,773.75
9673,9673,debit_card,1,3145.1
9674,9674,boleto,1,643.96
9675,9675,credit_card,10,726.02
9676,9676,debit_card,1,955.29
9677,9677,boleto,1,158.18
9678,9678,credit_card,2,1294.51
9679,9679,debit_card,1,2362.41
9680,9680,debit_card,1,351.99
9681,9681,voucher,1,156.22
9682,9682,credit_card,3,1950.71
9683,9683,voucher,1,2989.09
9684,9684,debit_card,1,436.81
9685,9685,credit_card,6,325.22
9686,9686,voucher,1,1401.22
9687,9687,debit_card,1,1557.78
9688,9688,credit_card,1,776.1
9689,9689,credit_card,3,7416.21
9690,9690,credit_card,1,3263.81
9691,9691,boleto,1,1174.7
9692,9692,debit_card,1,3286.14
9693,9693,debit_card,1,4021.52
9694,9694,boleto,1,286.78
9695,9695,credit_card,6,386.51
9696,9696,boleto,1,2058.85
9697,9697,voucher,1,1731.86
9698,9698,voucher,1,4099.94
9699,9699,voucher,1,1590.98
9700,9700,credit_card,3,316.3
9701,9701,credit_card,2,384.33
9702,9702,voucher,1,4433.32
9703,9703,debit_card,1,2866.01
9704,9704,debit_card,1,69.25
9705,9705,debit_card,1,520.19
9706,9706,voucher,1,2498.84
9707,9707,boleto,1,5165.41
9708,9708,voucher,1,578.51
9709,9709,debit_card,1,4988.03
9710,9710,voucher,1,475.57
9711,9711,debit_card,1,8171.22
9712,9712,credit_card,1,2720.71
9713,9713,voucher,1,1588.14
9714,9714,debit_card,1,5195.91
9715,9715,boleto,1,1337.71
9716,9716,voucher,1,3670.84
9717,9717,voucher,1,3149.67
9718,9718,debit_card,1,368.24
9719,9719,credit_card,1,2347.77
9720,9720,credit_card,10,3879.95
9721,9721,voucher,1,2126.27
9722,9722,boleto,1,1449.71
9723,9723,debit_card,1,1573.32
9724,9724,credit_card,2,1810.41
9725,9725,credit_card,1,217.33
9726,9726,debit_card,1,1012.21
9727,9727,credit_card,2,9195.5
9728,9728,boleto,1,1577.99
9729,9729,boleto,1,273.05
9730,9730,credit_card,10,1886.79
9731,9731,boleto,1,640.45
9732,9732,boleto,1,3256.13
9733,9733,boleto,1,3144.89
9734,9734,debit_card,1,2515.86
9735,9735,voucher,1,5942.9
9736,9736,voucher,1,4466.21
9737,9737,debit_card,1,2483.42
9738,9738,voucher,1,3570.42
9739,9739,boleto,1,551.54
9740,9740,voucher,1,1152.01
9741,9741,boleto,1,5124.77
9742,9742,credit_card,1,2664.11
9743,9743,debit_card,1,1486.19
9744,9744,boleto,1,413.42
9745,9745,debit_card,1,4338.02
9746,9746,boleto,1,8790.26
9747,9747,debit_card,1,4625.6
9748,9748,credit_card,10,488.98
9749,9749,boleto,1,443.62
9750,9750,credit_card,1,195.89
9751,9751,boleto,1,15366.91
9752,9752,credit_card,1,1189.56
9753,9753,debit_card,1,195.89
9754,9754,boleto,1,4609.75
9755,9755,credit_card,1,4960.96
9756,9756,debit_card,1,300.49
9757,9757,voucher,1,39.74
9758,9758,debit_card,1,3504.97
9759,9759,credit_card,3,233.25
9760,9760,credit_card,1,311.76
9761,9761,voucher,1,1142.67
9762,9762,boleto,1,615.08
9763,9763,credit_card,1,2382.56
9764,9764,debit_card,1,4065.07
9765,9765,credit_card,1,1097.12
9766,9766,voucher,1,655.89
9767,9767,boleto,1,56.75
9768,9768,boleto,1,233.23
9769,9769,boleto,1,1533.38
9770,9770,boleto,1,555.96
9771,9771,credit_card,1,478.1
9772,9772,debit_card,1,2195.99
9773,9773,voucher,1,1120.47
9774,9774,boleto,1,361.34
9775,9775,debit_card,1,623.81
9776,9776,voucher,1,1538.8
9777,9777,boleto,1,71.54
9778,9778,voucher,1,7366.24
9779,9779,boleto,1,135.12
9780,9780,boleto,1,1020.81
9781,9781,boleto,1,2733.85
9782,9782,boleto,1,282.05
9783,9783,boleto,1,2752.53
9784,9784,voucher,1,195.01
9785,9785,credit_card,1,5338.86
9786,9786,credit_card,1,5626.0
9787,9787,debit_card,1,1968.57
9788,9788,debit_card,1,3105.69
9789,9789,voucher,1,807.42
9790,9790,debit_card,1,219.94
9791,9791,credit_card,6,357.36
9792,9792,voucher,1,971.34
9793,9793,debit_card,1,249.69
9794,9794,boleto,1,304.77
9795,9795,credit_card,1,288.08
9796,9796,voucher,1,7771.91
9797,9797,debit_card,1,221.62
9798,9798,voucher,1,1599.03
9799,9799,voucher,1,3051.8
9800,9800,debit_card,1,10103.1
9801,9801,voucher,1,157.79
9802,9802,boleto,1,1754.73
9803,9803,debit_card,1,1055.08
9804,9804,credit_card,1,2771.2
9805,9805,debit_card,1,3764.85
9806,9806,credit_card,1,185.71
9807,9807,credit_card,1,382.45
9808,9808,voucher,1,1789.71
9809,9809,boleto,1,3732.59
9810,9810,voucher,1,81.63
9811,9811,voucher,1,280.13
9812,9812,voucher,1,1093.48
9813,9813,voucher,1,202.15
9814,9814,voucher,1,478.5
9815,9815,boleto,1,3618.14
9816,9816,voucher,1,263.81
9817,9817,boleto,1,133.22
9818,9818,voucher,1,383.1
9819,9819,voucher,1,58.29
9820,9820,voucher,1,6772.84
9821,9821,voucher,1,5213.22
9822,9822,debit_card,1,242.51
9823,9823,boleto,1,1655.6
9824,9824,debit_card,1,12749.46
9825,9825,debit_card,1,150.7
9826,9826,boleto,1,1952.41
9827,9827,boleto,1,1202.77
9828,9828,debit_card,1,72.89
9829,9829,voucher,1,1682.99
9830,9830,voucher,1,47.01
9831,9831,debit_card,1,1185.2
9832,9832,boleto,1,13839.54
9833,9833,debit_card,1,2529.99
9834,9834,credit_card,1,2333.81
9835,9835,credit_card,6,1579.86
9836,9836,voucher,1,1687.74
9837,9837,voucher,1,296.52
9838,9838,debit_card,1,1902.19
9839,9839,debit_card,1,157.87
9840,9840,credit_card,4,247.97
9841,9841,boleto,1,1128.86
9842,9842,debit_card,1,2274.38
9843,9843,boleto,1,514.6
9844,9844,voucher,1,763.62
9845,9845,voucher,1,468.82
9846,9846,credit_card,1,502.33
9847,9847,boleto,1,444.47
9848,9848,credit_card,1,94.44
9849,9849,boleto,1,995.13
9850,9850,voucher,1,9697.74
9851,9851,debit_card,1,1439.15
9852,9852,boleto,1,883.59
9853,9853,debit_card,1,219.03
9854,9854,voucher,1,608.35
9855,9855,voucher,1,430.27
9856,9856,voucher,1,623.32
9857,9857,boleto,1,3251.57
9858,9858,boleto,1,971.61
9859,9859,voucher,1,3128.24
9860,9860,boleto,1,361.51
9861,9861,credit_card,1,291.5
9862,9862,credit_card,4,1894.39
9863,9863,debit_card,1,59.57
9864,9864,debit_card,1,952.07
9865,9865,voucher,1,1195.12
9866,9866,voucher,1,121.35
9867,9867,boleto,1,1828.38
9868,9868,debit_card,1,131.95
9869,9869,voucher,1,1979.89
9870,9870,voucher,1,217.7
9871,9871,debit_card,1,192.86
9872,9872,voucher,1,3163.5
9873,9873,credit_card,1,292.42
9874,9874,debit_card,1,3892.53
9875,9875,voucher,1,3189.2
9876,9876,boleto,1,5926.46
9877,9877,debit_card,1,209.61
9878,9878,voucher,1,187.67
9879,9879,voucher,1,715.47
9880,9880,boleto,1,716.95
9881,9881,boleto,1,4132.53
9882,9882,voucher,1,1044.26
9883,9883,debit_card,1,1296.2
9884,9884,voucher,1,412.0
9885,9885,voucher,1,2581.15
9886,9886,credit_card,1,1667.36
9887,9887,debit_card,1,2000.43
9888,9888,credit_card,1,3779.9
9889,9889,credit_card,4,259.78
9890,9890,boleto,1,278.66
9891,9891,credit_card,1,97.23
9892,9892,voucher,1,2708.26
9893,9893,credit_card,1,120.61
9894,9894,boleto,1,3574.57
9895,9895,debit_card,1,1970.87
9896,9896,credit_card,2,415.44
9897,9897,credit_card,6,2076.7
9898,9898,debit_card,1,2195.03
9899,9899,boleto,1,122.02
9900,9900,credit_card,1,2872.94
9901,9901,boleto,1,120.88
9902,9902,credit_card,1,2572.9
9903,9903,credit_card,1,2610.54
9904,9904,credit_card,10,4876.49
9905,9905,voucher,1,5489.71
9906,9906,debit_card,1,1556.22
9907,9907,voucher,1,2571.64
9908,9908,debit_card,1,5347.57
9909,9909,boleto,1,120.99
9910,9910,credit_card,1,1114.46
9911,9911,debit_card,1,939.12
9912,9912,credit_card,2,1301.9
9913,9913,debit_card,1,98.74
9914,9914,credit_card,1,185.31
9915,9915,voucher,1,213.92
9916,9916,credit_card,1,544.76
9917,9917,debit_card,1,3005.92
9918,9918,debit_card,1,4706.21
9919,9919,debit_card,1,1564.32
9920,9920,voucher,1,7583.36
9921,9921,credit_card,1,250.3
9922,9922,voucher,1,7427.48
9923,9923,boleto,1,309.07
9924,9924,credit_card,3,3309.65
9925,9925,credit_card,6,599.93
9926,9926,boleto,1,2548.85
9927,9927,credit_card,1,8660.18
9928,9928,voucher,1,259.26
9929,9929,debit_card,1,113.14
9930,9930,voucher,1,8724.1
9931,9931,debit_card,1,1788.29
9932,9932,voucher,1,7915.69
9933,9933,credit_card,1,76.22
9934,9934,voucher,1,2735.0
9935,9935,credit_card,3,3023.65
9936,9936,voucher,1,855.91
9937,9937,boleto,1,357.95
9938,9938,voucher,1,2859.83
9939,9939,credit_card,4,850.14
9940,9940,boleto,1,3337.93
9941,9941,debit_card,1,2552.02
9942,9942,boleto,1,1096.83
9943,9943,boleto,1,1055.82
9944,9944,debit_card,1,385.82
9945,9945,credit_card,1,409.8
9946,9946,boleto,1,3863.4
9947,9947,boleto,1,250.72
9948,9948,voucher,1,109.31
9949,9949,debit_card,1,485.18
9950,9950,voucher,1,2585.67
9951,9951,debit_card,1,77.47
9952,9952,debit_card,1,3642.67
9953,9953,credit_card,10,210.92
9954,9954,boleto,1,668.36
9955,9955,credit_card,1,8149.73
9956,9956,voucher,1,585.24
9957,9957,boleto,1,1772.35
9958,9958,voucher,1,61.18
9959,9959,debit_card,1,1552.59
9960,9960,credit_card,2,2223.91
9961,9961,debit_card,1,1196.77
9962,9962,debit_card,1,1384.31
9963,9963,boleto,1,2614.64
9964,9964,voucher,1,1540.13
9965,9965,debit_card,1,2178.67
9966,9966,credit_card,2,512.45
9967,9967,debit_card,1,896.51
9968,9968,voucher,1,901.55
9969,9969,credit_card,1,493.2
9970,9970,credit_card,1,2560.26
9971,9971,debit_card,1,612.05
9972,9972,credit_card,1,7232.96
9973,9973,boleto,1,161.34
9974,9974,voucher,1,156.75
9975,9975,voucher,1,1031.82
9976,9976,voucher,1,121.47
9977,9977,voucher,1,2530.75
9978,9978,debit_card,1,185.92
9979,9979,debit_card,1,1289.2
9980,9980,boleto,1,1948.75
9981,9981,voucher,1,144.5
9982,9982,debit_card,1,284.72
9983,9983,boleto,1,627.84
9984,9984,boleto,1,2807.3
9985,9985,debit_card,1,600.39
9986,9986,boleto,1,1802.35
9987,9987,credit_card,4,2116.46
9988,9988,boleto,1,1686.54
9989,9989,debit_card,1,772.78
9990,9990,credit_card,4,232.84
9991,9991,voucher,1,3128.48
9992,9992,credit_card,10,382.17
9993,9993,credit_card,1,196.26
9994,9994,boleto,1,4934.26
9995,9995,debit_card,1,5002.04
9996,9996,debit_card,1,788.45
9997,9997,debit_card,1,11291.23
9998,9998,debit_card,1,3383.83
9999,9999,debit_card,1,853.98
10000,10000,debit_card,1,2513.08
10001,10001,boleto,1,782.97
10002,10002,credit_card,3,266.8
10003,10003,voucher,1,2557.95
10004,10004,debit_card,1,542.08
10005,10005,voucher,1,4062.46
10006,10006,boleto,1,718.43
10007,10007,debit_card,1,602.49
10008,10008,debit_card,1,77.03
10009,10009,debit_card,1,266.91
10010,10010,credit_card,1,3062.26
10011,10011,credit_card,2,1904.07
10012,10012,boleto,1,996.44
10013,10013,voucher,1,3139.35
10014,10014,voucher,1,2926.97
10015,10015,voucher,1,408.65
10016,10016,credit_card,1,1498.46
10017,10017,debit_card,1,57.51
10018,10018,credit_card,1,404.96
10019,10019,voucher,1,4421.72
10020,10020,boleto,1,2004.9
10021,10021,boleto,1,1129.94
10022,10022,boleto,1,1263.06
10023,10023,boleto,1,241.41
10024,10024,debit_card,1,1587.47
10025,10025,debit_card,1,222.94
10026,10026,credit_card,6,1977.2
10027,10027,credit_card,1,2043.94
10028,10028,boleto,1,5211.92
10029,10029,boleto,1,1973.33
10030,10030,voucher,1,2295.26
10031,10031,boleto,1,1320.7
10032,10032,boleto,1,2403.18
10033,10033,debit_card,1,4040.68
10034,10034,debit_card,1,553.25
10035,10035,debit_card,1,1828.76
10036,10036,debit_card,1,461.5
10037,10037,boleto,1,847.72
10038,10038,boleto,1,105.72
10039,10039,voucher,1,230.22
10040,10040,debit_card,1,3146.26
10041,10041,voucher,1,302.05
10042,10042,debit_card,1,3106.0
10043,10043,boleto,1,3367.43
10044,10044,debit_card,1,4267.29
10045,10045,voucher,1,610.84
10046,10046,boleto,1,548.75
10047,10047,debit_card,1,161.07
10048,10048,debit_card,1,100.53
10049,10049,debit_card,1,1559.56
10050,10050,boleto,1,5011.04
10051,10051,voucher,1,3132.45
10052,10052,boleto,1,2769.48
10053,10053,boleto,1,812.08
10054,10054,debit_card,1,573.11
10055,10055,boleto,1,2387.25
10056,10056,credit_card,3,2100.2
10057,10057,credit_card,4,3536.57
10058,10058,boleto,1,282.65
10059,10059,credit_card,1,366.75
10060,10060,debit_card,1,6443.78
10061,10061,boleto,1,2158.57
10062,10062,boleto,1,74.07
10063,10063,credit_card,1,3186.81
10064,10064,boleto,1,1232.71
10065,10065,credit_card,1,2645.6
10066,10066,credit_card,10,998.9
10067,10067,debit_card,1,2955.92
10068,10068,debit_card,1,1719.73
10069,10069,boleto,1,1935.66
10070,10070,voucher,1,278.18
10071,10071,voucher,1,3844.64
10072,10072,voucher,1,926.12
10073,10073,voucher,1,2116.13
10074,10074,boleto,1,7638.85
10075,10075,voucher,1,1765.37
10076,10076,voucher,1,1274.04
10077,10077,credit_card,6,1509.93
10078,10078,credit_card,10,8131.38
10079,10079,boleto,1,402.85
10080,10080,boleto,1,1310.2
10081,10081,debit_card,1,848.45
10082,10082,boleto,1,404.2
10083,10083,debit_card,1,1035.81
10084,10084,credit_card,1,5444.03
10085,10085,credit_card,1,182.67
10086,10086,credit_card,3,665.73
10087,10087,boleto,1,376.89
10088,10088,boleto,1,605.69
10089,10089,boleto,1,1031.37
10090,10090,debit_card,1,869.84
10091,10091,credit_card,1,532.62
10092,10092,voucher,1,195.4
10093,10093,credit_card,1,1408.28
10094,10094,boleto,1,408.13
10095,10095,debit_card,1,214.15
10096,10096,boleto,1,4605.35
10097,10097,credit_card,1,536.42
10098,10098,debit_card,1,4586.83
10099,10099,voucher,1,738.16
10100,10100,credit_card,1,101.71
10101,10101,credit_card,1,505.15
10102,10102,boleto,1,3366.34
10103,10103,voucher,1,543.67
10104,10104,debit_card,1,7276.59
10105,10105,voucher,1,393.1
10106,10106,debit_card,1,916.15
10107,10107,boleto,1,350.02
10108,10108,voucher,1,6732.26
10109,10109,debit_card,1,4208.76
10110,10110,credit_card,4,3235.82
10111,10111,debit_card,1,3070.16
10112,10112,voucher,1,742.4
10113,10113,boleto,1,2006.61
10114,10114,credit_card,3,580.57
10115,10115,voucher,1,2133.41
10116,10116,boleto,1,511.31
10117,10117,boleto,1,665.41
10118,10118,credit_card,1,2611.58
10119,10119,voucher,1,471.84
10120,10120,credit_card,2,576.0
10121,10121,debit_card,1,714.57
10122,10122,voucher,1,349.06
10123,10123,debit_card,1,654.67
10124,10124,boleto,1,3479.33
10125,10125,credit_card,6,1224.93
10126,10126,credit_card,6,238.63
10127,10127,debit_card,1,3199.0
10128,10128,boleto,1,843.53
10129,10129,debit_card,1,11765.39
10130,10130,voucher,1,268.0
10131,10131,voucher,1,5689.95
10132,10132,debit_card,1,3832.3
10133,10133,voucher,1,629.46
10134,10134,debit_card,1,3693.32
10135,10135,voucher,1,3834.33
10136,10136,boleto,1,2826.1
10137,10137,credit_card,2,399.34
10138,10138,debit_card,1,632.72
10139,10139,voucher,1,4277.04
10140,10140,credit_card,1,81.79
10141,10141,voucher,1,2650.58
10142,10142,credit_card,6,5566.09
10143,10143,boleto,1,295.65
10144,10144,credit_card,1,304.84
10145,10145,credit_card,1,6475.1
10146,10146,credit_card,1,5977.94
10147,10147,debit_card,1,1817.91
10148,10148,boleto,1,735.66
10149,10149,credit_card,6,2103.96
10150,10150,voucher,1,186.81
10151,10151,boleto,1,1406.37
10152,10152,voucher,1,461.57
10153,10153,boleto,1,856.85
10154,10154,credit_card,1,158.25
10155,10155,credit_card,2,3755.36
10156,10156,credit_card,3,1186.18
10157,10157,credit_card,10,529.68
10158,10158,voucher,1,752.54
10159,10159,voucher,1,221.71
10160,10160,voucher,1,302.73
10161,10161,debit_card,1,4131.05
10162,10162,boleto,1,949.96
10163,10163,credit_card,2,1226.85
10164,10164,debit_card,1,483.8
10165,10165,debit_card,1,509.92
10166,10166,debit_card,1,196.41
10167,10167,boleto,1,141.56
10168,10168,credit_card,6,957.68
10169,10169,credit_card,3,1262.22
10170,10170,credit_card,1,528.49
10171,10171,voucher,1,526.19
10172,10172,debit_card,1,884.5
10173,10173,credit_card,1,5170.8
10174,10174,debit_card,1,3607.81
10175,10175,debit_card,1,983.96
10176,10176,boleto,1,1720.68
10177,10177,credit_card,3,8671.39
10178,10178,boleto,1,5101.82
10179,10179,credit_card,1,97.86
10180,10180,credit_card,1,4919.81
10181,10181,boleto,1,145.67
10182,10182,credit_card,6,445.33
10183,10183,debit_card,1,493.68
10184,10184,boleto,1,513.64
10185,10185,debit_card,1,1037.55
10186,10186,credit_card,1,554.96
10187,10187,voucher,1,5742.27
10188,10188,debit_card,1,346.25
10189,10189,debit_card,1,732.45
10190,10190,voucher,1,2165.98
10191,10191,boleto,1,5818.34
10192,10192,voucher,1,2393.31
10193,10193,voucher,1,5990.49
10194,10194,voucher,1,3123.26
10195,10195,credit_card,1,86.29
10196,10196,boleto,1,302.09
10197,10197,credit_card,3,1113.22
10198,10198,boleto,1,2732.2
10199,10199,debit_card,1,225.93
10200,10200,credit_card,2,3067.63
10201,10201,voucher,1,379.77
10202,10202,credit_card,2,3054.74
10203,10203,voucher,1,591.41
10204,10204,debit_card,1,1387.72
10205,10205,credit_card,1,372.09
10206,10206,credit_card,1,467.27
10207,10207,boleto,1,741.36
10208,10208,voucher,1,465.36
10209,10209,debit_card,1,77.22
10210,10210,voucher,1,379.14
10211,10211,voucher,1,5193.62
10212,10212,credit_card,1,1553.5
10213,10213,credit_card,6,1306.61
10214,10214,boleto,1,2246.12
10215,10215,credit_card,4,10623.73
10216,10216,debit_card,1,641.29
10217,10217,credit_card,1,2622.47
10218,10218,credit_card,3,494.25
10219,10219,voucher,1,571.3
10220,10220,debit_card,1,471.22
10221,10221,credit_card,1,1258.34
10222,10222,voucher,1,1735.91
10223,10223,voucher,1,1822.77
10224,10224,debit_card,1,2085.63
10225,10225,voucher,1,3407.67
10226,10226,debit_card,1,1070.38
10227,10227,debit_card,1,4737.18
10228,10228,voucher,1,2597.93
10229,10229,debit_card,1,609.69
10230,10230,debit_card,1,4882.95
10231,10231,credit_card,3,209.08
10232,10232,boleto,1,1087.32
10233,10233,boleto,1,2520.71
10234,10234,voucher,1,5160.99
10235,10235,debit_card,1,884.79
10236,10236,voucher,1,1843.17
10237,10237,boleto,1,143.64
10238,10238,boleto,1,701.62
10239,10239,boleto,1,458.76
10240,10240,debit_card,1,1053.16
10241,10241,boleto,1,720.37
10242,10242,credit_card,1,5053.43
10243,10243,voucher,1,1792.61
10244,10244,voucher,1,6076.09
10245,10245,boleto,1,14870.19
10246,10246,credit_card,3,656.35
10247,10247,boleto,1,158.95
10248,10248,credit_card,1,6301.1
10249,10249,credit_card,1,867.36
10250,10250,voucher,1,4566.31
10251,10251,credit_card,1,1557.59
10252,10252,voucher,1,3838.35
10253,10253,voucher,1,173.08
10254,10254,voucher,1,116.55
10255,10255,boleto,1,851.48
10256,10256,debit_card,1,1447.14
10257,10257,debit_card,1,1052.37
10258,10258,debit_card,1,418.75
10259,10259,boleto,1,575.14
10260,10260,voucher,1,2208.27
10261,10261,credit_card,1,3303.27
10262,10262,debit_card,1,523.19
10263,10263,debit_card,1,2427.43
10264,10264,boleto,1,450.64
10265,10265,credit_card,1,4459.88
10266,10266,boleto,1,2241.82
10267,10267,boleto,1,596.44
10268,10268,credit_card,4,239.97
10269,10269,voucher,1,325.73
10270,10270,voucher,1,3555.81
10271,10271,debit_card,1,3954.09
10272,10272,credit_card,6,803.68
10273,10273,boleto,1,1259.77
10274,10274,voucher,1,296.55
10275,10275,voucher,1,178.52
10276,10276,boleto,1,1604.35
10277,10277,debit_card,1,1338.01
10278,10278,voucher,1,2022.5
10279,10279,debit_card,1,3069.19
10280,10280,boleto,1,321.8
10281,10281,debit_card,1,2390.58
10282,10282,voucher,1,3029.25
10283,10283,credit_card,3,904.81
10284,10284,boleto,1,2303.78
10285,10285,credit_card,1,2117.02
10286,10286,debit_card,1,337.44
10287,10287,voucher,1,77.0
10288,10288,boleto,1,568.64
10289,10289,boleto,1,66.79
10290,10290,debit_card,1,2115.1
10291,10291,boleto,1,2682.65
10292,10292,credit_card,6,3134.15
10293,10293,voucher,1,1034.39
10294,10294,credit_card,10,277.55
10295,10295,credit_card,4,3538.68
10296,10296,boleto,1,8413.48
10297,10297,boleto,1,4690.49
10298,10298,debit_card,1,1177.48
10299,10299,debit_card,1,981.25
10300,10300,voucher,1,2750.0
10301,10301,debit_card,1,1593.55
10302,10302,debit_card,1,857.96
10303,10303,boleto,1,2228.5
10304,10304,voucher,1,335.69
10305,10305,boleto,1,228.07
10306,10306,boleto,1,866.54
10307,10307,voucher,1,5844.13
10308,10308,boleto,1,1501.5
10309,10309,debit_card,1,1451.52
10310,10310,voucher,1,1687.74
10311,10311,voucher,1,501.53
10312,10312,credit_card,1,3613.76
10313,10313,debit_card,1,1064.2
10314,10314,voucher,1,1215.53
10315,10315,voucher,1,558.3
10316,10316,debit_card,1,877.52
10317,10317,credit_card,1,335.78
10318,10318,voucher,1,778.99
10319,10319,credit_card,4,3422.08
10320,10320,credit_card,1,793.47
10321,10321,boleto,1,1002.72
10322,10322,debit_card,1,158.28
10323,10323,voucher,1,368.54
10324,10324,credit_card,1,5447.7
10325,10325,credit_card,6,2177.59
10326,10326,boleto,1,1722.18
10327,10327,debit_card,1,317.24
10328,10328,debit_card,1,433.01
10329,10329,voucher,1,3499.04
10330,10330,debit_card,1,1091.17
10331,10331,credit_card,6,1507.02
10332,10332,credit_card,1,224.48
10333,10333,credit_card,1,1845.75
10334,10334,credit_card,1,96.95
10335,10335,boleto,1,562.22
10336,10336,voucher,1,3463.91
10337,10337,debit_card,1,655.31
10338,10338,boleto,1,1026.33
10339,10339,debit_card,1,586.86
10340,10340,voucher,1,3538.19
10341,10341,voucher,1,3797.68
10342,10342,voucher,1,184.36
10343,10343,voucher,1,3478.58
10344,10344,voucher,1,3823.96
10345,10345,debit_card,1,4773.76
10346,10346,boleto,1,5005.65
10347,10347,boleto,1,1158.64
10348,10348,boleto,1,4145.69
10349,10349,debit_card,1,210.26
10350,10350,boleto,1,722.12
10351,10351,debit_card,1,481.97
10352,10352,boleto,1,359.28
10353,10353,debit_card,1,1506.11
10354,10354,boleto,1,810.03
10355,10355,boleto,1,237.5
10356,10356,boleto,1,964.44
10357,10357,boleto,1,2526.29
10358,10358,boleto,1,141.59
10359,10359,voucher,1,582.33
10360,10360,voucher,1,429.22
10361,10361,debit_card,1,2463.91
10362,10362,voucher,1,238.6
10363,10363,voucher,1,3882.68
10364,10364,debit_card,1,5642.55
10365,10365,boleto,1,818.85
10366,10366,voucher,1,336.54
10367,10367,boleto,1,69.32
10368,10368,credit_card,3,1732.65
10369,10369,debit_card,1,553.28
10370,10370,boleto,1,2958.99
10371,10371,debit_card,1,111.79
10372,10372,credit_card,1,1022.32
10373,10373,boleto,1,939.33
10374,10374,boleto,1,1189.56
10375,10375,credit_card,1,13880.61
10376,10376,credit_card,4,9694.91
10377,10377,voucher,1,1993.07
10378,10378,credit_card,2,223.16
10379,10379,debit_card,1,231.23
10380,10380,voucher,1,1068.82
10381,10381,debit_card,1,162.58
10382,10382,voucher,1,1792.75
10383,10383,credit_card,1,11693.1
10384,10384,debit_card,1,5301.63
10385,10385,boleto,1,192.47
10386,10386,credit_card,1,2804.27
10387,10387,boleto,1,2375.7
10388,10388,debit_card,1,2172.88
10389,10389,credit_card,1,1500.01
10390,10390,boleto,1,1003.76
10391,10391,credit_card,1,125.52
10392,10392,debit_card,1,4273.23
10393,10393,credit_card,1,332.94
10394,10394,boleto,1,436.02
10395,10395,boleto,1,10750.32
10396,10396,credit_card,10,401.66
10397,10397,boleto,1,599.68
10398,10398,voucher,1,3198.95
10399,10399,boleto,1,1816.96
10400,10400,boleto,1,2408.95
10401,10401,boleto,1,2365.7
10402,10402,credit_card,6,610.62
10403,10403,debit_card,1,824.46
10404,10404,voucher,1,1182.05
10405,10405,debit_card,1,1126.58
10406,10406,boleto,1,146.78
10407,10407,voucher,1,294.3
10408,10408,voucher,1,2926.8
10409,10409,credit_card,1,1586.27
10410,10410,credit_card,1,971.57
10411,10411,boleto,1,5557.3
10412,10412,boleto,1,4470.04
10413,10413,voucher,1,432.26
10414,10414,voucher,1,2571.65
10415,10415,boleto,1,5312.08
10416,10416,credit_card,1,743.63
10417,10417,credit_card,4,3481.0
10418,10418,voucher,1,1285.72
10419,10419,credit_card,3,438.62
10420,10420,boleto,1,3022.6
10421,10421,debit_card,1,3239.02
10422,10422,boleto,1,3312.61
10423,10423,voucher,1,4996.05
10424,10424,boleto,1,694.29
10425,10425,credit_card,1,374.78
10426,10426,voucher,1,860.02
10427,10427,voucher,1,191.44
10428,10428,credit_card,1,60.9
10429,10429,debit_card,1,2803.6
10430,10430,debit_card,1,760.28
10431,10431,debit_card,1,11595.53
10432,10432,boleto,1,1083.77
10433,10433,credit_card,3,763.04
10434,10434,boleto,1,1322.74
10435,10435,boleto,1,4952.87
10436,10436,credit_card,6,11222.24
10437,10437,boleto,1,250.85
10438,10438,voucher,1,220.89
10439,10439,boleto,1,679.47
10440,10440,credit_card,2,453.31
10441,10441,debit_card,1,511.3
10442,10442,debit_card,1,3509.2
10443,10443,voucher,1,5411.61
10444,10444,credit_card,4,1064.88
10445,10445,boleto,1,1214.81
10446,10446,debit_card,1,1213.89
10447,10447,credit_card,1,171.56
10448,10448,debit_card,1,521.35
10449,10449,debit_card,1,336.52
10450,10450,boleto,1,1747.37
10451,10451,boleto,1,3084.56
10452,10452,voucher,1,1101.54
10453,10453,boleto,1,7283.85
10454,10454,credit_card,1,4948.63
10455,10455,voucher,1,3216.21
10456,10456,credit_card,10,787.13
10457,10457,debit_card,1,92.34
10458,10458,debit_card,1,368.96
10459,10459,voucher,1,351.72
10460,10460,voucher,1,2448.46
10461,10461,debit_card,1,308.87
10462,10462,credit_card,2,482.92
10463,10463,credit_card,1,231.14
10464,10464,credit_card,1,117.2
10465,10465,boleto,1,779.97
10466,10466,debit_card,1,2372.87
10467,10467,credit_card,1,644.15
10468,10468,credit_card,1,5796.11
10469,10469,credit_card,3,2099.62
10470,10470,boleto,1,424.7
10471,10471,debit_card,1,250.98
10472,10472,voucher,1,580.32
10473,10473,debit_card,1,81.54
10474,10474,voucher,1,3425.11
10475,10475,voucher,1,875.86
10476,10476,debit_card,1,1738.89
10477,10477,voucher,1,1164.92
10478,10478,boleto,1,980.73
10479,10479,debit_card,1,64.14
10480,10480,credit_card,1,2669.87
10481,10481,voucher,1,931.61
10482,10482,voucher,1,515.87
10483,10483,debit_card,1,271.56
10484,10484,credit_card,4,661.05
10485,10485,voucher,1,10835.87
10486,10486,debit_card,1,2646.25
10487,10487,debit_card,1,1626.56
10488,10488,credit_card,4,4342.06
10489,10489,voucher,1,1615.02
10490,10490,credit_card,2,421.55
10491,10491,voucher,1,806.33
10492,10492,credit_card,6,341.35
10493,10493,credit_card,1,6096.89
10494,10494,boleto,1,4115.93
10495,10495,debit_card,1,203.82
10496,10496,debit_card,1,1579.97
10497,10497,debit_card,1,3710.16
10498,10498,debit_card,1,211.14
10499,10499,boleto,1,279.2
10500,10500,debit_card,1,1420.76
10501,10501,debit_card,1,1043.91
10502,10502,voucher,1,328.26
10503,10503,boleto,1,442.9
10504,10504,credit_card,1,849.07
10505,10505,voucher,1,808.87
10506,10506,credit_card,2,1665.21
10507,10507,boleto,1,1872.91
10508,10508,voucher,1,1192.71
10509,10509,voucher,1,396.49
10510,10510,voucher,1,9158.96
10511,10511,voucher,1,3019.01
10512,10512,credit_card,1,4557.53
10513,10513,boleto,1,8200.16
10514,10514,debit_card,1,675.74
10515,10515,boleto,1,1500.0
10516,10516,boleto,1,3090.07
10517,10517,credit_card,6,1856.05
10518,10518,voucher,1,3034.94
10519,10519,boleto,1,425.85
10520,10520,voucher,1,1701.74
10521,10521,debit_card,1,1066.33
10522,10522,voucher,1,508.73
10523,10523,credit_card,2,6097.17
10524,10524,boleto,1,10173.96
10525,10525,credit_card,1,2701.45
10526,10526,credit_card,1,177.69
10527,10527,boleto,1,467.98
10528,10528,debit_card,1,7137.4
10529,10529,boleto,1,419.99
10530,10530,credit_card,10,1178.55
10531,10531,credit_card,1,3805.29
10532,10532,voucher,1,3516.36
10533,10533,debit_card,1,339.99
10534,10534,credit_card,1,6271.71
10535,10535,voucher,1,415.49
10536,10536,credit_card,1,65.01
10537,10537,voucher,1,2296.02
10538,10538,boleto,1,296.64
10539,10539,credit_card,4,2493.98
10540,10540,debit_card,1,2697.73
10541,10541,debit_card,1,1415.49
10542,10542,boleto,1,1245.54
10543,10543,boleto,1,4697.51
10544,10544,debit_card,1,2735.08
10545,10545,credit_card,6,4390.32
10546,10546,boleto,1,390.33
10547,10547,debit_card,1,275.14
10548,10548,boleto,1,60.71
10549,10549,credit_card,4,489.99
10550,10550,debit_card,1,1084.21
10551,10551,debit_card,1,4509.73
10552,10552,boleto,1,433.43
10553,10553,voucher,1,4023.4
10554,10554,debit_card,1,173.85
10555,10555,voucher,1,215.76
10556,10556,credit_card,1,5465.54
10557,10557,voucher,1,197.08
10558,10558,debit_card,1,1667.45
10559,10559,voucher,1,1227.26
10560,10560,voucher,1,3467.39
10561,10561,debit_card,1,258.19
10562,10562,voucher,1,395.54
10563,10563,boleto,1,3596.41
10564,10564,boleto,1,911.62
10565,10565,credit_card,1,188.45
10566,10566,voucher,1,476.95
10567,10567,credit_card,1,610.23
10568,10568,voucher,1,2280.42
10569,10569,boleto,1,4660.71
10570,10570,voucher,1,1768.38
10571,10571,voucher,1,277.65
10572,10572,debit_card,1,485.21
10573,10573,voucher,1,137.08
10574,10574,voucher,1,74.48
10575,10575,credit_card,4,10700.9
10576,10576,debit_card,1,5550.88
10577,10577,voucher,1,8375.78
10578,10578,credit_card,2,1945.0
10579,10579,credit_card,2,3538.58
10580,10580,debit_card,1,2175.02
10581,10581,credit_card,1,1146.16
10582,10582,boleto,1,103.51
10583,10583,voucher,1,3482.37
10584,10584,credit_card,1,130.33
10585,10585,credit_card,1,1739.07
10586,10586,credit_card,1,96.07
10587,10587,credit_card,10,3057.05
10588,10588,voucher,1,262.31
10589,10589,voucher,1,3580.35
10590,10590,credit_card,1,2451.29
10591,10591,voucher,1,3277.73
10592,10592,debit_card,1,2246.03
10593,10593,boleto,1,58.31
10594,10594,debit_card,1,4017.16
10595,10595,voucher,1,1867.6
10596,10596,credit_card,1,2634.15
10597,10597,boleto,1,1968.92
10598,10598,boleto,1,1009.73
10599,10599,voucher,1,774.48
10600,10600,debit_card,1,2766.76
10601,10601,credit_card,1,306.03
10602,10602,credit_card,4,375.38
10603,10603,voucher,1,621.93
10604,10604,debit_card,1,238.62
10605,10605,debit_card,1,3202.31
10606,10606,boleto,1,4918.23
10607,10607,voucher,1,918.15
10608,10608,credit_card,1,2021.1
10609,10609,credit_card,4,442.84
10610,10610,boleto,1,4993.55
10611,10611,boleto,1,357.23
10612,10612,credit_card,1,471.91
10613,10613,voucher,1,283.11
10614,10614,credit_card,1,621.5
10615,10615,voucher,1,3268.99
10616,10616,voucher,1,1125.72
10617,10617,debit_card,1,155.91
10618,10618,boleto,1,131.22
10619,10619,credit_card,1,1244.55
10620,10620,boleto,1,322.32
10621,10621,boleto,1,234.44
10622,10622,boleto,1,3100.97
10623,10623,voucher,1,3547.17
10624,10624,boleto,1,116.74
10625,10625,credit_card,1,1905.26
10626,10626,debit_card,1,85.55
10627,10627,boleto,1,831.91
10628,10628,debit_card,1,1582.94
10629,10629,boleto,1,1843.85
10630,10630,voucher,1,2173.96
10631,10631,voucher,1,140.33
10632,10632,debit_card,1,2977.85
10633,10633,debit_card,1,707.13
10634,10634,voucher,1,210.89
10635,10635,debit_card,1,6061.15
10636,10636,voucher,1,1141.67
10637,10637,boleto,1,123.58
10638,10638,debit_card,1,971.29
10639,10639,boleto,1,2805.51
10640,10640,credit_card,1,1399.09
10641,10641,boleto,1,747.2
10642,10642,debit_card,1,2072.3
10643,10643,credit_card,1,240.23
10644,10644,debit_card,1,155.31
10645,10645,debit_card,1,2286.93
10646,10646,debit_card,1,365.15
10647,10647,credit_card,1,5848.53
10648,10648,boleto,1,2523.35
10649,10649,credit_card,1,192.92
10650,10650,voucher,1,2985.08
10651,10651,boleto,1,1329.73
10652,10652,debit_card,1,2660.13
10653,10653,credit_card,4,3637.41
10654,10654,voucher,1,596.56
10655,10655,debit_card,1,4882.82
10656,10656,debit_card,1,5478.77
10657,10657,boleto,1,429.38
10658,10658,credit_card,6,994.11
10659,10659,boleto,1,968.79
10660,10660,credit_card,10,6017.14
10661,10661,boleto,1,126.74
10662,10662,debit_card,1,789.11
10663,10663,voucher,1,87.9
10664,10664,boleto,1,366.11
10665,10665,boleto,1,4911.34
10666,10666,debit_card,1,343.99
10667,10667,debit_card,1,327.83
10668,10668,boleto,1,2990.3
10669,10669,credit_card,1,107.49
10670,10670,debit_card,1,569.8
10671,10671,debit_card,1,3931.68
10672,10672,debit_card,1,1429.59
10673,10673,credit_card,3,502.7
10674,10674,boleto,1,386.03
10675,10675,boleto,1,1396.82
10676,10676,voucher,1,662.37
10677,10677,voucher,1,489.66
10678,10678,voucher,1,117.89
10679,10679,voucher,1,253.51
10680,10680,debit_card,1,1077.79
10681,10681,boleto,1,910.79
10682,10682,voucher,1,4264.02
10683,10683,credit_card,10,2322.3
10684,10684,debit_card,1,688.97
10685,10685,voucher,1,705.66
10686,10686,debit_card,1,1885.06
10687,10687,debit_card,1,1306.88
10688,10688,debit_card,1,912.0
10689,10689,boleto,1,1386.21
10690,10690,credit_card,1,1408.58
10691,10691,debit_card,1,1387.87
10692,10692,boleto,1,298.71
10693,10693,voucher,1,420.03
10694,10694,credit_card,4,6969.01
10695,10695,credit_card,1,391.79
10696,10696,voucher,1,6061.33
10697,10697,debit_card,1,2767.86
10698,10698,credit_card,1,1431.56
10699,10699,boleto,1,102.57
10700,10700,voucher,1,133.23
10701,10701,boleto,1,7335.09
10702,10702,voucher,1,70.97
10703,10703,boleto,1,9321.78
10704,10704,credit_card,1,239.79
10705,10705,debit_card,1,4714.43
10706,10706,boleto,1,2942.17
10707,10707,voucher,1,841.31
10708,10708,credit_card,1,184.14
10709,10709,debit_card,1,1200.14
10710,10710,voucher,1,1667.58
10711,10711,voucher,1,1138.44
10712,10712,debit_card,1,223.0
10713,10713,voucher,1,1331.86
10714,10714,debit_card,1,51.92
10715,10715,debit_card,1,322.15
10716,10716,boleto,1,4462.47
10717,10717,credit_card,1,1413.34
10718,10718,debit_card,1,1920.29
10719,10719,credit_card,1,1166.43
10720,10720,boleto,1,755.37
10721,10721,voucher,1,6052.45
10722,10722,credit_card,6,1917.65
10723,10723,debit_card,1,535.77
10724,10724,voucher,1,4674.24
10725,10725,credit_card,1,2917.28
10726,10726,credit_card,10,373.48
10727,10727,voucher,1,155.81
10728,10728,boleto,1,171.17
10729,10729,credit_card,1,716.42
10730,10730,boleto,1,2355.28
10731,10731,voucher,1,686.53
10732,10732,voucher,1,700.01
10733,10733,boleto,1,1572.45
10734,10734,debit_card,1,375.22
10735,10735,credit_card,1,1403.99
10736,10736,debit_card,1,125.1
10737,10737,debit_card,1,1889.01
10738,10738,credit_card,1,390.68
10739,10739,voucher,1,50.83
10740,10740,debit_card,1,901.38
10741,10741,credit_card,1,1562.23
10742,10742,voucher,1,82.14
10743,10743,credit_card,3,1404.11
10744,10744,boleto,1,4902.24
10745,10745,debit_card,1,231.31
10746,10746,voucher,1,168.89
10747,10747,voucher,1,265.86
10748,10748,voucher,1,2702.46
10749,10749,voucher,1,343.65
10750,10750,voucher,1,102.12
10751,10751,debit_card,1,125.69
10752,10752,debit_card,1,294.47
10753,10753,voucher,1,227.83
10754,10754,credit_card,1,768.57
10755,10755,boleto,1,4482.52
10756,10756,voucher,1,397.35
10757,10757,debit_card,1,3694.37
10758,10758,voucher,1,195.76
10759,10759,debit_card,1,2820.75
10760,10760,debit_card,1,970.4
10761,10761,credit_card,4,212.45
10762,10762,debit_card,1,808.82
10763,10763,boleto,1,1773.73
10764,10764,debit_card,1,3354.25
10765,10765,credit_card,3,7227.28
10766,10766,boleto,1,860.18
10767,10767,boleto,1,4784.23
10768,10768,credit_card,1,382.68
10769,10769,boleto,1,1895.78
10770,10770,debit_card,1,61.98
10771,10771,credit_card,1,1455.27
10772,10772,debit_card,1,678.01
10773,10773,credit_card,4,716.31
10774,10774,credit_card,4,2126.95
10775,10775,credit_card,6,220.15
10776,10776,voucher,1,250.51
10777,10777,debit_card,1,303.51
10778,10778,debit_card,1,1494.94
10779,10779,boleto,1,4372.64
10780,10780,boleto,1,2147.15
10781,10781,voucher,1,4123.18
10782,10782,debit_card,1,3612.39
10783,10783,voucher,1,2088.71
10784,10784,boleto,1,220.13
10785,10785,credit_card,2,2527.92
10786,10786,debit_card,1,2864.67
10787,10787,debit_card,1,652.69
10788,10788,voucher,1,286.74
10789,10789,debit_card,1,756.19
10790,10790,debit_card,1,414.3
10791,10791,credit_card,4,5078.59
10792,10792,credit_card,4,206.89
10793,10793,voucher,1,1647.33
10794,10794,credit_card,10,3278.44
10795,10795,voucher,1,74.84
10796,10796,debit_card,1,812.47
10797,10797,debit_card,1,51.35
10798,10798,voucher,1,6690.07
10799,10799,boleto,1,1081.22
10800,10800,voucher,1,164.48
10801,10801,credit_card,1,337.4
10802,10802,voucher,1,2582.64
10803,10803,debit_card,1,3938.46
10804,10804,credit_card,1,1260.42
10805,10805,voucher,1,2749.19
10806,10806,credit_card,1,2311.58
10807,10807,credit_card,1,115.6
10808,10808,boleto,1,3427.93
10809,10809,voucher,1,101.89
10810,10810,credit_card,1,4041.57
10811,10811,debit_card,1,239.79
10812,10812,voucher,1,3532.14
10813,10813,voucher,1,3325.05
10814,10814,debit_card,1,277.57
10815,10815,debit_card,1,161.05
10816,10816,debit_card,1,3775.2
10817,10817,boleto,1,3134.45
10818,10818,boleto,1,575.26
10819,10819,voucher,1,2443.68
10820,10820,credit_card,4,1519.64
10821,10821,boleto,1,1713.3
10822,10822,credit_card,1,2565.99
10823,10823,boleto,1,2787.84
10824,10824,voucher,1,35.72
10825,10825,credit_card,1,1507.17
10826,10826,credit_card,1,106.38
10827,10827,boleto,1,89.46
10828,10828,boleto,1,4043.17
10829,10829,debit_card,1,427.12
10830,10830,credit_card,1,842.28
10831,10831,boleto,1,490.39
10832,10832,boleto,1,1384.85
10833,10833,debit_card,1,4860.35
10834,10834,voucher,1,3875.78
10835,10835,boleto,1,333.19
10836,10836,credit_card,4,633.76
10837,10837,voucher,1,814.34
10838,10838,boleto,1,174.07
10839,10839,debit_card,1,1057.16
10840,10840,debit_card,1,2656.01
10841,10841,boleto,1,646.68
10842,10842,credit_card,1,197.08
10843,10843,credit_card,4,573.26
10844,10844,voucher,1,1339.29
10845,10845,debit_card,1,84.19
10846,10846,debit_card,1,3948.3
10847,10847,voucher,1,12804.58
10848,10848,voucher,1,6856.38
10849,10849,boleto,1,179.1
10850,10850,voucher,1,1008.02
10851,10851,credit_card,6,346.0
10852,10852,credit_card,3,348.68
10853,10853,debit_card,1,394.86
10854,10854,debit_card,1,1716.98
10855,10855,debit_card,1,288.72
10856,10856,debit_card,1,1242.4
10857,10857,voucher,1,130.14
10858,10858,credit_card,1,4518.74
10859,10859,voucher,1,2285.27
10860,10860,voucher,1,718.16
10861,10861,boleto,1,333.98
10862,10862,boleto,1,7662.3
10863,10863,voucher,1,311.53
10864,10864,boleto,1,3488.67
10865,10865,credit_card,1,1226.41
10866,10866,credit_card,4,321.54
10867,10867,credit_card,6,608.1
10868,10868,debit_card,1,998.1
10869,10869,voucher,1,1369.33
10870,10870,boleto,1,1572.75
10871,10871,credit_card,10,3435.75
10872,10872,boleto,1,956.78
10873,10873,boleto,1,632.14
10874,10874,voucher,1,733.41
10875,10875,boleto,1,2348.62
10876,10876,voucher,1,2728.96
10877,10877,boleto,1,1218.82
10878,10878,boleto,1,2502.5
10879,10879,boleto,1,3836.87
10880,10880,debit_card,1,1817.12
10881,10881,debit_card,1,842.69
10882,10882,voucher,1,875.68
10883,10883,credit_card,2,5689.56
10884,10884,debit_card,1,5846.62
10885,10885,voucher,1,2500.3
10886,10886,debit_card,1,5189.83
10887,10887,credit_card,1,1075.15
10888,10888,credit_card,1,169.41
10889,10889,voucher,1,571.94
10890,10890,debit_card,1,1908.72
10891,10891,credit_card,1,1025.56
10892,10892,boleto,1,55.03
10893,10893,credit_card,1,711.49
10894,10894,boleto,1,5310.69
10895,10895,voucher,1,3091.46
10896,10896,boleto,1,3227.66
10897,10897,boleto,1,5923.21
10898,10898,credit_card,1,1674.41
10899,10899,credit_card,1,4000.63
10900,10900,voucher,1,925.97
10901,10901,voucher,1,2023.76
10902,10902,debit_card,1,3282.37
10903,10903,boleto,1,6588.23
10904,10904,boleto,1,2963.15
10905,10905,debit_card,1,347.57
10906,10906,debit_card,1,872.74
10907,10907,credit_card,1,868.25
10908,10908,boleto,1,257.86
10909,10909,boleto,1,156.38
10910,10910,voucher,1,381.67
10911,10911,voucher,1,451.63
10912,10912,debit_card,1,6420.74
10913,10913,voucher,1,654.92
10914,10914,debit_card,1,2515.32
10915,10915,credit_card,3,382.05
10916,10916,boleto,1,3147.1
10917,10917,credit_card,1,58.0
10918,10918,debit_card,1,392.91
10919,10919,voucher,1,972.61
10920,10920,credit_card,3,1204.57
10921,10921,voucher,1,348.54
10922,10922,credit_card,1,440.75
10923,10923,debit_card,1,483.11
10924,10924,boleto,1,4053.51
10925,10925,boleto,1,1924.08
10926,10926,boleto,1,5261.04
10927,10927,voucher,1,1830.56
10928,10928,credit_card,1,1846.13
10929,10929,debit_card,1,3121.67
10930,10930,credit_card,10,3204.92
10931,10931,credit_card,1,483.38
10932,10932,credit_card,3,200.91
10933,10933,voucher,1,599.69
10934,10934,voucher,1,3206.31
10935,10935,debit_card,1,3803.45
10936,10936,voucher,1,1380.8
10937,10937,voucher,1,758.63
10938,10938,boleto,1,260.1
10939,10939,debit_card,1,638.25
10940,10940,boleto,1,911.29
10941,10941,voucher,1,575.03
10942,10942,voucher,1,735.79
10943,10943,debit_card,1,562.14
10944,10944,credit_card,4,855.58
10945,10945,debit_card,1,252.32
10946,10946,boleto,1,2212.77
10947,10947,debit_card,1,1085.72
10948,10948,debit_card,1,695.67
10949,10949,boleto,1,2761.29
10950,10950,debit_card,1,1850.85
10951,10951,boleto,1,2381.32
10952,10952,boleto,1,2684.74
10953,10953,voucher,1,355.58
10954,10954,credit_card,1,871.48
10955,10955,voucher,1,291.57
10956,10956,voucher,1,3828.44
10957,10957,voucher,1,2159.98
10958,10958,debit_card,1,117.31
10959,10959,credit_card,1,86.91
10960,10960,debit_card,1,153.59
10961,10961,debit_card,1,334.36
10962,10962,credit_card,10,307.74
10963,10963,credit_card,1,1382.57
10964,10964,credit_card,3,908.98
10965,10965,credit_card,1,2520.87
10966,10966,voucher,1,5725.81
10967,10967,boleto,1,1578.03
10968,10968,voucher,1,343.36
10969,10969,voucher,1,379.39
10970,10970,boleto,1,804.81
10971,10971,debit_card,1,2702.88
10972,10972,boleto,1,2246.69
10973,10973,voucher,1,6597.74
10974,10974,voucher,1,2255.81
10975,10975,credit_card,1,2654.3
10976,10976,debit_card,1,357.25
10977,10977,debit_card,1,95.46
10978,10978,credit_card,2,6233.02
10979,10979,voucher,1,474.13
10980,10980,debit_card,1,371.58
10981,10981,voucher,1,3577.04
10982,10982,debit_card,1,475.05
10983,10983,boleto,1,1827.58
10984,10984,boleto,1,3523.99
10985,10985,boleto,1,210.79
10986,10986,credit_card,3,1934.08
10987,10987,debit_card,1,1030.32
10988,10988,boleto,1,62.31
10989,10989,debit_card,1,411.16
10990,10990,credit_card,4,3591.08
10991,10991,credit_card,1,183.28
10992,10992,voucher,1,3008.36
10993,10993,debit_card,1,144.64
10994,10994,debit_card,1,51.36
10995,10995,boleto,1,4264.32
10996,10996,credit_card,4,444.76
10997,10997,debit_card,1,442.05
10998,10998,voucher,1,138.63
10999,10999,credit_card,1,190.86
11000,11000,credit_card,1,641.92
11001,11001,credit_card,1,113.7
11002,11002,voucher,1,4775.23
11003,11003,credit_card,1,3098.74
11004,11004,voucher,1,868.51
11005,11005,debit_card,1,265.01
11006,11006,voucher,1,10802.82
11007,11007,voucher,1,722.96
11008,11008,debit_card,1,1106.82
11009,11009,voucher,1,1728.84
11010,11010,boleto,1,1994.25
11011,11011,credit_card,1,680.8
11012,11012,boleto,1,6646.26
11013,11013,debit_card,1,222.47
11014,11014,debit_card,1,383.45
11015,11015,boleto,1,509.92
11016,11016,debit_card,1,414.5
11017,11017,voucher,1,1194.07
11018,11018,credit_card,1,3063.49
11019,11019,credit_card,1,87.37
11020,11020,credit_card,3,2564.15
11021,11021,credit_card,1,1139.94
11022,11022,debit_card,1,148.96
11023,11023,boleto,1,225.98
11024,11024,boleto,1,43.15
11025,11025,voucher,1,123.71
11026,11026,credit_card,1,2054.83
11027,11027,debit_card,1,1179.01
11028,11028,voucher,1,918.43
11029,11029,voucher,1,3891.34
11030,11030,voucher,1,1919.03
11031,11031,debit_card,1,2680.48
11032,11032,credit_card,1,2466.87
11033,11033,voucher,1,413.66
11034,11034,boleto,1,241.57
11035,11035,debit_card,1,3865.43
11036,11036,voucher,1,141.21
11037,11037,debit_card,1,2774.11
11038,11038,credit_card,1,101.26
11039,11039,voucher,1,3252.92
11040,11040,debit_card,1,58.23
11041,11041,debit_card,1,83.99
11042,11042,debit_card,1,3696.27
11043,11043,boleto,1,1468.04
11044,11044,credit_card,1,290.49
11045,11045,voucher,1,80.32
11046,11046,voucher,1,3754.53
11047,11047,debit_card,1,2948.44
11048,11048,credit_card,1,665.77
11049,11049,boleto,1,976.93
11050,11050,credit_card,3,2577.14
11051,11051,boleto,1,93.84
11052,11052,debit_card,1,398.93
11053,11053,boleto,1,7073.02
11054,11054,boleto,1,662.69
11055,11055,credit_card,2,968.77
11056,11056,credit_card,1,1770.81
11057,11057,voucher,1,4669.1
11058,11058,credit_card,1,2249.28
11059,11059,credit_card,10,420.45
11060,11060,boleto,1,405.27
11061,11061,boleto,1,241.66
11062,11062,boleto,1,795.37
11063,11063,boleto,1,118.85
11064,11064,voucher,1,3023.14
11065,11065,credit_card,10,5363.27
11066,11066,boleto,1,1132.24
11067,11067,debit_card,1,388.8
11068,11068,credit_card,4,1329.02
11069,11069,credit_card,1,89.26
11070,11070,boleto,1,1214.14
11071,11071,debit_card,1,611.72
11072,11072,voucher,1,1107.25
11073,11073,voucher,1,1466.35
11074,11074,debit_card,1,42.43
11075,11075,debit_card,1,89.98
11076,11076,debit_card,1,2339.06
11077,11077,voucher,1,4509.71
11078,11078,boleto,1,740.06
11079,11079,credit_card,1,5020.06
11080,11080,voucher,1,1746.47
11081,11081,credit_card,1,164.91
11082,11082,voucher,1,181.05
11083,11083,voucher,1,1014.05
11084,11084,boleto,1,2108.36
11085,11085,voucher,1,104.27
11086,11086,boleto,1,3375.55
11087,11087,debit_card,1,1889.47
11088,11088,credit_card,1,155.7
11089,11089,credit_card,1,777.09
11090,11090,credit_card,1,4174.95
11091,11091,credit_card,1,627.24
11092,11092,voucher,1,378.61
11093,11093,voucher,1,287.55
11094,11094,credit_card,2,2945.25
11095,11095,boleto,1,159.87
11096,11096,boleto,1,464.63
11097,11097,debit_card,1,415.6
11098,11098,boleto,1,196.72
11099,11099,voucher,1,717.38
11100,11100,credit_card,2,507.7
11101,11101,debit_card,1,1810.56
11102,11102,boleto,1,98.37
11103,11103,voucher,1,1757.08
11104,11104,boleto,1,408.32
11105,11105,boleto,1,1652.0
11106,11106,voucher,1,79.81
11107,11107,debit_card,1,17712.08
11108,11108,debit_card,1,1537.33
11109,11109,debit_card,1,3073.19
11110,11110,credit_card,1,3239.27
11111,11111,voucher,1,329.09
11112,11112,boleto,1,3650.95
11113,11113,debit_card,1,1725.43
11114,11114,debit_card,1,5345.09
11115,11115,voucher,1,2745.03
11116,11116,credit_card,1,5303.59
11117,11117,voucher,1,8128.82
11118,11118,credit_card,3,615.56
11119,11119,boleto,1,439.73
11120,11120,boleto,1,671.81
11121,11121,voucher,1,5495.59
11122,11122,credit_card,6,4125.36
11123,11123,voucher,1,633.44
11124,11124,boleto,1,2569.73
11125,11125,debit_card,1,252.16
11126,11126,debit_card,1,72.5
11127,11127,voucher,1,1994.96
11128,11128,boleto,1,940.03
11129,11129,voucher,1,331.29
11130,11130,credit_card,3,326.42
11131,11131,credit_card,2,9093.37
11132,11132,debit_card,1,4992.14
11133,11133,debit_card,1,478.74
11134,11134,debit_card,1,312.53
11135,11135,voucher,1,3822.22
11136,11136,boleto,1,2759.1
11137,11137,credit_card,1,1729.12
11138,11138,voucher,1,298.64
11139,11139,boleto,1,219.55
11140,11140,debit_card,1,1336.96
11141,11141,boleto,1,51.4
11142,11142,boleto,1,424.24
11143,11143,voucher,1,4985.55
11144,11144,boleto,1,1103.04
11145,11145,credit_card,1,276.75
11146,11146,voucher,1,7108.34
11147,11147,debit_card,1,1398.87
11148,11148,credit_card,3,220.89
11149,11149,debit_card,1,208.35
11150,11150,boleto,1,1152.81
11151,11151,voucher,1,2365.98
11152,11152,voucher,1,3780.18
11153,11153,voucher,1,1599.75
11154,11154,voucher,1,1073.47
11155,11155,voucher,1,3572.6
11156,11156,credit_card,4,1089.95
11157,11157,credit_card,1,73.98
11158,11158,credit_card,1,1853.37
11159,11159,boleto,1,854.25
11160,11160,boleto,1,1167.47
11161,11161,voucher,1,306.92
11162,11162,credit_card,4,821.04
11163,11163,debit_card,1,999.94
11164,11164,credit_card,2,343.71
11165,11165,credit_card,2,3157.99
11166,11166,voucher,1,1812.24
11167,11167,credit_card,1,3131.9
11168,11168,boleto,1,5095.97
11169,11169,credit_card,1,945.66
11170,11170,debit_card,1,196.03
11171,11171,credit_card,1,163.66
11172,11172,debit_card,1,319.31
11173,11173,credit_card,1,436.32
11174,11174,boleto,1,213.67
11175,11175,debit_card,1,4032.62
11176,11176,boleto,1,1028.03
11177,11177,debit_card,1,370.18
11178,11178,voucher,1,771.8
11179,11179,debit_card,1,877.46
11180,11180,boleto,1,1843.54
11181,11181,voucher,1,113.76
11182,11182,credit_card,1,10036.49
11183,11183,voucher,1,1648.87
11184,11184,debit_card,1,103.5
11185,11185,credit_card,1,199.53
11186,11186,credit_card,10,2507.45
11187,11187,boleto,1,4295.71
11188,11188,credit_card,2,3486.4
11189,11189,credit_card,10,1100.39
11190,11190,credit_card,1,167.66
11191,11191,credit_card,1,5092.06
11192,11192,voucher,1,476.36
11193,11193,voucher,1,440.13
11194,11194,debit_card,1,292.28
11195,11195,credit_card,4,10086.45
11196,11196,voucher,1,772.09
11197,11197,debit_card,1,1407.17
11198,11198,voucher,1,1743.92
11199,11199,voucher,1,444.56
11200,11200,debit_card,1,2063.97
11201,11201,voucher,1,495.56
11202,11202,debit_card,1,1660.68
11203,11203,debit_card,1,3659.97
11204,11204,credit_card,1,64.28
11205,11205,boleto,1,314.18
11206,11206,debit_card,1,291.27
11207,11207,credit_card,2,2435.07
11208,11208,credit_card,1,6106.32
11209,11209,debit_card,1,2203.82
11210,11210,credit_card,3,376.19
11211,11211,debit_card,1,4790.56
11212,11212,voucher,1,749.01
11213,11213,voucher,1,1756.67
11214,11214,credit_card,6,1169.31
11215,11215,boleto,1,260.19
11216,11216,boleto,1,4989.78
11217,11217,debit_card,1,5348.25
11218,11218,credit_card,1,318.99
11219,11219,debit_card,1,2374.07
11220,11220,boleto,1,568.57
11221,11221,voucher,1,235.85
11222,11222,voucher,1,329.65
11223,11223,boleto,1,488.23
11224,11224,boleto,1,6363.23
11225,11225,boleto,1,3307.04
11226,11226,credit_card,2,5789.31
11227,11227,credit_card,1,3962.84
11228,11228,boleto,1,322.81
11229,11229,boleto,1,4992.6
11230,11230,credit_card,6,2320.27
11231,11231,boleto,1,967.09
11232,11232,boleto,1,168.71
11233,11233,voucher,1,2175.78
11234,11234,credit_card,10,205.57
11235,11235,boleto,1,342.23
11236,11236,debit_card,1,1403.21
11237,11237,voucher,1,6359.98
11238,11238,boleto,1,1149.32
11239,11239,credit_card,1,10237.72
11240,11240,boleto,1,60.01
11241,11241,debit_card,1,6042.9
11242,11242,credit_card,1,325.62
11243,11243,credit_card,3,3104.92
11244,11244,voucher,1,289.07
11245,11245,credit_card,1,411.33
11246,11246,debit_card,1,271.63
11247,11247,debit_card,1,2166.81
11248,11248,credit_card,10,352.45
11249,11249,credit_card,4,359.09
11250,11250,debit_card,1,78.25
11251,11251,voucher,1,5133.23
11252,11252,credit_card,1,73.64
11253,11253,credit_card,1,6831.64
11254,11254,debit_card,1,91.29
11255,11255,voucher,1,2549.62
11256,11256,debit_card,1,2913.24
11257,11257,credit_card,1,710.09
11258,11258,voucher,1,2884.97
11259,11259,credit_card,1,1854.75
11260,11260,debit_card,1,1891.71
11261,11261,credit_card,1,3425.8
11262,11262,credit_card,1,3255.9
11263,11263,boleto,1,3795.26
11264,11264,voucher,1,2318.84
11265,11265,debit_card,1,1748.89
11266,11266,boleto,1,4562.17
11267,11267,debit_card,1,2768.75
11268,11268,voucher,1,2607.03
11269,11269,boleto,1,5701.52
11270,11270,boleto,1,1968.98
11271,11271,voucher,1,2272.28
11272,11272,voucher,1,2627.36
11273,11273,debit_card,1,875.16
11274,11274,voucher,1,2706.04
11275,11275,boleto,1,1482.8
11276,11276,voucher,1,2621.95
11277,11277,debit_card,1,1514.52
11278,11278,boleto,1,2147.55
11279,11279,voucher,1,558.33
11280,11280,voucher,1,278.71
11281,11281,boleto,1,683.86
11282,11282,voucher,1,1984.67
11283,11283,voucher,1,201.21
11284,11284,debit_card,1,324.88
11285,11285,debit_card,1,1302.74
11286,11286,debit_card,1,2538.6
11287,11287,voucher,1,678.34
11288,11288,voucher,1,824.7
11289,11289,credit_card,1,168.94
11290,11290,boleto,1,907.27
11291,11291,voucher,1,509.48
11292,11292,credit_card,1,2894.4
11293,11293,credit_card,4,3613.8
11294,11294,credit_card,1,2813.27
11295,11295,boleto,1,1442.83
11296,11296,boleto,1,3266.77
11297,11297,voucher,1,450.08
11298,11298,credit_card,10,210.53
11299,11299,boleto,1,216.91
11300,11300,credit_card,1,195.74
11301,11301,boleto,1,3639.51
11302,11302,debit_card,1,2820.7
11303,11303,debit_card,1,270.56
11304,11304,voucher,1,241.0
11305,11305,boleto,1,2452.24
11306,11306,debit_card,1,80.18
11307,11307,credit_card,3,3611.1
11308,11308,voucher,1,884.94
11309,11309,voucher,1,3224.38
11310,11310,boleto,1,663.3
11311,11311,boleto,1,641.07
11312,11312,credit_card,2,1267.02
11313,11313,boleto,1,953.93
11314,11314,credit_card,1,1733.51
11315,11315,boleto,1,628.48
11316,11316,credit_card,6,4026.1
11317,11317,credit_card,1,1036.41
11318,11318,voucher,1,134.92
11319,11319,voucher,1,817.6
11320,11320,boleto,1,482.25
11321,11321,credit_card,1,2956.6
11322,11322,credit_card,1,124.32
11323,11323,voucher,1,3656.28
11324,11324,debit_card,1,3133.24
11325,11325,boleto,1,1327.5
11326,11326,credit_card,1,5715.83
11327,11327,boleto,1,4063.61
11328,11328,credit_card,1,2976.12
11329,11329,debit_card,1,52.78
11330,11330,boleto,1,5075.88
11331,11331,voucher,1,128.37
11332,11332,debit_card,1,1029.52
11333,11333,boleto,1,1568.93
11334,11334,credit_card,1,1285.39
11335,11335,boleto,1,956.92
11336,11336,debit_card,1,209.51
11337,11337,voucher,1,488.05
11338,11338,boleto,1,904.44
11339,11339,credit_card,10,347.75
11340,11340,boleto,1,435.44
11341,11341,debit_card,1,1448.54
11342,11342,debit_card,1,921.26
11343,11343,credit_card,2,2526.11
11344,11344,voucher,1,2460.55
11345,11345,voucher,1,513.66
11346,11346,credit_card,1,122.3
11347,11347,voucher,1,1553.25
11348,11348,credit_card,3,3523.59
11349,11349,debit_card,1,2935.18
11350,11350,credit_card,1,3121.83
11351,11351,credit_card,1,1223.01
11352,11352,debit_card,1,3654.75
11353,11353,voucher,1,1100.42
11354,11354,boleto,1,2117.88
11355,11355,voucher,1,270.7
11356,11356,voucher,1,195.6
11357,11357,voucher,1,1601.7
11358,11358,boleto,1,189.4
11359,11359,voucher,1,256.13
11360,11360,credit_card,3,605.14
11361,11361,boleto,1,216.92
11362,11362,debit_card,1,1197.78
11363,11363,credit_card,4,894.78
11364,11364,voucher,1,4649.3
11365,11365,voucher,1,153.71
11366,11366,debit_card,1,4915.86
11367,11367,credit_card,10,8002.72
11368,11368,credit_card,1,131.61
11369,11369,credit_card,1,117.19
11370,11370,voucher,1,3405.09
11371,11371,voucher,1,1727.1
11372,11372,voucher,1,412.88
11373,11373,voucher,1,3748.44
11374,11374,voucher,1,472.16
11375,11375,boleto,1,1116.38
11376,11376,credit_card,1,6664.85
11377,11377,voucher,1,2240.56
11378,11378,debit_card,1,67.39
11379,11379,credit_card,10,4199.21
11380,11380,voucher,1,2066.22
11381,11381,boleto,1,2722.88
11382,11382,credit_card,3,7079.55
11383,11383,credit_card,4,3132.87
11384,11384,voucher,1,3349.76
11385,11385,voucher,1,5906.02
11386,11386,credit_card,1,133.85
11387,11387,credit_card,1,2129.84
11388,11388,boleto,1,1437.9
11389,11389,voucher,1,553.53
11390,11390,credit_card,1,1245.43
11391,11391,credit_card,6,1368.65
11392,11392,debit_card,1,388.23
11393,11393,debit_card,1,1412.92
11394,11394,boleto,1,1941.26
11395,11395,credit_card,1,493.16
11396,11396,boleto,1,2701.1
11397,11397,boleto,1,201.15
11398,11398,debit_card,1,82.15
11399,11399,debit_card,1,656.81
11400,11400,boleto,1,2083.64
11401,11401,debit_card,1,495.56
11402,11402,boleto,1,99.12
11403,11403,debit_card,1,1508.09
11404,11404,boleto,1,3177.6
11405,11405,boleto,1,1946.79
11406,11406,voucher,1,167.85
11407,11407,debit_card,1,1419.59
11408,11408,boleto,1,2315.05
11409,11409,voucher,1,1642.78
11410,11410,credit_card,10,3822.56
11411,11411,boleto,1,8695.94
11412,11412,voucher,1,61.55
11413,11413,debit_card,1,606.15
11414,11414,boleto,1,2189.09
11415,11415,voucher,1,193.91
11416,11416,boleto,1,5658.79
11417,11417,credit_card,1,347.87
11418,11418,credit_card,1,119.77
11419,11419,credit_card,10,810.83
11420,11420,voucher,1,4132.28
11421,11421,voucher,1,4721.19
11422,11422,credit_card,1,313.16
11423,11423,credit_card,1,5887.38
11424,11424,boleto,1,3989.8
11425,11425,voucher,1,2302.24
11426,11426,boleto,1,198.91
11427,11427,credit_card,1,5810.08
11428,11428,boleto,1,430.85
11429,11429,boleto,1,156.96
11430,11430,credit_card,4,5735.14
11431,11431,boleto,1,130.54
11432,11432,boleto,1,145.46
11433,11433,debit_card,1,383.48
11434,11434,debit_card,1,768.45
11435,11435,voucher,1,3086.19
11436,11436,debit_card,1,9416.06
11437,11437,debit_card,1,3046.95
11438,11438,credit_card,1,794.5
11439,11439,voucher,1,671.59
11440,11440,debit_card,1,2905.35
11441,11441,boleto,1,425.37
11442,11442,voucher,1,129.9
11443,11443,voucher,1,1284.05
11444,11444,debit_card,1,1773.89
11445,11445,boleto,1,122.69
11446,11446,debit_card,1,688.35
11447,11447,debit_card,1,164.95
11448,11448,credit_card,1,545.21
11449,11449,voucher,1,856.1
11450,11450,debit_card,1,1109.32
11451,11451,credit_card,4,1865.65
11452,11452,boleto,1,3419.98
11453,11453,boleto,1,17456.98
11454,11454,voucher,1,1626.04
11455,11455,voucher,1,115.4
11456,11456,voucher,1,3224.8
11457,11457,voucher,1,386.98
11458,11458,boleto,1,3053.24
11459,11459,boleto,1,2230.1
11460,11460,boleto,1,63.05
11461,11461,voucher,1,369.38
11462,11462,credit_card,1,1409.69
11463,11463,boleto,1,2722.56
11464,11464,boleto,1,227.7
11465,11465,debit_card,1,1718.59
11466,11466,voucher,1,1453.23
11467,11467,voucher,1,2103.27
11468,11468,boleto,1,1326.31
11469,11469,boleto,1,163.19
11470,11470,debit_card,1,6730.1
11471,11471,credit_card,3,1193.4
11472,11472,boleto,1,611.4
11473,11473,boleto,1,606.52
11474,11474,boleto,1,5568.82
11475,11475,boleto,1,298.37
11476,11476,debit_card,1,2316.72
11477,11477,voucher,1,1896.26
11478,11478,debit_card,1,610.03
11479,11479,credit_card,1,122.66
11480,11480,debit_card,1,756.74
11481,11481,credit_card,1,1584.04
11482,11482,credit_card,1,1503.04
11483,11483,debit_card,1,4321.17
11484,11484,voucher,1,2593.44
11485,11485,debit_card,1,1060.69
11486,11486,debit_card,1,5421.14
11487,11487,boleto,1,1454.8
11488,11488,debit_card,1,3182.18
11489,11489,credit_card,1,5043.19
11490,11490,boleto,1,1676.43
11491,11491,credit_card,2,1005.67
11492,11492,voucher,1,584.16
11493,11493,voucher,1,1182.86
11494,11494,credit_card,4,816.94
11495,11495,credit_card,2,4050.58
11496,11496,boleto,1,623.42
11497,11497,debit_card,1,3776.11
11498,11498,boleto,1,2116.54
11499,11499,debit_card,1,598.79
11500,11500,credit_card,1,102.07
11501,11501,boleto,1,1132.15
11502,11502,boleto,1,254.91
11503,11503,credit_card,1,506.91
11504,11504,boleto,1,1705.62
11505,11505,boleto,1,1217.43
11506,11506,boleto,1,7320.62
11507,11507,credit_card,4,397.5
11508,11508,voucher,1,300.98
11509,11509,debit_card,1,40.68
11510,11510,credit_card,3,2360.96
11511,11511,voucher,1,657.72
11512,11512,boleto,1,6446.19
11513,11513,boleto,1,748.14
11514,11514,boleto,1,3518.02
11515,11515,voucher,1,1255.07
11516,11516,credit_card,4,1726.52
11517,11517,credit_card,4,1983.07
11518,11518,debit_card,1,1881.46
11519,11519,debit_card,1,470.24
11520,11520,boleto,1,1081.68
11521,11521,boleto,1,133.59
11522,11522,boleto,1,1695.07
11523,11523,credit_card,1,1018.41
11524,11524,voucher,1,216.07
11525,11525,boleto,1,217.93
11526,11526,boleto,1,241.51
11527,11527,voucher,1,206.42
11528,11528,credit_card,1,1183.92
11529,11529,boleto,1,2716.41
11530,11530,debit_card,1,212.81
11531,11531,boleto,1,1574.95
11532,11532,voucher,1,3788.68
11533,11533,debit_card,1,1673.78
11534,11534,voucher,1,4394.86
11535,11535,boleto,1,706.99
11536,11536,voucher,1,2855.27
11537,11537,credit_card,1,5501.36
11538,11538,debit_card,1,1626.62
11539,11539,debit_card,1,1285.05
11540,11540,voucher,1,704.6
11541,11541,credit_card,1,1666.97
11542,11542,debit_card,1,1332.81
11543,11543,debit_card,1,747.93
11544,11544,debit_card,1,520.23
11545,11545,credit_card,4,269.35
11546,11546,voucher,1,4968.98
11547,11547,credit_card,1,702.03
11548,11548,debit_card,1,364.13
11549,11549,voucher,1,202.62
11550,11550,credit_card,6,4289.04
11551,11551,voucher,1,290.9
11552,11552,debit_card,1,684.27
11553,11553,debit_card,1,270.93
11554,11554,voucher,1,5285.79
11555,11555,boleto,1,105.86
11556,11556,boleto,1,904.85
11557,11557,credit_card,1,1334.19
11558,11558,voucher,1,2750.61
11559,11559,credit_card,1,60.31
11560,11560,boleto,1,283.36
11561,11561,debit_card,1,490.45
11562,11562,boleto,1,364.79
11563,11563,debit_card,1,3084.33
11564,11564,boleto,1,1301.11
11565,11565,debit_card,1,978.34
11566,11566,debit_card,1,567.14
11567,11567,credit_card,2,323.57
11568,11568,credit_card,4,214.61
11569,11569,voucher,1,63.74
11570,11570,debit_card,1,1040.06
11571,11571,voucher,1,2374.27
11572,11572,debit_card,1,1150.57
11573,11573,debit_card,1,1307.24
11574,11574,boleto,1,62.16
11575,11575,voucher,1,401.22
11576,11576,boleto,1,3642.31
11577,11577,voucher,1,2868.28
11578,11578,credit_card,4,1001.76
11579,11579,credit_card,10,1191.83
11580,11580,debit_card,1,71.58
11581,11581,debit_card,1,3762.66
11582,11582,boleto,1,2050.3
11583,11583,boleto,1,1680.77
11584,11584,credit_card,1,2619.22
11585,11585,debit_card,1,3410.92
11586,11586,boleto,1,4177.96
11587,11587,credit_card,1,203.58
11588,11588,voucher,1,6879.92
11589,11589,debit_card,1,138.46
11590,11590,boleto,1,111.8
11591,11591,credit_card,1,393.77
11592,11592,voucher,1,865.27
11593,11593,voucher,1,6152.76
11594,11594,voucher,1,437.2
11595,11595,boleto,1,1233.33
11596,11596,boleto,1,424.44
11597,11597,boleto,1,2433.99
11598,11598,debit_card,1,2314.47
11599,11599,credit_card,1,412.54
11600,11600,credit_card,1,577.6
11601,11601,credit_card,6,504.42
11602,11602,debit_card,1,210.71
11603,11603,debit_card,1,753.26
11604,11604,boleto,1,4789.89
11605,11605,credit_card,1,311.27
11606,11606,credit_card,1,2216.6
11607,11607,boleto,1,1761.43
11608,11608,voucher,1,3142.98
11609,11609,boleto,1,6531.43
11610,11610,voucher,1,592.17
11611,11611,debit_card,1,679.25
11612,11612,boleto,1,3968.99
11613,11613,voucher,1,220.55
11614,11614,debit_card,1,558.23
11615,11615,credit_card,4,566.75
11616,11616,voucher,1,3106.45
11617,11617,credit_card,1,849.62
11618,11618,voucher,1,1168.48
11619,11619,boleto,1,268.37
11620,11620,boleto,1,597.06
11621,11621,boleto,1,6303.58
11622,11622,credit_card,2,599.86
11623,11623,boleto,1,4071.67
11624,11624,boleto,1,369.32
11625,11625,debit_card,1,158.43
11626,11626,voucher,1,228.78
11627,11627,voucher,1,312.58
11628,11628,boleto,1,148.42
11629,11629,credit_card,1,574.81
11630,11630,voucher,1,1240.92
11631,11631,boleto,1,2010.64
11632,11632,voucher,1,317.64
11633,11633,debit_card,1,3934.16
11634,11634,debit_card,1,1477.26
11635,11635,debit_card,1,126.59
11636,11636,debit_card,1,1201.11
11637,11637,debit_card,1,4743.21
11638,11638,voucher,1,3661.87
11639,11639,voucher,1,222.19
11640,11640,credit_card,4,4607.64
11641,11641,credit_card,1,2242.01
11642,11642,boleto,1,170.63
11643,11643,debit_card,1,221.6
11644,11644,boleto,1,4040.17
11645,11645,debit_card,1,3488.38
11646,11646,credit_card,1,320.47
11647,11647,credit_card,1,5454.16
11648,11648,debit_card,1,2065.1
11649,11649,boleto,1,273.09
11650,11650,debit_card,1,4045.85
11651,11651,debit_card,1,619.98
11652,11652,credit_card,1,2228.89
11653,11653,debit_card,1,4639.87
11654,11654,debit_card,1,392.12
11655,11655,credit_card,1,512.34
11656,11656,boleto,1,222.67
11657,11657,debit_card,1,1628.74
11658,11658,voucher,1,1599.09
11659,11659,voucher,1,4810.04
11660,11660,boleto,1,7109.79
11661,11661,debit_card,1,1424.27
11662,11662,voucher,1,122.6
11663,11663,debit_card,1,3652.0
11664,11664,debit_card,1,702.5
11665,11665,boleto,1,1614.35
11666,11666,credit_card,4,502.5
11667,11667,voucher,1,480.22
11668,11668,debit_card,1,232.07
11669,11669,credit_card,1,395.74
11670,11670,voucher,1,3820.53
11671,11671,credit_card,1,5753.86
11672,11672,debit_card,1,177.21
11673,11673,voucher,1,256.15
11674,11674,debit_card,1,796.76
11675,11675,boleto,1,361.44
11676,11676,debit_card,1,4036.8
11677,11677,voucher,1,2023.42
11678,11678,voucher,1,1777.45
11679,11679,voucher,1,476.2
11680,11680,debit_card,1,8598.72
11681,11681,credit_card,3,5561.38
11682,11682,boleto,1,15499.99
11683,11683,voucher,1,2233.22
11684,11684,boleto,1,909.72
11685,11685,voucher,1,255.47
11686,11686,debit_card,1,256.1
11687,11687,boleto,1,154.97
11688,11688,credit_card,4,1956.86
11689,11689,credit_card,4,890.53
11690,11690,credit_card,4,213.32
11691,11691,debit_card,1,352.71
11692,11692,boleto,1,3880.75
11693,11693,boleto,1,419.14
11694,11694,boleto,1,2176.27
11695,11695,credit_card,2,669.33
11696,11696,voucher,1,360.13
11697,11697,voucher,1,10549.14
11698,11698,credit_card,1,1586.55
11699,11699,voucher,1,3338.12
11700,11700,debit_card,1,1874.5
11701,11701,boleto,1,1561.94
11702,11702,debit_card,1,3586.87
11703,11703,debit_card,1,2944.46
11704,11704,credit_card,2,1329.45
11705,11705,boleto,1,1471.12
11706,11706,debit_card,1,507.76
11707,11707,voucher,1,1467.24
11708,11708,credit_card,1,437.52
11709,11709,credit_card,1,4091.43
11710,11710,debit_card,1,811.81
11711,11711,debit_card,1,1533.59
11712,11712,debit_card,1,2799.68
11713,11713,voucher,1,3127.96
11714,11714,debit_card,1,232.96
11715,11715,boleto,1,105.45
11716,11716,boleto,1,2150.31
11717,11717,credit_card,2,1748.68
11718,11718,boleto,1,1260.25
11719,11719,voucher,1,161.13
11720,11720,credit_card,3,1600.51
11721,11721,voucher,1,117.62
11722,11722,boleto,1,770.38
11723,11723,boleto,1,878.29
11724,11724,credit_card,2,554.5
11725,11725,debit_card,1,80.44
11726,11726,debit_card,1,5235.33
11727,11727,boleto,1,328.99
11728,11728,credit_card,1,291.79
11729,11729,debit_card,1,2778.94
11730,11730,debit_card,1,4449.12
11731,11731,voucher,1,365.56
11732,11732,voucher,1,325.38
11733,11733,voucher,1,680.51
11734,11734,voucher,1,867.04
11735,11735,voucher,1,7080.24
11736,11736,debit_card,1,1750.26
11737,11737,debit_card,1,4597.0
11738,11738,debit_card,1,227.25
11739,11739,voucher,1,958.41
11740,11740,debit_card,1,3337.22
11741,11741,credit_card,6,1344.25
11742,11742,voucher,1,2778.07
11743,11743,voucher,1,79.57
11744,11744,debit_card,1,2557.17
11745,11745,boleto,1,2034.07
11746,11746,debit_card,1,354.32
11747,11747,voucher,1,136.36
11748,11748,boleto,1,1542.67
11749,11749,voucher,1,166.76
11750,11750,boleto,1,2411.33
11751,11751,boleto,1,1353.19
11752,11752,credit_card,2,3944.56
11753,11753,credit_card,1,2048.64
11754,11754,credit_card,1,2892.28
11755,11755,debit_card,1,5186.02
11756,11756,debit_card,1,748.96
11757,11757,debit_card,1,813.38
11758,11758,debit_card,1,6600.99
11759,11759,credit_card,1,537.08
11760,11760,debit_card,1,6877.38
11761,11761,voucher,1,1862.45
11762,11762,credit_card,4,2845.25
11763,11763,voucher,1,1117.47
11764,11764,credit_card,1,866.92
11765,11765,voucher,1,3435.62
11766,11766,boleto,1,83.99
11767,11767,credit_card,1,155.6
11768,11768,debit_card,1,2448.11
11769,11769,credit_card,1,69.12
11770,11770,boleto,1,875.76
11771,11771,credit_card,1,4078.15
11772,11772,boleto,1,4707.95
11773,11773,voucher,1,373.49
11774,11774,credit_card,6,451.22
11775,11775,debit_card,1,1058.16
11776,11776,credit_card,1,558.12
11777,11777,credit_card,10,832.1
11778,11778,boleto,1,581.33
11779,11779,voucher,1,710.94
11780,11780,credit_card,4,2176.07
11781,11781,debit_card,1,1930.28
11782,11782,debit_card,1,74.9
11783,11783,voucher,1,12079.37
11784,11784,boleto,1,1359.91
11785,11785,debit_card,1,132.5
11786,11786,debit_card,1,1426.19
11787,11787,boleto,1,927.63
11788,11788,debit_card,1,712.7
11789,11789,credit_card,1,103.47
11790,11790,voucher,1,622.16
11791,11791,credit_card,2,4215.6
11792,11792,voucher,1,742.29
11793,11793,debit_card,1,3692.86
11794,11794,credit_card,10,4864.33
11795,11795,voucher,1,3332.19
11796,11796,debit_card,1,2533.92
11797,11797,debit_card,1,1079.76
11798,11798,boleto,1,1729.16
11799,11799,voucher,1,98.21
11800,11800,boleto,1,1358.4
11801,11801,credit_card,1,2203.06
11802,11802,debit_card,1,2905.96
11803,11803,voucher,1,308.7
11804,11804,credit_card,1,324.06
11805,11805,credit_card,1,121.99
11806,11806,credit_card,10,3023.54
11807,11807,voucher,1,11034.72
11808,11808,credit_card,4,2078.64
11809,11809,debit_card,1,3684.71
11810,11810,credit_card,1,948.95
11811,11811,voucher,1,370.13
11812,11812,boleto,1,7960.91
11813,11813,voucher,1,2530.69
11814,11814,voucher,1,1327.79
11815,11815,boleto,1,479.84
11816,11816,voucher,1,638.83
11817,11817,boleto,1,1447.73
11818,11818,credit_card,3,1065.31
11819,11819,debit_card,1,61.88
11820,11820,debit_card,1,88.74
11821,11821,debit_card,1,191.59
11822,11822,debit_card,1,794.37
11823,11823,credit_card,4,1550.64
11824,11824,credit_card,1,124.2
11825,11825,credit_card,6,2342.26
11826,11826,credit_card,1,160.39
11827,11827,debit_card,1,1820.05
11828,11828,boleto,1,2653.47
11829,11829,boleto,1,4706.74
11830,11830,boleto,1,675.3
11831,11831,debit_card,1,3509.1
11832,11832,credit_card,1,482.27
11833,11833,boleto,1,2609.77
11834,11834,voucher,1,261.85
11835,11835,credit_card,4,799.55
11836,11836,credit_card,4,2638.89
11837,11837,debit_card,1,13871.29
11838,11838,voucher,1,1374.49
11839,11839,credit_card,2,7453.94
11840,11840,credit_card,3,2163.11
11841,11841,debit_card,1,3813.35
11842,11842,debit_card,1,253.41
11843,11843,credit_card,10,5600.88
11844,11844,credit_card,1,325.69
11845,11845,boleto,1,1644.14
11846,11846,debit_card,1,941.54
11847,11847,voucher,1,505.38
11848,11848,credit_card,1,11887.44
11849,11849,debit_card,1,5797.9
11850,11850,debit_card,1,695.85
11851,11851,credit_card,1,357.54
11852,11852,credit_card,1,1678.56
11853,11853,boleto,1,1217.03
11854,11854,voucher,1,1473.91
11855,11855,voucher,1,3431.46
11856,11856,boleto,1,2864.14
11857,11857,voucher,1,2323.33
11858,11858,boleto,1,82.05
11859,11859,voucher,1,291.26
11860,11860,debit_card,1,2951.71
11861,11861,credit_card,1,10139.47
11862,11862,credit_card,1,4597.45
11863,11863,credit_card,6,2676.24
11864,11864,debit_card,1,749.15
11865,11865,boleto,1,3889.9
11866,11866,debit_card,1,225.23
11867,11867,debit_card,1,6901.41
11868,11868,debit_card,1,930.3
11869,11869,voucher,1,2547.05
11870,11870,voucher,1,5429.95
11871,11871,boleto,1,2277.13
11872,11872,debit_card,1,212.07
11873,11873,voucher,1,2247.75
11874,11874,credit_card,6,3778.44
11875,11875,credit_card,4,209.98
11876,11876,voucher,1,422.12
11877,11877,credit_card,10,1055.98
11878,11878,debit_card,1,4430.74
11879,11879,credit_card,2,747.92
11880,11880,debit_card,1,1558.67
11881,11881,credit_card,6,3478.91
11882,11882,voucher,1,6049.97
11883,11883,voucher,1,3941.81
11884,11884,credit_card,10,4669.24
11885,11885,boleto,1,1279.17
11886,11886,voucher,1,7722.94
11887,11887,credit_card,4,1713.83
11888,11888,debit_card,1,2053.91
11889,11889,debit_card,1,393.33
11890,11890,voucher,1,2395.77
11891,11891,debit_card,1,147.29
11892,11892,debit_card,1,227.94
11893,11893,voucher,1,3728.02
11894,11894,boleto,1,3032.6
11895,11895,credit_card,1,367.67
11896,11896,debit_card,1,4344.18
11897,11897,credit_card,3,471.93
11898,11898,voucher,1,5989.59
11899,11899,boleto,1,3799.74
11900,11900,debit_card,1,379.34
11901,11901,voucher,1,156.38
11902,11902,boleto,1,1323.39
11903,11903,voucher,1,1581.29
11904,11904,voucher,1,3555.54
11905,11905,voucher,1,3442.38
11906,11906,debit_card,1,1542.68
11907,11907,credit_card,1,1970.89
11908,11908,boleto,1,209.28
11909,11909,debit_card,1,3431.57
11910,11910,voucher,1,1498.59
11911,11911,debit_card,1,886.28
11912,11912,voucher,1,934.68
11913,11913,debit_card,1,2134.48
11914,11914,credit_card,3,5253.73
11915,11915,credit_card,2,4248.02
11916,11916,boleto,1,347.94
11917,11917,debit_card,1,525.78
11918,11918,boleto,1,307.96
11919,11919,boleto,1,2013.18
11920,11920,credit_card,1,1536.68
11921,11921,debit_card,1,343.55
11922,11922,voucher,1,134.05
11923,11923,debit_card,1,1832.88
11924,11924,boleto,1,1878.08
11925,11925,debit_card,1,743.38
11926,11926,boleto,1,4000.62
11927,11927,boleto,1,1573.76
11928,11928,voucher,1,1022.1
11929,11929,credit_card,1,1881.07
11930,11930,boleto,1,8028.11
11931,11931,boleto,1,1752.91
11932,11932,voucher,1,507.98
11933,11933,credit_card,6,673.06
11934,11934,debit_card,1,134.02
11935,11935,voucher,1,456.52
11936,11936,boleto,1,733.31
11937,11937,voucher,1,537.83
11938,11938,boleto,1,3964.82
11939,11939,credit_card,1,590.15
11940,11940,boleto,1,1914.32
11941,11941,boleto,1,100.44
11942,11942,debit_card,1,3321.61
11943,11943,credit_card,1,474.88
11944,11944,boleto,1,7773.56
11945,11945,voucher,1,973.18
11946,11946,debit_card,1,108.8
11947,11947,voucher,1,1485.54
11948,11948,voucher,1,1996.46
11949,11949,voucher,1,2595.82
11950,11950,boleto,1,1628.31
11951,11951,voucher,1,566.88
11952,11952,voucher,1,201.95
11953,11953,voucher,1,2335.5
11954,11954,boleto,1,4259.59
11955,11955,credit_card,1,503.86
11956,11956,credit_card,2,309.37
11957,11957,credit_card,1,4470.79
11958,11958,boleto,1,1551.01
11959,11959,voucher,1,6036.64
11960,11960,credit_card,10,7093.09
11961,11961,boleto,1,3535.45
11962,11962,boleto,1,698.11
11963,11963,boleto,1,1371.7
11964,11964,voucher,1,497.83
11965,11965,voucher,1,1947.11
11966,11966,boleto,1,640.11
11967,11967,credit_card,1,389.68
11968,11968,boleto,1,3008.56
11969,11969,debit_card,1,1327.91
11970,11970,voucher,1,310.14
11971,11971,voucher,1,749.31
11972,11972,boleto,1,775.14
11973,11973,boleto,1,997.53
11974,11974,boleto,1,958.41
11975,11975,credit_card,2,2357.54
11976,11976,debit_card,1,2908.76
11977,11977,debit_card,1,114.66
11978,11978,boleto,1,918.44
11979,11979,debit_card,1,2103.32
11980,11980,credit_card,6,6023.47
11981,11981,boleto,1,904.95
11982,11982,voucher,1,565.11
11983,11983,boleto,1,400.01
11984,11984,boleto,1,3121.49
11985,11985,boleto,1,3611.77
11986,11986,debit_card,1,339.82
11987,11987,voucher,1,905.71
11988,11988,voucher,1,2746.04
11989,11989,voucher,1,1824.83
11990,11990,credit_card,1,274.68
11991,11991,voucher,1,4191.03
11992,11992,boleto,1,4990.06
11993,11993,debit_card,1,1167.06
11994,11994,debit_card,1,4766.31
11995,11995,voucher,1,2776.55
11996,11996,credit_card,1,143.08
11997,11997,debit_card,1,1754.44
11998,11998,boleto,1,1183.56
11999,11999,credit_card,1,850.13
12000,12000,voucher,1,50.37
12001,12001,boleto,1,108.79
12002,12002,debit_card,1,349.11
12003,12003,boleto,1,4489.27
12004,12004,credit_card,1,2258.99
12005,12005,voucher,1,2129.94
12006,12006,voucher,1,291.85
12007,12007,voucher,1,157.93
12008,12008,voucher,1,1473.38
12009,12009,boleto,1,409.72
12010,12010,debit_card,1,463.34
12011,12011,debit_card,1,763.41
12012,12012,debit_card,1,8137.32
12013,12013,voucher,1,4549.79
12014,12014,debit_card,1,461.18
12015,12015,boleto,1,3225.98
12016,12016,debit_card,1,2644.95
12017,12017,boleto,1,2315.71
12018,12018,debit_card,1,1034.33
12019,12019,voucher,1,539.45
12020,12020,debit_card,1,261.96
12021,12021,boleto,1,2282.29
12022,12022,credit_card,1,231.17
12023,12023,credit_card,6,801.51
12024,12024,debit_card,1,951.74
12025,12025,boleto,1,84.21
12026,12026,boleto,1,510.12
12027,12027,boleto,1,208.75
12028,12028,debit_card,1,1519.52
12029,12029,debit_card,1,594.63
12030,12030,voucher,1,258.4
12031,12031,boleto,1,818.41
12032,12032,boleto,1,600.76
12033,12033,boleto,1,1368.27
12034,12034,boleto,1,346.22
12035,12035,voucher,1,3483.81
12036,12036,boleto,1,2717.64
12037,12037,debit_card,1,1210.3
12038,12038,debit_card,1,110.7
12039,12039,boleto,1,3172.23
12040,12040,voucher,1,1340.68
12041,12041,boleto,1,3185.79
12042,12042,voucher,1,1628.04
12043,12043,voucher,1,1139.18
12044,12044,credit_card,1,6234.42
12045,12045,voucher,1,229.76
12046,12046,boleto,1,80.99
12047,12047,boleto,1,1094.94
12048,12048,voucher,1,3628.49
12049,12049,boleto,1,1862.76
12050,12050,boleto,1,1927.96
12051,12051,voucher,1,1197.43
12052,12052,voucher,1,65.39
12053,12053,voucher,1,1515.97
12054,12054,voucher,1,1349.43
12055,12055,debit_card,1,705.27
12056,12056,debit_card,1,1069.92
12057,12057,credit_card,4,2810.92
12058,12058,boleto,1,2178.82
12059,12059,credit_card,1,5742.36
12060,12060,credit_card,1,986.47
12061,12061,boleto,1,3397.29
12062,12062,boleto,1,5028.16
12063,12063,debit_card,1,4780.84
12064,12064,voucher,1,234.45
12065,12065,voucher,1,8192.47
12066,12066,debit_card,1,212.93
12067,12067,credit_card,1,984.94
12068,12068,boleto,1,1906.46
12069,12069,credit_card,3,7115.58
12070,12070,credit_card,1,662.05
12071,12071,credit_card,1,3127.84
12072,12072,credit_card,2,225.13
12073,12073,voucher,1,460.58
12074,12074,voucher,1,263.79
12075,12075,voucher,1,3435.9
12076,12076,debit_card,1,683.86
12077,12077,boleto,1,1212.54
12078,12078,voucher,1,2781.08
12079,12079,credit_card,6,412.98
12080,12080,credit_card,1,3356.47
12081,12081,voucher,1,1159.15
12082,12082,credit_card,4,2726.78
12083,12083,debit_card,1,121.33
12084,12084,voucher,1,9114.15
12085,12085,credit_card,6,365.77
12086,12086,debit_card,1,76.52
12087,12087,voucher,1,3416.07
12088,12088,debit_card,1,438.91
12089,12089,voucher,1,358.12
12090,12090,voucher,1,615.93
12091,12091,credit_card,1,284.66
12092,12092,debit_card,1,3263.93
12093,12093,boleto,1,5783.53
12094,12094,voucher,1,242.74
12095,12095,voucher,1,44.66
12096,12096,debit_card,1,2498.92
12097,12097,voucher,1,1835.85
12098,12098,boleto,1,3049.66
12099,12099,voucher,1,2684.88
12100,12100,boleto,1,2524.61
12101,12101,debit_card,1,4444.52
12102,12102,debit_card,1,1606.71
12103,12103,credit_card,10,3610.85
12104,12104,voucher,1,2360.94
12105,12105,debit_card,1,3179.46
12106,12106,debit_card,1,1920.28
12107,12107,boleto,1,510.6
12108,12108,credit_card,1,135.61
12109,12109,voucher,1,2785.03
12110,12110,boleto,1,1741.24
12111,12111,credit_card,1,2033.17
12112,12112,voucher,1,267.56
12113,12113,voucher,1,175.95
12114,12114,credit_card,3,3200.82
12115,12115,boleto,1,5432.15
12116,12116,debit_card,1,254.68
12117,12117,credit_card,3,790.81
12118,12118,boleto,1,364.89
12119,12119,credit_card,10,586.01
12120,12120,boleto,1,5791.75
12121,12121,credit_card,1,3168.26
12122,12122,debit_card,1,3731.92
12123,12123,voucher,1,1055.59
12124,12124,debit_card,1,1603.0
12125,12125,boleto,1,506.23
12126,12126,credit_card,1,140.47
12127,12127,debit_card,1,2991.21
12128,12128,debit_card,1,123.88
12129,12129,voucher,1,246.4
12130,12130,voucher,1,2207.59
12131,12131,voucher,1,1107.1
12132,12132,boleto,1,2656.88
12133,12133,voucher,1,123.18
12134,12134,boleto,1,425.98
12135,12135,voucher,1,643.14
12136,12136,voucher,1,1440.66
12137,12137,credit_card,1,1230.32
12138,12138,boleto,1,396.72
12139,12139,credit_card,6,820.97
12140,12140,credit_card,2,1415.18
12141,12141,debit_card,1,1716.12
12142,12142,voucher,1,488.63
12143,12143,boleto,1,3921.14
12144,12144,boleto,1,211.28
12145,12145,debit_card,1,126.87
12146,12146,voucher,1,378.33
12147,12147,voucher,1,1393.82
12148,12148,debit_card,1,319.45
12149,12149,boleto,1,3902.06
12150,12150,debit_card,1,444.08
12151,12151,boleto,1,221.51
12152,12152,credit_card,1,216.99
12153,12153,voucher,1,3166.91
12154,12154,boleto,1,359.64
12155,12155,voucher,1,1512.37
12156,12156,boleto,1,2761.77
12157,12157,voucher,1,2153.17
12158,12158,boleto,1,3190.06
12159,12159,voucher,1,8700.25
12160,12160,boleto,1,13225.57
12161,12161,debit_card,1,311.78
12162,12162,boleto,1,8428.51
12163,12163,debit_card,1,2633.61
12164,12164,debit_card,1,355.82
12165,12165,credit_card,1,2170.72
12166,12166,credit_card,1,157.54
12167,12167,boleto,1,1069.94
12168,12168,boleto,1,406.55
12169,12169,boleto,1,353.33
12170,12170,boleto,1,520.55
12171,12171,debit_card,1,7635.12
12172,12172,credit_card,10,1666.46
12173,12173,voucher,1,1445.14
12174,12174,boleto,1,250.78
12175,12175,voucher,1,430.04
12176,12176,debit_card,1,673.76
12177,12177,credit_card,1,356.8
12178,12178,credit_card,6,834.39
12179,12179,voucher,1,701.08
12180,12180,debit_card,1,313.38
12181,12181,credit_card,1,3142.8
12182,12182,credit_card,1,251.71
12183,12183,credit_card,3,2257.62
12184,12184,credit_card,3,264.35
12185,12185,debit_card,1,484.02
12186,12186,debit_card,1,3599.51
12187,12187,boleto,1,2198.98
12188,12188,credit_card,6,262.38
12189,12189,credit_card,10,2453.49
12190,12190,boleto,1,1720.53
12191,12191,credit_card,10,1390.07
12192,12192,voucher,1,1241.47
12193,12193,boleto,1,3922.68
12194,12194,boleto,1,288.4
12195,12195,credit_card,1,297.11
12196,12196,voucher,1,976.75
12197,12197,debit_card,1,455.11
12198,12198,credit_card,10,695.18
12199,12199,credit_card,1,172.87
12200,12200,debit_card,1,680.13
12201,12201,voucher,1,68.47
12202,12202,voucher,1,1047.95
12203,12203,boleto,1,3805.01
12204,12204,boleto,1,73.97
12205,12205,voucher,1,323.53
12206,12206,boleto,1,365.39
12207,12207,credit_card,6,203.97
12208,12208,credit_card,4,545.96
12209,12209,voucher,1,837.15
12210,12210,boleto,1,5224.78
12211,12211,voucher,1,376.41
12212,12212,debit_card,1,2125.2
12213,12213,credit_card,4,3132.95
12214,12214,debit_card,1,921.85
12215,12215,credit_card,1,327.88
12216,12216,voucher,1,1268.05
12217,12217,debit_card,1,125.71
12218,12218,credit_card,4,7034.96
12219,12219,boleto,1,312.31
12220,12220,credit_card,1,1599.38
12221,12221,credit_card,1,2904.64
12222,12222,debit_card,1,914.39
12223,12223,credit_card,1,933.84
12224,12224,credit_card,1,215.01
12225,12225,voucher,1,7641.26
12226,12226,debit_card,1,272.92
12227,12227,boleto,1,1975.05
12228,12228,boleto,1,47.23
12229,12229,boleto,1,89.46
12230,12230,boleto,1,2129.39
12231,12231,voucher,1,344.22
12232,12232,debit_card,1,1588.27
12233,12233,voucher,1,235.66
12234,12234,boleto,1,288.26
12235,12235,debit_card,1,2370.5
12236,12236,boleto,1,2712.11
12237,12237,voucher,1,785.75
12238,12238,voucher,1,2973.52
12239,12239,credit_card,10,1101.26
12240,12240,credit_card,1,411.13
12241,12241,debit_card,1,2035.57
12242,12242,boleto,1,602.2
12243,12243,credit_card,10,3415.29
12244,12244,boleto,1,3115.56
12245,12245,debit_card,1,545.87
12246,12246,boleto,1,267.14
12247,12247,credit_card,6,3045.17
12248,12248,debit_card,1,388.94
12249,12249,voucher,1,245.87
12250,12250,boleto,1,1342.07
12251,12251,voucher,1,428.67
12252,12252,boleto,1,642.29
12253,12253,credit_card,1,480.07
12254,12254,voucher,1,3807.92
12255,12255,debit_card,1,2055.59
12256,12256,voucher,1,136.84
12257,12257,debit_card,1,254.67
12258,12258,voucher,1,1096.21
12259,12259,credit_card,10,405.06
12260,12260,boleto,1,3300.56
12261,12261,boleto,1,3953.77
12262,12262,boleto,1,4373.7
12263,12263,boleto,1,4010.81
12264,12264,credit_card,4,2893.36
12265,12265,debit_card,1,4458.51
12266,12266,debit_card,1,438.86
12267,12267,debit_card,1,3239.18
12268,12268,debit_card,1,1026.31
12269,12269,credit_card,3,6366.9
12270,12270,voucher,1,1751.97
12271,12271,voucher,1,1005.44
12272,12272,voucher,1,693.49
12273,12273,debit_card,1,448.8
12274,12274,boleto,1,1986.54
12275,12275,credit_card,1,1857.39
12276,12276,credit_card,1,1469.42
12277,12277,boleto,1,3064.13
12278,12278,credit_card,3,1015.05
12279,12279,credit_card,1,291.86
12280,12280,debit_card,1,317.02
12281,12281,voucher,1,2651.3
12282,12282,debit_card,1,419.55
12283,12283,credit_card,1,1058.57
12284,12284,boleto,1,258.29
12285,12285,boleto,1,269.93
12286,12286,voucher,1,63.36
12287,12287,credit_card,3,1908.68
12288,12288,credit_card,1,3946.6
12289,12289,credit_card,1,58.15
12290,12290,credit_card,6,598.01
12291,12291,debit_card,1,2303.61
12292,12292,credit_card,1,4431.32
12293,12293,boleto,1,593.02
12294,12294,boleto,1,370.45
12295,12295,boleto,1,3286.87
12296,12296,credit_card,2,892.58
12297,12297,credit_card,1,2532.39
12298,12298,credit_card,2,3577.78
12299,12299,credit_card,1,5234.13
12300,12300,voucher,1,4947.69
12301,12301,debit_card,1,215.52
12302,12302,credit_card,10,1322.23
12303,12303,voucher,1,910.65
12304,12304,voucher,1,296.03
12305,12305,voucher,1,8050.0
12306,12306,debit_card,1,2701.73
12307,12307,debit_card,1,1341.93
12308,12308,debit_card,1,175.27
12309,12309,boleto,1,1955.32
12310,12310,credit_card,4,3301.62
12311,12311,debit_card,1,337.21
12312,12312,boleto,1,3523.11
12313,12313,credit_card,6,900.45
12314,12314,credit_card,10,4621.71
12315,12315,credit_card,1,383.77
12316,12316,debit_card,1,515.37
12317,12317,voucher,1,815.49
12318,12318,debit_card,1,412.11
12319,12319,debit_card,1,606.54
12320,12320,credit_card,1,166.38
12321,12321,boleto,1,1228.09
12322,12322,voucher,1,1661.02
12323,12323,credit_card,1,261.31
12324,12324,credit_card,1,4855.38
12325,12325,voucher,1,6206.06
12326,12326,voucher,1,547.72
12327,12327,credit_card,1,7811.71
12328,12328,voucher,1,3471.1
12329,12329,credit_card,1,1636.41
12330,12330,debit_card,1,2717.17
12331,12331,voucher,1,826.72
12332,12332,debit_card,1,4819.42
12333,12333,boleto,1,627.52
12334,12334,boleto,1,1887.19
12335,12335,debit_card,1,549.42
12336,12336,boleto,1,900.29
12337,12337,voucher,1,599.41
12338,12338,voucher,1,3841.06
12339,12339,debit_card,1,897.05
12340,12340,debit_card,1,66.62
12341,12341,debit_card,1,1823.63
12342,12342,debit_card,1,382.39
12343,12343,debit_card,1,273.24
12344,12344,voucher,1,10387.95
12345,12345,boleto,1,814.25
12346,12346,debit_card,1,3117.38
12347,12347,voucher,1,2287.84
12348,12348,boleto,1,1409.74
12349,12349,voucher,1,364.43
12350,12350,boleto,1,3438.36
12351,12351,debit_card,1,1999.78
12352,12352,boleto,1,2465.78
12353,12353,credit_card,1,139.18
12354,12354,voucher,1,276.23
12355,12355,credit_card,10,893.6
12356,12356,credit_card,1,1254.94
12357,12357,voucher,1,826.06
12358,12358,boleto,1,582.21
12359,12359,boleto,1,607.92
12360,12360,credit_card,6,971.4
12361,12361,credit_card,1,2776.01
12362,12362,credit_card,1,186.72
12363,12363,boleto,1,1085.68
12364,12364,debit_card,1,1905.15
12365,12365,boleto,1,825.99
12366,12366,debit_card,1,1861.17
12367,12367,voucher,1,726.05
12368,12368,voucher,1,2617.61
12369,12369,credit_card,1,185.0
12370,12370,debit_card,1,352.61
12371,12371,voucher,1,3024.3
12372,12372,voucher,1,2829.02
12373,12373,debit_card,1,1144.71
12374,12374,voucher,1,991.4
12375,12375,boleto,1,711.04
12376,12376,debit_card,1,109.25
12377,12377,boleto,1,1173.48
12378,12378,credit_card,1,175.8
12379,12379,boleto,1,2474.53
12380,12380,credit_card,1,2079.61
12381,12381,credit_card,1,3270.64
12382,12382,debit_card,1,2813.14
12383,12383,credit_card,1,631.78
12384,12384,boleto,1,1744.34
12385,12385,credit_card,6,3288.54
12386,12386,credit_card,1,388.55
12387,12387,boleto,1,2418.67
12388,12388,credit_card,6,5709.35
12389,12389,credit_card,1,642.05
12390,12390,credit_card,1,297.09
12391,12391,credit_card,1,2696.3
12392,12392,debit_card,1,2821.33
12393,12393,debit_card,1,119.64
12394,12394,debit_card,1,265.89
12395,12395,debit_card,1,53.44
12396,12396,voucher,1,3671.97
12397,12397,debit_card,1,703.93
12398,12398,voucher,1,2455.63
12399,12399,debit_card,1,255.61
12400,12400,credit_card,1,1131.78
12401,12401,boleto,1,280.24
12402,12402,voucher,1,570.19
12403,12403,voucher,1,1592.0
12404,12404,credit_card,1,9904.52
12405,12405,debit_card,1,3850.23
12406,12406,credit_card,6,372.76
12407,12407,credit_card,10,2625.71
12408,12408,voucher,1,246.41
12409,12409,voucher,1,5557.51
12410,12410,boleto,1,9004.95
12411,12411,boleto,1,2016.28
12412,12412,voucher,1,1112.04
12413,12413,debit_card,1,824.1
12414,12414,credit_card,1,4068.12
12415,12415,debit_card,1,4794.09
12416,12416,voucher,1,999.04
12417,12417,voucher,1,1597.52
12418,12418,boleto,1,4236.63
12419,12419,credit_card,2,1156.34
12420,12420,boleto,1,4233.45
12421,12421,boleto,1,1726.69
12422,12422,debit_card,1,691.31
12423,12423,boleto,1,1419.55
12424,12424,credit_card,1,825.27
12425,12425,debit_card,1,4526.85
12426,12426,voucher,1,1581.21
12427,12427,boleto,1,1010.87
12428,12428,boleto,1,769.0
12429,12429,credit_card,10,312.47
12430,12430,voucher,1,846.79
12431,12431,voucher,1,5760.57
12432,12432,debit_card,1,9964.46
12433,12433,boleto,1,3978.39
12434,12434,boleto,1,2232.0
12435,12435,voucher,1,854.85
12436,12436,boleto,1,1088.16
12437,12437,voucher,1,8519.47
12438,12438,credit_card,4,5825.9
12439,12439,debit_card,1,1965.6
12440,12440,boleto,1,1999.0
12441,12441,credit_card,1,3195.76
12442,12442,credit_card,2,3019.28
12443,12443,debit_card,1,1332.01
12444,12444,credit_card,6,2311.45
12445,12445,credit_card,1,1022.92
12446,12446,boleto,1,2894.64
12447,12447,boleto,1,510.1
12448,12448,boleto,1,1970.3
12449,12449,boleto,1,6052.34
12450,12450,credit_card,1,1321.47
12451,12451,debit_card,1,18500.49
12452,12452,credit_card,3,3499.09
12453,12453,credit_card,4,702.29
12454,12454,credit_card,4,4595.34
12455,12455,debit_card,1,3455.03
12456,12456,credit_card,1,803.67
12457,12457,boleto,1,1059.55
12458,12458,debit_card,1,4756.9
12459,12459,credit_card,1,70.8
12460,12460,credit_card,6,1469.74
12461,12461,boleto,1,895.38
12462,12462,debit_card,1,690.87
12463,12463,voucher,1,303.7
12464,12464,boleto,1,802.65
12465,12465,credit_card,10,567.47
12466,12466,voucher,1,6405.71
12467,12467,debit_card,1,1700.54
12468,12468,debit_card,1,656.71
12469,12469,credit_card,1,227.09
12470,12470,boleto,1,1622.33
12471,12471,credit_card,3,1053.63
12472,12472,debit_card,1,5074.59
12473,12473,debit_card,1,2209.49
12474,12474,credit_card,10,1079.81
12475,12475,credit_card,1,46.29
12476,12476,debit_card,1,2371.66
12477,12477,debit_card,1,1516.44
12478,12478,boleto,1,146.24
12479,12479,credit_card,1,761.1
12480,12480,voucher,1,2090.01
12481,12481,voucher,1,1553.96
12482,12482,boleto,1,1638.68
12483,12483,boleto,1,427.33
12484,12484,voucher,1,553.99
12485,12485,boleto,1,1361.11
12486,12486,debit_card,1,1367.5
12487,12487,credit_card,1,594.07
12488,12488,credit_card,6,355.65
12489,12489,credit_card,1,349.41
12490,12490,boleto,1,760.43
12491,12491,debit_card,1,2162.87
12492,12492,voucher,1,4506.84
12493,12493,credit_card,10,605.43
12494,12494,debit_card,1,867.04
12495,12495,voucher,1,4632.85
12496,12496,voucher,1,96.81
12497,12497,debit_card,1,90.07
12498,12498,voucher,1,1025.39
12499,12499,boleto,1,4467.21
12500,12500,credit_card,1,505.73
12501,12501,credit_card,1,3598.45
12502,12502,voucher,1,1284.03
12503,12503,boleto,1,7050.11
12504,12504,voucher,1,1356.5
12505,12505,debit_card,1,910.04
12506,12506,boleto,1,8826.4
12507,12507,voucher,1,2062.91
12508,12508,boleto,1,577.34
12509,12509,credit_card,10,580.76
12510,12510,debit_card,1,67.91
12511,12511,debit_card,1,817.91
12512,12512,voucher,1,1372.96
12513,12513,boleto,1,3692.4
12514,12514,debit_card,1,2795.29
12515,12515,debit_card,1,5010.24
12516,12516,credit_card,1,1813.42
12517,12517,voucher,1,128.73
12518,12518,voucher,1,5179.82
12519,12519,debit_card,1,6657.06
12520,12520,credit_card,4,2333.85
12521,12521,boleto,1,188.32
12522,12522,boleto,1,3200.46
12523,12523,credit_card,2,984.71
12524,12524,debit_card,1,2284.17
12525,12525,boleto,1,1827.49
12526,12526,debit_card,1,2086.44
12527,12527,debit_card,1,1112.74
12528,12528,voucher,1,168.9
12529,12529,boleto,1,12409.41
12530,12530,boleto,1,6486.63
12531,12531,credit_card,4,1285.27
12532,12532,debit_card,1,357.5
12533,12533,debit_card,1,1268.31
12534,12534,boleto,1,779.83
12535,12535,boleto,1,1366.8
12536,12536,credit_card,1,410.22
12537,12537,debit_card,1,119.05
12538,12538,credit_card,6,541.1
12539,12539,voucher,1,880.71
12540,12540,voucher,1,4252.86
12541,12541,credit_card,1,1442.63
12542,12542,debit_card,1,820.8
12543,12543,debit_card,1,2697.68
12544,12544,credit_card,3,2135.57
12545,12545,credit_card,1,3130.9
12546,12546,debit_card,1,3308.1
12547,12547,debit_card,1,336.09
12548,12548,debit_card,1,196.04
12549,12549,boleto,1,1281.74
12550,12550,credit_card,1,737.57
12551,12551,boleto,1,5090.42
12552,12552,boleto,1,1345.97
12553,12553,debit_card,1,10238.53
12554,12554,debit_card,1,2853.11
12555,12555,voucher,1,3572.64
12556,12556,credit_card,1,352.23
12557,12557,voucher,1,1400.56
12558,12558,voucher,1,2615.72
12559,12559,boleto,1,3296.13
12560,12560,debit_card,1,2622.1
12561,12561,credit_card,2,1503.94
12562,12562,boleto,1,2227.41
12563,12563,credit_card,10,721.24
12564,12564,boleto,1,2513.43
12565,12565,credit_card,1,1775.01
12566,12566,debit_card,1,722.68
12567,12567,boleto,1,573.19
12568,12568,voucher,1,375.87
12569,12569,debit_card,1,9723.48
12570,12570,credit_card,6,1303.96
12571,12571,voucher,1,247.17
12572,12572,credit_card,1,3621.41
12573,12573,debit_card,1,4762.44
12574,12574,debit_card,1,4794.98
12575,12575,debit_card,1,494.14
12576,12576,voucher,1,8805.74
12577,12577,credit_card,1,6155.43
12578,12578,credit_card,6,792.91
12579,12579,boleto,1,1845.67
12580,12580,voucher,1,146.54
12581,12581,voucher,1,2414.42
12582,12582,boleto,1,757.54
12583,12583,boleto,1,126.87
12584,12584,debit_card,1,325.16
12585,12585,voucher,1,410.08
12586,12586,debit_card,1,1229.19
12587,12587,credit_card,1,1274.48
12588,12588,credit_card,10,1213.81
12589,12589,boleto,1,73.78
12590,12590,boleto,1,749.99
12591,12591,boleto,1,295.13
12592,12592,boleto,1,162.85
12593,12593,debit_card,1,1413.5
12594,12594,voucher,1,347.69
12595,12595,credit_card,1,4452.9
12596,12596,voucher,1,2195.45
12597,12597,credit_card,1,2895.82
12598,12598,debit_card,1,485.8
12599,12599,voucher,1,1219.27
12600,12600,voucher,1,2312.46
12601,12601,voucher,1,2399.28
12602,12602,debit_card,1,219.6
12603,12603,voucher,1,1702.23
12604,12604,voucher,1,1665.21
12605,12605,boleto,1,7725.99
12606,12606,debit_card,1,6827.97
12607,12607,boleto,1,486.96
12608,12608,boleto,1,1417.4
12609,12609,boleto,1,126.64
12610,12610,boleto,1,274.61
12611,12611,voucher,1,99.42
12612,12612,boleto,1,561.42
12613,12613,voucher,1,4878.22
12614,12614,credit_card,1,112.59
12615,12615,boleto,1,1656.56
12616,12616,debit_card,1,2336.47
12617,12617,debit_card,1,1569.14
12618,12618,boleto,1,58.86
12619,12619,credit_card,6,816.79
12620,12620,voucher,1,543.02
12621,12621,credit_card,1,748.93
12622,12622,boleto,1,1483.56
12623,12623,voucher,1,443.34
12624,12624,debit_card,1,1941.25
12625,12625,credit_card,3,1562.76
12626,12626,debit_card,1,2490.63
12627,12627,voucher,1,378.97
12628,12628,voucher,1,320.38
12629,12629,debit_card,1,2131.08
12630,12630,voucher,1,4608.5
12631,12631,credit_card,1,140.66
12632,12632,boleto,1,1232.14
12633,12633,voucher,1,328.86
12634,12634,boleto,1,399.57
12635,12635,credit_card,10,480.01
12636,12636,voucher,1,4766.5
12637,12637,debit_card,1,2378.75
12638,12638,boleto,1,185.57
12639,12639,credit_card,3,3327.97
12640,12640,boleto,1,959.92
12641,12641,voucher,1,382.74
12642,12642,credit_card,4,361.04
12643,12643,credit_card,1,974.31
12644,12644,voucher,1,4316.84
12645,12645,voucher,1,2655.96
12646,12646,boleto,1,1338.83
12647,12647,voucher,1,534.64
12648,12648,voucher,1,1475.91
12649,12649,credit_card,6,214.11
12650,12650,credit_card,10,4940.63
12651,12651,voucher,1,1446.91
12652,12652,debit_card,1,732.86
12653,12653,voucher,1,797.15
12654,12654,boleto,1,2497.76
12655,12655,boleto,1,817.53
12656,12656,credit_card,1,7729.47
12657,12657,debit_card,1,5825.59
12658,12658,boleto,1,3348.63
12659,12659,credit_card,1,4234.86
12660,12660,voucher,1,519.84
12661,12661,credit_card,6,1722.35
12662,12662,boleto,1,120.89
12663,12663,credit_card,3,1155.86
12664,12664,voucher,1,5650.18
12665,12665,boleto,1,208.92
12666,12666,credit_card,1,2628.3
12667,12667,voucher,1,1052.67
12668,12668,voucher,1,818.82
12669,12669,voucher,1,1519.17
12670,12670,credit_card,3,267.83
12671,12671,boleto,1,1391.42
12672,12672,voucher,1,1900.39
12673,12673,credit_card,10,322.74
12674,12674,credit_card,1,69.11
12675,12675,boleto,1,345.41
12676,12676,voucher,1,1397.23
12677,12677,voucher,1,1661.94
12678,12678,voucher,1,790.8
12679,12679,boleto,1,534.63
12680,12680,credit_card,1,455.04
12681,12681,debit_card,1,978.03
12682,12682,voucher,1,3845.46
12683,12683,debit_card,1,202.77
12684,12684,credit_card,1,140.62
12685,12685,credit_card,1,5017.27
12686,12686,debit_card,1,3264.59
12687,12687,boleto,1,179.71
12688,12688,debit_card,1,2527.93
12689,12689,credit_card,1,1339.18
12690,12690,boleto,1,253.94
12691,12691,credit_card,1,591.66
12692,12692,debit_card,1,3393.53
12693,12693,voucher,1,564.22
12694,12694,credit_card,1,55.05
12695,12695,boleto,1,908.14
12696,12696,credit_card,10,4275.14
12697,12697,credit_card,1,3019.27
12698,12698,credit_card,3,5640.14
12699,12699,debit_card,1,1355.66
12700,12700,credit_card,4,2760.17
12701,12701,voucher,1,2977.58
12702,12702,credit_card,10,1559.69
12703,12703,debit_card,1,6940.73
12704,12704,boleto,1,257.89
12705,12705,boleto,1,256.12
12706,12706,voucher,1,261.64
12707,12707,debit_card,1,572.23
12708,12708,debit_card,1,196.86
12709,12709,voucher,1,883.74
12710,12710,debit_card,1,1264.68
12711,12711,credit_card,10,5425.39
12712,12712,voucher,1,451.06
12713,12713,boleto,1,405.55
12714,12714,boleto,1,270.85
12715,12715,debit_card,1,1426.59
12716,12716,debit_card,1,1981.31
12717,12717,debit_card,1,3860.16
12718,12718,boleto,1,3680.7
12719,12719,voucher,1,331.68
12720,12720,debit_card,1,539.62
12721,12721,boleto,1,95.93
12722,12722,boleto,1,4272.17
12723,12723,debit_card,1,548.1
12724,12724,voucher,1,1147.9
12725,12725,credit_card,10,1573.8
12726,12726,credit_card,1,6300.09
12727,12727,debit_card,1,3713.62
12728,12728,boleto,1,454.06
12729,12729,debit_card,1,3639.13
12730,12730,credit_card,1,2334.94
12731,12731,voucher,1,4887.43
12732,12732,boleto,1,717.66
12733,12733,credit_card,3,2690.91
12734,12734,boleto,1,136.22
12735,12735,boleto,1,9961.11
12736,12736,boleto,1,556.49
12737,12737,voucher,1,3074.26
12738,12738,debit_card,1,3578.4
12739,12739,boleto,1,2121.02
12740,12740,voucher,1,640.3
12741,12741,debit_card,1,2866.6
12742,12742,credit_card,3,2757.01
12743,12743,debit_card,1,5315.03
12744,12744,debit_card,1,411.62
12745,12745,voucher,1,606.9
12746,12746,debit_card,1,6234.14
12747,12747,debit_card,1,2179.11
12748,12748,voucher,1,2872.7
12749,12749,debit_card,1,1645.0
12750,12750,boleto,1,582.07
12751,12751,debit_card,1,376.94
12752,12752,credit_card,6,396.33
12753,12753,boleto,1,429.52
12754,12754,boleto,1,203.95
12755,12755,boleto,1,338.87
12756,12756,boleto,1,2671.86
12757,12757,voucher,1,1546.95
12758,12758,boleto,1,3413.2
12759,12759,voucher,1,278.29
12760,12760,boleto,1,990.14
12761,12761,boleto,1,3398.63
12762,12762,debit_card,1,1778.94
12763,12763,boleto,1,1580.58
12764,12764,debit_card,1,231.64
12765,12765,boleto,1,591.33
12766,12766,debit_card,1,5518.29
12767,12767,voucher,1,521.24
12768,12768,voucher,1,752.92
12769,12769,credit_card,10,285.79
12770,12770,boleto,1,1478.32
12771,12771,debit_card,1,1855.66
12772,12772,voucher,1,336.18
12773,12773,boleto,1,530.94
12774,12774,voucher,1,2439.22
12775,12775,voucher,1,6317.89
12776,12776,credit_card,1,176.28
12777,12777,credit_card,3,664.72
12778,12778,credit_card,1,988.38
12779,12779,credit_card,1,3204.13
12780,12780,voucher,1,1184.5
12781,12781,debit_card,1,4803.17
12782,12782,credit_card,6,406.6
12783,12783,boleto,1,120.02
12784,12784,voucher,1,55.77
12785,12785,credit_card,1,6085.5
12786,12786,credit_card,6,4406.69
12787,12787,voucher,1,5980.5
12788,12788,boleto,1,149.63
12789,12789,credit_card,1,2923.76
12790,12790,credit_card,1,774.79
12791,12791,boleto,1,5720.6
12792,12792,debit_card,1,595.21
12793,12793,credit_card,1,148.63
12794,12794,boleto,1,425.24
12795,12795,debit_card,1,1336.94
12796,12796,credit_card,10,2646.74
12797,12797,credit_card,3,404.65
12798,12798,debit_card,1,53.88
12799,12799,credit_card,3,4856.92
12800,12800,boleto,1,2121.25
12801,12801,voucher,1,4860.0
12802,12802,boleto,1,1783.52
12803,12803,boleto,1,619.31
12804,12804,debit_card,1,664.4
12805,12805,boleto,1,2923.2
12806,12806,debit_card,1,4675.4
12807,12807,debit_card,1,10481.54
12808,12808,voucher,1,2022.43
12809,12809,debit_card,1,800.17
12810,12810,boleto,1,2659.46
12811,12811,debit_card,1,160.81
12812,12812,debit_card,1,1351.53
12813,12813,voucher,1,2132.6
12814,12814,credit_card,1,3112.88
12815,12815,debit_card,1,3746.03
12816,12816,debit_card,1,399.41
12817,12817,credit_card,1,422.27
12818,12818,boleto,1,1896.91
12819,12819,voucher,1,250.98
12820,12820,credit_card,1,1628.14
12821,12821,voucher,1,322.24
12822,12822,boleto,1,100.8
12823,12823,voucher,1,1457.57
12824,12824,boleto,1,975.68
12825,12825,voucher,1,1676.35
12826,12826,credit_card,1,518.07
12827,12827,debit_card,1,2364.37
12828,12828,credit_card,1,1776.54
12829,12829,boleto,1,1892.21
12830,12830,credit_card,1,302.59
12831,12831,debit_card,1,821.2
12832,12832,credit_card,3,6140.08
12833,12833,credit_card,1,627.03
12834,12834,boleto,1,1839.06
12835,12835,debit_card,1,4618.03
12836,12836,debit_card,1,1560.81
12837,12837,debit_card,1,981.24
12838,12838,debit_card,1,245.81
12839,12839,voucher,1,1338.26
12840,12840,boleto,1,2440.05
12841,12841,boleto,1,3616.57
12842,12842,credit_card,1,1406.77
12843,12843,boleto,1,341.79
12844,12844,credit_card,1,1210.92
12845,12845,boleto,1,356.58
12846,12846,boleto,1,3563.62
12847,12847,debit_card,1,5029.28
12848,12848,boleto,1,2225.23
12849,12849,voucher,1,105.58
12850,12850,boleto,1,2036.23
12851,12851,voucher,1,308.95
12852,12852,credit_card,1,407.62
12853,12853,voucher,1,9316.12
12854,12854,boleto,1,252.92
12855,12855,boleto,1,155.93
12856,12856,debit_card,1,350.96
12857,12857,credit_card,6,3238.81
12858,12858,voucher,1,4813.56
12859,12859,debit_card,1,2842.05
12860,12860,boleto,1,413.73
12861,12861,boleto,1,4644.05
12862,12862,credit_card,1,3761.51
12863,12863,voucher,1,480.39
12864,12864,debit_card,1,5940.52
12865,12865,boleto,1,4030.57
12866,12866,boleto,1,3515.96
12867,12867,boleto,1,2892.38
12868,12868,debit_card,1,4014.67
12869,12869,voucher,1,188.42
12870,12870,voucher,1,398.46
12871,12871,voucher,1,2570.68
12872,12872,credit_card,2,799.65
12873,12873,credit_card,3,239.34
12874,12874,voucher,1,437.84
12875,12875,boleto,1,216.07
12876,12876,voucher,1,1110.44
12877,12877,boleto,1,3497.03
12878,12878,voucher,1,1502.32
12879,12879,credit_card,1,166.36
12880,12880,voucher,1,369.56
12881,12881,boleto,1,788.93
12882,12882,voucher,1,734.42
12883,12883,voucher,1,579.11
12884,12884,credit_card,3,10187.51
12885,12885,debit_card,1,190.49
12886,12886,voucher,1,2452.08
12887,12887,voucher,1,3688.01
12888,12888,credit_card,1,288.28
12889,12889,debit_card,1,59.15
12890,12890,boleto,1,208.64
12891,12891,credit_card,1,5224.06
12892,12892,boleto,1,1294.56
12893,12893,debit_card,1,118.29
12894,12894,voucher,1,1301.26
12895,12895,boleto,1,834.29
12896,12896,boleto,1,935.89
12897,12897,credit_card,2,7065.78
12898,12898,debit_card,1,4919.32
12899,12899,voucher,1,1246.43
12900,12900,voucher,1,244.04
12901,12901,boleto,1,5768.91
12902,12902,voucher,1,199.81
12903,12903,credit_card,1,385.1
12904,12904,boleto,1,5468.02
12905,12905,debit_card,1,175.93
12906,12906,voucher,1,2070.58
12907,12907,debit_card,1,794.29
12908,12908,boleto,1,1453.69
12909,12909,voucher,1,221.48
12910,12910,boleto,1,1909.3
12911,12911,boleto,1,784.52
12912,12912,voucher,1,2164.9
12913,12913,credit_card,3,348.23
12914,12914,debit_card,1,894.06
12915,12915,debit_card,1,1019.53
12916,12916,debit_card,1,1603.26
12917,12917,debit_card,1,253.51
12918,12918,voucher,1,449.98
12919,12919,boleto,1,4504.33
12920,12920,debit_card,1,346.8
12921,12921,boleto,1,283.13
12922,12922,credit_card,6,1762.35
12923,12923,credit_card,1,393.66
12924,12924,voucher,1,440.84
12925,12925,credit_card,1,1982.58
12926,12926,debit_card,1,3076.46
12927,12927,debit_card,1,99.28
12928,12928,credit_card,1,459.06
12929,12929,debit_card,1,1091.63
12930,12930,credit_card,2,1513.52
12931,12931,voucher,1,1301.25
12932,12932,boleto,1,761.98
12933,12933,debit_card,1,457.75
12934,12934,credit_card,1,1029.6
12935,12935,credit_card,1,149.14
12936,12936,credit_card,1,217.09
12937,12937,debit_card,1,3046.02
12938,12938,credit_card,1,29.87
12939,12939,debit_card,1,98.91
12940,12940,voucher,1,2259.34
12941,12941,credit_card,3,644.92
12942,12942,boleto,1,1550.66
12943,12943,credit_card,10,806.25
12944,12944,credit_card,3,958.88
12945,12945,voucher,1,75.85
12946,12946,voucher,1,108.73
12947,12947,voucher,1,2948.6
12948,12948,credit_card,4,4280.41
12949,12949,credit_card,3,912.7
12950,12950,voucher,1,1387.71
12951,12951,boleto,1,581.99
12952,12952,voucher,1,2678.03
12953,12953,debit_card,1,1718.11
12954,12954,debit_card,1,70.47
12955,12955,voucher,1,133.44
12956,12956,voucher,1,1008.61
12957,12957,voucher,1,75.13
12958,12958,voucher,1,1093.65
12959,12959,voucher,1,1393.72
12960,12960,boleto,1,4040.11
12961,12961,voucher,1,149.67
12962,12962,voucher,1,4490.88
12963,12963,credit_card,1,387.92
12964,12964,credit_card,1,1107.48
12965,12965,voucher,1,327.72
12966,12966,credit_card,1,152.8
12967,12967,boleto,1,1271.93
12968,12968,credit_card,1,67.15
12969,12969,credit_card,3,8285.6
12970,12970,credit_card,1,3942.94
12971,12971,debit_card,1,995.53
12972,12972,boleto,1,111.31
12973,12973,boleto,1,5169.26
12974,12974,credit_card,3,502.97
12975,12975,credit_card,1,205.94
12976,12976,credit_card,10,1353.8
12977,12977,voucher,1,6416.14
12978,12978,boleto,1,2908.27
12979,12979,boleto,1,409.27
12980,12980,voucher,1,552.46
12981,12981,voucher,1,529.33
12982,12982,debit_card,1,1219.9
12983,12983,voucher,1,312.04
12984,12984,credit_card,2,1701.39
12985,12985,credit_card,1,395.38
12986,12986,voucher,1,1569.22
12987,12987,boleto,1,4905.65
12988,12988,debit_card,1,192.58
12989,12989,boleto,1,3238.32
12990,12990,voucher,1,3876.72
12991,12991,credit_card,6,2284.48
12992,12992,boleto,1,56.88
12993,12993,debit_card,1,19825.71
12994,12994,boleto,1,1467.94
12995,12995,boleto,1,355.64
12996,12996,debit_card,1,132.17
12997,12997,debit_card,1,264.4
12998,12998,voucher,1,893.0
12999,12999,boleto,1,1899.19
13000,13000,credit_card,3,4316.16
13001,13001,credit_card,4,2232.57
13002,13002,boleto,1,1593.44
13003,13003,boleto,1,852.32
13004,13004,voucher,1,344.68
13005,13005,boleto,1,3544.1
13006,13006,debit_card,1,146.13
13007,13007,boleto,1,166.36
13008,13008,voucher,1,4147.59
13009,13009,credit_card,1,1702.71
13010,13010,debit_card,1,509.23
13011,13011,credit_card,10,2204.9
13012,13012,voucher,1,1451.1
13013,13013,voucher,1,1886.59
13014,13014,voucher,1,5029.73
13015,13015,boleto,1,1857.85
13016,13016,voucher,1,1926.08
13017,13017,debit_card,1,2035.94
13018,13018,debit_card,1,961.48
13019,13019,boleto,1,4580.29
13020,13020,voucher,1,218.73
13021,13021,credit_card,1,1881.26
13022,13022,boleto,1,776.15
13023,13023,boleto,1,793.68
13024,13024,boleto,1,2639.43
13025,13025,debit_card,1,1468.53
13026,13026,debit_card,1,108.89
13027,13027,boleto,1,473.72
13028,13028,credit_card,1,297.53
13029,13029,credit_card,1,13607.61
13030,13030,voucher,1,93.01
13031,13031,boleto,1,979.94
13032,13032,debit_card,1,531.91
13033,13033,credit_card,1,2969.87
13034,13034,credit_card,4,1772.84
13035,13035,boleto,1,1595.84
13036,13036,credit_card,3,4105.36
13037,13037,credit_card,1,701.56
13038,13038,credit_card,6,2468.73
13039,13039,debit_card,1,5008.65
13040,13040,voucher,1,8112.68
13041,13041,boleto,1,810.62
13042,13042,credit_card,3,1982.26
13043,13043,debit_card,1,413.48
13044,13044,debit_card,1,625.5
13045,13045,voucher,1,294.34
13046,13046,credit_card,1,4258.53
13047,13047,boleto,1,1554.95
13048,13048,debit_card,1,2060.18
13049,13049,voucher,1,172.66
13050,13050,debit_card,1,1977.77
13051,13051,voucher,1,2253.1
13052,13052,boleto,1,3124.55
13053,13053,voucher,1,3993.63
13054,13054,boleto,1,410.47
13055,13055,credit_card,3,4571.5
13056,13056,debit_card,1,556.19
13057,13057,boleto,1,776.65
13058,13058,debit_card,1,1122.12
13059,13059,credit_card,6,224.89
13060,13060,credit_card,4,1049.52
13061,13061,debit_card,1,652.61
13062,13062,voucher,1,3575.52
13063,13063,debit_card,1,3723.4
13064,13064,voucher,1,2912.61
13065,13065,boleto,1,282.18
13066,13066,debit_card,1,203.27
13067,13067,voucher,1,4484.23
13068,13068,boleto,1,1772.55
13069,13069,credit_card,1,139.29
13070,13070,credit_card,2,1225.87
13071,13071,voucher,1,4362.64
13072,13072,credit_card,1,140.4
13073,13073,voucher,1,75.69
13074,13074,debit_card,1,4657.4
13075,13075,boleto,1,3723.74
13076,13076,debit_card,1,50.4
13077,13077,boleto,1,2152.75
13078,13078,voucher,1,10110.07
13079,13079,boleto,1,292.96
13080,13080,credit_card,1,288.91
13081,13081,debit_card,1,1702.37
13082,13082,boleto,1,115.7
13083,13083,debit_card,1,1772.5
13084,13084,voucher,1,10708.11
13085,13085,debit_card,1,3231.42
13086,13086,voucher,1,585.52
13087,13087,debit_card,1,7322.52
13088,13088,boleto,1,3037.14
13089,13089,debit_card,1,1643.06
13090,13090,credit_card,6,1745.21
13091,13091,voucher,1,811.56
13092,13092,boleto,1,101.28
13093,13093,credit_card,3,4062.98
13094,13094,debit_card,1,836.27
13095,13095,boleto,1,2882.45
13096,13096,boleto,1,442.8
13097,13097,voucher,1,204.23
13098,13098,boleto,1,463.2
13099,13099,boleto,1,3781.93
13100,13100,voucher,1,1280.82
13101,13101,debit_card,1,1279.49
13102,13102,boleto,1,877.13
13103,13103,credit_card,1,224.69
13104,13104,voucher,1,365.48
13105,13105,debit_card,1,421.57
13106,13106,voucher,1,4150.83
13107,13107,credit_card,1,980.95
13108,13108,credit_card,3,1818.45
13109,13109,debit_card,1,770.53
13110,13110,credit_card,1,5760.96
13111,13111,voucher,1,292.81
13112,13112,debit_card,1,722.01
13113,13113,debit_card,1,822.29
13114,13114,voucher,1,3694.23
13115,13115,debit_card,1,684.45
13116,13116,debit_card,1,4540.09
13117,13117,debit_card,1,527.77
13118,13118,boleto,1,237.27
13119,13119,boleto,1,4259.53
13120,13120,debit_card,1,926.73
13121,13121,debit_card,1,1763.73
13122,13122,debit_card,1,3212.04
13123,13123,boleto,1,2566.05
13124,13124,debit_card,1,747.71
13125,13125,boleto,1,447.6
13126,13126,debit_card,1,72.0
13127,13127,boleto,1,748.15
13128,13128,debit_card,1,865.27
13129,13129,credit_card,10,1111.4
13130,13130,voucher,1,6016.11
13131,13131,boleto,1,197.1
13132,13132,voucher,1,2230.98
13133,13133,voucher,1,3590.01
13134,13134,credit_card,1,4721.14
13135,13135,voucher,1,1515.14
13136,13136,credit_card,10,2920.78
13137,13137,voucher,1,3623.62
13138,13138,credit_card,1,418.07
13139,13139,debit_card,1,121.26
13140,13140,voucher,1,4204.45
13141,13141,boleto,1,6483.25
13142,13142,boleto,1,4542.31
13143,13143,boleto,1,108.23
13144,13144,voucher,1,600.37
13145,13145,credit_card,4,5725.35
13146,13146,voucher,1,1256.29
13147,13147,debit_card,1,862.64
13148,13148,boleto,1,1210.04
13149,13149,credit_card,3,7961.12
13150,13150,boleto,1,2478.66
13151,13151,voucher,1,374.07
13152,13152,debit_card,1,1606.35
13153,13153,boleto,1,2727.76
13154,13154,debit_card,1,1219.18
13155,13155,boleto,1,2200.03
13156,13156,voucher,1,165.87
13157,13157,credit_card,1,109.9
13158,13158,debit_card,1,2376.26
13159,13159,credit_card,1,110.45
13160,13160,debit_card,1,210.78
13161,13161,credit_card,6,2487.68
13162,13162,credit_card,1,102.62
13163,13163,voucher,1,614.31
13164,13164,credit_card,3,1141.55
13165,13165,debit_card,1,4124.1
13166,13166,voucher,1,1423.47
13167,13167,voucher,1,1736.13
13168,13168,credit_card,1,3023.85
13169,13169,voucher,1,138.14
13170,13170,voucher,1,4591.16
13171,13171,boleto,1,2572.08
13172,13172,voucher,1,240.49
13173,13173,voucher,1,2096.35
13174,13174,boleto,1,2578.3
13175,13175,credit_card,1,511.1
13176,13176,credit_card,1,140.33
13177,13177,credit_card,1,62.26
13178,13178,debit_card,1,8282.78
13179,13179,debit_card,1,2982.92
13180,13180,credit_card,1,769.39
13181,13181,credit_card,6,1157.61
13182,13182,boleto,1,1275.26
13183,13183,debit_card,1,326.88
13184,13184,boleto,1,3373.48
13185,13185,debit_card,1,124.63
13186,13186,voucher,1,907.33
13187,13187,credit_card,1,890.69
13188,13188,voucher,1,17803.43
13189,13189,boleto,1,65.27
13190,13190,debit_card,1,668.89
13191,13191,voucher,1,6805.31
13192,13192,boleto,1,80.51
13193,13193,credit_card,1,166.94
13194,13194,credit_card,6,1950.93
13195,13195,boleto,1,2427.3
13196,13196,credit_card,1,1713.59
13197,13197,boleto,1,115.42
13198,13198,debit_card,1,358.6
13199,13199,boleto,1,896.65
13200,13200,credit_card,10,338.22
13201,13201,credit_card,1,180.99
13202,13202,boleto,1,2070.89
13203,13203,credit_card,4,234.1
13204,13204,credit_card,1,11405.4
13205,13205,debit_card,1,314.68
13206,13206,debit_card,1,280.89
13207,13207,debit_card,1,558.5
13208,13208,voucher,1,146.26
13209,13209,boleto,1,706.14
13210,13210,debit_card,1,104.65
13211,13211,credit_card,3,2150.01
13212,13212,voucher,1,9198.05
13213,13213,voucher,1,2400.52
13214,13214,boleto,1,469.72
13215,13215,debit_card,1,150.96
13216,13216,voucher,1,1556.06
13217,13217,credit_card,10,764.47
13218,13218,credit_card,1,1395.58
13219,13219,boleto,1,1282.11
13220,13220,credit_card,1,1070.97
13221,13221,voucher,1,139.36
13222,13222,debit_card,1,1627.24
13223,13223,voucher,1,290.95
13224,13224,credit_card,1,80.92
13225,13225,credit_card,1,64.14
13226,13226,voucher,1,1369.37
13227,13227,voucher,1,980.81
13228,13228,boleto,1,869.7
13229,13229,boleto,1,2443.0
13230,13230,debit_card,1,3048.63
13231,13231,boleto,1,482.65
13232,13232,credit_card,2,2715.19
13233,13233,credit_card,1,5276.13
13234,13234,credit_card,3,1031.58
13235,13235,voucher,1,2320.34
13236,13236,boleto,1,558.09
13237,13237,credit_card,6,5588.95
13238,13238,debit_card,1,5500.63
13239,13239,debit_card,1,943.89
13240,13240,boleto,1,2774.05
13241,13241,credit_card,1,1900.69
13242,13242,debit_card,1,1404.68
13243,13243,debit_card,1,1478.19
13244,13244,credit_card,1,457.93
13245,13245,credit_card,2,5072.04
13246,13246,debit_card,1,3828.34
13247,13247,debit_card,1,758.9
13248,13248,boleto,1,1644.17
13249,13249,credit_card,1,169.44
13250,13250,credit_card,1,1338.37
13251,13251,voucher,1,71.01
13252,13252,boleto,1,214.01
13253,13253,voucher,1,12603.73
13254,13254,voucher,1,898.2
13255,13255,credit_card,2,358.42
13256,13256,credit_card,1,192.09
13257,13257,boleto,1,823.1
13258,13258,debit_card,1,1197.4
13259,13259,boleto,1,498.39
13260,13260,debit_card,1,425.4
13261,13261,debit_card,1,160.92
13262,13262,credit_card,1,250.57
13263,13263,debit_card,1,4033.14
13264,13264,credit_card,6,1891.67
13265,13265,debit_card,1,2664.64
13266,13266,debit_card,1,77.62
13267,13267,boleto,1,930.72
13268,13268,credit_card,1,158.02
13269,13269,debit_card,1,867.12
13270,13270,voucher,1,7523.67
13271,13271,voucher,1,1047.8
13272,13272,boleto,1,586.02
13273,13273,voucher,1,114.24
13274,13274,voucher,1,1355.18
13275,13275,debit_card,1,409.1
13276,13276,voucher,1,4564.29
13277,13277,voucher,1,3503.8
13278,13278,boleto,1,2158.79
13279,13279,credit_card,4,962.54
13280,13280,credit_card,1,487.79
13281,13281,debit_card,1,271.28
13282,13282,debit_card,1,1193.19
13283,13283,voucher,1,532.95
13284,13284,debit_card,1,1090.25
13285,13285,credit_card,10,670.42
13286,13286,debit_card,1,2705.91
13287,13287,boleto,1,484.56
13288,13288,debit_card,1,146.39
13289,13289,credit_card,1,75.57
13290,13290,debit_card,1,1836.17
13291,13291,credit_card,1,1364.67
13292,13292,voucher,1,1586.71
13293,13293,debit_card,1,84.33
13294,13294,voucher,1,410.85
13295,13295,credit_card,1,1385.68
13296,13296,debit_card,1,1443.97
13297,13297,credit_card,1,6242.42
13298,13298,debit_card,1,672.71
13299,13299,credit_card,1,187.9
13300,13300,debit_card,1,5041.99
13301,13301,boleto,1,462.86
13302,13302,credit_card,1,3352.95
13303,13303,voucher,1,4085.49
13304,13304,credit_card,1,2722.77
13305,13305,voucher,1,244.21
13306,13306,debit_card,1,4572.55
13307,13307,credit_card,3,2633.34
13308,13308,boleto,1,148.32
13309,13309,credit_card,2,273.71
13310,13310,credit_card,2,439.05
13311,13311,boleto,1,510.14
13312,13312,voucher,1,6198.68
13313,13313,debit_card,1,2820.8
13314,13314,credit_card,1,2353.07
13315,13315,boleto,1,9008.89
13316,13316,boleto,1,2906.39
13317,13317,boleto,1,2219.1
13318,13318,voucher,1,559.67
13319,13319,voucher,1,2436.02
13320,13320,boleto,1,1983.43
13321,13321,credit_card,1,138.16
13322,13322,boleto,1,2971.92
13323,13323,boleto,1,323.88
13324,13324,debit_card,1,1732.8
13325,13325,voucher,1,149.77
13326,13326,boleto,1,3349.4
13327,13327,voucher,1,1285.32
13328,13328,voucher,1,4738.33
13329,13329,boleto,1,967.69
13330,13330,voucher,1,361.23
13331,13331,voucher,1,3264.45
13332,13332,voucher,1,4254.41
13333,13333,credit_card,1,1245.69
13334,13334,credit_card,1,2265.16
13335,13335,boleto,1,2661.59
13336,13336,debit_card,1,4089.11
13337,13337,boleto,1,3273.87
13338,13338,boleto,1,1064.94
13339,13339,debit_card,1,1552.8
13340,13340,boleto,1,616.23
13341,13341,boleto,1,590.67
13342,13342,voucher,1,568.46
13343,13343,boleto,1,1343.79
13344,13344,voucher,1,1738.89
13345,13345,voucher,1,3069.16
13346,13346,voucher,1,481.13
13347,13347,debit_card,1,891.83
13348,13348,voucher,1,2595.06
13349,13349,voucher,1,936.54
13350,13350,debit_card,1,5290.78
13351,13351,voucher,1,1661.14
13352,13352,voucher,1,240.99
13353,13353,boleto,1,1169.77
13354,13354,boleto,1,650.52
13355,13355,debit_card,1,4168.8
13356,13356,credit_card,2,3295.53
13357,13357,credit_card,2,363.17
13358,13358,debit_card,1,223.66
13359,13359,voucher,1,3242.03
13360,13360,boleto,1,203.27
13361,13361,voucher,1,3583.22
13362,13362,voucher,1,888.76
13363,13363,boleto,1,456.75
13364,13364,voucher,1,175.78
13365,13365,voucher,1,181.54
13366,13366,debit_card,1,14429.86
13367,13367,credit_card,1,225.16
13368,13368,credit_card,1,3656.47
13369,13369,boleto,1,8072.73
13370,13370,boleto,1,134.33
13371,13371,debit_card,1,193.21
13372,13372,voucher,1,678.1
13373,13373,debit_card,1,930.35
13374,13374,boleto,1,343.08
13375,13375,boleto,1,844.62
13376,13376,credit_card,1,1140.46
13377,13377,boleto,1,638.18
13378,13378,boleto,1,4616.55
13379,13379,credit_card,1,2999.01
13380,13380,credit_card,1,853.79
13381,13381,debit_card,1,545.13
13382,13382,voucher,1,4875.49
13383,13383,voucher,1,1174.89
13384,13384,boleto,1,298.44
13385,13385,credit_card,1,276.54
13386,13386,credit_card,6,710.56
13387,13387,credit_card,1,873.31
13388,13388,credit_card,6,5462.42
13389,13389,debit_card,1,590.87
13390,13390,credit_card,6,497.33
13391,13391,debit_card,1,7815.61
13392,13392,credit_card,10,1180.35
13393,13393,credit_card,3,874.67
13394,13394,voucher,1,687.52
13395,13395,debit_card,1,6327.85
13396,13396,credit_card,4,1577.89
13397,13397,credit_card,1,145.64
13398,13398,credit_card,1,2682.59
13399,13399,boleto,1,67.31
13400,13400,voucher,1,1221.82
13401,13401,voucher,1,354.14
13402,13402,debit_card,1,91.77
13403,13403,voucher,1,4516.87
13404,13404,boleto,1,1892.72
13405,13405,debit_card,1,2276.64
13406,13406,credit_card,1,251.01
13407,13407,voucher,1,272.03
13408,13408,boleto,1,3715.34
13409,13409,voucher,1,1229.69
13410,13410,debit_card,1,1294.16
13411,13411,boleto,1,533.79
13412,13412,credit_card,3,270.64
13413,13413,debit_card,1,1108.38
13414,13414,voucher,1,909.06
13415,13415,debit_card,1,426.54
13416,13416,boleto,1,3978.15
13417,13417,debit_card,1,1129.41
13418,13418,boleto,1,1377.78
13419,13419,boleto,1,328.28
13420,13420,credit_card,4,3810.54
13421,13421,debit_card,1,1225.64
13422,13422,voucher,1,3602.29
13423,13423,debit_card,1,911.44
13424,13424,debit_card,1,1101.82
13425,13425,credit_card,10,962.51
13426,13426,debit_card,1,2558.01
13427,13427,debit_card,1,110.48
13428,13428,debit_card,1,2192.52
13429,13429,credit_card,3,1172.47
13430,13430,credit_card,1,1952.28
13431,13431,boleto,1,2760.89
13432,13432,boleto,1,6132.21
13433,13433,debit_card,1,491.23
13434,13434,credit_card,1,286.71
13435,13435,debit_card,1,662.97
13436,13436,debit_card,1,3505.84
13437,13437,debit_card,1,849.52
13438,13438,credit_card,1,3074.48
13439,13439,voucher,1,2463.37
13440,13440,debit_card,1,1059.08
13441,13441,boleto,1,3402.14
13442,13442,credit_card,1,379.34
13443,13443,debit_card,1,546.47
13444,13444,debit_card,1,5333.33
13445,13445,debit_card,1,2367.0
13446,13446,debit_card,1,4728.16
13447,13447,credit_card,4,1553.62
13448,13448,debit_card,1,379.23
13449,13449,debit_card,1,2640.68
13450,13450,credit_card,6,959.55
13451,13451,debit_card,1,1238.83
13452,13452,debit_card,1,2197.32
13453,13453,voucher,1,1698.68
13454,13454,debit_card,1,463.31
13455,13455,debit_card,1,762.13
13456,13456,boleto,1,2339.38
13457,13457,debit_card,1,746.1
13458,13458,credit_card,2,1063.53
13459,13459,voucher,1,4397.11
13460,13460,boleto,1,3761.69
13461,13461,credit_card,1,4797.5
13462,13462,voucher,1,192.57
13463,13463,boleto,1,3201.2
13464,13464,credit_card,4,273.89
13465,13465,boleto,1,5150.46
13466,13466,boleto,1,84.94
13467,13467,debit_card,1,59.1
13468,13468,debit_card,1,298.37
13469,13469,credit_card,1,510.88
13470,13470,debit_card,1,1248.86
13471,13471,voucher,1,1756.99
13472,13472,boleto,1,5865.63
13473,13473,credit_card,10,1271.35
13474,13474,boleto,1,4265.08
13475,13475,voucher,1,318.79
13476,13476,debit_card,1,630.51
13477,13477,boleto,1,274.44
13478,13478,debit_card,1,1810.28
13479,13479,credit_card,1,975.21
13480,13480,boleto,1,909.61
13481,13481,debit_card,1,1358.46
13482,13482,voucher,1,3051.22
13483,13483,credit_card,1,449.43
13484,13484,boleto,1,196.84
13485,13485,boleto,1,1352.33
13486,13486,debit_card,1,5830.85
13487,13487,voucher,1,9136.04
13488,13488,voucher,1,288.34
13489,13489,credit_card,3,882.45
13490,13490,credit_card,1,65.43
13491,13491,credit_card,2,1357.06
13492,13492,boleto,1,1668.23
13493,13493,credit_card,2,3928.9
13494,13494,voucher,1,1358.92
13495,13495,voucher,1,7305.88
13496,13496,credit_card,1,441.91
13497,13497,credit_card,6,1986.83
13498,13498,voucher,1,925.58
13499,13499,voucher,1,1368.66
13500,13500,boleto,1,307.65
13501,13501,boleto,1,238.75
13502,13502,voucher,1,853.28
13503,13503,voucher,1,122.37
13504,13504,debit_card,1,1248.56
13505,13505,debit_card,1,350.18
13506,13506,boleto,1,726.25
13507,13507,debit_card,1,3333.36
13508,13508,debit_card,1,297.87
13509,13509,voucher,1,3128.11
13510,13510,debit_card,1,1525.09
13511,13511,boleto,1,2873.49
13512,13512,debit_card,1,2923.88
13513,13513,credit_card,3,2785.13
13514,13514,credit_card,4,2234.35
13515,13515,voucher,1,248.62
13516,13516,debit_card,1,422.33
13517,13517,debit_card,1,3162.82
13518,13518,voucher,1,35.6
13519,13519,credit_card,10,906.37
13520,13520,credit_card,1,594.27
13521,13521,credit_card,6,1295.64
13522,13522,boleto,1,6000.56
13523,13523,boleto,1,2816.58
13524,13524,voucher,1,1446.66
13525,13525,debit_card,1,6563.43
13526,13526,voucher,1,4770.38
13527,13527,voucher,1,1377.88
13528,13528,debit_card,1,7148.39
13529,13529,credit_card,1,842.35
13530,13530,boleto,1,2424.78
13531,13531,debit_card,1,616.34
13532,13532,boleto,1,1312.68
13533,13533,credit_card,10,591.09
13534,13534,boleto,1,762.8
13535,13535,credit_card,1,204.49
13536,13536,credit_card,1,4519.66
13537,13537,credit_card,10,661.51
13538,13538,voucher,1,3602.73
13539,13539,credit_card,1,2919.67
13540,13540,credit_card,4,7917.36
13541,13541,boleto,1,549.56
13542,13542,boleto,1,127.95
13543,13543,boleto,1,4367.99
13544,13544,boleto,1,78.11
13545,13545,credit_card,2,458.82
13546,13546,boleto,1,2414.34
13547,13547,debit_card,1,4794.58
13548,13548,boleto,1,340.21
13549,13549,credit_card,1,229.44
13550,13550,credit_card,3,1038.15
13551,13551,boleto,1,792.6
13552,13552,boleto,1,2203.18
13553,13553,boleto,1,6429.02
13554,13554,voucher,1,847.03
13555,13555,voucher,1,12852.85
13556,13556,boleto,1,5581.82
13557,13557,boleto,1,251.34
13558,13558,credit_card,1,3532.19
13559,13559,debit_card,1,703.75
13560,13560,voucher,1,3569.24
13561,13561,credit_card,4,1383.82
13562,13562,debit_card,1,67.42
13563,13563,boleto,1,61.43
13564,13564,credit_card,1,1883.12
13565,13565,debit_card,1,62.23
13566,13566,voucher,1,2382.09
13567,13567,voucher,1,216.45
13568,13568,voucher,1,245.59
13569,13569,boleto,1,485.62
13570,13570,credit_card,1,429.57
13571,13571,boleto,1,1262.53
13572,13572,boleto,1,770.31
13573,13573,debit_card,1,98.8
13574,13574,voucher,1,816.21
13575,13575,debit_card,1,5571.66
13576,13576,credit_card,1,195.59
13577,13577,debit_card,1,2944.3
13578,13578,credit_card,1,55.99
13579,13579,credit_card,1,44.18
13580,13580,boleto,1,476.58
13581,13581,voucher,1,542.69
13582,13582,voucher,1,7326.58
13583,13583,credit_card,6,2753.48
13584,13584,credit_card,10,2956.57
13585,13585,boleto,1,3339.47
13586,13586,debit_card,1,5341.66
13587,13587,boleto,1,1878.53
13588,13588,boleto,1,3773.85
13589,13589,debit_card,1,4129.19
13590,13590,credit_card,6,3459.74
13591,13591,boleto,1,263.09
13592,13592,debit_card,1,3755.53
13593,13593,boleto,1,1469.76
13594,13594,boleto,1,5573.64
13595,13595,boleto,1,4979.13
13596,13596,boleto,1,4313.8
13597,13597,voucher,1,361.0
13598,13598,voucher,1,1854.03
13599,13599,boleto,1,660.13
13600,13600,voucher,1,2093.0
13601,13601,debit_card,1,669.62
13602,13602,debit_card,1,1564.2
13603,13603,voucher,1,451.28
13604,13604,voucher,1,527.93
13605,13605,debit_card,1,592.14
13606,13606,credit_card,1,9443.94
13607,13607,boleto,1,1110.5
13608,13608,boleto,1,1432.84
13609,13609,voucher,1,10592.27
13610,13610,voucher,1,1877.02
13611,13611,voucher,1,537.92
13612,13612,credit_card,1,328.24
13613,13613,voucher,1,1079.54
13614,13614,boleto,1,2049.7
13615,13615,boleto,1,781.77
13616,13616,credit_card,10,478.31
13617,13617,debit_card,1,123.32
13618,13618,voucher,1,1678.02
13619,13619,boleto,1,167.39
13620,13620,voucher,1,5486.79
13621,13621,debit_card,1,378.13
13622,13622,credit_card,1,3388.78
13623,13623,voucher,1,1842.58
13624,13624,debit_card,1,245.97
13625,13625,boleto,1,553.84
13626,13626,voucher,1,643.15
13627,13627,debit_card,1,3609.79
13628,13628,debit_card,1,1465.46
13629,13629,debit_card,1,361.22
13630,13630,debit_card,1,979.16
13631,13631,voucher,1,260.09
13632,13632,debit_card,1,6912.71
13633,13633,credit_card,10,1833.63
13634,13634,boleto,1,257.36
13635,13635,debit_card,1,118.4
13636,13636,boleto,1,7517.7
13637,13637,debit_card,1,4716.05
13638,13638,debit_card,1,872.06
13639,13639,voucher,1,2957.78
13640,13640,credit_card,1,67.57
13641,13641,voucher,1,1900.99
13642,13642,credit_card,1,3174.86
13643,13643,credit_card,6,1220.95
13644,13644,voucher,1,6027.58
13645,13645,boleto,1,2294.22
13646,13646,voucher,1,4789.29
13647,13647,voucher,1,196.03
13648,13648,boleto,1,456.1
13649,13649,boleto,1,1744.3
13650,13650,voucher,1,617.95
13651,13651,boleto,1,5940.99
13652,13652,voucher,1,4375.21
13653,13653,boleto,1,2511.13
13654,13654,boleto,1,470.73
13655,13655,voucher,1,402.84
13656,13656,voucher,1,650.26
13657,13657,debit_card,1,1523.33
13658,13658,credit_card,1,1496.65
13659,13659,debit_card,1,925.47
13660,13660,credit_card,1,2194.39
13661,13661,voucher,1,432.53
13662,13662,debit_card,1,1140.07
13663,13663,boleto,1,1373.24
13664,13664,credit_card,2,7543.9
13665,13665,boleto,1,730.87
13666,13666,boleto,1,4594.58
13667,13667,debit_card,1,13148.95
13668,13668,credit_card,3,2941.91
13669,13669,boleto,1,1107.25
13670,13670,voucher,1,377.81
13671,13671,credit_card,1,2143.53
13672,13672,credit_card,10,785.3
13673,13673,boleto,1,1493.02
13674,13674,credit_card,2,540.32
13675,13675,voucher,1,5598.55
13676,13676,boleto,1,2529.07
13677,13677,boleto,1,132.43
13678,13678,credit_card,2,1799.8
13679,13679,voucher,1,3688.28
13680,13680,credit_card,1,2696.74
13681,13681,voucher,1,1457.22
13682,13682,credit_card,3,724.8
13683,13683,debit_card,1,348.5
13684,13684,voucher,1,1439.26
13685,13685,credit_card,2,2225.34
13686,13686,debit_card,1,761.07
13687,13687,debit_card,1,1933.29
13688,13688,credit_card,1,4009.37
13689,13689,boleto,1,3649.33
13690,13690,debit_card,1,691.81
13691,13691,boleto,1,806.49
13692,13692,voucher,1,667.46
13693,13693,credit_card,1,342.28
13694,13694,boleto,1,5153.06
13695,13695,boleto,1,217.77
13696,13696,credit_card,10,1027.8
13697,13697,credit_card,1,139.24
13698,13698,credit_card,1,687.09
13699,13699,credit_card,1,140.88
13700,13700,debit_card,1,786.47
13701,13701,debit_card,1,427.52
13702,13702,credit_card,6,706.27
13703,13703,credit_card,3,462.7
13704,13704,debit_card,1,5203.91
13705,13705,debit_card,1,4346.3
13706,13706,debit_card,1,1691.98
13707,13707,debit_card,1,1542.38
13708,13708,debit_card,1,3567.82
13709,13709,debit_card,1,733.72
13710,13710,debit_card,1,2021.11
13711,13711,debit_card,1,1928.78
13712,13712,debit_card,1,345.16
13713,13713,voucher,1,3304.49
13714,13714,credit_card,6,5347.07
13715,13715,voucher,1,3141.66
13716,13716,debit_card,1,2856.86
13717,13717,voucher,1,5575.74
13718,13718,credit_card,4,1066.82
13719,13719,debit_card,1,5756.31
13720,13720,debit_card,1,743.17
13721,13721,boleto,1,816.63
13722,13722,voucher,1,3115.48
13723,13723,voucher,1,913.57
13724,13724,debit_card,1,152.01
13725,13725,credit_card,1,246.33
13726,13726,credit_card,1,75.22
13727,13727,voucher,1,883.06
13728,13728,voucher,1,289.08
13729,13729,voucher,1,1512.97
13730,13730,debit_card,1,1575.06
13731,13731,credit_card,2,5492.97
13732,13732,debit_card,1,3936.64
13733,13733,voucher,1,573.24
13734,13734,boleto,1,4266.52
13735,13735,credit_card,1,3584.53
13736,13736,credit_card,1,491.78
13737,13737,credit_card,6,6335.31
13738,13738,voucher,1,2593.3
13739,13739,credit_card,1,1964.63
13740,13740,voucher,1,555.62
13741,13741,voucher,1,1575.9
13742,13742,credit_card,10,1830.81
13743,13743,voucher,1,254.58
13744,13744,debit_card,1,8030.99
13745,13745,voucher,1,9701.32
13746,13746,credit_card,1,60.73
13747,13747,credit_card,6,221.61
13748,13748,voucher,1,1127.59
13749,13749,voucher,1,466.34
13750,13750,boleto,1,862.27
13751,13751,credit_card,1,183.9
13752,13752,debit_card,1,3323.27
13753,13753,voucher,1,1541.71
13754,13754,boleto,1,400.05
13755,13755,credit_card,1,50.21
13756,13756,credit_card,1,78.43
13757,13757,debit_card,1,1494.48
13758,13758,voucher,1,124.65
13759,13759,voucher,1,647.7
13760,13760,boleto,1,359.34
13761,13761,voucher,1,2251.68
13762,13762,voucher,1,1229.55
13763,13763,debit_card,1,1367.03
13764,13764,boleto,1,2889.81
13765,13765,debit_card,1,11767.57
13766,13766,debit_card,1,342.69
13767,13767,debit_card,1,963.06
13768,13768,credit_card,4,9879.29
13769,13769,voucher,1,1114.79
13770,13770,debit_card,1,153.59
13771,13771,credit_card,1,157.86
13772,13772,voucher,1,595.93
13773,13773,credit_card,4,911.3
13774,13774,boleto,1,372.91
13775,13775,debit_card,1,713.01
13776,13776,debit_card,1,391.1
13777,13777,boleto,1,72.79
13778,13778,credit_card,1,1040.56
13779,13779,credit_card,2,260.73
13780,13780,boleto,1,695.37
13781,13781,credit_card,1,144.07
13782,13782,boleto,1,1114.22
13783,13783,boleto,1,600.72
13784,13784,credit_card,3,4071.94
13785,13785,credit_card,4,2308.51
13786,13786,debit_card,1,4131.16
13787,13787,debit_card,1,490.9
13788,13788,debit_card,1,3659.79
13789,13789,boleto,1,3538.97
13790,13790,debit_card,1,282.08
13791,13791,boleto,1,681.99
13792,13792,voucher,1,1483.73
13793,13793,voucher,1,1235.66
13794,13794,boleto,1,2138.35
13795,13795,debit_card,1,2778.67
13796,13796,debit_card,1,4113.83
13797,13797,boleto,1,94.29
13798,13798,debit_card,1,1183.1
13799,13799,debit_card,1,10432.42
13800,13800,voucher,1,1899.98
13801,13801,boleto,1,314.81
13802,13802,debit_card,1,1228.33
13803,13803,credit_card,4,1069.68
13804,13804,voucher,1,1015.72
13805,13805,debit_card,1,258.06
13806,13806,debit_card,1,1072.52
13807,13807,credit_card,1,175.56
13808,13808,credit_card,1,54.52
13809,13809,voucher,1,691.62
13810,13810,debit_card,1,276.44
13811,13811,boleto,1,314.59
13812,13812,debit_card,1,274.49
13813,13813,debit_card,1,6863.06
13814,13814,debit_card,1,351.63
13815,13815,credit_card,1,136.34
13816,13816,credit_card,1,460.64
13817,13817,boleto,1,10050.6
13818,13818,debit_card,1,604.51
13819,13819,voucher,1,7048.45
13820,13820,voucher,1,108.94
13821,13821,debit_card,1,349.25
13822,13822,credit_card,4,1207.03
13823,13823,credit_card,1,1336.45
13824,13824,credit_card,3,442.02
13825,13825,boleto,1,418.65
13826,13826,debit_card,1,1871.71
13827,13827,credit_card,1,2668.88
13828,13828,voucher,1,2464.07
13829,13829,debit_card,1,38.89
13830,13830,boleto,1,162.35
13831,13831,boleto,1,1828.21
13832,13832,credit_card,1,64.96
13833,13833,voucher,1,288.65
13834,13834,credit_card,1,119.55
13835,13835,boleto,1,1398.59
13836,13836,boleto,1,1023.03
13837,13837,voucher,1,617.33
13838,13838,debit_card,1,1419.35
13839,13839,voucher,1,339.22
13840,13840,credit_card,1,135.84
13841,13841,voucher,1,83.56
13842,13842,credit_card,10,1443.28
13843,13843,credit_card,1,422.25
13844,13844,voucher,1,2702.49
13845,13845,boleto,1,4061.0
13846,13846,debit_card,1,848.41
13847,13847,boleto,1,95.51
13848,13848,boleto,1,547.97
13849,13849,voucher,1,9657.87
13850,13850,credit_card,1,494.96
13851,13851,voucher,1,1529.86
13852,13852,debit_card,1,3276.08
13853,13853,boleto,1,120.72
13854,13854,debit_card,1,1081.15
13855,13855,voucher,1,1362.51
13856,13856,boleto,1,1722.18
13857,13857,boleto,1,4347.19
13858,13858,boleto,1,206.39
13859,13859,credit_card,1,1420.42
13860,13860,boleto,1,55.92
13861,13861,debit_card,1,5860.37
13862,13862,debit_card,1,1786.74
13863,13863,debit_card,1,3139.24
13864,13864,voucher,1,559.78
13865,13865,credit_card,1,3204.61
13866,13866,credit_card,1,2589.85
13867,13867,voucher,1,3077.62
13868,13868,voucher,1,2499.57
13869,13869,voucher,1,1048.1
13870,13870,credit_card,1,4833.39
13871,13871,credit_card,1,110.36
13872,13872,boleto,1,179.05
13873,13873,boleto,1,313.88
13874,13874,credit_card,4,2932.38
13875,13875,credit_card,6,449.46
13876,13876,voucher,1,1183.32
13877,13877,credit_card,6,711.16
13878,13878,boleto,1,785.75
13879,13879,voucher,1,1624.48
13880,13880,debit_card,1,2545.87
13881,13881,boleto,1,1930.92
13882,13882,boleto,1,402.4
13883,13883,boleto,1,900.42
13884,13884,debit_card,1,525.94
13885,13885,credit_card,1,150.02
13886,13886,voucher,1,3584.4
13887,13887,debit_card,1,1298.15
13888,13888,debit_card,1,5522.55
13889,13889,boleto,1,214.06
13890,13890,credit_card,1,1626.93
13891,13891,voucher,1,509.87
13892,13892,voucher,1,6025.47
13893,13893,debit_card,1,463.68
13894,13894,debit_card,1,6152.06
13895,13895,debit_card,1,194.45
13896,13896,boleto,1,2961.26
13897,13897,debit_card,1,1003.07
13898,13898,debit_card,1,84.81
13899,13899,voucher,1,177.58
13900,13900,credit_card,1,95.01
13901,13901,boleto,1,97.71
13902,13902,credit_card,1,9729.99
13903,13903,boleto,1,4927.83
13904,13904,voucher,1,1433.03
13905,13905,boleto,1,716.37
13906,13906,boleto,1,435.14
13907,13907,voucher,1,2215.18
13908,13908,voucher,1,5804.91
13909,13909,credit_card,10,10768.15
13910,13910,voucher,1,1905.13
13911,13911,voucher,1,821.59
13912,13912,debit_card,1,75.48
13913,13913,debit_card,1,1035.78
13914,13914,voucher,1,2086.25
13915,13915,voucher,1,3191.51
13916,13916,credit_card,3,1896.22
13917,13917,voucher,1,678.45
13918,13918,debit_card,1,230.87
13919,13919,voucher,1,2708.93
13920,13920,credit_card,2,547.29
13921,13921,voucher,1,585.86
13922,13922,credit_card,3,448.01
13923,13923,debit_card,1,9209.9
13924,13924,debit_card,1,1970.81
13925,13925,credit_card,1,1268.86
13926,13926,boleto,1,3665.87
13927,13927,credit_card,3,3062.21
13928,13928,voucher,1,533.44
13929,13929,debit_card,1,261.65
13930,13930,debit_card,1,3940.14
13931,13931,debit_card,1,6510.54
13932,13932,boleto,1,3072.71
13933,13933,boleto,1,1905.65
13934,13934,voucher,1,101.64
13935,13935,credit_card,1,5935.55
13936,13936,voucher,1,1593.7
13937,13937,debit_card,1,866.06
13938,13938,boleto,1,320.96
13939,13939,voucher,1,1800.67
13940,13940,debit_card,1,773.38
13941,13941,voucher,1,2014.98
13942,13942,debit_card,1,3634.79
13943,13943,boleto,1,4502.35
13944,13944,voucher,1,431.69
13945,13945,debit_card,1,2044.92
13946,13946,credit_card,6,2449.61
13947,13947,boleto,1,228.01
13948,13948,boleto,1,1062.84
13949,13949,credit_card,1,133.92
13950,13950,boleto,1,337.97
13951,13951,debit_card,1,306.05
13952,13952,boleto,1,2699.34
13953,13953,voucher,1,2589.37
13954,13954,boleto,1,2882.32
13955,13955,debit_card,1,85.22
13956,13956,boleto,1,1502.52
13957,13957,debit_card,1,2948.98
13958,13958,credit_card,10,994.42
13959,13959,debit_card,1,3996.91
13960,13960,voucher,1,296.59
13961,13961,voucher,1,326.03
13962,13962,credit_card,1,253.93
13963,13963,boleto,1,934.89
13964,13964,credit_card,3,414.25
13965,13965,boleto,1,596.54
13966,13966,debit_card,1,2298.16
13967,13967,voucher,1,1030.64
13968,13968,voucher,1,1881.52
13969,13969,debit_card,1,1166.75
13970,13970,debit_card,1,5577.01
13971,13971,credit_card,1,6308.23
13972,13972,debit_card,1,1595.21
13973,13973,credit_card,1,3081.42
13974,13974,voucher,1,1347.78
13975,13975,credit_card,10,2140.54
13976,13976,boleto,1,6414.92
13977,13977,boleto,1,287.01
13978,13978,boleto,1,108.92
13979,13979,credit_card,2,347.11
13980,13980,voucher,1,4702.82
13981,13981,debit_card,1,418.67
13982,13982,voucher,1,498.45
13983,13983,voucher,1,8751.87
13984,13984,debit_card,1,7087.17
13985,13985,credit_card,3,476.32
13986,13986,debit_card,1,1556.04
13987,13987,debit_card,1,2561.78
13988,13988,debit_card,1,4275.69
13989,13989,credit_card,1,1723.88
13990,13990,debit_card,1,9415.58
13991,13991,debit_card,1,1079.1
13992,13992,debit_card,1,400.83
13993,13993,debit_card,1,1035.14
13994,13994,debit_card,1,305.68
13995,13995,voucher,1,4115.82
13996,13996,boleto,1,2271.96
13997,13997,credit_card,4,351.73
13998,13998,voucher,1,368.77
13999,13999,debit_card,1,421.75
14000,14000,credit_card,3,216.11
14001,14001,debit_card,1,179.89
14002,14002,boleto,1,2925.88
14003,14003,debit_card,1,5113.01
14004,14004,credit_card,4,7996.45
14005,14005,boleto,1,2192.71
14006,14006,debit_card,1,663.6
14007,14007,boleto,1,297.79
14008,14008,credit_card,1,193.35
14009,14009,boleto,1,296.08
14010,14010,boleto,1,2788.86
14011,14011,debit_card,1,300.87
14012,14012,voucher,1,5044.94
14013,14013,debit_card,1,106.53
14014,14014,debit_card,1,8534.67
14015,14015,debit_card,1,372.7
14016,14016,voucher,1,1064.6
14017,14017,boleto,1,412.0
14018,14018,credit_card,6,535.32
14019,14019,debit_card,1,453.87
14020,14020,voucher,1,393.81
14021,14021,voucher,1,2952.84
14022,14022,credit_card,2,1500.87
14023,14023,credit_card,1,2696.39
14024,14024,boleto,1,2312.16
14025,14025,debit_card,1,619.16
14026,14026,credit_card,3,992.55
14027,14027,debit_card,1,1018.46
14028,14028,credit_card,10,358.87
14029,14029,debit_card,1,2065.97
14030,14030,debit_card,1,340.08
14031,14031,credit_card,1,1632.83
14032,14032,debit_card,1,595.26
14033,14033,voucher,1,3203.25
14034,14034,boleto,1,121.94
14035,14035,debit_card,1,5195.59
14036,14036,boleto,1,2702.82
14037,14037,debit_card,1,2546.27
14038,14038,boleto,1,237.68
14039,14039,voucher,1,656.21
14040,14040,credit_card,6,806.4
14041,14041,voucher,1,1443.34
14042,14042,credit_card,1,5026.98
14043,14043,debit_card,1,217.6
14044,14044,debit_card,1,1344.79
14045,14045,debit_card,1,315.96
14046,14046,credit_card,6,3550.46
14047,14047,boleto,1,6103.44
14048,14048,voucher,1,2038.98
14049,14049,boleto,1,5720.91
14050,14050,voucher,1,2876.26
14051,14051,voucher,1,2754.02
14052,14052,boleto,1,69.76
14053,14053,voucher,1,440.34
14054,14054,voucher,1,2250.74
14055,14055,debit_card,1,1115.52
14056,14056,credit_card,1,878.05
14057,14057,voucher,1,77.57
14058,14058,voucher,1,10244.02
14059,14059,voucher,1,2724.51
14060,14060,boleto,1,89.49
14061,14061,voucher,1,191.39
14062,14062,debit_card,1,2814.84
14063,14063,boleto,1,2025.83
14064,14064,boleto,1,197.69
14065,14065,boleto,1,286.08
14066,14066,credit_card,1,64.99
14067,14067,debit_card,1,747.99
14068,14068,debit_card,1,234.23
14069,14069,boleto,1,224.8
14070,14070,debit_card,1,1807.38
14071,14071,debit_card,1,346.95
14072,14072,credit_card,1,4608.75
14073,14073,voucher,1,426.7
14074,14074,boleto,1,424.78
14075,14075,debit_card,1,2174.31
14076,14076,credit_card,1,401.43
14077,14077,debit_card,1,3284.24
14078,14078,voucher,1,4077.33
14079,14079,voucher,1,3422.91
14080,14080,debit_card,1,129.92
14081,14081,debit_card,1,989.13
14082,14082,debit_card,1,6680.62
14083,14083,boleto,1,4431.48
14084,14084,credit_card,1,149.85
14085,14085,voucher,1,242.47
14086,14086,credit_card,1,539.1
14087,14087,voucher,1,2134.19
14088,14088,debit_card,1,332.38
14089,14089,debit_card,1,493.67
14090,14090,voucher,1,210.9
14091,14091,voucher,1,1669.9
14092,14092,voucher,1,3542.01
14093,14093,debit_card,1,1550.41
14094,14094,credit_card,1,4005.28
14095,14095,credit_card,3,276.44
14096,14096,credit_card,10,735.6
14097,14097,voucher,1,3180.9
14098,14098,voucher,1,1018.71
14099,14099,credit_card,1,1130.69
14100,14100,boleto,1,1409.77
14101,14101,debit_card,1,275.01
14102,14102,debit_card,1,683.31
14103,14103,boleto,1,1637.13
14104,14104,credit_card,1,191.44
14105,14105,credit_card,4,4061.2
14106,14106,debit_card,1,190.79
14107,14107,credit_card,6,3271.0
14108,14108,voucher,1,3750.34
14109,14109,credit_card,1,792.68
14110,14110,credit_card,1,3285.41
14111,14111,credit_card,1,96.89
14112,14112,credit_card,1,4091.94
14113,14113,debit_card,1,1704.59
14114,14114,voucher,1,3230.35
14115,14115,debit_card,1,592.4
14116,14116,voucher,1,2956.61
14117,14117,debit_card,1,2884.23
14118,14118,credit_card,1,7610.64
14119,14119,debit_card,1,116.38
14120,14120,debit_card,1,1654.5
14121,14121,boleto,1,571.93
14122,14122,debit_card,1,1091.06
14123,14123,voucher,1,974.1
14124,14124,credit_card,1,4914.62
14125,14125,boleto,1,106.66
14126,14126,debit_card,1,5089.08
14127,14127,debit_card,1,829.15
14128,14128,credit_card,2,462.54
14129,14129,boleto,1,650.86
14130,14130,credit_card,1,2990.98
14131,14131,credit_card,6,2017.09
14132,14132,debit_card,1,3451.66
14133,14133,debit_card,1,2182.33
14134,14134,voucher,1,1260.61
14135,14135,voucher,1,279.38
14136,14136,credit_card,4,1822.67
14137,14137,voucher,1,1227.87
14138,14138,voucher,1,736.41
14139,14139,voucher,1,45.91
14140,14140,voucher,1,1217.92
14141,14141,debit_card,1,698.99
14142,14142,boleto,1,2234.43
14143,14143,voucher,1,290.58
14144,14144,voucher,1,5765.25
14145,14145,credit_card,4,279.26
14146,14146,boleto,1,616.13
14147,14147,credit_card,3,1244.85
14148,14148,voucher,1,5227.43
14149,14149,boleto,1,72.43
14150,14150,voucher,1,240.16
14151,14151,debit_card,1,3217.86
14152,14152,debit_card,1,1878.77
14153,14153,debit_card,1,713.96
14154,14154,voucher,1,5940.9
14155,14155,credit_card,4,2071.05
14156,14156,boleto,1,625.37
14157,14157,voucher,1,3040.64
14158,14158,voucher,1,1774.49
14159,14159,boleto,1,6425.69
14160,14160,credit_card,2,5128.54
14161,14161,boleto,1,2531.1
14162,14162,boleto,1,2863.87
14163,14163,voucher,1,1737.55
14164,14164,debit_card,1,1258.83
14165,14165,credit_card,1,391.55
14166,14166,voucher,1,4709.84
14167,14167,boleto,1,253.78
14168,14168,voucher,1,1554.32
14169,14169,boleto,1,354.77
14170,14170,boleto,1,223.36
14171,14171,boleto,1,363.47
14172,14172,voucher,1,507.67
14173,14173,boleto,1,537.11
14174,14174,debit_card,1,766.46
14175,14175,debit_card,1,1162.45
14176,14176,debit_card,1,191.89
14177,14177,debit_card,1,138.22
14178,14178,voucher,1,1358.0
14179,14179,boleto,1,4495.94
14180,14180,credit_card,1,214.52
14181,14181,credit_card,2,2768.17
14182,14182,credit_card,1,782.4
14183,14183,boleto,1,1611.05
14184,14184,boleto,1,1602.01
14185,14185,voucher,1,1370.64
14186,14186,credit_card,2,2143.21
14187,14187,voucher,1,575.17
14188,14188,boleto,1,254.69
14189,14189,credit_card,1,1634.83
14190,14190,voucher,1,781.69
14191,14191,debit_card,1,3485.48
14192,14192,voucher,1,1486.94
14193,14193,debit_card,1,6359.18
14194,14194,credit_card,2,3506.08
14195,14195,credit_card,1,916.17
14196,14196,voucher,1,635.72
14197,14197,boleto,1,524.14
14198,14198,credit_card,3,299.13
14199,14199,debit_card,1,600.85
14200,14200,debit_card,1,1984.07
14201,14201,debit_card,1,604.6
14202,14202,debit_card,1,846.84
14203,14203,voucher,1,2513.36
14204,14204,credit_card,1,161.24
14205,14205,voucher,1,188.47
14206,14206,debit_card,1,95.98
14207,14207,credit_card,3,810.7
14208,14208,credit_card,3,1122.2
14209,14209,voucher,1,708.95
14210,14210,voucher,1,473.58
14211,14211,debit_card,1,275.04
14212,14212,debit_card,1,720.14
14213,14213,debit_card,1,2144.46
14214,14214,credit_card,1,348.33
14215,14215,boleto,1,1448.22
14216,14216,credit_card,2,2062.27
14217,14217,voucher,1,1386.04
14218,14218,boleto,1,125.24
14219,14219,voucher,1,50.81
14220,14220,credit_card,1,1902.59
14221,14221,voucher,1,149.03
14222,14222,voucher,1,402.29
14223,14223,debit_card,1,2541.42
14224,14224,boleto,1,579.47
14225,14225,credit_card,1,1818.17
14226,14226,voucher,1,2356.13
14227,14227,credit_card,3,2077.91
14228,14228,voucher,1,2338.97
14229,14229,debit_card,1,1034.79
14230,14230,credit_card,4,740.26
14231,14231,debit_card,1,1859.7
14232,14232,debit_card,1,4761.71
14233,14233,boleto,1,597.49
14234,14234,voucher,1,2894.17
14235,14235,voucher,1,146.12
14236,14236,debit_card,1,805.75
14237,14237,boleto,1,516.73
14238,14238,boleto,1,1187.14
14239,14239,boleto,1,826.19
14240,14240,boleto,1,799.09
14241,14241,voucher,1,357.73
14242,14242,boleto,1,888.65
14243,14243,credit_card,10,4457.22
14244,14244,credit_card,10,925.81
14245,14245,voucher,1,143.02
14246,14246,debit_card,1,2500.68
14247,14247,debit_card,1,549.11
14248,14248,boleto,1,2143.09
14249,14249,boleto,1,439.38
14250,14250,boleto,1,290.9
14251,14251,boleto,1,3693.43
14252,14252,credit_card,6,585.04
14253,14253,voucher,1,181.82
14254,14254,voucher,1,717.95
14255,14255,voucher,1,4588.6
14256,14256,debit_card,1,333.76
14257,14257,boleto,1,4962.18
14258,14258,voucher,1,240.39
14259,14259,boleto,1,1132.14
14260,14260,voucher,1,2080.91
14261,14261,boleto,1,532.17
14262,14262,voucher,1,2766.64
14263,14263,boleto,1,357.24
14264,14264,boleto,1,3081.75
14265,14265,debit_card,1,198.46
14266,14266,voucher,1,1129.48
14267,14267,debit_card,1,5020.48
14268,14268,debit_card,1,3177.94
14269,14269,credit_card,1,209.82
14270,14270,debit_card,1,6087.28
14271,14271,credit_card,1,398.51
14272,14272,debit_card,1,978.27
14273,14273,boleto,1,586.18
14274,14274,voucher,1,80.48
14275,14275,boleto,1,217.46
14276,14276,boleto,1,11198.24
14277,14277,credit_card,1,324.92
14278,14278,voucher,1,652.01
14279,14279,credit_card,1,347.12
14280,14280,boleto,1,10828.34
14281,14281,credit_card,1,1118.58
14282,14282,voucher,1,169.84
14283,14283,boleto,1,4784.31
14284,14284,credit_card,10,3370.44
14285,14285,voucher,1,292.25
14286,14286,boleto,1,768.38
14287,14287,voucher,1,347.73
14288,14288,boleto,1,651.24
14289,14289,credit_card,2,2091.83
14290,14290,credit_card,10,2119.46
14291,14291,debit_card,1,7470.26
14292,14292,boleto,1,54.05
14293,14293,debit_card,1,2431.06
14294,14294,voucher,1,2895.34
14295,14295,credit_card,4,1471.84
14296,14296,boleto,1,2670.74
14297,14297,voucher,1,1214.08
14298,14298,boleto,1,614.33
14299,14299,credit_card,1,11722.58
14300,14300,boleto,1,9482.36
14301,14301,voucher,1,1809.39
14302,14302,debit_card,1,14309.95
14303,14303,boleto,1,3724.62
14304,14304,credit_card,10,3058.97
14305,14305,credit_card,2,3253.71
14306,14306,boleto,1,717.13
14307,14307,boleto,1,655.77
14308,14308,debit_card,1,2047.46
14309,14309,credit_card,2,1356.18
14310,14310,boleto,1,169.62
14311,14311,voucher,1,337.71
14312,14312,debit_card,1,3297.03
14313,14313,debit_card,1,401.15
14314,14314,voucher,1,2191.65
14315,14315,boleto,1,519.61
14316,14316,voucher,1,1966.08
14317,14317,boleto,1,10453.9
14318,14318,voucher,1,439.99
14319,14319,debit_card,1,573.63
14320,14320,voucher,1,1666.91
14321,14321,credit_card,10,290.45
14322,14322,boleto,1,2302.27
14323,14323,debit_card,1,86.05
14324,14324,debit_card,1,185.37
14325,14325,debit_card,1,792.41
14326,14326,voucher,1,278.93
14327,14327,credit_card,3,1384.52
14328,14328,credit_card,1,150.32
14329,14329,voucher,1,350.83
14330,14330,debit_card,1,2045.61
14331,14331,boleto,1,2873.91
14332,14332,voucher,1,1310.83
14333,14333,voucher,1,620.99
14334,14334,debit_card,1,3242.53
14335,14335,boleto,1,1884.42
14336,14336,credit_card,1,390.72
14337,14337,debit_card,1,363.71
14338,14338,credit_card,1,4464.9
14339,14339,voucher,1,563.37
14340,14340,debit_card,1,766.76
14341,14341,voucher,1,373.31
14342,14342,boleto,1,240.35
14343,14343,credit_card,10,5491.13
14344,14344,boleto,1,3871.83
14345,14345,credit_card,4,566.68
14346,14346,boleto,1,89.86
14347,14347,debit_card,1,1539.34
14348,14348,voucher,1,1395.45
14349,14349,boleto,1,783.74
14350,14350,debit_card,1,3136.77
14351,14351,credit_card,3,1815.93
14352,14352,credit_card,1,263.24
14353,14353,credit_card,2,6151.92
14354,14354,boleto,1,160.33
14355,14355,voucher,1,2217.42
14356,14356,debit_card,1,97.18
14357,14357,debit_card,1,601.57
14358,14358,voucher,1,3133.67
14359,14359,voucher,1,135.02
14360,14360,debit_card,1,282.24
14361,14361,voucher,1,2807.88
14362,14362,boleto,1,2451.2
14363,14363,boleto,1,218.11
14364,14364,credit_card,1,2541.91
14365,14365,voucher,1,1638.41
14366,14366,debit_card,1,3501.59
14367,14367,debit_card,1,798.96
14368,14368,debit_card,1,467.2
14369,14369,boleto,1,978.24
14370,14370,boleto,1,715.32
14371,14371,debit_card,1,2840.36
14372,14372,debit_card,1,234.3
14373,14373,credit_card,1,3459.54
14374,14374,boleto,1,3755.86
14375,14375,voucher,1,2071.03
14376,14376,boleto,1,2341.21
14377,14377,voucher,1,1374.02
14378,14378,boleto,1,853.17
14379,14379,voucher,1,3539.05
14380,14380,voucher,1,147.85
14381,14381,voucher,1,2376.88
14382,14382,debit_card,1,1070.16
14383,14383,debit_card,1,3259.15
14384,14384,credit_card,1,67.33
14385,14385,boleto,1,2131.85
14386,14386,debit_card,1,4115.9
14387,14387,credit_card,1,2420.78
14388,14388,credit_card,1,180.68
14389,14389,debit_card,1,3333.11
14390,14390,voucher,1,1796.47
14391,14391,credit_card,1,1256.78
14392,14392,voucher,1,6049.9
14393,14393,credit_card,1,303.06
14394,14394,debit_card,1,1481.87
14395,14395,voucher,1,3068.47
14396,14396,boleto,1,2321.55
14397,14397,credit_card,1,4390.71
14398,14398,debit_card,1,4193.32
14399,14399,credit_card,4,1721.75
14400,14400,voucher,1,596.28
14401,14401,debit_card,1,869.8
14402,14402,voucher,1,1791.37
14403,14403,voucher,1,1171.65
14404,14404,credit_card,10,2789.07
14405,14405,debit_card,1,5416.45
14406,14406,boleto,1,642.77
14407,14407,voucher,1,1456.07
14408,14408,voucher,1,7474.26
14409,14409,voucher,1,603.87
14410,14410,debit_card,1,7251.14
14411,14411,debit_card,1,176.6
14412,14412,voucher,1,1282.84
14413,14413,boleto,1,90.51
14414,14414,boleto,1,1360.3
14415,14415,boleto,1,244.21
14416,14416,credit_card,1,4415.77
14417,14417,credit_card,1,737.65
14418,14418,debit_card,1,8063.19
14419,14419,voucher,1,9824.95
14420,14420,debit_card,1,707.76
14421,14421,boleto,1,76.63
14422,14422,debit_card,1,93.86
14423,14423,credit_card,1,828.93
14424,14424,boleto,1,549.86
14425,14425,debit_card,1,7829.62
14426,14426,credit_card,3,3588.24
14427,14427,credit_card,1,135.48
14428,14428,voucher,1,1605.45
14429,14429,boleto,1,1728.6
14430,14430,voucher,1,1311.7
14431,14431,credit_card,1,918.89
14432,14432,credit_card,4,2108.92
14433,14433,voucher,1,2789.34
14434,14434,voucher,1,94.4
14435,14435,debit_card,1,2268.68
14436,14436,boleto,1,302.04
14437,14437,debit_card,1,1723.9
14438,14438,credit_card,1,5209.55
14439,14439,voucher,1,8224.93
14440,14440,voucher,1,338.27
14441,14441,credit_card,10,758.37
14442,14442,voucher,1,1069.98
14443,14443,boleto,1,3115.78
14444,14444,debit_card,1,1470.25
14445,14445,credit_card,3,3866.51
14446,14446,credit_card,10,1082.4
14447,14447,voucher,1,938.76
14448,14448,credit_card,1,772.94
14449,14449,voucher,1,3723.67
14450,14450,credit_card,1,2341.42
14451,14451,debit_card,1,3049.39
14452,14452,credit_card,4,211.68
14453,14453,debit_card,1,1005.13
14454,14454,credit_card,1,1184.78
14455,14455,credit_card,1,2113.98
14456,14456,debit_card,1,2038.39
14457,14457,debit_card,1,1071.05
14458,14458,debit_card,1,3356.67
14459,14459,credit_card,1,172.45
14460,14460,boleto,1,1477.69
14461,14461,credit_card,1,6888.12
14462,14462,voucher,1,7065.54
14463,14463,credit_card,1,155.66
14464,14464,voucher,1,2448.03
14465,14465,debit_card,1,1622.76
14466,14466,credit_card,1,4131.65
14467,14467,credit_card,1,190.61
14468,14468,debit_card,1,1776.42
14469,14469,debit_card,1,754.35
14470,14470,voucher,1,344.91
14471,14471,boleto,1,386.18
14472,14472,credit_card,1,244.81
14473,14473,voucher,1,517.26
14474,14474,debit_card,1,1964.14
14475,14475,boleto,1,232.19
14476,14476,credit_card,1,5452.29
14477,14477,credit_card,1,578.53
14478,14478,debit_card,1,4095.47
14479,14479,voucher,1,674.86
14480,14480,voucher,1,108.28
14481,14481,credit_card,6,511.59
14482,14482,voucher,1,4715.61
14483,14483,debit_card,1,7303.84
14484,14484,voucher,1,1217.3
14485,14485,voucher,1,224.26
14486,14486,voucher,1,311.08
14487,14487,debit_card,1,2389.36
14488,14488,credit_card,10,1931.94
14489,14489,voucher,1,4260.37
14490,14490,credit_card,6,343.77
14491,14491,voucher,1,3731.73
14492,14492,debit_card,1,370.94
14493,14493,credit_card,1,3917.8
14494,14494,boleto,1,907.17
14495,14495,boleto,1,293.98
14496,14496,boleto,1,7489.45
14497,14497,credit_card,6,201.46
14498,14498,voucher,1,2003.71
14499,14499,voucher,1,1768.93
14500,14500,credit_card,1,4339.97
14501,14501,debit_card,1,1620.93
14502,14502,debit_card,1,3801.14
14503,14503,voucher,1,2505.85
14504,14504,voucher,1,2331.79
14505,14505,debit_card,1,8910.9
14506,14506,credit_card,6,468.0
14507,14507,credit_card,1,296.08
14508,14508,voucher,1,669.78
14509,14509,debit_card,1,2237.42
14510,14510,voucher,1,9129.46
14511,14511,boleto,1,2264.46
14512,14512,credit_card,4,373.47
14513,14513,debit_card,1,42.26
14514,14514,boleto,1,415.34
14515,14515,credit_card,1,106.15
14516,14516,boleto,1,1235.79
14517,14517,debit_card,1,2094.78
14518,14518,debit_card,1,78.57
14519,14519,voucher,1,5380.68
14520,14520,debit_card,1,5472.22
14521,14521,boleto,1,2328.44
14522,14522,debit_card,1,150.3
14523,14523,credit_card,1,1137.21
14524,14524,boleto,1,2289.57
14525,14525,boleto,1,3584.16
14526,14526,credit_card,1,1108.23
14527,14527,boleto,1,7049.19
14528,14528,boleto,1,1052.29
14529,14529,boleto,1,279.95
14530,14530,boleto,1,4146.38
14531,14531,debit_card,1,1272.26
14532,14532,voucher,1,623.52
14533,14533,voucher,1,286.57
14534,14534,voucher,1,1370.28
14535,14535,credit_card,1,85.18
14536,14536,credit_card,6,1324.66
14537,14537,boleto,1,92.35
14538,14538,voucher,1,490.92
14539,14539,credit_card,1,1534.55
14540,14540,boleto,1,73.03
14541,14541,boleto,1,70.14
14542,14542,boleto,1,795.18
14543,14543,credit_card,1,141.85
14544,14544,debit_card,1,5107.52
14545,14545,boleto,1,5570.37
14546,14546,credit_card,10,791.61
14547,14547,boleto,1,954.76
14548,14548,credit_card,1,335.89
14549,14549,voucher,1,2366.9
14550,14550,debit_card,1,2518.31
14551,14551,voucher,1,7436.98
14552,14552,credit_card,1,4632.25
14553,14553,boleto,1,3910.68
14554,14554,debit_card,1,278.08
14555,14555,credit_card,1,3350.77
14556,14556,debit_card,1,3450.65
14557,14557,voucher,1,14743.13
14558,14558,voucher,1,3040.22
14559,14559,credit_card,1,2427.96
14560,14560,voucher,1,1307.24
14561,14561,boleto,1,196.3
14562,14562,voucher,1,4611.22
14563,14563,debit_card,1,1330.65
14564,14564,boleto,1,5419.09
14565,14565,boleto,1,11289.3
14566,14566,debit_card,1,936.66
14567,14567,boleto,1,181.81
14568,14568,debit_card,1,280.77
14569,14569,credit_card,1,487.58
14570,14570,debit_card,1,8398.49
14571,14571,boleto,1,1423.48
14572,14572,debit_card,1,704.26
14573,14573,debit_card,1,1711.7
14574,14574,debit_card,1,1232.42
14575,14575,credit_card,10,3566.97
14576,14576,boleto,1,1017.64
14577,14577,voucher,1,106.21
14578,14578,boleto,1,3993.36
14579,14579,boleto,1,4181.38
14580,14580,debit_card,1,741.46
14581,14581,debit_card,1,62.68
14582,14582,credit_card,1,391.83
14583,14583,voucher,1,1979.12
14584,14584,credit_card,1,6060.6
14585,14585,voucher,1,1013.81
14586,14586,credit_card,1,83.9
14587,14587,voucher,1,2781.14
14588,14588,boleto,1,2715.31
14589,14589,boleto,1,1156.63
14590,14590,boleto,1,1851.88
14591,14591,credit_card,1,154.66
14592,14592,credit_card,3,2721.02
14593,14593,credit_card,6,324.66
14594,14594,debit_card,1,511.69
14595,14595,voucher,1,80.41
14596,14596,debit_card,1,1856.02
14597,14597,credit_card,6,231.81
14598,14598,boleto,1,7951.16
14599,14599,boleto,1,2490.96
14600,14600,boleto,1,207.19
14601,14601,boleto,1,474.09
14602,14602,credit_card,3,634.95
14603,14603,boleto,1,2599.97
14604,14604,voucher,1,1006.08
14605,14605,debit_card,1,2156.18
14606,14606,boleto,1,1752.26
14607,14607,boleto,1,439.18
14608,14608,voucher,1,2482.25
14609,14609,credit_card,1,2470.75
14610,14610,voucher,1,6009.83
14611,14611,boleto,1,277.38
14612,14612,boleto,1,2912.05
14613,14613,voucher,1,177.5
14614,14614,voucher,1,4770.78
14615,14615,voucher,1,1406.81
14616,14616,credit_card,1,1237.39
14617,14617,voucher,1,936.54
14618,14618,voucher,1,2915.8
14619,14619,debit_card,1,602.9
14620,14620,voucher,1,388.05
14621,14621,voucher,1,245.9
14622,14622,debit_card,1,1282.79
14623,14623,voucher,1,2425.57
14624,14624,boleto,1,2109.22
14625,14625,debit_card,1,6708.64
14626,14626,credit_card,1,1133.74
14627,14627,boleto,1,4874.95
14628,14628,credit_card,2,324.55
14629,14629,voucher,1,93.56
14630,14630,credit_card,1,557.64
14631,14631,debit_card,1,86.02
14632,14632,voucher,1,2827.83
14633,14633,credit_card,6,999.59
14634,14634,boleto,1,572.36
14635,14635,debit_card,1,5120.9
14636,14636,voucher,1,83.91
14637,14637,debit_card,1,193.05
14638,14638,credit_card,1,529.06
14639,14639,debit_card,1,2313.55
14640,14640,credit_card,4,202.87
14641,14641,debit_card,1,392.98
14642,14642,debit_card,1,1066.72
14643,14643,credit_card,1,876.44
14644,14644,credit_card,1,368.49
14645,14645,voucher,1,97.65
14646,14646,voucher,1,166.6
14647,14647,voucher,1,160.31
14648,14648,voucher,1,7773.34
14649,14649,voucher,1,4446.19
14650,14650,boleto,1,293.76
14651,14651,credit_card,1,501.07
14652,14652,boleto,1,471.34
14653,14653,debit_card,1,2740.14
14654,14654,voucher,1,4385.97
14655,14655,debit_card,1,519.04
14656,14656,credit_card,10,1521.32
14657,14657,credit_card,3,367.3
14658,14658,boleto,1,5384.85
14659,14659,credit_card,2,1191.88
14660,14660,boleto,1,560.17
14661,14661,voucher,1,1311.23
14662,14662,debit_card,1,2444.72
14663,14663,debit_card,1,140.3
14664,14664,boleto,1,2241.93
14665,14665,boleto,1,470.33
14666,14666,boleto,1,456.26
14667,14667,boleto,1,1206.83
14668,14668,credit_card,1,2699.48
14669,14669,boleto,1,664.86
14670,14670,boleto,1,123.75
14671,14671,boleto,1,1329.54
14672,14672,debit_card,1,643.97
14673,14673,credit_card,1,414.53
14674,14674,boleto,1,169.22
14675,14675,boleto,1,686.89
14676,14676,boleto,1,540.7
14677,14677,boleto,1,3752.39
14678,14678,debit_card,1,949.52
14679,14679,debit_card,1,3043.79
14680,14680,boleto,1,4350.16
14681,14681,voucher,1,1337.53
14682,14682,voucher,1,3153.97
14683,14683,voucher,1,4016.77
14684,14684,voucher,1,114.04
14685,14685,debit_card,1,386.94
14686,14686,voucher,1,1436.14
14687,14687,boleto,1,325.8
14688,14688,voucher,1,1200.94
14689,14689,debit_card,1,6554.2
14690,14690,voucher,1,286.2
14691,14691,voucher,1,444.66
14692,14692,voucher,1,1978.9
14693,14693,voucher,1,107.74
14694,14694,credit_card,3,2040.52
14695,14695,boleto,1,1767.17
14696,14696,debit_card,1,1114.01
14697,14697,debit_card,1,1896.26
14698,14698,debit_card,1,1246.17
14699,14699,credit_card,1,243.1
14700,14700,voucher,1,5286.42
14701,14701,boleto,1,263.06
14702,14702,debit_card,1,2325.56
14703,14703,debit_card,1,221.92
14704,14704,boleto,1,3376.94
14705,14705,credit_card,1,5879.52
14706,14706,boleto,1,6306.76
14707,14707,voucher,1,9012.07
14708,14708,boleto,1,445.99
14709,14709,credit_card,1,319.37
14710,14710,debit_card,1,3245.83
14711,14711,debit_card,1,2483.58
14712,14712,debit_card,1,1582.37
14713,14713,debit_card,1,3154.04
14714,14714,debit_card,1,209.33
14715,14715,credit_card,1,883.72
14716,14716,voucher,1,178.68
14717,14717,credit_card,1,113.67
14718,14718,voucher,1,4749.95
14719,14719,debit_card,1,5238.61
14720,14720,voucher,1,386.23
14721,14721,voucher,1,1741.62
14722,14722,boleto,1,5297.42
14723,14723,credit_card,1,528.18
14724,14724,boleto,1,666.97
14725,14725,voucher,1,1027.04
14726,14726,debit_card,1,3048.1
14727,14727,credit_card,1,196.5
14728,14728,voucher,1,2234.38
14729,14729,voucher,1,1228.29
14730,14730,credit_card,6,572.67
14731,14731,debit_card,1,10352.63
14732,14732,debit_card,1,405.67
14733,14733,debit_card,1,4150.1
14734,14734,debit_card,1,1135.99
14735,14735,boleto,1,506.93
14736,14736,voucher,1,755.92
14737,14737,voucher,1,5014.68
14738,14738,boleto,1,36.49
14739,14739,debit_card,1,4169.6
14740,14740,voucher,1,6855.5
14741,14741,credit_card,1,1713.87
14742,14742,voucher,1,208.21
14743,14743,debit_card,1,293.37
14744,14744,voucher,1,463.65
14745,14745,boleto,1,1018.84
14746,14746,voucher,1,69.8
14747,14747,debit_card,1,2236.94
14748,14748,debit_card,1,520.23
14749,14749,voucher,1,5494.45
14750,14750,boleto,1,134.56
14751,14751,credit_card,1,73.52
14752,14752,credit_card,6,399.28
14753,14753,debit_card,1,2135.25
14754,14754,voucher,1,1772.22
14755,14755,boleto,1,150.84
14756,14756,voucher,1,140.18
14757,14757,credit_card,1,730.34
14758,14758,boleto,1,1412.95
14759,14759,boleto,1,1650.37
14760,14760,voucher,1,458.24
14761,14761,debit_card,1,4001.82
14762,14762,credit_card,1,108.07
14763,14763,credit_card,1,1514.7
14764,14764,voucher,1,657.15
14765,14765,boleto,1,3570.37
14766,14766,boleto,1,7910.61
14767,14767,voucher,1,2608.11
14768,14768,debit_card,1,908.14
14769,14769,boleto,1,181.52
14770,14770,boleto,1,95.61
14771,14771,voucher,1,69.92
14772,14772,debit_card,1,7701.47
14773,14773,voucher,1,218.95
14774,14774,boleto,1,520.08
14775,14775,boleto,1,661.13
14776,14776,debit_card,1,464.82
14777,14777,voucher,1,312.84
14778,14778,credit_card,1,347.43
14779,14779,boleto,1,179.41
14780,14780,boleto,1,2809.8
14781,14781,boleto,1,6961.66
14782,14782,voucher,1,1394.11
14783,14783,debit_card,1,200.04
14784,14784,debit_card,1,3557.57
14785,14785,boleto,1,3246.67
14786,14786,voucher,1,540.1
14787,14787,voucher,1,408.42
14788,14788,credit_card,2,3599.24
14789,14789,debit_card,1,489.02
14790,14790,credit_card,1,3176.72
14791,14791,credit_card,3,6132.56
14792,14792,debit_card,1,2493.84
14793,14793,voucher,1,3839.58
14794,14794,debit_card,1,1214.7
14795,14795,boleto,1,1989.8
14796,14796,credit_card,4,701.91
14797,14797,voucher,1,1740.87
14798,14798,voucher,1,2396.87
14799,14799,voucher,1,5729.59
14800,14800,boleto,1,10982.29
14801,14801,credit_card,1,451.02
14802,14802,voucher,1,3816.72
14803,14803,voucher,1,5070.16
14804,14804,voucher,1,107.53
14805,14805,boleto,1,3415.3
14806,14806,credit_card,6,463.27
14807,14807,debit_card,1,1339.7
14808,14808,credit_card,10,3051.59
14809,14809,voucher,1,3203.01
14810,14810,credit_card,2,5476.86
14811,14811,voucher,1,400.51
14812,14812,boleto,1,296.84
14813,14813,debit_card,1,261.56
14814,14814,voucher,1,1085.13
14815,14815,boleto,1,1069.85
14816,14816,credit_card,1,717.72
14817,14817,voucher,1,3912.76
14818,14818,voucher,1,813.14
14819,14819,debit_card,1,335.88
14820,14820,credit_card,10,8574.97
14821,14821,debit_card,1,126.89
14822,14822,debit_card,1,3080.48
14823,14823,debit_card,1,491.62
14824,14824,boleto,1,4672.5
14825,14825,credit_card,6,1838.53
14826,14826,boleto,1,3305.79
14827,14827,credit_card,6,884.48
14828,14828,credit_card,3,5351.22
14829,14829,voucher,1,5640.52
14830,14830,debit_card,1,1476.0
14831,14831,boleto,1,468.11
14832,14832,boleto,1,74.24
14833,14833,voucher,1,173.09
14834,14834,voucher,1,173.39
14835,14835,debit_card,1,396.89
14836,14836,credit_card,1,3782.59
14837,14837,voucher,1,312.67
14838,14838,credit_card,1,3043.28
14839,14839,debit_card,1,410.14
14840,14840,boleto,1,7134.23
14841,14841,boleto,1,1346.56
14842,14842,voucher,1,3616.66
14843,14843,voucher,1,3873.16
14844,14844,debit_card,1,1384.46
14845,14845,voucher,1,200.63
14846,14846,credit_card,1,347.9
14847,14847,boleto,1,2242.05
14848,14848,voucher,1,357.95
14849,14849,credit_card,1,1328.91
14850,14850,boleto,1,819.64
14851,14851,debit_card,1,2445.41
14852,14852,debit_card,1,1674.81
14853,14853,credit_card,2,2855.84
14854,14854,voucher,1,849.98
14855,14855,voucher,1,1865.45
14856,14856,debit_card,1,251.53
14857,14857,boleto,1,1549.12
14858,14858,boleto,1,2882.52
14859,14859,boleto,1,808.79
14860,14860,boleto,1,4785.08
14861,14861,boleto,1,3532.94
14862,14862,credit_card,1,236.7
14863,14863,voucher,1,237.15
14864,14864,debit_card,1,267.56
14865,14865,debit_card,1,5326.63
14866,14866,credit_card,1,774.67
14867,14867,voucher,1,519.33
14868,14868,debit_card,1,3463.12
14869,14869,credit_card,1,165.56
14870,14870,credit_card,2,1958.16
14871,14871,credit_card,6,4156.52
14872,14872,boleto,1,3364.04
14873,14873,credit_card,1,392.47
14874,14874,credit_card,1,4679.57
14875,14875,debit_card,1,806.28
14876,14876,debit_card,1,3265.69
14877,14877,voucher,1,229.29
14878,14878,voucher,1,4307.74
14879,14879,boleto,1,2051.72
14880,14880,voucher,1,3902.73
14881,14881,debit_card,1,10103.24
14882,14882,credit_card,2,1256.14
14883,14883,voucher,1,621.01
14884,14884,voucher,1,2166.34
14885,14885,credit_card,1,5249.67
14886,14886,voucher,1,1076.97
14887,14887,credit_card,10,990.45
14888,14888,credit_card,1,219.69
14889,14889,boleto,1,362.31
14890,14890,boleto,1,1675.63
14891,14891,voucher,1,307.68
14892,14892,boleto,1,1947.82
14893,14893,credit_card,1,75.39
14894,14894,boleto,1,1386.46
14895,14895,credit_card,1,1167.33
14896,14896,boleto,1,5002.48
14897,14897,boleto,1,339.02
14898,14898,voucher,1,670.48
14899,14899,credit_card,3,3029.42
14900,14900,credit_card,1,137.39
14901,14901,voucher,1,1166.9
14902,14902,credit_card,1,7056.99
14903,14903,boleto,1,846.64
14904,14904,boleto,1,2544.05
14905,14905,debit_card,1,1117.43
14906,14906,boleto,1,2548.44
14907,14907,voucher,1,133.07
14908,14908,credit_card,1,73.23
14909,14909,debit_card,1,304.3
14910,14910,boleto,1,18520.14
14911,14911,voucher,1,229.04
14912,14912,debit_card,1,4922.68
14913,14913,credit_card,10,233.42
14914,14914,voucher,1,121.62
14915,14915,voucher,1,2580.64
14916,14916,debit_card,1,1546.75
14917,14917,credit_card,6,732.43
14918,14918,boleto,1,723.96
14919,14919,debit_card,1,2261.66
14920,14920,boleto,1,3260.86
14921,14921,debit_card,1,2549.14
14922,14922,voucher,1,1140.08
14923,14923,voucher,1,1495.21
14924,14924,boleto,1,1591.36
14925,14925,boleto,1,5918.56
14926,14926,voucher,1,11248.9
14927,14927,debit_card,1,305.0
14928,14928,credit_card,1,1218.86
14929,14929,voucher,1,753.66
14930,14930,voucher,1,4917.48
14931,14931,voucher,1,2318.65
14932,14932,debit_card,1,3974.95
14933,14933,voucher,1,3073.58
14934,14934,voucher,1,1894.56
14935,14935,credit_card,2,415.77
14936,14936,voucher,1,6566.74
14937,14937,credit_card,1,6437.04
14938,14938,credit_card,1,6355.85
14939,14939,voucher,1,3245.76
14940,14940,credit_card,10,825.18
14941,14941,voucher,1,307.51
14942,14942,boleto,1,408.33
14943,14943,voucher,1,560.03
14944,14944,boleto,1,1407.94
14945,14945,debit_card,1,88.73
14946,14946,debit_card,1,354.15
14947,14947,credit_card,1,315.35
14948,14948,credit_card,10,3425.03
14949,14949,debit_card,1,2127.46
14950,14950,voucher,1,6309.25
14951,14951,voucher,1,42.24
14952,14952,boleto,1,562.52
14953,14953,voucher,1,493.56
14954,14954,boleto,1,3009.45
14955,14955,debit_card,1,508.78
14956,14956,boleto,1,231.35
14957,14957,voucher,1,85.54
14958,14958,boleto,1,503.33
14959,14959,debit_card,1,231.27
14960,14960,credit_card,4,1442.33
14961,14961,boleto,1,295.42
14962,14962,debit_card,1,1223.63
14963,14963,debit_card,1,653.77
14964,14964,debit_card,1,116.63
14965,14965,credit_card,1,136.59
14966,14966,debit_card,1,4265.64
14967,14967,voucher,1,304.1
14968,14968,boleto,1,4922.43
14969,14969,voucher,1,90.71
14970,14970,debit_card,1,752.71
14971,14971,voucher,1,1749.28
14972,14972,debit_card,1,621.29
14973,14973,credit_card,1,261.48
14974,14974,voucher,1,58.08
14975,14975,debit_card,1,465.46
14976,14976,voucher,1,631.85
14977,14977,voucher,1,320.05
14978,14978,debit_card,1,728.66
14979,14979,voucher,1,1995.99
14980,14980,debit_card,1,855.29
14981,14981,boleto,1,1922.35
14982,14982,voucher,1,7910.64
14983,14983,boleto,1,231.15
14984,14984,debit_card,1,2337.39
14985,14985,voucher,1,959.53
14986,14986,debit_card,1,185.45
14987,14987,credit_card,1,11661.39
14988,14988,credit_card,6,780.14
14989,14989,boleto,1,540.89
14990,14990,boleto,1,982.65
14991,14991,voucher,1,911.14
14992,14992,credit_card,1,2174.54
14993,14993,voucher,1,122.87
14994,14994,debit_card,1,718.35
14995,14995,credit_card,1,147.94
14996,14996,voucher,1,287.97
14997,14997,credit_card,1,2125.98
14998,14998,debit_card,1,2192.19
14999,14999,credit_card,1,56.77
15000,15000,credit_card,2,3456.86
15001,15001,boleto,1,441.11
15002,15002,debit_card,1,2526.98
15003,15003,debit_card,1,4648.48
15004,15004,credit_card,1,464.05
15005,15005,boleto,1,2557.34
15006,15006,voucher,1,385.16
15007,15007,boleto,1,724.28
15008,15008,boleto,1,100.31
15009,15009,boleto,1,1831.61
15010,15010,debit_card,1,186.44
15011,15011,boleto,1,99.27
15012,15012,boleto,1,2474.7
15013,15013,debit_card,1,3825.16
15014,15014,debit_card,1,708.36
15015,15015,boleto,1,604.17
15016,15016,boleto,1,1300.92
15017,15017,credit_card,1,1089.58
15018,15018,credit_card,1,529.57
15019,15019,credit_card,1,167.82
15020,15020,boleto,1,484.13
15021,15021,debit_card,1,9346.44
15022,15022,debit_card,1,943.87
15023,15023,credit_card,1,332.98
15024,15024,debit_card,1,2617.92
15025,15025,credit_card,10,494.82
15026,15026,debit_card,1,2358.52
15027,15027,voucher,1,300.37
15028,15028,voucher,1,4124.73
15029,15029,credit_card,1,984.86
15030,15030,debit_card,1,84.5
15031,15031,voucher,1,119.55
15032,15032,boleto,1,3290.24
15033,15033,debit_card,1,1613.0
15034,15034,debit_card,1,1547.26
15035,15035,voucher,1,3672.71
15036,15036,credit_card,1,160.6
15037,15037,boleto,1,1150.29
15038,15038,debit_card,1,410.76
15039,15039,voucher,1,662.65
15040,15040,debit_card,1,77.77
15041,15041,credit_card,6,1129.56
15042,15042,boleto,1,1710.11
15043,15043,voucher,1,333.25
15044,15044,debit_card,1,323.79
15045,15045,boleto,1,6011.36
15046,15046,credit_card,3,1199.74
15047,15047,boleto,1,5404.48
15048,15048,voucher,1,399.59
15049,15049,credit_card,1,475.22
15050,15050,credit_card,2,2766.36
15051,15051,voucher,1,4295.62
15052,15052,boleto,1,1124.05
15053,15053,debit_card,1,4150.73
15054,15054,boleto,1,3003.58
15055,15055,credit_card,6,3227.77
15056,15056,credit_card,3,440.61
15057,15057,credit_card,10,437.6
15058,15058,credit_card,1,1750.71
15059,15059,credit_card,1,3418.3
15060,15060,debit_card,1,630.41
15061,15061,voucher,1,1564.2
15062,15062,credit_card,1,515.28
15063,15063,voucher,1,209.01
15064,15064,credit_card,1,575.6
15065,15065,debit_card,1,4675.15
15066,15066,credit_card,3,370.92
15067,15067,debit_card,1,977.85
15068,15068,credit_card,1,800.56
15069,15069,boleto,1,643.97
15070,15070,credit_card,10,2486.92
15071,15071,debit_card,1,7282.96
15072,15072,debit_card,1,3465.0
15073,15073,voucher,1,3128.7
15074,15074,debit_card,1,2705.68
15075,15075,debit_card,1,7925.47
15076,15076,boleto,1,4765.09
15077,15077,boleto,1,4930.07
15078,15078,credit_card,1,109.33
15079,15079,voucher,1,901.47
15080,15080,debit_card,1,1285.08
15081,15081,debit_card,1,3086.7
15082,15082,boleto,1,1982.93
15083,15083,debit_card,1,1271.46
15084,15084,debit_card,1,1124.38
15085,15085,credit_card,1,2604.54
15086,15086,credit_card,1,389.07
15087,15087,boleto,1,189.51
15088,15088,debit_card,1,138.13
15089,15089,boleto,1,73.0
15090,15090,voucher,1,3972.86
15091,15091,credit_card,3,4080.59
15092,15092,boleto,1,2319.06
15093,15093,voucher,1,2562.4
15094,15094,boleto,1,6338.0
15095,15095,debit_card,1,5190.25
15096,15096,credit_card,4,2081.28
15097,15097,voucher,1,1407.39
15098,15098,boleto,1,148.36
15099,15099,credit_card,10,1462.55
15100,15100,debit_card,1,5539.05
15101,15101,debit_card,1,1474.43
15102,15102,debit_card,1,3557.47
15103,15103,credit_card,1,3092.79
15104,15104,boleto,1,673.17
15105,15105,debit_card,1,1407.4
15106,15106,credit_card,1,250.27
15107,15107,debit_card,1,4985.63
15108,15108,credit_card,10,1051.8
15109,15109,boleto,1,794.62
15110,15110,voucher,1,2258.94
15111,15111,voucher,1,3297.78
15112,15112,debit_card,1,119.53
15113,15113,credit_card,1,12047.83
15114,15114,credit_card,1,656.18
15115,15115,debit_card,1,4822.95
15116,15116,credit_card,3,2084.37
15117,15117,credit_card,1,547.81
15118,15118,credit_card,1,1530.5
15119,15119,boleto,1,2623.09
15120,15120,boleto,1,144.4
15121,15121,credit_card,1,6037.3
15122,15122,credit_card,10,5253.87
15123,15123,credit_card,2,1341.4
15124,15124,credit_card,1,125.71
15125,15125,voucher,1,918.83
15126,15126,debit_card,1,2945.5
15127,15127,boleto,1,2890.78
15128,15128,debit_card,1,13065.66
15129,15129,voucher,1,4356.7
15130,15130,credit_card,3,1010.94
15131,15131,boleto,1,4491.1
15132,15132,voucher,1,1904.14
15133,15133,credit_card,1,346.1
15134,15134,debit_card,1,2927.37
15135,15135,debit_card,1,2201.13
15136,15136,boleto,1,1931.59
15137,15137,voucher,1,131.47
15138,15138,debit_card,1,2726.98
15139,15139,voucher,1,2715.8
15140,15140,voucher,1,647.35
15141,15141,debit_card,1,204.96
15142,15142,debit_card,1,300.35
15143,15143,debit_card,1,79.67
15144,15144,debit_card,1,913.14
15145,15145,credit_card,1,150.07
15146,15146,boleto,1,5645.93
15147,15147,boleto,1,5634.81
15148,15148,credit_card,1,159.25
15149,15149,debit_card,1,173.98
15150,15150,voucher,1,4170.88
15151,15151,boleto,1,2338.22
15152,15152,debit_card,1,871.9
15153,15153,credit_card,1,367.41
15154,15154,credit_card,1,4059.11
15155,15155,credit_card,1,4274.18
15156,15156,debit_card,1,641.24
15157,15157,credit_card,3,203.62
15158,15158,boleto,1,312.83
15159,15159,boleto,1,1506.37
15160,15160,boleto,1,4079.56
15161,15161,credit_card,6,1131.83
15162,15162,boleto,1,4389.23
15163,15163,voucher,1,4509.12
15164,15164,debit_card,1,264.15
15165,15165,debit_card,1,9629.8
15166,15166,boleto,1,2553.13
15167,15167,voucher,1,2721.2
15168,15168,credit_card,1,159.25
15169,15169,voucher,1,656.5
15170,15170,boleto,1,2465.24
15171,15171,voucher,1,120.6
15172,15172,voucher,1,1706.17
15173,15173,boleto,1,956.24
15174,15174,boleto,1,1327.01
15175,15175,debit_card,1,5499.04
15176,15176,credit_card,1,4244.03
15177,15177,boleto,1,478.44
15178,15178,debit_card,1,1572.59
15179,15179,boleto,1,354.93
15180,15180,credit_card,4,286.31
15181,15181,debit_card,1,910.79
15182,15182,debit_card,1,2177.37
15183,15183,credit_card,1,164.86
15184,15184,debit_card,1,1371.2
15185,15185,debit_card,1,565.83
15186,15186,voucher,1,4436.55
15187,15187,boleto,1,1682.19
15188,15188,credit_card,2,2841.84
15189,15189,boleto,1,5055.91
15190,15190,debit_card,1,57.03
15191,15191,voucher,1,478.41
15192,15192,debit_card,1,6712.71
15193,15193,debit_card,1,1787.08
15194,15194,voucher,1,3863.23
15195,15195,credit_card,1,63.34
15196,15196,credit_card,4,2780.41
15197,15197,credit_card,1,1416.23
15198,15198,boleto,1,991.24
15199,15199,boleto,1,1330.2
15200,15200,debit_card,1,621.03
15201,15201,voucher,1,5823.39
15202,15202,voucher,1,2001.35
15203,15203,debit_card,1,5256.21
15204,15204,boleto,1,7490.46
15205,15205,credit_card,1,423.61
15206,15206,boleto,1,210.68
15207,15207,debit_card,1,1300.85
15208,15208,boleto,1,2381.35
15209,15209,voucher,1,460.95
15210,15210,boleto,1,674.85
15211,15211,boleto,1,956.94
15212,15212,debit_card,1,447.29
15213,15213,voucher,1,1703.0
15214,15214,boleto,1,2592.15
15215,15215,boleto,1,469.15
15216,15216,credit_card,3,405.1
15217,15217,credit_card,6,5514.03
15218,15218,boleto,1,735.96
15219,15219,boleto,1,826.55
15220,15220,voucher,1,235.63
15221,15221,voucher,1,240.9
15222,15222,voucher,1,751.64
15223,15223,credit_card,10,2644.33
15224,15224,credit_card,2,441.58
15225,15225,credit_card,10,5906.15
15226,15226,debit_card,1,1196.71
15227,15227,boleto,1,3193.89
15228,15228,voucher,1,3652.71
15229,15229,credit_card,1,77.87
15230,15230,debit_card,1,932.04
15231,15231,boleto,1,931.79
15232,15232,boleto,1,155.32
15233,15233,voucher,1,2240.15
15234,15234,voucher,1,79.45
15235,15235,boleto,1,3061.8
15236,15236,boleto,1,1648.56
15237,15237,boleto,1,364.36
15238,15238,voucher,1,4547.14
15239,15239,boleto,1,1821.0
15240,15240,debit_card,1,1151.75
15241,15241,debit_card,1,971.58
15242,15242,boleto,1,6882.41
15243,15243,voucher,1,86.97
15244,15244,boleto,1,237.48
15245,15245,credit_card,1,2822.31
15246,15246,boleto,1,2970.24
15247,15247,boleto,1,8862.78
15248,15248,voucher,1,2696.55
15249,15249,boleto,1,229.21
15250,15250,debit_card,1,5146.06
15251,15251,voucher,1,827.19
15252,15252,voucher,1,2574.57
15253,15253,debit_card,1,2215.44
15254,15254,credit_card,2,1096.39
15255,15255,debit_card,1,4019.84
15256,15256,credit_card,1,530.57
15257,15257,credit_card,1,2570.01
15258,15258,debit_card,1,10351.94
15259,15259,voucher,1,159.68
15260,15260,voucher,1,3239.74
15261,15261,voucher,1,67.72
15262,15262,debit_card,1,4979.29
15263,15263,debit_card,1,131.96
15264,15264,voucher,1,3578.99
15265,15265,credit_card,1,297.73
15266,15266,voucher,1,1747.99
15267,15267,credit_card,6,643.26
15268,15268,boleto,1,424.46
15269,15269,debit_card,1,657.42
15270,15270,boleto,1,487.64
15271,15271,voucher,1,928.15
15272,15272,voucher,1,1729.05
15273,15273,boleto,1,1004.96
15274,15274,debit_card,1,3138.1
15275,15275,boleto,1,85.64
15276,15276,credit_card,3,10224.71
15277,15277,boleto,1,261.15
15278,15278,boleto,1,1630.45
15279,15279,voucher,1,206.39
15280,15280,boleto,1,613.36
15281,15281,voucher,1,4196.71
15282,15282,credit_card,1,273.16
15283,15283,voucher,1,1775.74
15284,15284,debit_card,1,259.99
15285,15285,boleto,1,143.52
15286,15286,boleto,1,1163.17
15287,15287,debit_card,1,170.13
15288,15288,boleto,1,178.71
15289,15289,voucher,1,827.94
15290,15290,credit_card,1,417.34
15291,15291,credit_card,1,1080.09
15292,15292,voucher,1,1680.65
15293,15293,boleto,1,1188.43
15294,15294,boleto,1,103.56
15295,15295,credit_card,4,968.03
15296,15296,debit_card,1,241.4
15297,15297,debit_card,1,171.4
15298,15298,credit_card,4,1467.63
15299,15299,credit_card,3,1625.06
15300,15300,boleto,1,5816.06
15301,15301,credit_card,10,2314.73
15302,15302,boleto,1,545.65
15303,15303,debit_card,1,179.25
15304,15304,voucher,1,1119.02
15305,15305,credit_card,3,302.73
15306,15306,voucher,1,207.7
15307,15307,voucher,1,896.6
15308,15308,boleto,1,123.8
15309,15309,debit_card,1,216.23
15310,15310,credit_card,1,5211.05
15311,15311,boleto,1,4598.72
15312,15312,credit_card,6,1296.5
15313,15313,credit_card,6,479.13
15314,15314,voucher,1,296.16
15315,15315,credit_card,2,3262.64
15316,15316,voucher,1,561.61
15317,15317,voucher,1,9439.62
15318,15318,voucher,1,401.76
15319,15319,voucher,1,903.78
15320,15320,boleto,1,1145.68
15321,15321,voucher,1,4218.76
15322,15322,debit_card,1,3537.15
15323,15323,debit_card,1,3296.9
15324,15324,voucher,1,525.68
15325,15325,voucher,1,3463.09
15326,15326,credit_card,1,2834.85
15327,15327,debit_card,1,5948.91
15328,15328,voucher,1,86.3
15329,15329,boleto,1,632.05
15330,15330,debit_card,1,5423.16
15331,15331,credit_card,10,3081.3
15332,15332,credit_card,6,260.16
15333,15333,voucher,1,2521.56
15334,15334,debit_card,1,536.4
15335,15335,voucher,1,205.95
15336,15336,voucher,1,7224.85
15337,15337,boleto,1,559.17
15338,15338,credit_card,4,2802.6
15339,15339,debit_card,1,1486.27
15340,15340,debit_card,1,3852.34
15341,15341,debit_card,1,409.72
15342,15342,boleto,1,235.73
15343,15343,boleto,1,826.91
15344,15344,debit_card,1,1058.52
15345,15345,credit_card,1,2347.71
15346,15346,credit_card,1,155.67
15347,15347,voucher,1,1240.61
15348,15348,credit_card,1,452.92
15349,15349,credit_card,10,1048.35
15350,15350,debit_card,1,3072.35
15351,15351,credit_card,1,34.52
15352,15352,debit_card,1,268.29
15353,15353,voucher,1,3347.93
15354,15354,voucher,1,6599.67
15355,15355,boleto,1,97.7
15356,15356,boleto,1,1117.16
15357,15357,voucher,1,5055.04
15358,15358,credit_card,1,132.57
15359,15359,debit_card,1,1239.62
15360,15360,voucher,1,108.42
15361,15361,boleto,1,6693.52
15362,15362,credit_card,6,646.83
15363,15363,debit_card,1,5005.33
15364,15364,debit_card,1,2970.2
15365,15365,debit_card,1,217.31
15366,15366,credit_card,1,1561.44
15367,15367,credit_card,10,237.18
15368,15368,debit_card,1,1265.55
15369,15369,debit_card,1,118.19
15370,15370,debit_card,1,69.56
15371,15371,boleto,1,1810.18
15372,15372,debit_card,1,1565.55
15373,15373,debit_card,1,1127.86
15374,15374,voucher,1,324.99
15375,15375,voucher,1,2893.05
15376,15376,boleto,1,1718.92
15377,15377,boleto,1,389.08
15378,15378,credit_card,4,2332.48
15379,15379,credit_card,6,296.82
15380,15380,credit_card,1,1536.58
15381,15381,boleto,1,111.62
15382,15382,debit_card,1,441.69
15383,15383,boleto,1,923.54
15384,15384,credit_card,1,520.87
15385,15385,voucher,1,9756.9
15386,15386,debit_card,1,3887.87
15387,15387,debit_card,1,774.73
15388,15388,boleto,1,480.6
15389,15389,credit_card,1,2927.57
15390,15390,voucher,1,185.03
15391,15391,credit_card,1,2378.81
15392,15392,voucher,1,136.46
15393,15393,debit_card,1,4162.65
15394,15394,boleto,1,730.77
15395,15395,boleto,1,4994.22
15396,15396,debit_card,1,4755.69
15397,15397,credit_card,2,550.1
15398,15398,debit_card,1,6054.87
15399,15399,boleto,1,5001.44
15400,15400,debit_card,1,332.59
15401,15401,voucher,1,2621.18
15402,15402,boleto,1,5392.64
15403,15403,credit_card,1,87.61
15404,15404,voucher,1,771.11
15405,15405,voucher,1,1979.05
15406,15406,voucher,1,3086.76
15407,15407,boleto,1,759.25
15408,15408,debit_card,1,1201.1
15409,15409,credit_card,10,2449.39
15410,15410,debit_card,1,828.65
15411,15411,credit_card,1,5722.99
15412,15412,credit_card,1,317.73
15413,15413,boleto,1,3309.75
15414,15414,voucher,1,361.88
15415,15415,boleto,1,3754.13
15416,15416,debit_card,1,1844.9
15417,15417,voucher,1,6507.28
15418,15418,credit_card,1,1377.79
15419,15419,debit_card,1,420.01
15420,15420,debit_card,1,354.19
15421,15421,boleto,1,2110.08
15422,15422,credit_card,1,636.52
15423,15423,voucher,1,1798.83
15424,15424,voucher,1,295.15
15425,15425,voucher,1,519.71
15426,15426,credit_card,6,1171.5
15427,15427,credit_card,6,324.74
15428,15428,debit_card,1,259.9
15429,15429,debit_card,1,885.67
15430,15430,boleto,1,1584.35
15431,15431,boleto,1,3619.77
15432,15432,voucher,1,1043.06
15433,15433,voucher,1,112.49
15434,15434,debit_card,1,1766.66
15435,15435,boleto,1,678.34
15436,15436,voucher,1,1257.39
15437,15437,boleto,1,546.63
15438,15438,debit_card,1,880.88
15439,15439,credit_card,3,1827.87
15440,15440,credit_card,1,60.94
15441,15441,boleto,1,6530.78
15442,15442,boleto,1,6285.13
15443,15443,boleto,1,738.46
15444,15444,debit_card,1,580.44
15445,15445,credit_card,1,1269.14
15446,15446,voucher,1,1471.92
15447,15447,debit_card,1,5705.46
15448,15448,boleto,1,2356.46
15449,15449,debit_card,1,266.78
15450,15450,voucher,1,3098.41
15451,15451,debit_card,1,68.61
15452,15452,boleto,1,3618.91
15453,15453,credit_card,1,6173.81
15454,15454,debit_card,1,10413.63
15455,15455,boleto,1,69.96
15456,15456,boleto,1,523.99
15457,15457,credit_card,1,6677.34
15458,15458,voucher,1,2357.57
15459,15459,debit_card,1,11727.5
15460,15460,credit_card,1,464.76
15461,15461,boleto,1,1010.7
15462,15462,credit_card,2,665.71
15463,15463,boleto,1,203.49
15464,15464,debit_card,1,500.02
15465,15465,debit_card,1,2358.99
15466,15466,voucher,1,1714.72
15467,15467,boleto,1,1534.42
15468,15468,debit_card,1,78.96
15469,15469,credit_card,1,2237.57
15470,15470,boleto,1,859.33
15471,15471,boleto,1,9369.36
15472,15472,debit_card,1,298.41
15473,15473,voucher,1,1112.71
15474,15474,debit_card,1,285.09
15475,15475,debit_card,1,5402.5
15476,15476,voucher,1,874.02
15477,15477,boleto,1,306.25
15478,15478,debit_card,1,2198.35
15479,15479,voucher,1,706.49
15480,15480,debit_card,1,5701.53
15481,15481,debit_card,1,1717.89
15482,15482,voucher,1,4245.55
15483,15483,boleto,1,151.47
15484,15484,voucher,1,3730.41
15485,15485,voucher,1,606.23
15486,15486,debit_card,1,665.08
15487,15487,debit_card,1,365.21
15488,15488,boleto,1,449.33
15489,15489,debit_card,1,2804.97
15490,15490,debit_card,1,244.33
15491,15491,debit_card,1,2884.6
15492,15492,boleto,1,3228.04
15493,15493,debit_card,1,847.11
15494,15494,voucher,1,2328.85
15495,15495,voucher,1,1878.23
15496,15496,boleto,1,804.87
15497,15497,debit_card,1,5922.56
15498,15498,voucher,1,577.24
15499,15499,debit_card,1,1061.34
15500,15500,voucher,1,551.44
15501,15501,debit_card,1,65.23
15502,15502,voucher,1,2948.49
15503,15503,boleto,1,2915.3
15504,15504,credit_card,1,300.82
15505,15505,debit_card,1,385.21
15506,15506,credit_card,1,151.79
15507,15507,credit_card,2,284.14
15508,15508,debit_card,1,505.28
15509,15509,boleto,1,455.16
15510,15510,credit_card,1,6228.35
15511,15511,credit_card,6,2850.62
15512,15512,voucher,1,2174.73
15513,15513,voucher,1,129.52
15514,15514,credit_card,1,4106.04
15515,15515,debit_card,1,1281.46
15516,15516,credit_card,4,2909.88
15517,15517,voucher,1,5559.29
15518,15518,credit_card,10,1346.95
15519,15519,debit_card,1,4098.0
15520,15520,voucher,1,676.77
15521,15521,credit_card,1,1954.88
15522,15522,boleto,1,685.68
15523,15523,voucher,1,3594.13
15524,15524,debit_card,1,318.99
15525,15525,debit_card,1,4885.42
15526,15526,debit_card,1,3149.63
15527,15527,voucher,1,2748.29
15528,15528,voucher,1,199.96
15529,15529,debit_card,1,345.26
15530,15530,credit_card,1,1893.79
15531,15531,boleto,1,532.61
15532,15532,credit_card,10,697.08
15533,15533,credit_card,1,108.19
15534,15534,boleto,1,2170.97
15535,15535,boleto,1,429.14
15536,15536,debit_card,1,265.53
15537,15537,debit_card,1,1750.61
15538,15538,voucher,1,3673.55
15539,15539,voucher,1,153.18
15540,15540,voucher,1,75.06
15541,15541,credit_card,4,4670.34
15542,15542,voucher,1,549.5
15543,15543,boleto,1,8299.05
15544,15544,boleto,1,2413.8
15545,15545,debit_card,1,1300.62
15546,15546,boleto,1,1222.56
15547,15547,debit_card,1,2980.48
15548,15548,voucher,1,234.2
15549,15549,voucher,1,7152.92
15550,15550,voucher,1,274.99
15551,15551,debit_card,1,3566.5
15552,15552,voucher,1,161.12
15553,15553,boleto,1,2562.11
15554,15554,boleto,1,7134.17
15555,15555,debit_card,1,679.49
15556,15556,voucher,1,2734.29
15557,15557,voucher,1,3564.26
15558,15558,voucher,1,260.08
15559,15559,boleto,1,5819.43
15560,15560,debit_card,1,4625.88
15561,15561,debit_card,1,441.6
15562,15562,credit_card,1,3101.98
15563,15563,credit_card,6,2742.88
15564,15564,voucher,1,1590.24
15565,15565,credit_card,4,3734.59
15566,15566,voucher,1,50.6
15567,15567,boleto,1,2456.83
15568,15568,credit_card,10,1815.83
15569,15569,voucher,1,2454.92
15570,15570,credit_card,1,2566.19
15571,15571,debit_card,1,811.61
15572,15572,boleto,1,125.18
15573,15573,boleto,1,584.34
15574,15574,voucher,1,1506.54
15575,15575,voucher,1,2175.75
15576,15576,boleto,1,5570.99
15577,15577,credit_card,1,6190.9
15578,15578,credit_card,1,2464.96
15579,15579,debit_card,1,665.54
15580,15580,debit_card,1,334.89
15581,15581,credit_card,1,12200.15
15582,15582,voucher,1,735.77
15583,15583,debit_card,1,172.46
15584,15584,voucher,1,1792.57
15585,15585,credit_card,10,1298.94
15586,15586,debit_card,1,328.79
15587,15587,debit_card,1,383.27
15588,15588,debit_card,1,2365.14
15589,15589,credit_card,4,5849.65
15590,15590,voucher,1,3380.08
15591,15591,credit_card,2,2324.08
15592,15592,voucher,1,523.54
15593,15593,voucher,1,734.1
15594,15594,boleto,1,225.89
15595,15595,boleto,1,548.86
15596,15596,voucher,1,2159.26
15597,15597,debit_card,1,1850.62
15598,15598,voucher,1,8393.79
15599,15599,credit_card,4,930.01
15600,15600,credit_card,10,2409.48
15601,15601,boleto,1,2384.54
15602,15602,debit_card,1,2843.62
15603,15603,boleto,1,384.46
15604,15604,credit_card,1,2323.3
15605,15605,voucher,1,370.45
15606,15606,credit_card,1,640.73
15607,15607,credit_card,6,7314.84
15608,15608,credit_card,1,648.67
15609,15609,debit_card,1,2726.77
15610,15610,debit_card,1,5297.24
15611,15611,boleto,1,603.48
15612,15612,credit_card,1,6447.77
15613,15613,voucher,1,761.71
15614,15614,credit_card,4,5696.0
15615,15615,credit_card,1,1932.45
15616,15616,credit_card,1,288.84
15617,15617,debit_card,1,2001.79
15618,15618,boleto,1,396.24
15619,15619,voucher,1,250.33
15620,15620,voucher,1,282.58
15621,15621,debit_card,1,147.35
15622,15622,voucher,1,285.71
15623,15623,credit_card,3,1330.9
15624,15624,credit_card,2,1075.42
15625,15625,voucher,1,1015.52
15626,15626,debit_card,1,1723.47
15627,15627,voucher,1,1377.64
15628,15628,voucher,1,416.21
15629,15629,debit_card,1,3428.93
15630,15630,credit_card,2,2543.65
15631,15631,boleto,1,397.5
15632,15632,boleto,1,121.58
15633,15633,voucher,1,7910.4
15634,15634,debit_card,1,13690.21
15635,15635,boleto,1,215.88
15636,15636,debit_card,1,90.55
15637,15637,voucher,1,773.9
15638,15638,debit_card,1,3516.8
15639,15639,voucher,1,448.21
15640,15640,credit_card,1,90.46
15641,15641,voucher,1,651.63
15642,15642,voucher,1,963.67
15643,15643,voucher,1,7260.19
15644,15644,voucher,1,720.89
15645,15645,credit_card,6,774.43
15646,15646,voucher,1,2911.57
15647,15647,boleto,1,545.76
15648,15648,credit_card,10,5339.82
15649,15649,voucher,1,5490.08
15650,15650,voucher,1,5464.7
15651,15651,debit_card,1,400.15
15652,15652,boleto,1,889.61
15653,15653,debit_card,1,684.66
15654,15654,boleto,1,6765.82
15655,15655,debit_card,1,215.36
15656,15656,debit_card,1,242.45
15657,15657,debit_card,1,2723.26
15658,15658,debit_card,1,6261.3
15659,15659,voucher,1,1033.7
15660,15660,voucher,1,3199.83
15661,15661,debit_card,1,3358.33
15662,15662,debit_card,1,319.96
15663,15663,voucher,1,1091.48
15664,15664,voucher,1,2418.66
15665,15665,credit_card,2,903.56
15666,15666,debit_card,1,3703.95
15667,15667,debit_card,1,5051.57
15668,15668,voucher,1,117.28
15669,15669,debit_card,1,3261.1
15670,15670,voucher,1,1243.38
15671,15671,debit_card,1,119.32
15672,15672,boleto,1,6367.34
15673,15673,debit_card,1,127.84
15674,15674,debit_card,1,210.31
15675,15675,boleto,1,379.34
15676,15676,credit_card,1,1395.66
15677,15677,voucher,1,390.63
15678,15678,boleto,1,595.41
15679,15679,credit_card,1,2417.56
15680,15680,credit_card,1,151.85
15681,15681,voucher,1,2596.26
15682,15682,credit_card,6,2542.23
15683,15683,boleto,1,3134.8
15684,15684,voucher,1,188.09
15685,15685,credit_card,1,233.59
15686,15686,boleto,1,3740.29
15687,15687,credit_card,1,121.54
15688,15688,voucher,1,1804.16
15689,15689,debit_card,1,66.05
15690,15690,debit_card,1,452.6
15691,15691,debit_card,1,1024.08
15692,15692,voucher,1,482.01
15693,15693,debit_card,1,2013.92
15694,15694,debit_card,1,3522.51
15695,15695,boleto,1,155.23
15696,15696,debit_card,1,40.26
15697,15697,boleto,1,1455.33
15698,15698,voucher,1,673.38
15699,15699,debit_card,1,7458.67
15700,15700,voucher,1,2733.37
15701,15701,boleto,1,551.49
15702,15702,debit_card,1,844.37
15703,15703,debit_card,1,4359.02
15704,15704,credit_card,1,462.49
15705,15705,credit_card,1,80.48
15706,15706,debit_card,1,180.27
15707,15707,credit_card,10,234.41
15708,15708,boleto,1,2918.57
15709,15709,credit_card,4,3842.16
15710,15710,boleto,1,165.49
15711,15711,voucher,1,3715.96
15712,15712,credit_card,2,378.96
15713,15713,credit_card,3,737.14
15714,15714,boleto,1,1831.17
15715,15715,boleto,1,952.35
15716,15716,voucher,1,1796.67
15717,15717,credit_card,1,255.69
15718,15718,voucher,1,316.43
15719,15719,debit_card,1,123.73
15720,15720,voucher,1,275.15
15721,15721,voucher,1,224.4
15722,15722,boleto,1,907.01
15723,15723,boleto,1,191.13
15724,15724,debit_card,1,1481.2
15725,15725,credit_card,1,432.64
15726,15726,credit_card,4,218.74
15727,15727,boleto,1,1440.67
15728,15728,voucher,1,1423.22
15729,15729,debit_card,1,2327.69
15730,15730,credit_card,10,777.56
15731,15731,debit_card,1,70.72
15732,15732,debit_card,1,3029.52
15733,15733,credit_card,1,5618.81
15734,15734,boleto,1,445.27
15735,15735,debit_card,1,1091.97
15736,15736,boleto,1,175.72
15737,15737,credit_card,1,207.31
15738,15738,boleto,1,3028.43
15739,15739,boleto,1,348.25
15740,15740,boleto,1,3475.21
15741,15741,debit_card,1,8629.75
15742,15742,credit_card,1,561.71
15743,15743,boleto,1,972.71
15744,15744,voucher,1,7364.75
15745,15745,debit_card,1,3934.27
15746,15746,voucher,1,376.96
15747,15747,voucher,1,1786.05
15748,15748,debit_card,1,721.55
15749,15749,debit_card,1,155.27
15750,15750,voucher,1,398.82
15751,15751,credit_card,1,451.39
15752,15752,boleto,1,2240.88
15753,15753,debit_card,1,193.01
15754,15754,debit_card,1,1383.13
15755,15755,voucher,1,1893.15
15756,15756,voucher,1,773.47
15757,15757,debit_card,1,1964.46
15758,15758,credit_card,6,514.34
15759,15759,boleto,1,845.4
15760,15760,debit_card,1,2647.27
15761,15761,credit_card,1,724.04
15762,15762,voucher,1,1919.55
15763,15763,boleto,1,1724.19
15764,15764,debit_card,1,1689.25
15765,15765,credit_card,4,945.74
15766,15766,debit_card,1,5533.79
15767,15767,debit_card,1,792.97
15768,15768,boleto,1,5686.66
15769,15769,boleto,1,2416.14
15770,15770,voucher,1,2732.75
15771,15771,voucher,1,948.16
15772,15772,credit_card,1,1791.42
15773,15773,debit_card,1,5574.57
15774,15774,credit_card,1,1329.84
15775,15775,credit_card,1,2989.07
15776,15776,voucher,1,1357.05
15777,15777,credit_card,1,2117.76
15778,15778,debit_card,1,4958.89
15779,15779,boleto,1,2529.45
15780,15780,boleto,1,12357.71
15781,15781,credit_card,4,817.62
15782,15782,voucher,1,64.97
15783,15783,debit_card,1,300.37
15784,15784,voucher,1,5569.12
15785,15785,voucher,1,326.72
15786,15786,boleto,1,310.44
15787,15787,boleto,1,293.77
15788,15788,voucher,1,7912.37
15789,15789,boleto,1,1618.69
15790,15790,boleto,1,334.08
15791,15791,voucher,1,5352.57
15792,15792,boleto,1,1128.06
15793,15793,boleto,1,356.06
15794,15794,credit_card,1,203.62
15795,15795,credit_card,6,5693.88
15796,15796,voucher,1,2057.83
15797,15797,boleto,1,3047.76
15798,15798,debit_card,1,501.92
15799,15799,voucher,1,1382.88
15800,15800,debit_card,1,1814.92
15801,15801,voucher,1,3652.96
15802,15802,credit_card,6,2243.58
15803,15803,debit_card,1,3988.21
15804,15804,voucher,1,2878.24
15805,15805,voucher,1,705.4
15806,15806,credit_card,1,923.82
15807,15807,credit_card,1,493.04
15808,15808,boleto,1,606.06
15809,15809,voucher,1,1723.79
15810,15810,credit_card,1,185.44
15811,15811,voucher,1,1217.71
15812,15812,credit_card,1,1822.01
15813,15813,boleto,1,1604.23
15814,15814,debit_card,1,844.24
15815,15815,debit_card,1,446.37
15816,15816,debit_card,1,625.71
15817,15817,credit_card,1,136.09
15818,15818,voucher,1,3216.73
15819,15819,voucher,1,186.39
15820,15820,debit_card,1,98.78
15821,15821,voucher,1,774.1
15822,15822,voucher,1,2239.74
15823,15823,debit_card,1,1800.73
15824,15824,voucher,1,1578.03
15825,15825,boleto,1,5585.59
15826,15826,boleto,1,933.72
15827,15827,voucher,1,137.99
15828,15828,boleto,1,230.99
15829,15829,boleto,1,1172.6
15830,15830,voucher,1,366.07
15831,15831,boleto,1,95.19
15832,15832,voucher,1,521.72
15833,15833,boleto,1,2718.42
15834,15834,voucher,1,1467.74
15835,15835,debit_card,1,3778.02
15836,15836,boleto,1,2516.07
15837,15837,boleto,1,2244.78
15838,15838,credit_card,3,2302.39
15839,15839,voucher,1,792.78
15840,15840,debit_card,1,1373.69
15841,15841,voucher,1,4599.41
15842,15842,credit_card,1,1423.01
15843,15843,credit_card,1,186.16
15844,15844,boleto,1,80.23
15845,15845,credit_card,1,2066.27
15846,15846,voucher,1,298.21
15847,15847,voucher,1,1338.51
15848,15848,boleto,1,3559.26
15849,15849,voucher,1,2378.0
15850,15850,credit_card,10,1346.98
15851,15851,debit_card,1,1905.6
15852,15852,voucher,1,105.95
15853,15853,debit_card,1,1440.12
15854,15854,voucher,1,904.07
15855,15855,credit_card,1,2612.21
15856,15856,debit_card,1,1083.26
15857,15857,voucher,1,477.99
15858,15858,boleto,1,1943.37
15859,15859,credit_card,1,644.46
15860,15860,credit_card,1,986.53
15861,15861,voucher,1,6758.28
15862,15862,boleto,1,363.88
15863,15863,credit_card,4,1467.6
15864,15864,debit_card,1,855.84
15865,15865,voucher,1,234.64
15866,15866,boleto,1,366.06
15867,15867,voucher,1,481.98
15868,15868,debit_card,1,1237.9
15869,15869,credit_card,4,2919.02
15870,15870,voucher,1,425.55
15871,15871,credit_card,6,660.26
15872,15872,voucher,1,936.5
15873,15873,voucher,1,2015.75
15874,15874,debit_card,1,942.85
15875,15875,credit_card,1,5277.8
15876,15876,credit_card,1,116.6
15877,15877,debit_card,1,422.89
15878,15878,boleto,1,527.69
15879,15879,debit_card,1,1955.53
15880,15880,debit_card,1,274.01
15881,15881,boleto,1,681.46
15882,15882,boleto,1,3334.94
15883,15883,credit_card,1,142.31
15884,15884,debit_card,1,5207.51
15885,15885,voucher,1,318.7
15886,15886,voucher,1,3070.49
15887,15887,boleto,1,3376.39
15888,15888,credit_card,4,2202.83
15889,15889,credit_card,1,714.94
15890,15890,boleto,1,1711.33
15891,15891,boleto,1,2478.29
15892,15892,boleto,1,1397.05
15893,15893,voucher,1,568.58
15894,15894,debit_card,1,9968.18
15895,15895,boleto,1,1780.26
15896,15896,debit_card,1,209.54
15897,15897,credit_card,1,230.32
15898,15898,debit_card,1,482.86
15899,15899,boleto,1,7663.25
15900,15900,debit_card,1,1349.11
15901,15901,voucher,1,1130.74
15902,15902,debit_card,1,1387.97
15903,15903,voucher,1,40.95
15904,15904,boleto,1,1316.1
15905,15905,boleto,1,193.52
15906,15906,credit_card,1,1425.05
15907,15907,voucher,1,2543.96
15908,15908,credit_card,1,2257.85
15909,15909,credit_card,1,123.19
15910,15910,boleto,1,244.52
15911,15911,voucher,1,2785.99
15912,15912,debit_card,1,1218.61
15913,15913,boleto,1,1364.9
15914,15914,credit_card,6,2624.13
15915,15915,debit_card,1,585.95
15916,15916,credit_card,1,128.03
15917,15917,credit_card,2,216.77
15918,15918,credit_card,3,751.65
15919,15919,voucher,1,9336.53
15920,15920,debit_card,1,2583.61
15921,15921,voucher,1,2742.27
15922,15922,credit_card,6,482.2
15923,15923,credit_card,4,575.65
15924,15924,voucher,1,1263.09
15925,15925,debit_card,1,9419.2
15926,15926,debit_card,1,5264.95
15927,15927,debit_card,1,2766.87
15928,15928,credit_card,1,170.36
15929,15929,boleto,1,1458.21
15930,15930,credit_card,1,2622.52
15931,15931,debit_card,1,10851.92
15932,15932,debit_card,1,369.15
15933,15933,voucher,1,84.35
15934,15934,boleto,1,1908.29
15935,15935,boleto,1,463.51
15936,15936,debit_card,1,1232.86
15937,15937,credit_card,1,252.42
15938,15938,boleto,1,809.75
15939,15939,boleto,1,2327.15
15940,15940,boleto,1,1171.86
15941,15941,debit_card,1,529.07
15942,15942,debit_card,1,1220.49
15943,15943,credit_card,1,170.88
15944,15944,voucher,1,196.45
15945,15945,credit_card,1,314.69
15946,15946,credit_card,1,2908.85
15947,15947,boleto,1,920.01
15948,15948,voucher,1,1283.69
15949,15949,credit_card,2,907.54
15950,15950,voucher,1,164.67
15951,15951,voucher,1,8578.55
15952,15952,boleto,1,849.24
15953,15953,boleto,1,1926.15
15954,15954,credit_card,1,2567.41
15955,15955,voucher,1,369.5
15956,15956,voucher,1,5006.89
15957,15957,credit_card,1,2555.03
15958,15958,credit_card,10,13937.49
15959,15959,credit_card,10,1059.51
15960,15960,boleto,1,222.71
15961,15961,debit_card,1,301.96
15962,15962,debit_card,1,4527.84
15963,15963,boleto,1,345.56
15964,15964,credit_card,1,1705.37
15965,15965,voucher,1,1581.55
15966,15966,boleto,1,288.91
15967,15967,credit_card,2,1349.17
15968,15968,voucher,1,2914.45
15969,15969,boleto,1,1422.97
15970,15970,debit_card,1,6756.78
15971,15971,credit_card,6,2664.76
15972,15972,voucher,1,370.06
15973,15973,voucher,1,192.19
15974,15974,voucher,1,2162.48
15975,15975,voucher,1,1096.01
15976,15976,credit_card,1,2060.03
15977,15977,credit_card,1,120.46
15978,15978,debit_card,1,525.88
15979,15979,debit_card,1,2201.2
15980,15980,voucher,1,2910.47
15981,15981,voucher,1,2549.17
15982,15982,boleto,1,1338.9
15983,15983,voucher,1,1391.93
15984,15984,credit_card,10,2531.39
15985,15985,credit_card,1,600.61
15986,15986,boleto,1,849.1
15987,15987,credit_card,2,3169.16
15988,15988,debit_card,1,251.6
15989,15989,credit_card,1,1334.12
15990,15990,voucher,1,836.69
15991,15991,credit_card,4,2716.79
15992,15992,debit_card,1,2513.62
15993,15993,voucher,1,3166.62
15994,15994,credit_card,3,710.48
15995,15995,credit_card,3,4831.6
15996,15996,boleto,1,934.12
15997,15997,voucher,1,2033.22
15998,15998,debit_card,1,551.49
15999,15999,boleto,1,629.4
16000,16000,voucher,1,136.59
16001,16001,credit_card,1,995.43
16002,16002,boleto,1,135.53
16003,16003,voucher,1,987.78
16004,16004,credit_card,3,975.71
16005,16005,voucher,1,486.78
16006,16006,debit_card,1,926.65
16007,16007,debit_card,1,4331.88
16008,16008,boleto,1,2809.21
16009,16009,boleto,1,2026.33
16010,16010,voucher,1,2102.6
16011,16011,boleto,1,1857.07
16012,16012,boleto,1,172.37
16013,16013,boleto,1,3126.87
16014,16014,debit_card,1,1793.4
16015,16015,boleto,1,1927.69
16016,16016,boleto,1,456.49
16017,16017,debit_card,1,296.77
16018,16018,voucher,1,804.43
16019,16019,debit_card,1,5112.31
16020,16020,debit_card,1,5776.99
16021,16021,boleto,1,3202.28
16022,16022,voucher,1,2180.65
16023,16023,boleto,1,406.73
16024,16024,boleto,1,5070.38
16025,16025,debit_card,1,3832.13
16026,16026,boleto,1,5504.92
16027,16027,voucher,1,1775.4
16028,16028,debit_card,1,123.25
16029,16029,voucher,1,1226.62
16030,16030,voucher,1,1074.51
16031,16031,credit_card,1,133.8
16032,16032,credit_card,2,215.13
16033,16033,boleto,1,1051.98
16034,16034,credit_card,1,910.52
16035,16035,voucher,1,3926.53
16036,16036,debit_card,1,2879.57
16037,16037,debit_card,1,1748.28
16038,16038,voucher,1,2488.23
16039,16039,credit_card,4,922.27
16040,16040,voucher,1,2169.92
16041,16041,credit_card,1,110.77
16042,16042,voucher,1,4023.91
16043,16043,voucher,1,130.02
16044,16044,voucher,1,1243.7
16045,16045,voucher,1,1967.89
16046,16046,credit_card,1,2305.63
16047,16047,voucher,1,1829.15
16048,16048,debit_card,1,434.15
16049,16049,voucher,1,1159.82
16050,16050,boleto,1,1131.13
16051,16051,debit_card,1,2809.49
16052,16052,credit_card,1,2570.68
16053,16053,debit_card,1,79.29
16054,16054,voucher,1,3163.57
16055,16055,voucher,1,2498.96
16056,16056,voucher,1,10230.15
16057,16057,voucher,1,5783.26
16058,16058,boleto,1,753.22
16059,16059,credit_card,10,234.28
16060,16060,boleto,1,98.09
16061,16061,boleto,1,476.26
16062,16062,credit_card,1,3305.44
16063,16063,voucher,1,653.17
16064,16064,credit_card,1,272.54
16065,16065,debit_card,1,2601.42
16066,16066,voucher,1,1912.98
16067,16067,boleto,1,929.44
16068,16068,boleto,1,2861.17
16069,16069,boleto,1,5704.91
16070,16070,boleto,1,1886.16
16071,16071,voucher,1,5404.27
16072,16072,boleto,1,2707.04
16073,16073,credit_card,1,1353.73
16074,16074,voucher,1,480.17
16075,16075,boleto,1,651.61
16076,16076,debit_card,1,521.58
16077,16077,voucher,1,289.63
16078,16078,credit_card,1,563.58
16079,16079,credit_card,1,186.3
16080,16080,debit_card,1,302.65
16081,16081,credit_card,1,2369.9
16082,16082,credit_card,10,5313.07
16083,16083,credit_card,10,360.13
16084,16084,credit_card,1,4200.75
16085,16085,credit_card,1,2262.51
16086,16086,debit_card,1,3580.45
16087,16087,boleto,1,3020.22
16088,16088,voucher,1,4211.67
16089,16089,voucher,1,3742.68
16090,16090,debit_card,1,457.17
16091,16091,debit_card,1,1218.23
16092,16092,voucher,1,154.25
16093,16093,boleto,1,1507.9
16094,16094,debit_card,1,921.43
16095,16095,voucher,1,299.09
16096,16096,voucher,1,3042.72
16097,16097,debit_card,1,389.62
16098,16098,boleto,1,920.46
16099,16099,boleto,1,566.45
16100,16100,debit_card,1,384.38
16101,16101,voucher,1,891.42
16102,16102,boleto,1,429.85
16103,16103,boleto,1,2712.17
16104,16104,credit_card,4,6446.82
16105,16105,debit_card,1,7275.97
16106,16106,credit_card,6,2625.39
16107,16107,credit_card,1,1996.14
16108,16108,credit_card,1,1575.71
16109,16109,credit_card,1,285.93
16110,16110,voucher,1,2262.78
16111,16111,voucher,1,481.02
16112,16112,credit_card,1,1164.93
16113,16113,voucher,1,9623.23
16114,16114,credit_card,4,1505.47
16115,16115,credit_card,6,3665.29
16116,16116,voucher,1,3608.05
16117,16117,boleto,1,59.18
16118,16118,voucher,1,2029.21
16119,16119,boleto,1,226.33
16120,16120,boleto,1,258.75
16121,16121,voucher,1,342.76
16122,16122,boleto,1,3422.73
16123,16123,voucher,1,658.19
16124,16124,boleto,1,2595.49
16125,16125,debit_card,1,109.98
16126,16126,debit_card,1,598.2
16127,16127,debit_card,1,4743.02
16128,16128,debit_card,1,1443.85
16129,16129,debit_card,1,1398.86
16130,16130,credit_card,1,298.69
16131,16131,credit_card,1,372.72
16132,16132,credit_card,10,2430.13
16133,16133,credit_card,10,313.46
16134,16134,boleto,1,2924.91
16135,16135,boleto,1,16252.28
16136,16136,debit_card,1,304.17
16137,16137,debit_card,1,305.66
16138,16138,boleto,1,2859.95
16139,16139,voucher,1,1246.87
16140,16140,credit_card,6,2906.62
16141,16141,credit_card,1,4386.13
16142,16142,debit_card,1,315.85
16143,16143,voucher,1,106.4
16144,16144,boleto,1,4871.47
16145,16145,debit_card,1,3629.09
16146,16146,boleto,1,1607.33
16147,16147,credit_card,2,2278.0
16148,16148,boleto,1,2431.88
16149,16149,voucher,1,1466.18
16150,16150,debit_card,1,813.52
16151,16151,debit_card,1,380.97
16152,16152,boleto,1,748.87
16153,16153,credit_card,4,5359.11
16154,16154,credit_card,1,897.42
16155,16155,credit_card,1,2440.86
16156,16156,voucher,1,2404.93
16157,16157,voucher,1,3030.7
16158,16158,boleto,1,1716.06
16159,16159,boleto,1,617.8
16160,16160,debit_card,1,2384.5
16161,16161,boleto,1,2078.88
16162,16162,voucher,1,205.67
16163,16163,voucher,1,88.84
16164,16164,credit_card,1,1042.92
16165,16165,debit_card,1,1633.97
16166,16166,debit_card,1,2071.71
16167,16167,boleto,1,340.52
16168,16168,credit_card,1,1945.37
16169,16169,boleto,1,6701.76
16170,16170,voucher,1,6061.94
16171,16171,credit_card,2,2174.13
16172,16172,boleto,1,5358.8
16173,16173,boleto,1,69.25
16174,16174,debit_card,1,1050.74
16175,16175,debit_card,1,167.83
16176,16176,debit_card,1,990.2
16177,16177,credit_card,1,439.61
16178,16178,voucher,1,6325.12
16179,16179,boleto,1,817.78
16180,16180,credit_card,1,1608.97
16181,16181,credit_card,1,1579.48
16182,16182,boleto,1,278.72
16183,16183,credit_card,1,176.01
16184,16184,boleto,1,3687.87
16185,16185,debit_card,1,131.84
16186,16186,debit_card,1,45.21
16187,16187,boleto,1,1822.88
16188,16188,debit_card,1,2807.74
16189,16189,credit_card,1,403.27
16190,16190,debit_card,1,58.5
16191,16191,voucher,1,585.4
16192,16192,voucher,1,1565.6
16193,16193,credit_card,6,2287.86
16194,16194,boleto,1,500.51
16195,16195,voucher,1,583.88
16196,16196,debit_card,1,516.86
16197,16197,boleto,1,1499.23
16198,16198,debit_card,1,1609.18
16199,16199,boleto,1,539.52
16200,16200,debit_card,1,690.38
16201,16201,voucher,1,205.99
16202,16202,debit_card,1,139.55
16203,16203,boleto,1,5376.72
16204,16204,boleto,1,3353.31
16205,16205,credit_card,1,178.84
16206,16206,credit_card,1,3076.57
16207,16207,credit_card,1,2007.23
16208,16208,credit_card,10,1738.83
16209,16209,voucher,1,1612.98
16210,16210,boleto,1,153.07
16211,16211,boleto,1,3900.09
16212,16212,credit_card,1,397.01
16213,16213,boleto,1,106.53
16214,16214,credit_card,1,3987.66
16215,16215,debit_card,1,286.25
16216,16216,credit_card,3,3645.48
16217,16217,credit_card,10,1141.29
16218,16218,debit_card,1,1322.54
16219,16219,boleto,1,268.37
16220,16220,debit_card,1,1951.3
16221,16221,voucher,1,1118.48
16222,16222,credit_card,1,491.56
16223,16223,boleto,1,4661.43
16224,16224,voucher,1,284.26
16225,16225,debit_card,1,5248.16
16226,16226,credit_card,3,305.99
16227,16227,debit_card,1,44.14
16228,16228,boleto,1,479.15
16229,16229,debit_card,1,3852.03
16230,16230,debit_card,1,4127.14
16231,16231,debit_card,1,718.02
16232,16232,credit_card,6,2805.46
16233,16233,debit_card,1,170.22
16234,16234,credit_card,1,270.65
16235,16235,voucher,1,92.64
16236,16236,debit_card,1,1482.42
16237,16237,debit_card,1,2492.82
16238,16238,voucher,1,2836.44
16239,16239,boleto,1,1773.67
16240,16240,voucher,1,6176.53
16241,16241,voucher,1,7379.46
16242,16242,debit_card,1,539.96
16243,16243,debit_card,1,449.15
16244,16244,boleto,1,1855.37
16245,16245,boleto,1,1946.59
16246,16246,voucher,1,132.82
16247,16247,voucher,1,5365.07
16248,16248,credit_card,1,4911.39
16249,16249,voucher,1,2375.83
16250,16250,debit_card,1,1461.5
16251,16251,boleto,1,1997.76
16252,16252,voucher,1,3107.6
16253,16253,voucher,1,1179.54
16254,16254,voucher,1,1182.11
16255,16255,credit_card,1,312.27
16256,16256,credit_card,1,2345.81
16257,16257,boleto,1,1533.52
16258,16258,debit_card,1,195.9
16259,16259,debit_card,1,1077.82
16260,16260,voucher,1,337.55
16261,16261,boleto,1,5641.47
16262,16262,credit_card,1,2474.48
16263,16263,debit_card,1,3685.1
16264,16264,debit_card,1,2671.72
16265,16265,voucher,1,598.69
16266,16266,credit_card,1,732.86
16267,16267,boleto,1,1171.73
16268,16268,debit_card,1,99.09
16269,16269,voucher,1,2197.04
16270,16270,boleto,1,5235.54
16271,16271,credit_card,4,1445.11
16272,16272,debit_card,1,659.53
16273,16273,debit_card,1,10585.32
16274,16274,boleto,1,172.82
16275,16275,voucher,1,1711.01
16276,16276,voucher,1,415.71
16277,16277,voucher,1,5549.11
16278,16278,voucher,1,1356.89
16279,16279,credit_card,4,1234.58
16280,16280,credit_card,1,1636.72
16281,16281,voucher,1,1714.25
16282,16282,credit_card,2,961.93
16283,16283,boleto,1,271.99
16284,16284,debit_card,1,400.11
16285,16285,debit_card,1,3328.17
16286,16286,credit_card,1,6372.63
16287,16287,credit_card,1,2085.91
16288,16288,voucher,1,2856.98
16289,16289,credit_card,1,837.4
16290,16290,boleto,1,1202.39
16291,16291,voucher,1,8775.38
16292,16292,credit_card,1,454.19
16293,16293,boleto,1,70.14
16294,16294,boleto,1,932.6
16295,16295,debit_card,1,356.36
16296,16296,credit_card,1,8526.03
16297,16297,voucher,1,1584.56
16298,16298,voucher,1,298.17
16299,16299,debit_card,1,741.16
16300,16300,credit_card,1,2838.69
16301,16301,voucher,1,50.38
16302,16302,boleto,1,7685.05
16303,16303,boleto,1,5406.39
16304,16304,debit_card,1,7290.42
16305,16305,debit_card,1,8923.64
16306,16306,boleto,1,997.41
16307,16307,credit_card,1,813.45
16308,16308,voucher,1,295.2
16309,16309,debit_card,1,2199.2
16310,16310,voucher,1,8275.83
16311,16311,voucher,1,2631.71
16312,16312,credit_card,1,2259.19
16313,16313,debit_card,1,699.93
16314,16314,voucher,1,1959.68
16315,16315,voucher,1,221.53
16316,16316,debit_card,1,1095.75
16317,16317,credit_card,2,1352.61
16318,16318,voucher,1,4939.58
16319,16319,voucher,1,4123.28
16320,16320,voucher,1,426.84
16321,16321,boleto,1,2057.08
16322,16322,voucher,1,620.46
16323,16323,boleto,1,375.43
16324,16324,voucher,1,1091.95
16325,16325,debit_card,1,43.81
16326,16326,voucher,1,5727.92
16327,16327,voucher,1,4017.08
16328,16328,boleto,1,806.75
16329,16329,debit_card,1,4481.06
16330,16330,boleto,1,2138.64
16331,16331,voucher,1,432.96
16332,16332,debit_card,1,2042.61
16333,16333,debit_card,1,2655.05
16334,16334,boleto,1,582.19
16335,16335,credit_card,1,2973.78
16336,16336,boleto,1,10442.23
16337,16337,boleto,1,5030.46
16338,16338,voucher,1,202.2
16339,16339,voucher,1,815.82
16340,16340,voucher,1,10268.01
16341,16341,credit_card,1,257.64
16342,16342,debit_card,1,111.45
16343,16343,debit_card,1,1576.8
16344,16344,voucher,1,1198.61
16345,16345,debit_card,1,2115.02
16346,16346,voucher,1,443.74
16347,16347,debit_card,1,8036.23
16348,16348,voucher,1,147.73
16349,16349,voucher,1,7398.51
16350,16350,boleto,1,1747.89
16351,16351,credit_card,1,328.18
16352,16352,credit_card,6,8533.47
16353,16353,voucher,1,754.36
16354,16354,voucher,1,5475.75
16355,16355,boleto,1,5424.1
16356,16356,debit_card,1,7300.78
16357,16357,debit_card,1,66.89
16358,16358,debit_card,1,1965.04
16359,16359,boleto,1,100.84
16360,16360,voucher,1,1768.79
16361,16361,credit_card,4,1062.42
16362,16362,boleto,1,7176.67
16363,16363,voucher,1,126.7
16364,16364,voucher,1,274.25
16365,16365,boleto,1,2938.55
16366,16366,credit_card,6,5749.09
16367,16367,boleto,1,193.45
16368,16368,debit_card,1,224.17
16369,16369,credit_card,10,408.66
16370,16370,credit_card,1,5488.55
16371,16371,boleto,1,867.12
16372,16372,boleto,1,233.8
16373,16373,voucher,1,3246.18
16374,16374,credit_card,10,782.62
16375,16375,voucher,1,6719.59
16376,16376,boleto,1,1909.26
16377,16377,debit_card,1,385.82
16378,16378,boleto,1,1440.06
16379,16379,debit_card,1,5040.62
16380,16380,boleto,1,4538.31
16381,16381,credit_card,1,551.04
16382,16382,debit_card,1,790.0
16383,16383,boleto,1,10945.6
16384,16384,voucher,1,3368.8
16385,16385,credit_card,10,734.97
16386,16386,boleto,1,662.18
16387,16387,voucher,1,106.93
16388,16388,voucher,1,412.48
16389,16389,debit_card,1,3711.96
16390,16390,boleto,1,64.78
16391,16391,debit_card,1,228.44
16392,16392,voucher,1,2634.47
16393,16393,credit_card,10,755.64
16394,16394,debit_card,1,1882.34
16395,16395,debit_card,1,472.86
16396,16396,voucher,1,2038.49
16397,16397,voucher,1,2393.82
16398,16398,boleto,1,504.29
16399,16399,boleto,1,2707.75
16400,16400,debit_card,1,479.97
16401,16401,voucher,1,318.2
16402,16402,voucher,1,98.66
16403,16403,boleto,1,2040.74
16404,16404,credit_card,1,1295.04
16405,16405,boleto,1,272.86
16406,16406,credit_card,1,1293.98
16407,16407,boleto,1,1601.06
16408,16408,debit_card,1,369.32
16409,16409,credit_card,1,641.51
16410,16410,boleto,1,1549.04
16411,16411,credit_card,1,453.42
16412,16412,boleto,1,93.09
16413,16413,debit_card,1,3193.28
16414,16414,voucher,1,5865.5
16415,16415,voucher,1,580.79
16416,16416,boleto,1,1191.26
16417,16417,credit_card,1,293.72
16418,16418,credit_card,1,393.03
16419,16419,boleto,1,229.94
16420,16420,boleto,1,4600.75
16421,16421,voucher,1,1528.91
16422,16422,debit_card,1,1372.01
16423,16423,credit_card,1,677.76
16424,16424,boleto,1,1208.91
16425,16425,credit_card,4,554.46
16426,16426,voucher,1,758.03
16427,16427,voucher,1,3420.29
16428,16428,boleto,1,1185.77
16429,16429,credit_card,1,1518.03
16430,16430,credit_card,2,1282.49
16431,16431,boleto,1,3291.86
16432,16432,debit_card,1,877.8
16433,16433,credit_card,6,1954.26
16434,16434,debit_card,1,6453.63
16435,16435,credit_card,10,1211.57
16436,16436,boleto,1,2572.49
16437,16437,boleto,1,141.71
16438,16438,boleto,1,447.96
16439,16439,boleto,1,4470.58
16440,16440,debit_card,1,2924.11
16441,16441,debit_card,1,153.54
16442,16442,credit_card,10,232.87
16443,16443,boleto,1,325.38
16444,16444,boleto,1,1878.28
16445,16445,debit_card,1,270.81
16446,16446,boleto,1,5732.01
16447,16447,credit_card,4,1564.27
16448,16448,credit_card,1,108.23
16449,16449,boleto,1,173.74
16450,16450,debit_card,1,56.16
16451,16451,credit_card,1,149.45
16452,16452,voucher,1,434.89
16453,16453,debit_card,1,242.03
16454,16454,boleto,1,765.72
16455,16455,debit_card,1,334.71
16456,16456,boleto,1,3947.19
16457,16457,credit_card,1,1488.13
16458,16458,debit_card,1,810.88
16459,16459,credit_card,1,1313.46
16460,16460,debit_card,1,494.23
16461,16461,voucher,1,338.99
16462,16462,credit_card,3,2685.28
16463,16463,voucher,1,1473.35
16464,16464,credit_card,1,5025.35
16465,16465,debit_card,1,537.53
16466,16466,credit_card,10,528.65
16467,16467,credit_card,1,106.35
16468,16468,boleto,1,1089.38
16469,16469,boleto,1,4432.47
16470,16470,voucher,1,254.86
16471,16471,debit_card,1,2928.56
16472,16472,debit_card,1,3138.1
16473,16473,debit_card,1,8957.83
16474,16474,credit_card,1,2133.1
16475,16475,voucher,1,479.37
16476,16476,boleto,1,81.31
16477,16477,voucher,1,3922.98
16478,16478,credit_card,1,103.55
16479,16479,voucher,1,1560.44
16480,16480,debit_card,1,470.52
16481,16481,debit_card,1,683.85
16482,16482,credit_card,1,3493.81
16483,16483,debit_card,1,3045.63
16484,16484,voucher,1,164.17
16485,16485,debit_card,1,759.37
16486,16486,boleto,1,8386.28
16487,16487,debit_card,1,358.52
16488,16488,voucher,1,1110.28
16489,16489,boleto,1,223.28
16490,16490,credit_card,1,1018.64
16491,16491,credit_card,2,4275.89
16492,16492,boleto,1,1388.89
16493,16493,boleto,1,1211.04
16494,16494,debit_card,1,3641.75
16495,16495,debit_card,1,1242.2
16496,16496,boleto,1,6425.39
16497,16497,credit_card,4,919.28
16498,16498,debit_card,1,896.51
16499,16499,debit_card,1,204.52
16500,16500,debit_card,1,1695.41
16501,16501,debit_card,1,409.87
16502,16502,credit_card,1,374.29
16503,16503,boleto,1,4668.74
16504,16504,credit_card,1,93.48
16505,16505,credit_card,1,155.31
16506,16506,boleto,1,3940.49
16507,16507,voucher,1,2659.05
16508,16508,debit_card,1,2108.71
16509,16509,voucher,1,268.96
16510,16510,boleto,1,4568.16
16511,16511,debit_card,1,746.87
16512,16512,voucher,1,2528.8
16513,16513,credit_card,4,1211.22
16514,16514,debit_card,1,2952.52
16515,16515,boleto,1,3595.21
16516,16516,boleto,1,2421.08
16517,16517,credit_card,1,176.02
16518,16518,voucher,1,303.67
16519,16519,credit_card,1,113.3
16520,16520,debit_card,1,532.64
16521,16521,voucher,1,4238.36
16522,16522,boleto,1,155.84
16523,16523,voucher,1,859.73
16524,16524,voucher,1,318.48
16525,16525,voucher,1,115.47
16526,16526,credit_card,3,288.43
16527,16527,voucher,1,252.3
16528,16528,boleto,1,4569.55
16529,16529,voucher,1,370.21
16530,16530,credit_card,6,3626.04
16531,16531,credit_card,6,4566.96
16532,16532,voucher,1,877.91
16533,16533,credit_card,1,3578.68
16534,16534,voucher,1,782.28
16535,16535,boleto,1,900.94
16536,16536,boleto,1,1764.01
16537,16537,boleto,1,3391.8
16538,16538,credit_card,1,134.22
16539,16539,voucher,1,1498.63
16540,16540,voucher,1,615.68
16541,16541,credit_card,2,489.49
16542,16542,debit_card,1,1710.64
16543,16543,voucher,1,2093.34
16544,16544,boleto,1,1522.61
16545,16545,credit_card,1,6221.57
16546,16546,credit_card,1,901.1
16547,16547,boleto,1,3342.06
16548,16548,boleto,1,5531.88
16549,16549,debit_card,1,862.37
16550,16550,voucher,1,314.23
16551,16551,credit_card,4,900.6
16552,16552,debit_card,1,2774.72
16553,16553,boleto,1,2418.7
16554,16554,voucher,1,3031.41
16555,16555,boleto,1,1270.2
16556,16556,debit_card,1,1815.42
16557,16557,voucher,1,1181.0
16558,16558,credit_card,4,2867.64
16559,16559,debit_card,1,2380.54
16560,16560,voucher,1,501.24
16561,16561,credit_card,2,7314.64
16562,16562,credit_card,1,106.08
16563,16563,boleto,1,365.9
16564,16564,debit_card,1,2121.22
16565,16565,credit_card,1,82.14
16566,16566,debit_card,1,2326.65
16567,16567,debit_card,1,974.47
16568,16568,debit_card,1,5248.73
16569,16569,credit_card,6,4416.02
16570,16570,voucher,1,4418.8
16571,16571,credit_card,3,859.35
16572,16572,credit_card,6,1574.06
16573,16573,voucher,1,597.73
16574,16574,credit_card,1,1424.67
16575,16575,debit_card,1,148.82
16576,16576,boleto,1,465.33
16577,16577,debit_card,1,1556.35
16578,16578,boleto,1,667.93
16579,16579,credit_card,1,345.01
16580,16580,debit_card,1,2255.36
16581,16581,credit_card,1,1651.28
16582,16582,debit_card,1,3598.21
16583,16583,credit_card,1,2211.62
16584,16584,debit_card,1,11098.89
16585,16585,voucher,1,169.58
16586,16586,voucher,1,682.65
16587,16587,voucher,1,595.43
16588,16588,boleto,1,3956.28
16589,16589,boleto,1,1258.21
16590,16590,credit_card,2,464.63
16591,16591,voucher,1,4264.6
16592,16592,credit_card,1,5410.76
16593,16593,boleto,1,673.19
16594,16594,credit_card,1,584.2
16595,16595,boleto,1,256.59
16596,16596,credit_card,1,1448.72
16597,16597,debit_card,1,7905.88
16598,16598,boleto,1,6349.25
16599,16599,credit_card,1,5966.88
16600,16600,boleto,1,5623.04
16601,16601,debit_card,1,733.8
16602,16602,voucher,1,1238.69
16603,16603,voucher,1,3810.87
16604,16604,boleto,1,437.96
16605,16605,credit_card,4,5972.68
16606,16606,boleto,1,810.95
16607,16607,voucher,1,4211.7
16608,16608,credit_card,1,464.85
16609,16609,voucher,1,2851.99
16610,16610,boleto,1,493.56
16611,16611,voucher,1,320.97
16612,16612,voucher,1,2635.18
16613,16613,credit_card,1,1545.23
16614,16614,credit_card,1,1979.52
16615,16615,debit_card,1,2434.86
16616,16616,debit_card,1,2619.61
16617,16617,voucher,1,1243.57
16618,16618,debit_card,1,367.33
16619,16619,boleto,1,483.82
16620,16620,voucher,1,576.9
16621,16621,boleto,1,443.27
16622,16622,credit_card,3,1994.34
16623,16623,debit_card,1,826.56
16624,16624,boleto,1,1150.22
16625,16625,voucher,1,793.57
16626,16626,boleto,1,1724.61
16627,16627,debit_card,1,551.88
16628,16628,credit_card,2,506.33
16629,16629,boleto,1,5563.97
16630,16630,boleto,1,2013.44
16631,16631,voucher,1,427.22
16632,16632,voucher,1,4321.28
16633,16633,boleto,1,6006.61
16634,16634,voucher,1,570.33
16635,16635,credit_card,2,2383.14
16636,16636,debit_card,1,103.94
16637,16637,debit_card,1,654.26
16638,16638,debit_card,1,299.19
16639,16639,credit_card,1,149.4
16640,16640,voucher,1,1396.59
16641,16641,debit_card,1,2003.73
16642,16642,boleto,1,747.77
16643,16643,debit_card,1,2234.87
16644,16644,voucher,1,761.24
16645,16645,voucher,1,1799.14
16646,16646,boleto,1,1672.81
16647,16647,voucher,1,216.4
16648,16648,boleto,1,489.43
16649,16649,boleto,1,6262.53
16650,16650,voucher,1,70.27
16651,16651,credit_card,10,1997.48
16652,16652,boleto,1,538.28
16653,16653,boleto,1,4083.35
16654,16654,voucher,1,181.11
16655,16655,boleto,1,888.47
16656,16656,voucher,1,597.39
16657,16657,debit_card,1,406.54
16658,16658,credit_card,2,3619.84
16659,16659,debit_card,1,5760.04
16660,16660,credit_card,2,604.35
16661,16661,voucher,1,5006.66
16662,16662,debit_card,1,540.39
16663,16663,voucher,1,1479.03
16664,16664,boleto,1,2082.27
16665,16665,credit_card,2,2137.48
16666,16666,voucher,1,773.64
16667,16667,debit_card,1,523.55
16668,16668,voucher,1,3149.57
16669,16669,voucher,1,588.51
16670,16670,boleto,1,1489.12
16671,16671,voucher,1,3581.06
16672,16672,debit_card,1,1210.31
16673,16673,voucher,1,1789.86
16674,16674,debit_card,1,4108.34
16675,16675,credit_card,1,266.13
16676,16676,debit_card,1,3313.81
16677,16677,credit_card,2,2196.36
16678,16678,voucher,1,1204.26
16679,16679,boleto,1,67.23
16680,16680,voucher,1,492.41
16681,16681,voucher,1,974.25
16682,16682,credit_card,1,1766.77
16683,16683,credit_card,1,1395.97
16684,16684,voucher,1,550.88
16685,16685,debit_card,1,613.35
16686,16686,voucher,1,990.81
16687,16687,boleto,1,3130.05
16688,16688,debit_card,1,2384.14
16689,16689,voucher,1,341.23
16690,16690,boleto,1,247.94
16691,16691,credit_card,1,196.67
16692,16692,debit_card,1,2996.01
16693,16693,debit_card,1,2220.39
16694,16694,voucher,1,1628.34
16695,16695,credit_card,1,465.48
16696,16696,boleto,1,938.24
16697,16697,debit_card,1,355.86
16698,16698,boleto,1,227.74
16699,16699,boleto,1,373.7
16700,16700,voucher,1,637.0
16701,16701,credit_card,1,615.62
16702,16702,credit_card,3,4060.88
16703,16703,credit_card,1,48.84
16704,16704,voucher,1,344.15
16705,16705,boleto,1,367.47
16706,16706,boleto,1,586.56
16707,16707,debit_card,1,90.38
16708,16708,credit_card,1,136.37
16709,16709,voucher,1,1735.29
16710,16710,voucher,1,621.57
16711,16711,debit_card,1,832.39
16712,16712,credit_card,4,3182.18
16713,16713,credit_card,3,259.71
16714,16714,voucher,1,143.45
16715,16715,debit_card,1,809.75
16716,16716,credit_card,4,279.02
16717,16717,credit_card,10,1970.97
16718,16718,credit_card,1,7560.21
16719,16719,debit_card,1,2009.81
16720,16720,boleto,1,5832.36
16721,16721,debit_card,1,2163.23
16722,16722,voucher,1,469.69
16723,16723,voucher,1,121.18
16724,16724,voucher,1,1346.8
16725,16725,voucher,1,443.63
16726,16726,credit_card,6,1847.7
16727,16727,credit_card,10,2630.64
16728,16728,credit_card,1,1645.19
16729,16729,boleto,1,3081.81
16730,16730,voucher,1,732.94
16731,16731,voucher,1,271.6
16732,16732,voucher,1,2507.22
16733,16733,credit_card,1,2168.25
16734,16734,boleto,1,199.1
16735,16735,credit_card,10,1069.69
16736,16736,voucher,1,6619.64
16737,16737,debit_card,1,787.17
16738,16738,boleto,1,4387.21
16739,16739,boleto,1,583.62
16740,16740,credit_card,3,14156.94
16741,16741,credit_card,1,2069.22
16742,16742,credit_card,6,7540.41
16743,16743,debit_card,1,2368.28
16744,16744,debit_card,1,282.27
16745,16745,credit_card,1,283.81
16746,16746,debit_card,1,247.68
16747,16747,voucher,1,86.05
16748,16748,boleto,1,1148.68
16749,16749,boleto,1,19095.36
16750,16750,credit_card,1,2119.78
16751,16751,debit_card,1,3792.28
16752,16752,debit_card,1,293.28
16753,16753,credit_card,1,439.21
16754,16754,debit_card,1,5784.48
16755,16755,voucher,1,127.47
16756,16756,credit_card,1,2636.93
16757,16757,credit_card,1,147.21
16758,16758,debit_card,1,1492.75
16759,16759,voucher,1,185.09
16760,16760,credit_card,1,1176.67
16761,16761,debit_card,1,853.96
16762,16762,credit_card,1,5789.69
16763,16763,boleto,1,1402.8
16764,16764,voucher,1,708.32
16765,16765,credit_card,1,7087.82
16766,16766,credit_card,1,225.6
16767,16767,debit_card,1,1024.45
16768,16768,credit_card,1,4613.07
16769,16769,voucher,1,806.08
16770,16770,voucher,1,2950.7
16771,16771,voucher,1,853.06
16772,16772,credit_card,4,359.47
16773,16773,debit_card,1,495.32
16774,16774,credit_card,1,932.79
16775,16775,voucher,1,946.61
16776,16776,voucher,1,1256.28
16777,16777,credit_card,1,1207.83
16778,16778,boleto,1,301.15
16779,16779,voucher,1,4511.42
16780,16780,voucher,1,5232.82
16781,16781,credit_card,4,1209.07
16782,16782,boleto,1,139.09
16783,16783,voucher,1,3533.39
16784,16784,voucher,1,1215.65
16785,16785,credit_card,1,2644.0
16786,16786,boleto,1,581.46
16787,16787,debit_card,1,910.33
16788,16788,voucher,1,4074.56
16789,16789,voucher,1,53.67
16790,16790,boleto,1,1956.22
16791,16791,debit_card,1,2133.87
16792,16792,voucher,1,4770.94
16793,16793,debit_card,1,3763.23
16794,16794,boleto,1,3097.77
16795,16795,credit_card,1,230.15
16796,16796,debit_card,1,357.01
16797,16797,boleto,1,709.19
16798,16798,voucher,1,1990.28
16799,16799,credit_card,3,1453.77
16800,16800,voucher,1,320.09
16801,16801,voucher,1,181.62
16802,16802,credit_card,1,540.02
16803,16803,credit_card,6,5916.89
16804,16804,debit_card,1,1699.68
16805,16805,credit_card,1,237.99
16806,16806,debit_card,1,5210.34
16807,16807,debit_card,1,1612.97
16808,16808,boleto,1,2041.11
16809,16809,voucher,1,424.61
16810,16810,credit_card,1,165.2
16811,16811,boleto,1,596.08
16812,16812,boleto,1,3138.53
16813,16813,debit_card,1,329.44
16814,16814,voucher,1,1720.06
16815,16815,voucher,1,9683.76
16816,16816,debit_card,1,2742.99
16817,16817,debit_card,1,2515.39
16818,16818,debit_card,1,102.1
16819,16819,boleto,1,1684.78
16820,16820,debit_card,1,304.32
16821,16821,credit_card,1,452.06
16822,16822,voucher,1,406.1
16823,16823,credit_card,1,2324.04
16824,16824,boleto,1,531.49
16825,16825,credit_card,1,7828.55
16826,16826,boleto,1,309.13
16827,16827,credit_card,1,164.21
16828,16828,voucher,1,199.99
16829,16829,credit_card,1,136.44
16830,16830,boleto,1,995.65
16831,16831,boleto,1,1713.35
16832,16832,boleto,1,1481.55
16833,16833,debit_card,1,625.71
16834,16834,boleto,1,175.55
16835,16835,debit_card,1,2735.28
16836,16836,voucher,1,759.03
16837,16837,boleto,1,4964.83
16838,16838,credit_card,1,145.06
16839,16839,debit_card,1,2295.84
16840,16840,credit_card,6,416.78
16841,16841,debit_card,1,2108.83
16842,16842,debit_card,1,1331.58
16843,16843,voucher,1,411.63
16844,16844,voucher,1,793.62
16845,16845,debit_card,1,8234.98
16846,16846,credit_card,1,3473.58
16847,16847,credit_card,1,1714.14
16848,16848,voucher,1,980.27
16849,16849,debit_card,1,161.22
16850,16850,voucher,1,3174.73
16851,16851,voucher,1,3258.06
16852,16852,voucher,1,81.41
16853,16853,credit_card,4,1469.75
16854,16854,boleto,1,3917.25
16855,16855,voucher,1,895.95
16856,16856,debit_card,1,2868.53
16857,16857,voucher,1,355.13
16858,16858,boleto,1,162.3
16859,16859,debit_card,1,4651.93
16860,16860,debit_card,1,573.1
16861,16861,voucher,1,891.4
16862,16862,credit_card,1,8261.82
16863,16863,debit_card,1,773.73
16864,16864,boleto,1,2386.08
16865,16865,debit_card,1,620.91
16866,16866,voucher,1,238.04
16867,16867,credit_card,3,401.46
16868,16868,debit_card,1,3187.2
16869,16869,boleto,1,1266.61
16870,16870,voucher,1,5641.33
16871,16871,boleto,1,2776.37
16872,16872,debit_card,1,1458.55
16873,16873,voucher,1,103.99
16874,16874,voucher,1,554.54
16875,16875,voucher,1,176.97
16876,16876,debit_card,1,70.13
16877,16877,voucher,1,542.71
16878,16878,debit_card,1,2668.74
16879,16879,credit_card,1,971.36
16880,16880,voucher,1,1944.03
16881,16881,debit_card,1,205.75
16882,16882,credit_card,4,5453.78
16883,16883,debit_card,1,1643.2
16884,16884,boleto,1,313.79
16885,16885,debit_card,1,3930.57
16886,16886,voucher,1,9035.37
16887,16887,debit_card,1,1446.29
16888,16888,boleto,1,539.77
16889,16889,debit_card,1,648.22
16890,16890,boleto,1,65.67
16891,16891,voucher,1,200.81
16892,16892,debit_card,1,6884.7
16893,16893,credit_card,6,7209.43
16894,16894,credit_card,1,227.52
16895,16895,credit_card,10,997.06
16896,16896,debit_card,1,3355.48
16897,16897,boleto,1,241.05
16898,16898,debit_card,1,1644.35
16899,16899,credit_card,10,3347.58
16900,16900,credit_card,1,369.47
16901,16901,debit_card,1,5089.33
16902,16902,debit_card,1,3020.9
16903,16903,boleto,1,45.53
16904,16904,boleto,1,1513.34
16905,16905,boleto,1,4492.4
16906,16906,debit_card,1,559.22
16907,16907,credit_card,4,3586.97
16908,16908,credit_card,1,5662.06
16909,16909,boleto,1,3581.91
16910,16910,debit_card,1,223.52
16911,16911,debit_card,1,342.69
16912,16912,voucher,1,494.71
16913,16913,voucher,1,139.6
16914,16914,boleto,1,1776.97
16915,16915,boleto,1,1410.13
16916,16916,boleto,1,438.51
16917,16917,debit_card,1,2669.43
16918,16918,boleto,1,4279.07
16919,16919,voucher,1,819.21
16920,16920,boleto,1,3361.88
16921,16921,debit_card,1,2484.15
16922,16922,boleto,1,390.39
16923,16923,debit_card,1,424.46
16924,16924,voucher,1,77.68
16925,16925,credit_card,3,2816.55
16926,16926,credit_card,4,987.75
16927,16927,voucher,1,3009.58
16928,16928,voucher,1,1358.98
16929,16929,credit_card,6,3726.61
16930,16930,debit_card,1,353.56
16931,16931,voucher,1,383.05
16932,16932,debit_card,1,299.45
16933,16933,boleto,1,189.89
16934,16934,voucher,1,584.95
16935,16935,credit_card,2,3350.66
16936,16936,boleto,1,685.68
16937,16937,boleto,1,3012.39
16938,16938,credit_card,6,532.59
16939,16939,voucher,1,2888.4
16940,16940,voucher,1,1714.15
16941,16941,voucher,1,4765.75
16942,16942,credit_card,2,1134.74
16943,16943,voucher,1,5228.07
16944,16944,voucher,1,1156.81
16945,16945,debit_card,1,3740.93
16946,16946,voucher,1,2546.66
16947,16947,boleto,1,5831.67
16948,16948,boleto,1,743.14
16949,16949,debit_card,1,220.38
16950,16950,voucher,1,36.66
16951,16951,voucher,1,1178.18
16952,16952,boleto,1,192.98
16953,16953,boleto,1,673.74
16954,16954,debit_card,1,1353.07
16955,16955,credit_card,1,110.04
16956,16956,credit_card,1,445.89
16957,16957,voucher,1,283.43
16958,16958,debit_card,1,3674.01
16959,16959,credit_card,1,145.7
16960,16960,debit_card,1,1163.34
16961,16961,debit_card,1,1038.93
16962,16962,debit_card,1,59.11
16963,16963,debit_card,1,422.87
16964,16964,boleto,1,825.44
16965,16965,debit_card,1,2921.63
16966,16966,boleto,1,344.16
16967,16967,debit_card,1,202.0
16968,16968,debit_card,1,1228.6
16969,16969,voucher,1,531.93
16970,16970,debit_card,1,182.17
16971,16971,credit_card,3,509.72
16972,16972,voucher,1,746.57
16973,16973,credit_card,6,1702.72
16974,16974,boleto,1,582.66
16975,16975,debit_card,1,1396.55
16976,16976,voucher,1,450.33
16977,16977,voucher,1,1500.77
16978,16978,debit_card,1,340.57
16979,16979,boleto,1,2464.39
16980,16980,boleto,1,662.3
16981,16981,credit_card,3,2425.05
16982,16982,debit_card,1,376.18
16983,16983,credit_card,1,2409.76
16984,16984,voucher,1,7358.96
16985,16985,boleto,1,216.14
16986,16986,credit_card,1,1780.05
16987,16987,debit_card,1,458.68
16988,16988,voucher,1,917.85
16989,16989,boleto,1,756.3
16990,16990,credit_card,3,8425.63
16991,16991,credit_card,2,308.21
16992,16992,credit_card,1,52.9
16993,16993,debit_card,1,904.64
16994,16994,voucher,1,687.73
16995,16995,boleto,1,2369.01
16996,16996,credit_card,4,361.89
16997,16997,debit_card,1,2284.56
16998,16998,voucher,1,2688.96
16999,16999,credit_card,1,249.4
17000,17000,boleto,1,5229.61
17001,17001,debit_card,1,2008.69
17002,17002,voucher,1,717.56
17003,17003,boleto,1,4269.2
17004,17004,credit_card,1,93.09
17005,17005,debit_card,1,2820.42
17006,17006,voucher,1,209.37
17007,17007,voucher,1,4957.38
17008,17008,debit_card,1,261.28
17009,17009,debit_card,1,144.4
17010,17010,boleto,1,881.11
17011,17011,debit_card,1,238.93
17012,17012,debit_card,1,235.82
17013,17013,boleto,1,465.06
17014,17014,debit_card,1,893.46
17015,17015,boleto,1,1806.92
17016,17016,boleto,1,1862.91
17017,17017,boleto,1,3916.58
17018,17018,debit_card,1,1183.68
17019,17019,debit_card,1,112.98
17020,17020,debit_card,1,2037.71
17021,17021,credit_card,1,522.24
17022,17022,credit_card,3,689.93
17023,17023,debit_card,1,4922.28
17024,17024,debit_card,1,773.9
17025,17025,credit_card,4,444.03
17026,17026,boleto,1,115.4
17027,17027,boleto,1,2086.99
17028,17028,credit_card,1,207.2
17029,17029,voucher,1,463.03
17030,17030,debit_card,1,137.57
17031,17031,credit_card,3,4506.64
17032,17032,debit_card,1,3205.41
17033,17033,debit_card,1,2218.57
17034,17034,debit_card,1,8163.63
17035,17035,voucher,1,697.3
17036,17036,credit_card,6,3471.61
17037,17037,debit_card,1,595.31
17038,17038,boleto,1,18645.7
17039,17039,voucher,1,2741.87
17040,17040,boleto,1,2978.18
17041,17041,voucher,1,918.37
17042,17042,debit_card,1,2533.61
17043,17043,voucher,1,1822.03
17044,17044,voucher,1,6710.94
17045,17045,boleto,1,249.72
17046,17046,boleto,1,147.97
17047,17047,debit_card,1,1988.17
17048,17048,credit_card,10,3635.07
17049,17049,boleto,1,7889.54
17050,17050,credit_card,1,3780.1
17051,17051,voucher,1,481.06
17052,17052,voucher,1,891.38
17053,17053,debit_card,1,245.87
17054,17054,credit_card,6,524.74
17055,17055,credit_card,1,402.01
17056,17056,boleto,1,132.58
17057,17057,voucher,1,1366.72
17058,17058,debit_card,1,1212.24
17059,17059,debit_card,1,943.27
17060,17060,credit_card,1,132.7
17061,17061,debit_card,1,88.27
17062,17062,voucher,1,1301.23
17063,17063,voucher,1,2004.84
17064,17064,debit_card,1,5457.67
17065,17065,debit_card,1,863.27
17066,17066,debit_card,1,2795.54
17067,17067,boleto,1,351.97
17068,17068,voucher,1,2774.23
17069,17069,boleto,1,565.87
17070,17070,debit_card,1,1591.57
17071,17071,boleto,1,2032.34
17072,17072,debit_card,1,375.43
17073,17073,boleto,1,437.24
17074,17074,voucher,1,143.33
17075,17075,credit_card,6,2666.21
17076,17076,debit_card,1,553.93
17077,17077,voucher,1,2239.58
17078,17078,voucher,1,2413.36
17079,17079,voucher,1,2003.84
17080,17080,credit_card,1,157.2
17081,17081,boleto,1,231.4
17082,17082,credit_card,1,120.04
17083,17083,voucher,1,1959.8
17084,17084,voucher,1,2880.9
17085,17085,credit_card,1,345.42
17086,17086,debit_card,1,328.76
17087,17087,credit_card,1,1925.97
17088,17088,credit_card,3,1170.45
17089,17089,voucher,1,679.69
17090,17090,voucher,1,848.93
17091,17091,debit_card,1,843.58
17092,17092,boleto,1,267.37
17093,17093,credit_card,1,1595.72
17094,17094,debit_card,1,2709.21
17095,17095,credit_card,3,205.83
17096,17096,debit_card,1,376.33
17097,17097,debit_card,1,3558.38
17098,17098,credit_card,1,170.63
17099,17099,debit_card,1,2616.53
17100,17100,boleto,1,836.86
17101,17101,debit_card,1,4448.65
17102,17102,boleto,1,4072.98
17103,17103,credit_card,6,3824.58
17104,17104,debit_card,1,2907.43
17105,17105,boleto,1,2724.33
17106,17106,credit_card,4,1433.0
17107,17107,credit_card,10,3837.07
17108,17108,debit_card,1,383.09
17109,17109,credit_card,1,139.94
17110,17110,boleto,1,780.92
17111,17111,voucher,1,153.01
17112,17112,debit_card,1,363.99
17113,17113,debit_card,1,5655.53
17114,17114,debit_card,1,8064.7
17115,17115,debit_card,1,499.09
17116,17116,boleto,1,1180.51
17117,17117,credit_card,1,499.36
17118,17118,voucher,1,273.04
17119,17119,voucher,1,2973.41
17120,17120,boleto,1,776.96
17121,17121,boleto,1,3435.56
17122,17122,debit_card,1,3556.12
17123,17123,boleto,1,155.92
17124,17124,debit_card,1,333.76
17125,17125,debit_card,1,1618.89
17126,17126,credit_card,1,187.38
17127,17127,boleto,1,1632.16
17128,17128,boleto,1,2309.75
17129,17129,debit_card,1,1509.01
17130,17130,boleto,1,486.96
17131,17131,voucher,1,1908.91
17132,17132,debit_card,1,626.51
17133,17133,credit_card,1,2100.97
17134,17134,credit_card,1,656.27
17135,17135,debit_card,1,1377.08
17136,17136,debit_card,1,1388.01
17137,17137,debit_card,1,215.12
17138,17138,debit_card,1,486.18
17139,17139,boleto,1,571.6
17140,17140,debit_card,1,2887.21
17141,17141,boleto,1,513.82
17142,17142,debit_card,1,4215.1
17143,17143,boleto,1,2322.25
17144,17144,debit_card,1,3280.16
17145,17145,boleto,1,302.44
17146,17146,voucher,1,499.28
17147,17147,boleto,1,173.03
17148,17148,voucher,1,236.86
17149,17149,boleto,1,221.11
17150,17150,debit_card,1,271.11
17151,17151,boleto,1,648.93
17152,17152,boleto,1,96.03
17153,17153,boleto,1,954.5
17154,17154,credit_card,1,6468.82
17155,17155,voucher,1,1041.59
17156,17156,credit_card,3,934.97
17157,17157,credit_card,1,1599.72
17158,17158,boleto,1,245.61
17159,17159,boleto,1,151.61
17160,17160,credit_card,1,407.13
17161,17161,credit_card,6,1588.95
17162,17162,credit_card,1,2438.93
17163,17163,boleto,1,1961.04
17164,17164,credit_card,1,326.26
17165,17165,credit_card,1,8830.27
17166,17166,boleto,1,54.01
17167,17167,boleto,1,10512.04
17168,17168,debit_card,1,6212.66
17169,17169,credit_card,1,239.44
17170,17170,credit_card,6,2714.99
17171,17171,credit_card,1,6281.21
17172,17172,debit_card,1,4058.67
17173,17173,credit_card,4,787.93
17174,17174,debit_card,1,4041.82
17175,17175,boleto,1,2674.8
17176,17176,voucher,1,592.28
17177,17177,voucher,1,1230.91
17178,17178,debit_card,1,2938.91
17179,17179,voucher,1,226.14
17180,17180,debit_card,1,280.1
17181,17181,boleto,1,393.96
17182,17182,boleto,1,3905.31
17183,17183,debit_card,1,4258.33
17184,17184,debit_card,1,5927.54
17185,17185,boleto,1,233.13
17186,17186,debit_card,1,14603.76
17187,17187,boleto,1,3667.08
17188,17188,voucher,1,575.61
17189,17189,voucher,1,2938.54
17190,17190,voucher,1,382.96
17191,17191,voucher,1,2160.12
17192,17192,boleto,1,741.2
17193,17193,debit_card,1,431.66
17194,17194,voucher,1,167.47
17195,17195,voucher,1,263.03
17196,17196,debit_card,1,576.93
17197,17197,boleto,1,483.68
17198,17198,credit_card,2,3089.12
17199,17199,boleto,1,3375.06
17200,17200,credit_card,4,217.68
17201,17201,credit_card,10,3662.85
17202,17202,debit_card,1,1124.5
17203,17203,debit_card,1,682.79
17204,17204,debit_card,1,109.25
17205,17205,voucher,1,239.77
17206,17206,boleto,1,6280.42
17207,17207,boleto,1,2950.42
17208,17208,debit_card,1,9584.73
17209,17209,debit_card,1,788.49
17210,17210,credit_card,1,175.18
17211,17211,boleto,1,4379.33
17212,17212,voucher,1,1443.57
17213,17213,credit_card,1,2744.92
17214,17214,credit_card,10,259.04
17215,17215,credit_card,1,2315.6
17216,17216,boleto,1,528.72
17217,17217,voucher,1,715.77
17218,17218,voucher,1,570.59
17219,17219,boleto,1,6062.2
17220,17220,boleto,1,243.81
17221,17221,voucher,1,587.34
17222,17222,credit_card,1,9020.32
17223,17223,debit_card,1,3785.63
17224,17224,voucher,1,46.43
17225,17225,credit_card,4,816.9
17226,17226,voucher,1,1894.79
17227,17227,credit_card,6,4755.82
17228,17228,debit_card,1,379.47
17229,17229,credit_card,2,4296.1
17230,17230,credit_card,3,270.72
17231,17231,boleto,1,1453.1
17232,17232,debit_card,1,883.47
17233,17233,voucher,1,271.96
17234,17234,boleto,1,1186.18
17235,17235,voucher,1,301.07
17236,17236,credit_card,1,2670.98
17237,17237,voucher,1,5561.12
17238,17238,voucher,1,1303.59
17239,17239,voucher,1,2949.75
17240,17240,boleto,1,1562.23
17241,17241,credit_card,1,585.61
17242,17242,debit_card,1,940.31
17243,17243,boleto,1,1086.93
17244,17244,debit_card,1,237.89
17245,17245,debit_card,1,3562.06
17246,17246,credit_card,4,5718.31
17247,17247,credit_card,1,1061.08
17248,17248,boleto,1,6850.28
17249,17249,voucher,1,7560.29
17250,17250,voucher,1,287.87
17251,17251,voucher,1,6045.68
17252,17252,boleto,1,343.63
17253,17253,voucher,1,141.2
17254,17254,credit_card,1,247.74
17255,17255,boleto,1,1179.42
17256,17256,voucher,1,170.28
17257,17257,voucher,1,156.14
17258,17258,voucher,1,285.77
17259,17259,debit_card,1,4076.84
17260,17260,boleto,1,677.68
17261,17261,credit_card,1,113.11
17262,17262,voucher,1,1314.52
17263,17263,credit_card,1,100.31
17264,17264,credit_card,1,1004.68
17265,17265,voucher,1,714.44
17266,17266,debit_card,1,4610.21
17267,17267,boleto,1,4649.5
17268,17268,credit_card,2,1040.13
17269,17269,voucher,1,717.84
17270,17270,voucher,1,3070.32
17271,17271,boleto,1,1957.06
17272,17272,boleto,1,456.8
17273,17273,voucher,1,1105.58
17274,17274,boleto,1,1840.48
17275,17275,boleto,1,214.27
17276,17276,boleto,1,1345.87
17277,17277,boleto,1,3931.85
17278,17278,boleto,1,600.44
17279,17279,debit_card,1,1969.49
17280,17280,boleto,1,2549.59
17281,17281,credit_card,1,4382.86
17282,17282,credit_card,10,5594.62
17283,17283,debit_card,1,1403.9
17284,17284,voucher,1,159.8
17285,17285,boleto,1,300.87
17286,17286,voucher,1,2833.81
17287,17287,voucher,1,2619.54
17288,17288,boleto,1,851.21
17289,17289,boleto,1,202.62
17290,17290,debit_card,1,806.42
17291,17291,voucher,1,2120.97
17292,17292,debit_card,1,174.45
17293,17293,voucher,1,1177.39
17294,17294,voucher,1,429.87
17295,17295,debit_card,1,515.18
17296,17296,debit_card,1,534.13
17297,17297,voucher,1,2032.98
17298,17298,debit_card,1,395.21
17299,17299,voucher,1,9257.57
17300,17300,boleto,1,223.19
17301,17301,voucher,1,277.62
17302,17302,boleto,1,1593.59
17303,17303,voucher,1,1945.72
17304,17304,credit_card,1,5801.36
17305,17305,boleto,1,3356.5
17306,17306,credit_card,1,1318.63
17307,17307,credit_card,1,419.86
17308,17308,voucher,1,2681.25
17309,17309,debit_card,1,6254.73
17310,17310,debit_card,1,347.61
17311,17311,credit_card,1,2582.12
17312,17312,voucher,1,126.31
17313,17313,boleto,1,673.81
17314,17314,boleto,1,1757.29
17315,17315,voucher,1,330.48
17316,17316,boleto,1,3146.38
17317,17317,voucher,1,3613.98
17318,17318,debit_card,1,265.75
17319,17319,voucher,1,152.84
17320,17320,voucher,1,926.59
17321,17321,voucher,1,903.64
17322,17322,credit_card,1,5411.11
17323,17323,credit_card,1,277.32
17324,17324,boleto,1,561.62
17325,17325,voucher,1,779.14
17326,17326,debit_card,1,1778.56
17327,17327,debit_card,1,132.47
17328,17328,credit_card,1,242.73
17329,17329,credit_card,1,528.29
17330,17330,debit_card,1,5231.32
17331,17331,boleto,1,6867.28
17332,17332,debit_card,1,62.25
17333,17333,voucher,1,713.7
17334,17334,credit_card,1,2498.68
17335,17335,boleto,1,271.16
17336,17336,boleto,1,1027.53
17337,17337,debit_card,1,803.36
17338,17338,debit_card,1,2764.47
17339,17339,debit_card,1,102.13
17340,17340,debit_card,1,823.0
17341,17341,boleto,1,246.2
17342,17342,voucher,1,1625.52
17343,17343,voucher,1,988.0
17344,17344,credit_card,1,228.6
17345,17345,voucher,1,367.46
17346,17346,voucher,1,7605.45
17347,17347,credit_card,1,818.5
17348,17348,debit_card,1,315.11
17349,17349,boleto,1,443.73
17350,17350,credit_card,10,373.82
17351,17351,credit_card,10,663.05
17352,17352,voucher,1,4281.19
17353,17353,credit_card,1,377.14
17354,17354,debit_card,1,468.63
17355,17355,boleto,1,8707.58
17356,17356,debit_card,1,7302.08
17357,17357,credit_card,1,414.43
17358,17358,credit_card,1,73.57
17359,17359,boleto,1,2604.56
17360,17360,debit_card,1,63.59
17361,17361,voucher,1,165.31
17362,17362,credit_card,4,1851.38
17363,17363,credit_card,1,1656.61
17364,17364,boleto,1,1265.65
17365,17365,boleto,1,4772.55
17366,17366,boleto,1,1232.36
17367,17367,boleto,1,3611.12
17368,17368,voucher,1,3895.3
17369,17369,credit_card,1,264.55
17370,17370,voucher,1,2452.96
17371,17371,boleto,1,409.39
17372,17372,debit_card,1,4326.82
17373,17373,voucher,1,799.16
17374,17374,credit_card,1,353.1
17375,17375,debit_card,1,3561.09
17376,17376,credit_card,1,1729.29
17377,17377,voucher,1,5939.61
17378,17378,boleto,1,5897.85
17379,17379,debit_card,1,192.85
17380,17380,voucher,1,2628.82
17381,17381,credit_card,1,108.57
17382,17382,boleto,1,609.45
17383,17383,credit_card,1,291.93
17384,17384,credit_card,1,2093.07
17385,17385,boleto,1,270.91
17386,17386,voucher,1,7014.57
17387,17387,credit_card,1,1519.89
17388,17388,voucher,1,361.62
17389,17389,credit_card,4,3016.41
17390,17390,voucher,1,1057.66
17391,17391,debit_card,1,2778.06
17392,17392,voucher,1,624.65
17393,17393,credit_card,1,171.11
17394,17394,debit_card,1,2765.01
17395,17395,credit_card,4,480.5
17396,17396,credit_card,3,1464.47
17397,17397,boleto,1,796.48
17398,17398,credit_card,6,1938.59
17399,17399,voucher,1,2680.17
17400,17400,credit_card,2,4253.62
17401,17401,boleto,1,3427.42
17402,17402,debit_card,1,805.66
17403,17403,voucher,1,337.06
17404,17404,boleto,1,3923.52
17405,17405,credit_card,1,991.6
17406,17406,debit_card,1,5265.56
17407,17407,voucher,1,780.82
17408,17408,debit_card,1,285.35
17409,17409,boleto,1,237.53
17410,17410,boleto,1,262.78
17411,17411,boleto,1,142.05
17412,17412,boleto,1,228.4
17413,17413,voucher,1,2869.11
17414,17414,voucher,1,2041.85
17415,17415,debit_card,1,1699.28
17416,17416,voucher,1,1796.37
17417,17417,boleto,1,2095.12
17418,17418,boleto,1,78.26
17419,17419,debit_card,1,670.96
17420,17420,credit_card,4,1646.16
17421,17421,debit_card,1,1709.09
17422,17422,boleto,1,1770.93
17423,17423,debit_card,1,6670.33
17424,17424,voucher,1,6434.74
17425,17425,credit_card,10,5438.63
17426,17426,debit_card,1,315.88
17427,17427,voucher,1,3844.06
17428,17428,boleto,1,2615.48
17429,17429,debit_card,1,402.69
17430,17430,voucher,1,2430.34
17431,17431,debit_card,1,3889.74
17432,17432,debit_card,1,316.9
17433,17433,debit_card,1,518.04
17434,17434,voucher,1,5400.93
17435,17435,voucher,1,829.61
17436,17436,boleto,1,2179.2
17437,17437,voucher,1,971.1
17438,17438,credit_card,1,189.35
17439,17439,boleto,1,383.07
17440,17440,debit_card,1,373.93
17441,17441,debit_card,1,501.63
17442,17442,boleto,1,2380.11
17443,17443,credit_card,1,1015.21
17444,17444,voucher,1,274.3
17445,17445,debit_card,1,10968.23
17446,17446,voucher,1,455.46
17447,17447,debit_card,1,1961.3
17448,17448,boleto,1,1796.58
17449,17449,boleto,1,891.91
17450,17450,credit_card,1,3990.39
17451,17451,voucher,1,484.8
17452,17452,voucher,1,192.87
17453,17453,credit_card,1,150.22
17454,17454,boleto,1,141.71
17455,17455,credit_card,1,215.83
17456,17456,credit_card,6,1000.25
17457,17457,voucher,1,6727.83
17458,17458,boleto,1,2017.92
17459,17459,credit_card,2,1858.81
17460,17460,boleto,1,484.28
17461,17461,voucher,1,318.16
17462,17462,boleto,1,520.53
17463,17463,debit_card,1,1501.48
17464,17464,debit_card,1,5349.53
17465,17465,voucher,1,5062.26
17466,17466,debit_card,1,798.82
17467,17467,voucher,1,725.99
17468,17468,credit_card,1,4618.61
17469,17469,voucher,1,305.51
17470,17470,voucher,1,5353.38
17471,17471,debit_card,1,240.28
17472,17472,boleto,1,6263.73
17473,17473,credit_card,6,252.96
17474,17474,boleto,1,617.64
17475,17475,debit_card,1,800.28
17476,17476,voucher,1,1135.31
17477,17477,credit_card,4,1750.6
17478,17478,debit_card,1,493.07
17479,17479,voucher,1,2940.31
17480,17480,boleto,1,2520.23
17481,17481,boleto,1,1423.2
17482,17482,debit_card,1,684.94
17483,17483,boleto,1,192.03
17484,17484,debit_card,1,4107.25
17485,17485,voucher,1,952.04
17486,17486,credit_card,2,2160.36
17487,17487,voucher,1,231.76
17488,17488,credit_card,4,474.17
17489,17489,boleto,1,4246.24
17490,17490,credit_card,6,489.58
17491,17491,credit_card,6,403.03
17492,17492,boleto,1,335.94
17493,17493,credit_card,10,1412.56
17494,17494,debit_card,1,2792.28
17495,17495,boleto,1,2632.77
17496,17496,boleto,1,2070.46
17497,17497,voucher,1,3325.39
17498,17498,credit_card,10,712.24
17499,17499,voucher,1,551.31
17500,17500,credit_card,6,4459.92
17501,17501,voucher,1,246.95
17502,17502,credit_card,2,386.58
17503,17503,debit_card,1,6178.37
17504,17504,boleto,1,499.07
17505,17505,boleto,1,1160.75
17506,17506,boleto,1,1436.28
17507,17507,credit_card,2,732.06
17508,17508,debit_card,1,130.93
17509,17509,boleto,1,231.7
17510,17510,credit_card,1,174.73
17511,17511,voucher,1,3090.33
17512,17512,voucher,1,6858.55
17513,17513,boleto,1,1027.73
17514,17514,debit_card,1,1948.36
17515,17515,credit_card,10,3092.4
17516,17516,debit_card,1,646.16
17517,17517,debit_card,1,875.97
17518,17518,boleto,1,135.03
17519,17519,boleto,1,15222.83
17520,17520,debit_card,1,260.31
17521,17521,boleto,1,4075.66
17522,17522,boleto,1,201.94
17523,17523,debit_card,1,1702.8
17524,17524,boleto,1,148.11
17525,17525,voucher,1,2115.15
17526,17526,debit_card,1,1904.09
17527,17527,credit_card,3,244.76
17528,17528,boleto,1,4476.16
17529,17529,boleto,1,4550.47
17530,17530,credit_card,4,287.05
17531,17531,credit_card,1,403.79
17532,17532,voucher,1,396.41
17533,17533,voucher,1,142.61
17534,17534,credit_card,1,696.77
17535,17535,credit_card,4,880.72
17536,17536,debit_card,1,974.83
17537,17537,voucher,1,75.17
17538,17538,debit_card,1,298.15
17539,17539,boleto,1,491.04
17540,17540,boleto,1,830.65
17541,17541,credit_card,4,2191.1
17542,17542,voucher,1,5775.03
17543,17543,credit_card,1,621.4
17544,17544,voucher,1,238.57
17545,17545,voucher,1,3438.02
17546,17546,credit_card,2,543.49
17547,17547,credit_card,1,931.13
17548,17548,debit_card,1,120.16
17549,17549,debit_card,1,2571.2
17550,17550,credit_card,10,854.28
17551,17551,credit_card,1,1834.13
17552,17552,debit_card,1,354.11
17553,17553,voucher,1,1582.86
17554,17554,boleto,1,838.94
17555,17555,voucher,1,1402.47
17556,17556,voucher,1,1684.97
17557,17557,credit_card,1,199.28
17558,17558,boleto,1,480.68
17559,17559,debit_card,1,3575.89
17560,17560,debit_card,1,366.99
17561,17561,boleto,1,287.76
17562,17562,debit_card,1,1877.31
17563,17563,boleto,1,1190.63
17564,17564,voucher,1,338.02
17565,17565,voucher,1,453.55
17566,17566,debit_card,1,545.41
17567,17567,debit_card,1,161.19
17568,17568,boleto,1,3531.51
17569,17569,voucher,1,250.98
17570,17570,voucher,1,1602.23
17571,17571,voucher,1,2842.72
17572,17572,voucher,1,379.88
17573,17573,voucher,1,3766.06
17574,17574,credit_card,1,7227.33
17575,17575,voucher,1,5829.35
17576,17576,boleto,1,220.27
17577,17577,boleto,1,3252.76
17578,17578,credit_card,1,174.73
17579,17579,debit_card,1,861.1
17580,17580,credit_card,1,957.57
17581,17581,credit_card,2,539.31
17582,17582,voucher,1,128.17
17583,17583,voucher,1,1442.64
17584,17584,debit_card,1,131.96
17585,17585,credit_card,2,6413.14
17586,17586,boleto,1,734.5
17587,17587,debit_card,1,4025.47
17588,17588,voucher,1,1270.79
17589,17589,debit_card,1,2114.4
17590,17590,credit_card,1,3065.85
17591,17591,credit_card,1,203.73
17592,17592,credit_card,1,398.09
17593,17593,voucher,1,2055.77
17594,17594,boleto,1,422.95
17595,17595,debit_card,1,9924.34
17596,17596,boleto,1,2077.34
17597,17597,boleto,1,1834.18
17598,17598,voucher,1,525.16
17599,17599,credit_card,4,4988.87
17600,17600,credit_card,1,1292.69
17601,17601,voucher,1,1472.89
17602,17602,voucher,1,412.18
17603,17603,credit_card,1,2936.61
17604,17604,debit_card,1,500.09
17605,17605,debit_card,1,2739.25
17606,17606,credit_card,6,458.71
17607,17607,debit_card,1,5545.64
17608,17608,boleto,1,235.53
17609,17609,boleto,1,254.38
17610,17610,debit_card,1,4661.93
17611,17611,credit_card,6,370.66
17612,17612,boleto,1,2698.43
17613,17613,credit_card,3,321.09
17614,17614,voucher,1,166.86
17615,17615,credit_card,1,1033.24
17616,17616,credit_card,3,4017.13
17617,17617,debit_card,1,5413.46
17618,17618,debit_card,1,687.94
17619,17619,voucher,1,10633.63
17620,17620,credit_card,1,2237.07
17621,17621,credit_card,4,326.69
17622,17622,voucher,1,693.2
17623,17623,boleto,1,314.64
17624,17624,voucher,1,161.7
17625,17625,credit_card,4,2257.68
17626,17626,credit_card,1,1599.91
17627,17627,credit_card,1,5122.1
17628,17628,debit_card,1,121.06
17629,17629,credit_card,1,2263.69
17630,17630,debit_card,1,333.82
17631,17631,credit_card,1,843.67
17632,17632,credit_card,1,66.07
17633,17633,voucher,1,999.37
17634,17634,voucher,1,598.11
17635,17635,voucher,1,7791.32
17636,17636,credit_card,1,3784.59
17637,17637,voucher,1,4780.77
17638,17638,voucher,1,796.21
17639,17639,boleto,1,1117.08
17640,17640,debit_card,1,6433.66
17641,17641,credit_card,1,4324.59
17642,17642,credit_card,1,107.89
17643,17643,voucher,1,5684.75
17644,17644,voucher,1,2573.34
17645,17645,credit_card,1,356.21
17646,17646,debit_card,1,326.76
17647,17647,voucher,1,215.73
17648,17648,boleto,1,1877.36
17649,17649,boleto,1,824.85
17650,17650,voucher,1,805.23
17651,17651,voucher,1,5534.95
17652,17652,boleto,1,6577.57
17653,17653,debit_card,1,150.67
17654,17654,boleto,1,372.11
17655,17655,debit_card,1,1096.22
17656,17656,voucher,1,203.85
17657,17657,voucher,1,95.49
17658,17658,debit_card,1,3899.34
17659,17659,credit_card,6,472.46
17660,17660,debit_card,1,4588.89
17661,17661,debit_card,1,414.51
17662,17662,boleto,1,5136.81
17663,17663,credit_card,1,436.46
17664,17664,credit_card,1,277.05
17665,17665,credit_card,1,2212.5
17666,17666,debit_card,1,2360.73
17667,17667,debit_card,1,229.42
17668,17668,boleto,1,1088.36
17669,17669,debit_card,1,642.26
17670,17670,voucher,1,1299.23
17671,17671,debit_card,1,91.56
17672,17672,voucher,1,5906.56
17673,17673,boleto,1,1259.23
17674,17674,credit_card,4,307.59
17675,17675,boleto,1,874.7
17676,17676,boleto,1,3403.92
17677,17677,credit_card,1,1803.44
17678,17678,boleto,1,559.4
17679,17679,debit_card,1,3541.93
17680,17680,debit_card,1,434.2
17681,17681,credit_card,1,1790.16
17682,17682,credit_card,1,322.91
17683,17683,voucher,1,71.44
17684,17684,credit_card,1,253.97
17685,17685,boleto,1,153.16
17686,17686,boleto,1,1041.65
17687,17687,credit_card,6,13313.77
17688,17688,debit_card,1,3329.95
17689,17689,debit_card,1,90.36
17690,17690,credit_card,1,115.76
17691,17691,debit_card,1,3194.05
17692,17692,boleto,1,200.46
17693,17693,credit_card,2,1549.13
17694,17694,debit_card,1,351.33
17695,17695,debit_card,1,248.73
17696,17696,voucher,1,4366.14
17697,17697,credit_card,1,11863.66
17698,17698,voucher,1,5370.57
17699,17699,voucher,1,2807.37
17700,17700,voucher,1,665.81
17701,17701,credit_card,1,2263.77
17702,17702,boleto,1,978.79
17703,17703,boleto,1,2721.21
17704,17704,debit_card,1,5680.58
17705,17705,voucher,1,328.16
17706,17706,boleto,1,1269.6
17707,17707,boleto,1,5173.48
17708,17708,voucher,1,199.76
17709,17709,voucher,1,3089.23
17710,17710,debit_card,1,3780.59
17711,17711,boleto,1,224.08
17712,17712,boleto,1,381.25
17713,17713,voucher,1,295.36
17714,17714,credit_card,3,2472.38
17715,17715,debit_card,1,313.1
17716,17716,boleto,1,109.91
17717,17717,boleto,1,497.2
17718,17718,debit_card,1,159.43
17719,17719,credit_card,1,1529.86
17720,17720,voucher,1,581.13
17721,17721,debit_card,1,391.33
17722,17722,voucher,1,151.3
17723,17723,credit_card,1,214.96
17724,17724,credit_card,1,4549.94
17725,17725,credit_card,1,114.91
17726,17726,voucher,1,366.49
17727,17727,boleto,1,1240.0
17728,17728,voucher,1,4382.82
17729,17729,boleto,1,1151.86
17730,17730,boleto,1,5606.76
17731,17731,debit_card,1,1464.31
17732,17732,boleto,1,3487.13
17733,17733,credit_card,10,4118.75
17734,17734,debit_card,1,915.02
17735,17735,boleto,1,1270.2
17736,17736,debit_card,1,78.69
17737,17737,credit_card,6,1000.62
17738,17738,boleto,1,4129.65
17739,17739,boleto,1,76.78
17740,17740,credit_card,1,7606.68
17741,17741,debit_card,1,5025.7
17742,17742,credit_card,1,1738.53
17743,17743,debit_card,1,1254.48
17744,17744,boleto,1,6740.54
17745,17745,boleto,1,4957.67
17746,17746,debit_card,1,5518.94
17747,17747,credit_card,1,847.95
17748,17748,voucher,1,4443.97
17749,17749,credit_card,4,4197.46
17750,17750,boleto,1,3666.65
17751,17751,credit_card,1,1146.41
17752,17752,voucher,1,5898.15
17753,17753,voucher,1,1709.99
17754,17754,boleto,1,2114.79
17755,17755,credit_card,10,361.36
17756,17756,debit_card,1,875.04
17757,17757,credit_card,6,3058.33
17758,17758,debit_card,1,1194.1
17759,17759,voucher,1,1362.81
17760,17760,boleto,1,757.6
17761,17761,debit_card,1,3784.1
17762,17762,boleto,1,767.94
17763,17763,voucher,1,471.57
17764,17764,credit_card,1,88.86
17765,17765,voucher,1,2364.73
17766,17766,debit_card,1,2433.35
17767,17767,boleto,1,2293.38
17768,17768,credit_card,4,2361.65
17769,17769,credit_card,3,361.11
17770,17770,credit_card,1,1007.03
17771,17771,voucher,1,241.5
17772,17772,debit_card,1,5665.7
17773,17773,debit_card,1,173.3
17774,17774,boleto,1,1515.35
17775,17775,boleto,1,1935.13
17776,17776,credit_card,6,652.97
17777,17777,credit_card,1,153.68
17778,17778,voucher,1,141.18
17779,17779,voucher,1,464.9
17780,17780,debit_card,1,4200.92
17781,17781,voucher,1,260.62
17782,17782,voucher,1,5743.45
17783,17783,credit_card,4,3324.15
17784,17784,credit_card,1,107.61
17785,17785,credit_card,10,1556.76
17786,17786,debit_card,1,461.89
17787,17787,voucher,1,1296.64
17788,17788,credit_card,3,980.37
17789,17789,debit_card,1,2240.74
17790,17790,boleto,1,447.16
17791,17791,voucher,1,768.94
17792,17792,debit_card,1,1605.38
17793,17793,boleto,1,2054.61
17794,17794,voucher,1,246.42
17795,17795,debit_card,1,1922.84
17796,17796,boleto,1,3634.9
17797,17797,debit_card,1,819.25
17798,17798,credit_card,3,746.89
17799,17799,boleto,1,222.42
17800,17800,debit_card,1,493.26
17801,17801,debit_card,1,92.54
17802,17802,credit_card,1,1138.55
17803,17803,credit_card,1,771.5
17804,17804,credit_card,1,1733.43
17805,17805,voucher,1,1479.13
17806,17806,boleto,1,461.73
17807,17807,voucher,1,2522.89
17808,17808,boleto,1,162.29
17809,17809,voucher,1,4187.59
17810,17810,boleto,1,1241.17
17811,17811,voucher,1,2992.94
17812,17812,credit_card,2,1198.55
17813,17813,debit_card,1,135.59
17814,17814,boleto,1,1904.31
17815,17815,voucher,1,167.28
17816,17816,voucher,1,1148.04
17817,17817,boleto,1,3819.82
17818,17818,credit_card,10,764.84
17819,17819,credit_card,1,135.36
17820,17820,voucher,1,1443.28
17821,17821,boleto,1,2814.79
17822,17822,voucher,1,467.03
17823,17823,debit_card,1,1109.49
17824,17824,debit_card,1,3231.32
17825,17825,credit_card,10,496.4
17826,17826,voucher,1,2598.47
17827,17827,boleto,1,15833.88
17828,17828,voucher,1,581.57
17829,17829,debit_card,1,3415.09
17830,17830,credit_card,1,1370.83
17831,17831,boleto,1,274.22
17832,17832,voucher,1,6859.32
17833,17833,credit_card,2,652.28
17834,17834,boleto,1,228.58
17835,17835,debit_card,1,756.16
17836,17836,debit_card,1,5428.05
17837,17837,boleto,1,3722.59
17838,17838,debit_card,1,589.62
17839,17839,boleto,1,6264.51
17840,17840,debit_card,1,1870.39
17841,17841,boleto,1,1588.82
17842,17842,credit_card,1,560.38
17843,17843,boleto,1,443.57
17844,17844,debit_card,1,390.49
17845,17845,boleto,1,6435.69
17846,17846,boleto,1,379.02
17847,17847,voucher,1,4971.79
17848,17848,credit_card,1,5686.16
17849,17849,debit_card,1,1738.49
17850,17850,voucher,1,4315.04
17851,17851,debit_card,1,215.33
17852,17852,debit_card,1,2264.27
17853,17853,voucher,1,568.71
17854,17854,voucher,1,136.69
17855,17855,boleto,1,59.63
17856,17856,credit_card,1,119.77
17857,17857,voucher,1,279.74
17858,17858,debit_card,1,2946.34
17859,17859,debit_card,1,2961.89
17860,17860,boleto,1,144.27
17861,17861,credit_card,10,1905.73
17862,17862,credit_card,1,3864.01
17863,17863,credit_card,3,336.9
17864,17864,debit_card,1,442.57
17865,17865,debit_card,1,337.52
17866,17866,voucher,1,437.17
17867,17867,voucher,1,340.06
17868,17868,voucher,1,3338.59
17869,17869,boleto,1,3270.89
17870,17870,credit_card,4,990.29
17871,17871,voucher,1,256.53
17872,17872,debit_card,1,589.34
17873,17873,voucher,1,3116.33
17874,17874,boleto,1,344.06
17875,17875,boleto,1,282.97
17876,17876,boleto,1,911.82
17877,17877,boleto,1,4599.96
17878,17878,boleto,1,2142.13
17879,17879,boleto,1,556.63
17880,17880,voucher,1,63.2
17881,17881,credit_card,1,3695.85
17882,17882,voucher,1,1413.41
17883,17883,boleto,1,3973.98
17884,17884,credit_card,10,238.48
17885,17885,boleto,1,267.93
17886,17886,debit_card,1,1419.36
17887,17887,debit_card,1,1949.65
17888,17888,credit_card,1,2133.37
17889,17889,debit_card,1,5033.62
17890,17890,credit_card,10,1892.92
17891,17891,debit_card,1,1729.93
17892,17892,boleto,1,5369.4
17893,17893,credit_card,1,156.39
17894,17894,debit_card,1,1807.46
17895,17895,voucher,1,669.72
17896,17896,credit_card,10,3520.17
17897,17897,debit_card,1,7044.84
17898,17898,credit_card,3,1880.07
17899,17899,boleto,1,4032.77
17900,17900,debit_card,1,533.7
17901,17901,voucher,1,1100.37
17902,17902,voucher,1,3168.24
17903,17903,credit_card,3,1022.85
17904,17904,boleto,1,1639.99
17905,17905,boleto,1,2360.74
17906,17906,debit_card,1,226.51
17907,17907,debit_card,1,260.91
17908,17908,boleto,1,6220.59
17909,17909,credit_card,3,644.5
17910,17910,debit_card,1,422.03
17911,17911,credit_card,6,2920.59
17912,17912,debit_card,1,67.07
17913,17913,credit_card,3,421.92
17914,17914,boleto,1,8176.0
17915,17915,voucher,1,1760.59
17916,17916,boleto,1,71.18
17917,17917,credit_card,1,175.29
17918,17918,boleto,1,1489.84
17919,17919,debit_card,1,3485.29
17920,17920,voucher,1,340.13
17921,17921,voucher,1,1195.38
17922,17922,voucher,1,2815.32
17923,17923,boleto,1,1079.08
17924,17924,boleto,1,1358.85
17925,17925,debit_card,1,92.89
17926,17926,voucher,1,1609.69
17927,17927,voucher,1,1211.52
17928,17928,boleto,1,1439.89
17929,17929,voucher,1,206.33
17930,17930,credit_card,10,3153.28
17931,17931,debit_card,1,247.33
17932,17932,boleto,1,2768.88
17933,17933,voucher,1,1052.07
17934,17934,debit_card,1,1963.52
17935,17935,credit_card,10,2298.81
17936,17936,boleto,1,412.42
17937,17937,boleto,1,6496.55
17938,17938,voucher,1,1037.47
17939,17939,boleto,1,2746.42
17940,17940,voucher,1,1971.71
17941,17941,credit_card,4,876.95
17942,17942,voucher,1,141.77
17943,17943,debit_card,1,4762.89
17944,17944,voucher,1,3055.61
17945,17945,debit_card,1,654.89
17946,17946,voucher,1,136.99
17947,17947,boleto,1,301.12
17948,17948,boleto,1,236.57
17949,17949,credit_card,6,1112.73
17950,17950,credit_card,1,111.94
17951,17951,boleto,1,572.6
17952,17952,debit_card,1,249.58
17953,17953,boleto,1,1537.38
17954,17954,boleto,1,5318.49
17955,17955,debit_card,1,5596.86
17956,17956,credit_card,1,207.58
17957,17957,boleto,1,4540.46
17958,17958,debit_card,1,1200.51
17959,17959,voucher,1,2164.25
17960,17960,credit_card,2,622.17
17961,17961,credit_card,1,1904.74
17962,17962,boleto,1,794.17
17963,17963,boleto,1,5853.88
17964,17964,credit_card,1,3195.89
17965,17965,debit_card,1,4552.23
17966,17966,debit_card,1,5488.54
17967,17967,voucher,1,167.45
17968,17968,boleto,1,255.99
17969,17969,credit_card,1,62.36
17970,17970,credit_card,1,2197.74
17971,17971,credit_card,1,161.45
17972,17972,boleto,1,1505.0
17973,17973,voucher,1,9431.39
17974,17974,credit_card,1,2628.63
17975,17975,debit_card,1,4709.55
17976,17976,voucher,1,988.46
17977,17977,boleto,1,1503.82
17978,17978,voucher,1,1007.48
17979,17979,credit_card,2,2509.59
17980,17980,credit_card,4,1103.02
17981,17981,credit_card,2,1985.96
17982,17982,voucher,1,1476.43
17983,17983,boleto,1,418.35
17984,17984,credit_card,1,185.04
17985,17985,credit_card,1,167.67
17986,17986,boleto,1,162.33
17987,17987,credit_card,1,205.25
17988,17988,boleto,1,555.59
17989,17989,debit_card,1,1642.17
17990,17990,credit_card,1,189.51
17991,17991,credit_card,4,3513.99
17992,17992,credit_card,1,2264.12
17993,17993,credit_card,4,402.4
17994,17994,boleto,1,365.53
17995,17995,debit_card,1,613.34
17996,17996,credit_card,3,4084.13
17997,17997,voucher,1,401.5
17998,17998,credit_card,10,221.01
17999,17999,debit_card,1,4842.13
18000,18000,debit_card,1,2224.32
18001,18001,debit_card,1,6005.76
18002,18002,credit_card,4,620.39
18003,18003,credit_card,6,3366.79
18004,18004,voucher,1,1519.64
18005,18005,boleto,1,4040.65
18006,18006,credit_card,1,3270.2
18007,18007,voucher,1,194.67
18008,18008,debit_card,1,5232.56
18009,18009,voucher,1,5687.61
18010,18010,voucher,1,179.59
18011,18011,credit_card,3,2823.9
18012,18012,credit_card,1,203.34
18013,18013,credit_card,6,252.41
18014,18014,voucher,1,2609.65
18015,18015,credit_card,1,4268.0
18016,18016,credit_card,1,863.74
18017,18017,voucher,1,471.88
18018,18018,credit_card,1,295.79
18019,18019,debit_card,1,2229.25
18020,18020,boleto,1,380.35
18021,18021,boleto,1,2699.25
18022,18022,debit_card,1,2170.32
18023,18023,voucher,1,3047.45
18024,18024,debit_card,1,479.0
18025,18025,voucher,1,247.68
18026,18026,debit_card,1,4143.59
18027,18027,debit_card,1,640.42
18028,18028,boleto,1,1500.48
18029,18029,voucher,1,540.76
18030,18030,boleto,1,718.18
18031,18031,voucher,1,215.83
18032,18032,voucher,1,694.67
18033,18033,boleto,1,3198.82
18034,18034,boleto,1,117.0
18035,18035,boleto,1,1897.87
18036,18036,boleto,1,999.86
18037,18037,credit_card,1,3156.11
18038,18038,credit_card,3,5548.92
18039,18039,credit_card,4,730.2
18040,18040,boleto,1,298.15
18041,18041,credit_card,1,331.01
18042,18042,boleto,1,880.82
18043,18043,credit_card,1,291.7
18044,18044,credit_card,3,304.76
18045,18045,voucher,1,1298.26
18046,18046,credit_card,1,138.13
18047,18047,boleto,1,862.74
18048,18048,credit_card,3,2527.37
18049,18049,credit_card,2,10712.41
18050,18050,credit_card,3,940.58
18051,18051,credit_card,1,8747.38
18052,18052,debit_card,1,241.68
18053,18053,credit_card,1,235.66
18054,18054,credit_card,1,186.08
18055,18055,credit_card,1,1822.04
18056,18056,boleto,1,252.78
18057,18057,debit_card,1,676.06
18058,18058,credit_card,6,3105.31
18059,18059,voucher,1,1347.51
18060,18060,voucher,1,2004.6
18061,18061,debit_card,1,1083.08
18062,18062,credit_card,10,1053.84
18063,18063,voucher,1,154.29
18064,18064,credit_card,10,562.69
18065,18065,debit_card,1,4366.4
18066,18066,voucher,1,315.78
18067,18067,voucher,1,2593.87
18068,18068,credit_card,1,932.84
18069,18069,debit_card,1,1735.06
18070,18070,credit_card,1,1690.11
18071,18071,boleto,1,376.14
18072,18072,voucher,1,2606.5
18073,18073,credit_card,2,6699.11
18074,18074,debit_card,1,2438.19
18075,18075,boleto,1,3330.83
18076,18076,voucher,1,324.54
18077,18077,debit_card,1,438.08
18078,18078,boleto,1,72.19
18079,18079,debit_card,1,179.18
18080,18080,boleto,1,4979.68
18081,18081,boleto,1,3227.52
18082,18082,credit_card,1,14285.07
18083,18083,credit_card,1,5956.66
18084,18084,voucher,1,162.02
18085,18085,credit_card,1,2382.22
18086,18086,debit_card,1,3221.0
18087,18087,boleto,1,614.76
18088,18088,credit_card,4,876.18
18089,18089,voucher,1,2980.65
18090,18090,debit_card,1,2278.07
18091,18091,boleto,1,1253.47
18092,18092,voucher,1,4383.78
18093,18093,debit_card,1,5525.75
18094,18094,voucher,1,229.82
18095,18095,credit_card,1,175.04
18096,18096,debit_card,1,267.42
18097,18097,credit_card,1,5352.26
18098,18098,credit_card,1,1891.44
18099,18099,credit_card,1,1154.73
18100,18100,credit_card,1,633.97
18101,18101,voucher,1,784.99
18102,18102,debit_card,1,1485.74
18103,18103,debit_card,1,6147.83
18104,18104,boleto,1,4674.43
18105,18105,voucher,1,1102.82
18106,18106,credit_card,1,3975.59
18107,18107,boleto,1,6429.32
18108,18108,boleto,1,1112.88
18109,18109,credit_card,1,5630.76
18110,18110,debit_card,1,1264.29
18111,18111,boleto,1,1928.5
18112,18112,debit_card,1,5285.19
18113,18113,credit_card,4,2958.4
18114,18114,voucher,1,1069.49
18115,18115,credit_card,2,3432.24
18116,18116,debit_card,1,498.29
18117,18117,debit_card,1,793.76
18118,18118,credit_card,3,6893.38
18119,18119,debit_card,1,3905.29
18120,18120,boleto,1,6914.77
18121,18121,credit_card,1,287.65
18122,18122,credit_card,1,144.23
18123,18123,debit_card,1,133.98
18124,18124,voucher,1,253.0
18125,18125,credit_card,1,292.86
18126,18126,debit_card,1,822.03
18127,18127,debit_card,1,496.93
18128,18128,debit_card,1,8960.25
18129,18129,credit_card,1,105.83
18130,18130,debit_card,1,1412.69
18131,18131,boleto,1,8815.39
18132,18132,boleto,1,1164.11
18133,18133,credit_card,1,788.78
18134,18134,boleto,1,8507.72
18135,18135,credit_card,1,3278.54
18136,18136,voucher,1,213.16
18137,18137,credit_card,1,668.32
18138,18138,boleto,1,113.78
18139,18139,credit_card,10,533.46
18140,18140,boleto,1,3826.34
18141,18141,debit_card,1,433.77
18142,18142,boleto,1,1448.03
18143,18143,debit_card,1,3233.59
18144,18144,voucher,1,3146.91
18145,18145,debit_card,1,202.0
18146,18146,voucher,1,2433.62
18147,18147,voucher,1,107.44
18148,18148,voucher,1,612.5
18149,18149,boleto,1,239.49
18150,18150,boleto,1,117.38
18151,18151,debit_card,1,552.37
18152,18152,credit_card,1,4580.32
18153,18153,credit_card,3,470.43
18154,18154,voucher,1,5610.06
18155,18155,voucher,1,236.06
18156,18156,boleto,1,2683.12
18157,18157,boleto,1,680.41
18158,18158,debit_card,1,3899.71
18159,18159,credit_card,4,621.78
18160,18160,credit_card,6,1045.49
18161,18161,debit_card,1,4285.95
18162,18162,voucher,1,4544.5
18163,18163,debit_card,1,709.6
18164,18164,voucher,1,705.27
18165,18165,credit_card,2,6519.3
18166,18166,voucher,1,3425.9
18167,18167,debit_card,1,1093.66
18168,18168,voucher,1,1615.69
18169,18169,credit_card,1,2618.08
18170,18170,credit_card,3,2872.78
18171,18171,boleto,1,182.27
18172,18172,debit_card,1,2800.27
18173,18173,credit_card,1,1942.08
18174,18174,credit_card,10,295.21
18175,18175,voucher,1,1768.1
18176,18176,boleto,1,72.06
18177,18177,boleto,1,341.82
18178,18178,boleto,1,328.52
18179,18179,credit_card,2,579.43
18180,18180,credit_card,1,346.26
18181,18181,boleto,1,8355.08
18182,18182,credit_card,4,13247.53
18183,18183,debit_card,1,220.97
18184,18184,credit_card,1,1028.57
18185,18185,voucher,1,2505.47
18186,18186,credit_card,1,127.18
18187,18187,credit_card,1,504.91
18188,18188,voucher,1,346.14
18189,18189,debit_card,1,444.3
18190,18190,boleto,1,3450.06
18191,18191,voucher,1,1575.05
18192,18192,credit_card,2,298.16
18193,18193,voucher,1,8590.09
18194,18194,credit_card,1,674.55
18195,18195,debit_card,1,4097.13
18196,18196,debit_card,1,56.17
18197,18197,debit_card,1,4472.8
18198,18198,voucher,1,1683.18
18199,18199,debit_card,1,88.44
18200,18200,debit_card,1,654.19
18201,18201,credit_card,1,3002.78
18202,18202,voucher,1,1136.27
18203,18203,boleto,1,1171.74
18204,18204,credit_card,1,4908.56
18205,18205,voucher,1,399.43
18206,18206,boleto,1,1824.67
18207,18207,voucher,1,913.66
18208,18208,debit_card,1,1054.38
18209,18209,debit_card,1,317.79
18210,18210,credit_card,3,4507.59
18211,18211,debit_card,1,5462.06
18212,18212,credit_card,1,218.01
18213,18213,debit_card,1,4974.4
18214,18214,voucher,1,510.52
18215,18215,boleto,1,1470.28
18216,18216,voucher,1,3003.81
18217,18217,debit_card,1,1091.77
18218,18218,credit_card,1,298.43
18219,18219,voucher,1,5873.85
18220,18220,credit_card,1,117.09
18221,18221,voucher,1,497.93
18222,18222,voucher,1,93.38
18223,18223,credit_card,1,13165.89
18224,18224,boleto,1,1060.92
18225,18225,boleto,1,124.28
18226,18226,boleto,1,298.42
18227,18227,credit_card,1,786.14
18228,18228,voucher,1,786.94
18229,18229,voucher,1,974.59
18230,18230,boleto,1,3011.56
18231,18231,debit_card,1,401.32
18232,18232,credit_card,1,653.67
18233,18233,debit_card,1,1948.95
18234,18234,voucher,1,931.72
18235,18235,voucher,1,245.33
18236,18236,boleto,1,380.5
18237,18237,boleto,1,1034.13
18238,18238,credit_card,1,76.44
18239,18239,boleto,1,104.13
18240,18240,credit_card,1,2556.08
18241,18241,debit_card,1,310.99
18242,18242,voucher,1,723.23
18243,18243,credit_card,3,2461.82
18244,18244,boleto,1,150.8
18245,18245,credit_card,10,19462.56
18246,18246,voucher,1,329.62
18247,18247,voucher,1,2918.09
18248,18248,boleto,1,8652.64
18249,18249,debit_card,1,1990.94
18250,18250,boleto,1,3853.05
18251,18251,voucher,1,5172.31
18252,18252,voucher,1,1663.54
18253,18253,voucher,1,558.81
18254,18254,debit_card,1,1805.75
18255,18255,credit_card,10,3990.28
18256,18256,debit_card,1,188.94
18257,18257,debit_card,1,3090.4
18258,18258,debit_card,1,286.44
18259,18259,debit_card,1,219.79
18260,18260,voucher,1,869.69
18261,18261,credit_card,3,3906.82
18262,18262,credit_card,2,346.5
18263,18263,boleto,1,2445.07
18264,18264,voucher,1,594.69
18265,18265,credit_card,2,387.66
18266,18266,voucher,1,4261.74
18267,18267,voucher,1,658.36
18268,18268,debit_card,1,2104.08
18269,18269,boleto,1,2368.34
18270,18270,credit_card,1,3043.35
18271,18271,voucher,1,157.29
18272,18272,voucher,1,62.57
18273,18273,boleto,1,5513.19
18274,18274,boleto,1,200.34
18275,18275,credit_card,1,163.14
18276,18276,debit_card,1,66.9
18277,18277,voucher,1,1808.52
18278,18278,debit_card,1,60.75
18279,18279,voucher,1,671.16
18280,18280,debit_card,1,391.0
18281,18281,boleto,1,3116.44
18282,18282,debit_card,1,2408.92
18283,18283,credit_card,6,236.8
18284,18284,voucher,1,652.45
18285,18285,voucher,1,1212.59
18286,18286,boleto,1,200.65
18287,18287,boleto,1,4593.94
18288,18288,voucher,1,72.12
18289,18289,boleto,1,3100.91
18290,18290,debit_card,1,2029.48
18291,18291,debit_card,1,7428.03
18292,18292,boleto,1,171.66
18293,18293,debit_card,1,687.65
18294,18294,debit_card,1,181.27
18295,18295,credit_card,3,1289.39
18296,18296,debit_card,1,291.91
18297,18297,credit_card,1,1350.95
18298,18298,boleto,1,1067.11
18299,18299,voucher,1,194.74
18300,18300,credit_card,3,362.32
18301,18301,voucher,1,2108.33
18302,18302,boleto,1,2195.56
18303,18303,debit_card,1,949.24
18304,18304,debit_card,1,1132.53
18305,18305,boleto,1,250.5
18306,18306,debit_card,1,4585.35
18307,18307,voucher,1,1591.94
18308,18308,debit_card,1,1048.96
18309,18309,boleto,1,626.23
18310,18310,credit_card,1,1328.33
18311,18311,voucher,1,3269.99
18312,18312,boleto,1,3438.89
18313,18313,boleto,1,103.78
18314,18314,voucher,1,125.7
18315,18315,credit_card,4,423.28
18316,18316,debit_card,1,217.98
18317,18317,debit_card,1,1506.36
18318,18318,boleto,1,4168.16
18319,18319,boleto,1,607.19
18320,18320,boleto,1,1585.07
18321,18321,debit_card,1,109.85
18322,18322,debit_card,1,443.79
18323,18323,debit_card,1,1872.89
18324,18324,boleto,1,386.92
18325,18325,boleto,1,4318.09
18326,18326,credit_card,1,215.16
18327,18327,boleto,1,837.98
18328,18328,boleto,1,3099.72
18329,18329,boleto,1,2375.76
18330,18330,voucher,1,2469.2
18331,18331,debit_card,1,283.01
18332,18332,debit_card,1,5541.32
18333,18333,credit_card,4,937.08
18334,18334,boleto,1,12629.09
18335,18335,credit_card,1,2394.24
18336,18336,boleto,1,1446.21
18337,18337,debit_card,1,709.73
18338,18338,voucher,1,757.88
18339,18339,boleto,1,5459.78
18340,18340,boleto,1,753.29
18341,18341,debit_card,1,835.42
18342,18342,voucher,1,158.73
18343,18343,credit_card,1,109.34
18344,18344,boleto,1,2220.48
18345,18345,debit_card,1,547.21
18346,18346,boleto,1,419.33
18347,18347,credit_card,10,6268.39
18348,18348,boleto,1,2051.46
18349,18349,credit_card,10,838.35
18350,18350,voucher,1,1479.08
18351,18351,boleto,1,7211.65
18352,18352,voucher,1,4851.14
18353,18353,boleto,1,1996.86
18354,18354,boleto,1,142.66
18355,18355,debit_card,1,223.21
18356,18356,debit_card,1,11466.0
18357,18357,credit_card,2,333.03
18358,18358,voucher,1,106.31
18359,18359,credit_card,1,5477.47
18360,18360,credit_card,4,462.13
18361,18361,voucher,1,4305.57
18362,18362,boleto,1,1397.45
18363,18363,voucher,1,1877.39
18364,18364,boleto,1,1925.51
18365,18365,boleto,1,582.65
18366,18366,credit_card,1,571.06
18367,18367,boleto,1,1377.76
18368,18368,debit_card,1,1476.75
18369,18369,voucher,1,3430.84
18370,18370,debit_card,1,1756.42
18371,18371,voucher,1,5397.99
18372,18372,debit_card,1,256.33
18373,18373,boleto,1,4021.62
18374,18374,debit_card,1,423.06
18375,18375,boleto,1,2135.3
18376,18376,debit_card,1,857.15
18377,18377,boleto,1,446.9
18378,18378,credit_card,1,1886.1
18379,18379,debit_card,1,2438.16
18380,18380,boleto,1,679.64
18381,18381,credit_card,1,56.38
18382,18382,voucher,1,104.98
18383,18383,credit_card,4,431.25
18384,18384,voucher,1,346.28
18385,18385,boleto,1,538.96
18386,18386,debit_card,1,456.2
18387,18387,debit_card,1,3048.14
18388,18388,boleto,1,264.85
18389,18389,debit_card,1,4372.12
18390,18390,voucher,1,7044.2
18391,18391,boleto,1,3389.07
18392,18392,credit_card,1,1327.75
18393,18393,boleto,1,1359.49
18394,18394,debit_card,1,3801.88
18395,18395,credit_card,2,238.55
18396,18396,debit_card,1,3234.59
18397,18397,boleto,1,1113.01
18398,18398,boleto,1,1708.55
18399,18399,boleto,1,1486.8
18400,18400,boleto,1,632.97
18401,18401,debit_card,1,132.13
18402,18402,credit_card,1,91.55
18403,18403,boleto,1,352.21
18404,18404,voucher,1,991.89
18405,18405,credit_card,2,3766.07
18406,18406,voucher,1,1980.79
18407,18407,voucher,1,762.25
18408,18408,voucher,1,1465.86
18409,18409,credit_card,10,1558.34
18410,18410,voucher,1,7518.83
18411,18411,voucher,1,476.8
18412,18412,credit_card,1,2122.64
18413,18413,boleto,1,853.52
18414,18414,credit_card,2,810.86
18415,18415,boleto,1,986.82
18416,18416,credit_card,2,972.48
18417,18417,debit_card,1,2060.28
18418,18418,boleto,1,4576.14
18419,18419,debit_card,1,5639.22
18420,18420,credit_card,1,66.89
18421,18421,credit_card,1,1021.93
18422,18422,credit_card,1,547.49
18423,18423,debit_card,1,796.83
18424,18424,credit_card,10,848.34
18425,18425,boleto,1,107.04
18426,18426,debit_card,1,696.5
18427,18427,voucher,1,1185.73
18428,18428,boleto,1,270.33
18429,18429,voucher,1,1764.68
18430,18430,voucher,1,900.56
18431,18431,credit_card,1,3074.79
18432,18432,boleto,1,252.46
18433,18433,boleto,1,8252.88
18434,18434,credit_card,1,5410.23
18435,18435,debit_card,1,209.91
18436,18436,credit_card,1,527.61
18437,18437,debit_card,1,970.46
18438,18438,voucher,1,2836.43
18439,18439,debit_card,1,196.85
18440,18440,boleto,1,544.3
18441,18441,credit_card,1,463.85
18442,18442,debit_card,1,193.66
18443,18443,debit_card,1,739.71
18444,18444,boleto,1,7198.06
18445,18445,voucher,1,1060.15
18446,18446,voucher,1,315.68
18447,18447,boleto,1,1785.68
18448,18448,debit_card,1,1965.28
18449,18449,voucher,1,786.95
18450,18450,boleto,1,2543.71
18451,18451,credit_card,3,2012.94
18452,18452,voucher,1,4227.23
18453,18453,credit_card,1,613.14
18454,18454,voucher,1,618.69
18455,18455,debit_card,1,173.43
18456,18456,voucher,1,523.12
18457,18457,debit_card,1,2147.02
18458,18458,debit_card,1,317.42
18459,18459,credit_card,1,160.07
18460,18460,debit_card,1,205.03
18461,18461,boleto,1,1211.52
18462,18462,debit_card,1,1076.13
18463,18463,credit_card,1,1086.33
18464,18464,boleto,1,1313.1
18465,18465,voucher,1,3252.46
18466,18466,debit_card,1,198.96
18467,18467,debit_card,1,222.38
18468,18468,debit_card,1,1115.38
18469,18469,credit_card,1,762.46
18470,18470,voucher,1,2570.42
18471,18471,credit_card,1,4507.82
18472,18472,boleto,1,169.12
18473,18473,voucher,1,510.54
18474,18474,boleto,1,1222.69
18475,18475,credit_card,1,373.07
18476,18476,credit_card,1,2909.34
18477,18477,voucher,1,1572.68
18478,18478,credit_card,1,409.18
18479,18479,debit_card,1,1644.54
18480,18480,boleto,1,4078.66
18481,18481,voucher,1,406.77
18482,18482,debit_card,1,164.93
18483,18483,boleto,1,2514.97
18484,18484,voucher,1,1997.37
18485,18485,debit_card,1,3402.07
18486,18486,credit_card,1,5729.8
18487,18487,credit_card,1,1950.73
18488,18488,boleto,1,7308.24
18489,18489,boleto,1,3845.16
18490,18490,debit_card,1,554.47
18491,18491,voucher,1,3114.08
18492,18492,voucher,1,3736.22
18493,18493,boleto,1,1143.51
18494,18494,credit_card,1,1394.51
18495,18495,boleto,1,4939.88
18496,18496,boleto,1,2989.1
18497,18497,credit_card,1,1437.62
18498,18498,boleto,1,513.35
18499,18499,voucher,1,4809.98
18500,18500,voucher,1,822.53
18501,18501,debit_card,1,3095.8
18502,18502,voucher,1,129.85
18503,18503,voucher,1,313.11
18504,18504,debit_card,1,962.79
18505,18505,credit_card,6,1636.34
18506,18506,credit_card,2,222.45
18507,18507,voucher,1,988.35
18508,18508,boleto,1,5794.96
18509,18509,boleto,1,1289.62
18510,18510,credit_card,10,710.56
18511,18511,boleto,1,134.83
18512,18512,credit_card,3,2397.3
18513,18513,credit_card,1,5738.87
18514,18514,credit_card,1,2227.27
18515,18515,debit_card,1,408.66
18516,18516,debit_card,1,4277.28
18517,18517,boleto,1,344.33
18518,18518,voucher,1,2165.0
18519,18519,debit_card,1,531.44
18520,18520,boleto,1,2427.58
18521,18521,voucher,1,125.11
18522,18522,credit_card,1,1794.12
18523,18523,voucher,1,672.41
18524,18524,credit_card,6,4650.53
18525,18525,boleto,1,1059.05
18526,18526,boleto,1,466.68
18527,18527,debit_card,1,101.65
18528,18528,voucher,1,8891.53
18529,18529,debit_card,1,2719.91
18530,18530,debit_card,1,3452.74
18531,18531,debit_card,1,53.3
18532,18532,credit_card,1,668.44
18533,18533,debit_card,1,103.55
18534,18534,credit_card,6,959.51
18535,18535,voucher,1,311.14
18536,18536,voucher,1,1463.86
18537,18537,credit_card,2,1045.97
18538,18538,debit_card,1,454.67
18539,18539,debit_card,1,3120.83
18540,18540,credit_card,6,364.58
18541,18541,debit_card,1,5441.95
18542,18542,debit_card,1,1829.13
18543,18543,debit_card,1,278.77
18544,18544,debit_card,1,5086.74
18545,18545,boleto,1,247.94
18546,18546,boleto,1,704.74
18547,18547,credit_card,1,116.1
18548,18548,credit_card,2,2767.13
18549,18549,boleto,1,102.64
18550,18550,credit_card,1,2229.3
18551,18551,debit_card,1,3425.57
18552,18552,boleto,1,256.6
18553,18553,boleto,1,155.62
18554,18554,boleto,1,90.28
18555,18555,voucher,1,412.99
18556,18556,boleto,1,3126.01
18557,18557,boleto,1,4533.2
18558,18558,debit_card,1,4573.97
18559,18559,voucher,1,1719.28
18560,18560,boleto,1,867.97
18561,18561,debit_card,1,512.94
18562,18562,boleto,1,829.14
18563,18563,voucher,1,6286.06
18564,18564,debit_card,1,2159.2
18565,18565,credit_card,2,2742.09
18566,18566,debit_card,1,702.93
18567,18567,credit_card,1,198.52
18568,18568,credit_card,2,916.07
18569,18569,debit_card,1,248.42
18570,18570,voucher,1,1631.31
18571,18571,debit_card,1,195.41
18572,18572,debit_card,1,1227.59
18573,18573,credit_card,3,1133.12
18574,18574,debit_card,1,173.15
18575,18575,credit_card,1,1349.2
18576,18576,credit_card,1,1681.05
18577,18577,boleto,1,484.65
18578,18578,voucher,1,1048.67
18579,18579,debit_card,1,324.54
18580,18580,boleto,1,5390.61
18581,18581,voucher,1,952.59
18582,18582,credit_card,1,358.71
18583,18583,credit_card,1,2777.12
18584,18584,voucher,1,171.08
18585,18585,credit_card,1,278.57
18586,18586,credit_card,1,648.82
18587,18587,voucher,1,187.09
18588,18588,credit_card,1,178.63
18589,18589,voucher,1,3378.03
18590,18590,credit_card,1,1650.07
18591,18591,voucher,1,1532.21
18592,18592,credit_card,1,414.13
18593,18593,voucher,1,326.09
18594,18594,debit_card,1,896.25
18595,18595,voucher,1,2751.1
18596,18596,debit_card,1,160.05
18597,18597,boleto,1,2383.8
18598,18598,credit_card,1,2034.52
18599,18599,boleto,1,258.01
18600,18600,credit_card,1,399.39
18601,18601,voucher,1,190.33
18602,18602,debit_card,1,70.97
18603,18603,credit_card,1,164.03
18604,18604,voucher,1,2597.47
18605,18605,boleto,1,1098.27
18606,18606,credit_card,3,686.53
18607,18607,boleto,1,1054.55
18608,18608,credit_card,1,4495.98
18609,18609,debit_card,1,815.67
18610,18610,credit_card,2,4316.14
18611,18611,credit_card,3,2234.21
18612,18612,boleto,1,920.26
18613,18613,credit_card,1,407.04
18614,18614,debit_card,1,301.7
18615,18615,debit_card,1,2622.47
18616,18616,credit_card,1,274.03
18617,18617,debit_card,1,636.99
18618,18618,boleto,1,490.46
18619,18619,debit_card,1,162.45
18620,18620,boleto,1,8116.29
18621,18621,credit_card,4,1379.34
18622,18622,boleto,1,1076.94
18623,18623,voucher,1,324.58
18624,18624,voucher,1,2460.48
18625,18625,voucher,1,911.22
18626,18626,debit_card,1,2097.74
18627,18627,boleto,1,446.28
18628,18628,boleto,1,1035.44
18629,18629,voucher,1,5530.08
18630,18630,voucher,1,6042.65
18631,18631,boleto,1,368.68
18632,18632,boleto,1,144.05
18633,18633,boleto,1,922.59
18634,18634,voucher,1,37.54
18635,18635,debit_card,1,2868.82
18636,18636,credit_card,1,633.86
18637,18637,credit_card,1,109.88
18638,18638,credit_card,1,764.38
18639,18639,voucher,1,2609.47
18640,18640,voucher,1,2536.79
18641,18641,debit_card,1,6635.64
18642,18642,voucher,1,185.24
18643,18643,voucher,1,4391.0
18644,18644,debit_card,1,4825.09
18645,18645,debit_card,1,99.52
18646,18646,boleto,1,3046.25
18647,18647,debit_card,1,96.82
18648,18648,voucher,1,135.22
18649,18649,boleto,1,136.57
18650,18650,voucher,1,358.15
18651,18651,debit_card,1,251.73
18652,18652,credit_card,1,438.84
18653,18653,boleto,1,1408.72
18654,18654,voucher,1,3660.32
18655,18655,credit_card,3,1559.75
18656,18656,debit_card,1,55.82
18657,18657,voucher,1,6369.19
18658,18658,boleto,1,114.33
18659,18659,debit_card,1,359.45
18660,18660,boleto,1,230.43
18661,18661,credit_card,3,838.68
18662,18662,debit_card,1,4566.72
18663,18663,credit_card,1,1577.81
18664,18664,credit_card,1,103.47
18665,18665,debit_card,1,135.15
18666,18666,boleto,1,239.26
18667,18667,voucher,1,846.6
18668,18668,boleto,1,5925.47
18669,18669,voucher,1,1545.47
18670,18670,credit_card,1,5575.59
18671,18671,debit_card,1,695.4
18672,18672,voucher,1,47.07
18673,18673,debit_card,1,5218.79
18674,18674,boleto,1,2317.72
18675,18675,debit_card,1,2616.14
18676,18676,boleto,1,1498.42
18677,18677,boleto,1,3836.17
18678,18678,voucher,1,1102.68
18679,18679,credit_card,1,3570.03
18680,18680,boleto,1,3156.86
18681,18681,credit_card,1,225.15
18682,18682,voucher,1,8249.64
18683,18683,credit_card,4,388.31
18684,18684,boleto,1,3464.53
18685,18685,voucher,1,728.2
18686,18686,voucher,1,8985.16
18687,18687,debit_card,1,3656.37
18688,18688,credit_card,1,93.61
18689,18689,boleto,1,3867.79
18690,18690,boleto,1,540.35
18691,18691,boleto,1,865.43
18692,18692,voucher,1,2356.32
18693,18693,voucher,1,707.98
18694,18694,debit_card,1,144.43
18695,18695,debit_card,1,2831.37
18696,18696,voucher,1,8381.76
18697,18697,boleto,1,1463.03
18698,18698,voucher,1,465.2
18699,18699,boleto,1,1974.84
18700,18700,debit_card,1,3339.67
18701,18701,boleto,1,1331.12
18702,18702,debit_card,1,525.84
18703,18703,boleto,1,132.78
18704,18704,debit_card,1,250.1
18705,18705,credit_card,1,5530.17
18706,18706,debit_card,1,136.17
18707,18707,debit_card,1,243.01
18708,18708,voucher,1,48.48
18709,18709,boleto,1,259.16
18710,18710,credit_card,3,3128.93
18711,18711,voucher,1,8227.68
18712,18712,boleto,1,4982.85
18713,18713,voucher,1,38.99
18714,18714,voucher,1,219.6
18715,18715,credit_card,4,345.07
18716,18716,boleto,1,4549.19
18717,18717,debit_card,1,176.49
18718,18718,debit_card,1,1235.31
18719,18719,credit_card,1,1164.89
18720,18720,voucher,1,346.29
18721,18721,voucher,1,8225.48
18722,18722,boleto,1,215.28
18723,18723,voucher,1,2870.64
18724,18724,credit_card,4,2990.52
18725,18725,voucher,1,692.61
18726,18726,credit_card,6,626.05
18727,18727,debit_card,1,2469.67
18728,18728,debit_card,1,7989.71
18729,18729,voucher,1,3672.7
18730,18730,debit_card,1,348.61
18731,18731,voucher,1,297.36
18732,18732,boleto,1,199.88
18733,18733,voucher,1,1295.11
18734,18734,voucher,1,1008.97
18735,18735,credit_card,6,3278.56
18736,18736,debit_card,1,2336.83
18737,18737,debit_card,1,2086.55
18738,18738,boleto,1,364.64
18739,18739,voucher,1,1331.6
18740,18740,credit_card,2,3484.26
18741,18741,voucher,1,2791.41
18742,18742,credit_card,1,897.8
18743,18743,voucher,1,3179.86
18744,18744,debit_card,1,776.54
18745,18745,debit_card,1,5233.0
18746,18746,voucher,1,894.95
18747,18747,boleto,1,1454.31
18748,18748,voucher,1,904.87
18749,18749,debit_card,1,337.75
18750,18750,boleto,1,1935.95
18751,18751,debit_card,1,8577.45
18752,18752,credit_card,1,3126.85
18753,18753,voucher,1,1043.31
18754,18754,voucher,1,239.13
18755,18755,boleto,1,2742.85
18756,18756,credit_card,10,1856.57
18757,18757,voucher,1,2096.71
18758,18758,credit_card,3,1759.59
18759,18759,debit_card,1,3072.17
18760,18760,credit_card,3,1186.99
18761,18761,boleto,1,228.51
18762,18762,boleto,1,1908.83
18763,18763,voucher,1,2650.63
18764,18764,voucher,1,257.66
18765,18765,boleto,1,2197.89
18766,18766,debit_card,1,3106.26
18767,18767,boleto,1,114.11
18768,18768,debit_card,1,1901.28
18769,18769,voucher,1,343.55
18770,18770,debit_card,1,326.61
18771,18771,credit_card,4,251.48
18772,18772,voucher,1,4656.39
18773,18773,credit_card,2,3516.3
18774,18774,voucher,1,218.44
18775,18775,debit_card,1,254.95
18776,18776,credit_card,10,3134.11
18777,18777,boleto,1,1545.14
18778,18778,debit_card,1,2300.86
18779,18779,boleto,1,5257.5
18780,18780,credit_card,1,114.67
18781,18781,voucher,1,101.97
18782,18782,boleto,1,423.62
18783,18783,debit_card,1,2778.07
18784,18784,credit_card,4,1360.27
18785,18785,voucher,1,12781.18
18786,18786,voucher,1,1290.62
18787,18787,voucher,1,180.7
18788,18788,debit_card,1,295.89
18789,18789,voucher,1,289.46
18790,18790,debit_card,1,45.71
18791,18791,debit_card,1,277.85
18792,18792,voucher,1,5163.36
18793,18793,credit_card,6,3053.89
18794,18794,boleto,1,647.93
18795,18795,voucher,1,844.06
18796,18796,boleto,1,1953.75
18797,18797,credit_card,1,415.65
18798,18798,voucher,1,1546.95
18799,18799,debit_card,1,1321.33
18800,18800,credit_card,2,1385.31
18801,18801,debit_card,1,2821.31
18802,18802,debit_card,1,772.71
18803,18803,voucher,1,1949.47
18804,18804,debit_card,1,6956.02
18805,18805,debit_card,1,79.35
18806,18806,credit_card,4,2175.18
18807,18807,voucher,1,1916.86
18808,18808,debit_card,1,942.57
18809,18809,voucher,1,183.51
18810,18810,boleto,1,594.58
18811,18811,voucher,1,1543.35
18812,18812,voucher,1,5544.1
18813,18813,credit_card,3,9970.61
18814,18814,voucher,1,1280.93
18815,18815,credit_card,3,687.69
18816,18816,debit_card,1,2788.41
18817,18817,voucher,1,396.62
18818,18818,voucher,1,2881.15
18819,18819,debit_card,1,935.24
18820,18820,debit_card,1,2984.36
18821,18821,credit_card,1,65.19
18822,18822,debit_card,1,3628.34
18823,18823,boleto,1,1238.21
18824,18824,debit_card,1,4357.92
18825,18825,voucher,1,4807.25
18826,18826,credit_card,1,527.35
18827,18827,credit_card,4,349.57
18828,18828,debit_card,1,260.38
18829,18829,debit_card,1,434.52
18830,18830,boleto,1,175.57
18831,18831,debit_card,1,749.19
18832,18832,voucher,1,5944.48
18833,18833,boleto,1,1722.66
18834,18834,voucher,1,2552.03
18835,18835,debit_card,1,2848.9
18836,18836,credit_card,2,2281.09
18837,18837,credit_card,10,287.53
18838,18838,debit_card,1,835.54
18839,18839,credit_card,10,1510.65
18840,18840,debit_card,1,583.85
18841,18841,debit_card,1,9173.06
18842,18842,boleto,1,1503.52
18843,18843,boleto,1,452.72
18844,18844,credit_card,3,381.62
18845,18845,credit_card,4,1485.56
18846,18846,voucher,1,506.7
18847,18847,boleto,1,372.36
18848,18848,debit_card,1,7782.42
18849,18849,credit_card,1,2261.05
18850,18850,boleto,1,1834.8
18851,18851,voucher,1,109.79
18852,18852,debit_card,1,1482.15
18853,18853,debit_card,1,623.94
18854,18854,credit_card,4,1527.94
18855,18855,credit_card,2,455.24
18856,18856,credit_card,1,2697.88
18857,18857,voucher,1,8083.98
18858,18858,voucher,1,1386.63
18859,18859,debit_card,1,270.95
18860,18860,debit_card,1,6897.82
18861,18861,debit_card,1,161.91
18862,18862,credit_card,1,394.54
18863,18863,credit_card,1,4744.04
18864,18864,boleto,1,3005.22
18865,18865,debit_card,1,412.51
18866,18866,debit_card,1,149.09
18867,18867,voucher,1,251.82
18868,18868,credit_card,10,1725.23
18869,18869,debit_card,1,2166.14
18870,18870,credit_card,3,742.34
18871,18871,credit_card,3,319.33
18872,18872,credit_card,1,3033.55
18873,18873,voucher,1,70.71
18874,18874,credit_card,1,7487.45
18875,18875,boleto,1,3199.96
18876,18876,boleto,1,279.2
18877,18877,credit_card,1,125.63
18878,18878,credit_card,1,1438.48
18879,18879,debit_card,1,161.3
18880,18880,credit_card,1,1228.59
18881,18881,credit_card,1,947.65
18882,18882,boleto,1,1202.82
18883,18883,voucher,1,1261.53
18884,18884,debit_card,1,350.99
18885,18885,boleto,1,1113.07
18886,18886,boleto,1,1412.45
18887,18887,debit_card,1,2653.46
18888,18888,boleto,1,1559.37
18889,18889,credit_card,10,406.56
18890,18890,voucher,1,3164.88
18891,18891,debit_card,1,3121.78
18892,18892,credit_card,6,4711.94
18893,18893,credit_card,2,5989.37
18894,18894,boleto,1,86.1
18895,18895,boleto,1,303.33
18896,18896,voucher,1,566.6
18897,18897,voucher,1,2021.33
18898,18898,debit_card,1,1984.5
18899,18899,credit_card,1,437.04
18900,18900,credit_card,2,269.64
18901,18901,voucher,1,9752.35
18902,18902,debit_card,1,1664.6
18903,18903,debit_card,1,246.05
18904,18904,voucher,1,1712.92
18905,18905,debit_card,1,7067.46
18906,18906,debit_card,1,6770.28
18907,18907,debit_card,1,4247.26
18908,18908,debit_card,1,2927.54
18909,18909,voucher,1,771.9
18910,18910,debit_card,1,2921.25
18911,18911,credit_card,1,495.6
18912,18912,debit_card,1,1255.0
18913,18913,boleto,1,265.8
18914,18914,boleto,1,119.02
18915,18915,credit_card,3,585.62
18916,18916,debit_card,1,1677.58
18917,18917,voucher,1,4047.6
18918,18918,debit_card,1,1583.49
18919,18919,credit_card,1,884.87
18920,18920,debit_card,1,247.8
18921,18921,credit_card,3,2241.05
18922,18922,credit_card,1,929.17
18923,18923,credit_card,1,397.83
18924,18924,voucher,1,1201.34
18925,18925,debit_card,1,175.85
18926,18926,voucher,1,1944.54
18927,18927,boleto,1,2583.94
18928,18928,credit_card,1,18985.79
18929,18929,debit_card,1,3463.73
18930,18930,debit_card,1,52.28
18931,18931,credit_card,10,1911.41
18932,18932,voucher,1,529.18
18933,18933,boleto,1,2748.39
18934,18934,credit_card,1,274.24
18935,18935,credit_card,4,701.4
18936,18936,boleto,1,531.41
18937,18937,voucher,1,961.56
18938,18938,debit_card,1,4059.63
18939,18939,boleto,1,1708.28
18940,18940,credit_card,1,482.54
18941,18941,voucher,1,4386.59
18942,18942,voucher,1,565.12
18943,18943,boleto,1,2164.31
18944,18944,credit_card,1,633.8
18945,18945,debit_card,1,728.5
18946,18946,credit_card,10,264.63
18947,18947,credit_card,1,331.37
18948,18948,boleto,1,4239.37
18949,18949,credit_card,2,2286.39
18950,18950,credit_card,1,95.68
18951,18951,credit_card,1,4358.39
18952,18952,voucher,1,3722.72
18953,18953,voucher,1,1553.62
18954,18954,credit_card,6,5700.05
18955,18955,voucher,1,1977.44
18956,18956,credit_card,1,268.93
18957,18957,boleto,1,746.75
18958,18958,debit_card,1,487.08
18959,18959,credit_card,1,152.49
18960,18960,debit_card,1,1091.88
18961,18961,voucher,1,389.59
18962,18962,voucher,1,2009.77
18963,18963,boleto,1,1001.75
18964,18964,debit_card,1,657.53
18965,18965,debit_card,1,662.84
18966,18966,credit_card,1,449.01
18967,18967,debit_card,1,105.79
18968,18968,debit_card,1,47.05
18969,18969,boleto,1,1987.61
18970,18970,credit_card,1,652.61
18971,18971,credit_card,1,257.52
18972,18972,voucher,1,2132.37
18973,18973,voucher,1,4610.86
18974,18974,credit_card,1,494.76
18975,18975,debit_card,1,442.03
18976,18976,debit_card,1,1031.63
18977,18977,voucher,1,1155.69
18978,18978,boleto,1,322.49
18979,18979,debit_card,1,207.11
18980,18980,credit_card,1,568.33
18981,18981,boleto,1,1628.89
18982,18982,boleto,1,2126.67
18983,18983,credit_card,1,5820.03
18984,18984,boleto,1,6944.16
18985,18985,voucher,1,67.24
18986,18986,credit_card,6,3995.46
18987,18987,boleto,1,2519.41
18988,18988,voucher,1,322.08
18989,18989,debit_card,1,1096.22
18990,18990,boleto,1,4062.76
18991,18991,boleto,1,496.96
18992,18992,voucher,1,4842.9
18993,18993,boleto,1,503.7
18994,18994,voucher,1,995.39
18995,18995,voucher,1,99.83
18996,18996,credit_card,2,1459.04
18997,18997,voucher,1,325.19
18998,18998,credit_card,1,3037.04
18999,18999,debit_card,1,3121.67
19000,19000,debit_card,1,3158.26
19001,19001,voucher,1,216.02
19002,19002,voucher,1,91.62
19003,19003,debit_card,1,2488.73
19004,19004,credit_card,1,3955.78
19005,19005,voucher,1,1681.01
19006,19006,debit_card,1,319.39
19007,19007,voucher,1,277.53
19008,19008,boleto,1,333.58
19009,19009,voucher,1,163.36
19010,19010,voucher,1,2330.85
19011,19011,boleto,1,218.33
19012,19012,boleto,1,1529.96
19013,19013,debit_card,1,418.39
19014,19014,boleto,1,2312.23
19015,19015,credit_card,10,4310.04
19016,19016,credit_card,1,1239.88
19017,19017,credit_card,1,77.29
19018,19018,debit_card,1,341.88
19019,19019,voucher,1,765.83
19020,19020,credit_card,6,3643.47
19021,19021,credit_card,1,1060.21
19022,19022,credit_card,4,493.62
19023,19023,debit_card,1,3205.94
19024,19024,debit_card,1,3952.83
19025,19025,debit_card,1,1194.85
19026,19026,debit_card,1,2329.48
19027,19027,boleto,1,416.19
19028,19028,credit_card,1,3462.17
19029,19029,debit_card,1,1131.86
19030,19030,boleto,1,438.38
19031,19031,debit_card,1,1569.85
19032,19032,credit_card,1,2265.18
19033,19033,credit_card,2,6646.65
19034,19034,voucher,1,250.15
19035,19035,credit_card,2,3666.79
19036,19036,debit_card,1,961.98
19037,19037,debit_card,1,395.78
19038,19038,voucher,1,280.91
19039,19039,voucher,1,3455.55
19040,19040,boleto,1,176.0
19041,19041,boleto,1,231.11
19042,19042,voucher,1,298.36
19043,19043,debit_card,1,10731.62
19044,19044,boleto,1,89.02
19045,19045,boleto,1,2632.58
19046,19046,voucher,1,98.25
19047,19047,credit_card,4,1177.56
19048,19048,voucher,1,1991.33
19049,19049,credit_card,10,3941.04
19050,19050,boleto,1,6241.06
19051,19051,debit_card,1,841.42
19052,19052,credit_card,1,10824.78
19053,19053,debit_card,1,44.87
19054,19054,boleto,1,2633.15
19055,19055,voucher,1,1638.06
19056,19056,debit_card,1,8144.14
19057,19057,boleto,1,5510.46
19058,19058,voucher,1,829.08
19059,19059,voucher,1,4712.48
19060,19060,voucher,1,1442.25
19061,19061,credit_card,1,60.45
19062,19062,debit_card,1,1405.41
19063,19063,debit_card,1,3519.29
19064,19064,debit_card,1,756.78
19065,19065,voucher,1,2034.04
19066,19066,voucher,1,371.2
19067,19067,debit_card,1,1024.22
19068,19068,debit_card,1,370.66
19069,19069,debit_card,1,990.7
19070,19070,voucher,1,1726.69
19071,19071,boleto,1,1341.8
19072,19072,debit_card,1,640.9
19073,19073,debit_card,1,738.91
19074,19074,voucher,1,1825.37
19075,19075,boleto,1,460.85
19076,19076,debit_card,1,2121.55
19077,19077,debit_card,1,4668.31
19078,19078,debit_card,1,2109.81
19079,19079,debit_card,1,252.73
19080,19080,voucher,1,553.09
19081,19081,credit_card,10,2383.62
19082,19082,voucher,1,485.51
19083,19083,boleto,1,359.75
19084,19084,credit_card,1,882.91
19085,19085,voucher,1,2870.9
19086,19086,boleto,1,150.13
19087,19087,debit_card,1,1632.05
19088,19088,boleto,1,1283.82
19089,19089,debit_card,1,3607.74
19090,19090,boleto,1,1163.93
19091,19091,debit_card,1,3413.32
19092,19092,debit_card,1,1677.68
19093,19093,credit_card,1,7458.71
19094,19094,boleto,1,407.27
19095,19095,credit_card,1,537.25
19096,19096,credit_card,3,639.64
19097,19097,credit_card,1,132.27
19098,19098,credit_card,6,1012.22
19099,19099,debit_card,1,477.4
19100,19100,debit_card,1,208.42
19101,19101,debit_card,1,1111.74
19102,19102,credit_card,1,275.18
19103,19103,credit_card,1,6516.72
19104,19104,credit_card,1,3090.6
19105,19105,voucher,1,386.35
19106,19106,debit_card,1,733.56
19107,19107,credit_card,3,4781.59
19108,19108,debit_card,1,102.36
19109,19109,voucher,1,2284.91
19110,19110,debit_card,1,694.23
19111,19111,credit_card,1,413.76
19112,19112,boleto,1,304.98
19113,19113,debit_card,1,107.08
19114,19114,boleto,1,3329.04
19115,19115,credit_card,2,1075.45
19116,19116,debit_card,1,466.76
19117,19117,credit_card,10,2272.22
19118,19118,boleto,1,2288.19
19119,19119,voucher,1,1844.09
19120,19120,debit_card,1,170.79
19121,19121,voucher,1,1890.39
19122,19122,voucher,1,156.29
19123,19123,credit_card,2,1754.26
19124,19124,debit_card,1,4264.06
19125,19125,boleto,1,447.91
19126,19126,boleto,1,639.2
19127,19127,credit_card,1,1061.76
19128,19128,voucher,1,2071.71
19129,19129,credit_card,1,968.56
19130,19130,boleto,1,3551.36
19131,19131,voucher,1,1278.68
19132,19132,boleto,1,1190.25
19133,19133,credit_card,6,377.61
19134,19134,boleto,1,494.33
19135,19135,boleto,1,2995.77
19136,19136,boleto,1,1450.84
19137,19137,boleto,1,212.05
19138,19138,debit_card,1,594.47
19139,19139,credit_card,2,253.31
19140,19140,debit_card,1,457.18
19141,19141,voucher,1,1430.14
19142,19142,boleto,1,876.32
19143,19143,credit_card,3,1527.07
19144,19144,voucher,1,3477.35
19145,19145,voucher,1,11139.01
19146,19146,boleto,1,219.78
19147,19147,debit_card,1,1205.98
19148,19148,voucher,1,1715.11
19149,19149,credit_card,1,958.89
19150,19150,voucher,1,413.6
19151,19151,credit_card,10,1313.29
19152,19152,credit_card,4,386.42
19153,19153,boleto,1,731.11
19154,19154,debit_card,1,3416.36
19155,19155,boleto,1,822.82
19156,19156,voucher,1,245.97
19157,19157,voucher,1,1237.57
19158,19158,credit_card,4,263.65
19159,19159,credit_card,1,112.19
19160,19160,credit_card,1,236.71
19161,19161,voucher,1,335.03
19162,19162,debit_card,1,4856.63
19163,19163,voucher,1,188.2
19164,19164,boleto,1,411.52
19165,19165,credit_card,10,6141.47
19166,19166,boleto,1,2472.6
19167,19167,boleto,1,5235.28
19168,19168,voucher,1,3011.36
19169,19169,credit_card,1,4573.37
19170,19170,debit_card,1,3850.05
19171,19171,boleto,1,3461.03
19172,19172,debit_card,1,482.39
19173,19173,credit_card,1,1531.93
19174,19174,voucher,1,1309.14
19175,19175,voucher,1,410.72
19176,19176,credit_card,10,4780.72
19177,19177,boleto,1,1370.58
19178,19178,voucher,1,888.45
19179,19179,voucher,1,1473.35
19180,19180,voucher,1,501.68
19181,19181,voucher,1,1514.5
19182,19182,debit_card,1,4040.7
19183,19183,voucher,1,827.25
19184,19184,credit_card,4,284.86
19185,19185,debit_card,1,3210.38
19186,19186,debit_card,1,340.42
19187,19187,boleto,1,2180.69
19188,19188,credit_card,3,8414.06
19189,19189,voucher,1,1045.59
19190,19190,credit_card,6,3256.95
19191,19191,credit_card,1,133.81
19192,19192,credit_card,2,466.32
19193,19193,credit_card,1,71.56
19194,19194,debit_card,1,1968.94
19195,19195,boleto,1,283.36
19196,19196,debit_card,1,1722.13
19197,19197,boleto,1,336.52
19198,19198,credit_card,1,3545.82
19199,19199,debit_card,1,2491.21
19200,19200,debit_card,1,1816.84
19201,19201,voucher,1,636.13
19202,19202,boleto,1,3318.12
19203,19203,debit_card,1,4827.49
19204,19204,boleto,1,290.76
19205,19205,boleto,1,6492.41
19206,19206,debit_card,1,107.8
19207,19207,voucher,1,201.9
19208,19208,voucher,1,3103.38
19209,19209,debit_card,1,4224.81
19210,19210,boleto,1,936.39
19211,19211,voucher,1,4121.05
19212,19212,credit_card,1,8372.34
19213,19213,voucher,1,542.13
19214,19214,voucher,1,400.9
19215,19215,boleto,1,621.83
19216,19216,voucher,1,318.05
19217,19217,voucher,1,679.77
19218,19218,debit_card,1,2519.53
19219,19219,credit_card,4,2482.1
19220,19220,voucher,1,503.83
19221,19221,credit_card,10,1954.88
19222,19222,debit_card,1,309.06
19223,19223,voucher,1,366.18
19224,19224,credit_card,2,2244.89
19225,19225,credit_card,1,296.62
19226,19226,credit_card,1,92.67
19227,19227,debit_card,1,686.43
19228,19228,voucher,1,2213.94
19229,19229,credit_card,10,5137.19
19230,19230,voucher,1,533.35
19231,19231,boleto,1,3905.2
19232,19232,voucher,1,4069.08
19233,19233,debit_card,1,1239.76
19234,19234,debit_card,1,343.53
19235,19235,debit_card,1,3104.49
19236,19236,credit_card,10,3975.51
19237,19237,debit_card,1,815.39
19238,19238,credit_card,10,1059.45
19239,19239,debit_card,1,920.46
19240,19240,voucher,1,5374.03
19241,19241,credit_card,1,2600.94
19242,19242,boleto,1,5395.51
19243,19243,debit_card,1,638.05
19244,19244,boleto,1,2515.07
19245,19245,debit_card,1,365.69
19246,19246,debit_card,1,1065.7
19247,19247,voucher,1,252.59
19248,19248,debit_card,1,705.67
19249,19249,boleto,1,1246.82
19250,19250,voucher,1,3720.22
19251,19251,credit_card,6,968.55
19252,19252,credit_card,6,1319.15
19253,19253,debit_card,1,516.47
19254,19254,voucher,1,1565.54
19255,19255,voucher,1,267.08
19256,19256,voucher,1,258.49
19257,19257,voucher,1,333.23
19258,19258,boleto,1,2009.12
19259,19259,voucher,1,264.13
19260,19260,voucher,1,969.63
19261,19261,boleto,1,2573.48
19262,19262,credit_card,2,256.89
19263,19263,boleto,1,1155.04
19264,19264,credit_card,1,1042.19
19265,19265,boleto,1,8727.79
19266,19266,debit_card,1,3303.7
19267,19267,debit_card,1,249.79
19268,19268,credit_card,1,1705.56
19269,19269,credit_card,3,599.89
19270,19270,credit_card,1,668.26
19271,19271,voucher,1,2105.95
19272,19272,voucher,1,2586.88
19273,19273,voucher,1,1918.23
19274,19274,credit_card,1,4169.51
19275,19275,credit_card,1,539.56
19276,19276,credit_card,1,466.1
19277,19277,voucher,1,2138.09
19278,19278,boleto,1,489.82
19279,19279,boleto,1,353.86
19280,19280,voucher,1,991.93
19281,19281,voucher,1,382.63
19282,19282,debit_card,1,3787.37
19283,19283,credit_card,1,199.9
19284,19284,debit_card,1,550.53
19285,19285,voucher,1,2703.96
19286,19286,credit_card,1,4392.96
19287,19287,boleto,1,473.93
19288,19288,credit_card,3,1825.6
19289,19289,voucher,1,62.26
19290,19290,boleto,1,1332.44
19291,19291,credit_card,4,5527.65
19292,19292,credit_card,2,227.22
19293,19293,voucher,1,2929.16
19294,19294,credit_card,1,2740.27
19295,19295,credit_card,1,926.15
19296,19296,credit_card,1,392.2
19297,19297,debit_card,1,1444.68
19298,19298,voucher,1,239.04
19299,19299,credit_card,1,709.79
19300,19300,voucher,1,3230.42
19301,19301,voucher,1,2463.16
19302,19302,voucher,1,3910.51
19303,19303,credit_card,2,1031.16
19304,19304,boleto,1,2959.07
19305,19305,voucher,1,691.38
19306,19306,debit_card,1,886.09
19307,19307,debit_card,1,212.77
19308,19308,voucher,1,2018.83
19309,19309,debit_card,1,337.28
19310,19310,boleto,1,750.12
19311,19311,voucher,1,1206.06
19312,19312,voucher,1,388.81
19313,19313,boleto,1,320.68
19314,19314,debit_card,1,2779.75
19315,19315,voucher,1,3696.65
19316,19316,voucher,1,119.32
19317,19317,credit_card,3,1160.03
19318,19318,boleto,1,1561.76
19319,19319,boleto,1,557.79
19320,19320,boleto,1,243.96
19321,19321,debit_card,1,91.43
19322,19322,boleto,1,1186.32
19323,19323,credit_card,10,1917.37
19324,19324,boleto,1,1147.29
19325,19325,voucher,1,154.79
19326,19326,debit_card,1,2787.58
19327,19327,boleto,1,148.46
19328,19328,voucher,1,151.79
19329,19329,boleto,1,3017.31
19330,19330,voucher,1,1707.46
19331,19331,debit_card,1,1350.62
19332,19332,boleto,1,6512.48
19333,19333,boleto,1,281.99
19334,19334,debit_card,1,3013.82
19335,19335,credit_card,1,5913.45
19336,19336,debit_card,1,3106.87
19337,19337,credit_card,4,286.86
19338,19338,voucher,1,4339.37
19339,19339,credit_card,3,676.42
19340,19340,voucher,1,1470.7
19341,19341,boleto,1,1301.78
19342,19342,debit_card,1,598.47
19343,19343,credit_card,1,324.33
19344,19344,debit_card,1,5983.65
19345,19345,credit_card,1,86.91
19346,19346,boleto,1,1210.13
19347,19347,debit_card,1,1062.4
19348,19348,credit_card,3,1010.59
19349,19349,credit_card,2,1106.69
19350,19350,voucher,1,6682.4
19351,19351,credit_card,1,1231.57
19352,19352,boleto,1,2035.5
19353,19353,boleto,1,3287.01
19354,19354,debit_card,1,2602.84
19355,19355,credit_card,6,1862.35
19356,19356,debit_card,1,200.78
19357,19357,credit_card,1,3424.09
19358,19358,voucher,1,271.32
19359,19359,voucher,1,311.72
19360,19360,credit_card,6,4080.27
19361,19361,debit_card,1,6780.64
19362,19362,credit_card,1,117.08
19363,19363,debit_card,1,2207.6
19364,19364,boleto,1,285.59
19365,19365,voucher,1,620.36
19366,19366,voucher,1,6549.35
19367,19367,credit_card,1,967.34
19368,19368,credit_card,1,185.21
19369,19369,credit_card,1,5899.24
19370,19370,voucher,1,1653.8
19371,19371,debit_card,1,2304.96
19372,19372,boleto,1,2099.08
19373,19373,voucher,1,309.38
19374,19374,boleto,1,185.87
19375,19375,voucher,1,960.05
19376,19376,boleto,1,546.08
19377,19377,voucher,1,334.85
19378,19378,boleto,1,142.28
19379,19379,credit_card,6,237.46
19380,19380,boleto,1,90.97
19381,19381,boleto,1,639.5
19382,19382,boleto,1,1226.38
19383,19383,credit_card,2,220.98
19384,19384,debit_card,1,65.86
19385,19385,voucher,1,586.38
19386,19386,credit_card,1,657.43
19387,19387,debit_card,1,1588.72
19388,19388,debit_card,1,6424.32
19389,19389,voucher,1,32.47
19390,19390,boleto,1,6066.1
19391,19391,voucher,1,160.45
19392,19392,voucher,1,1007.55
19393,19393,debit_card,1,1165.65
19394,19394,boleto,1,1745.43
19395,19395,credit_card,1,165.52
19396,19396,boleto,1,1543.79
19397,19397,voucher,1,2647.47
19398,19398,debit_card,1,418.83
19399,19399,credit_card,1,109.37
19400,19400,credit_card,10,1655.83
19401,19401,voucher,1,2282.91
19402,19402,credit_card,10,478.95
19403,19403,voucher,1,118.72
19404,19404,voucher,1,775.98
19405,19405,credit_card,1,4523.08
19406,19406,voucher,1,1391.28
19407,19407,boleto,1,529.1
19408,19408,credit_card,1,4845.52
19409,19409,boleto,1,1798.08
19410,19410,debit_card,1,679.03
19411,19411,credit_card,1,1648.94
19412,19412,voucher,1,1211.24
19413,19413,credit_card,1,192.69
19414,19414,voucher,1,237.08
19415,19415,voucher,1,4399.7
19416,19416,debit_card,1,726.79
19417,19417,credit_card,6,397.81
19418,19418,debit_card,1,278.2
19419,19419,debit_card,1,1380.13
19420,19420,credit_card,1,1004.72
19421,19421,voucher,1,2404.12
19422,19422,credit_card,4,3245.72
19423,19423,boleto,1,95.54
19424,19424,debit_card,1,12832.89
19425,19425,credit_card,3,5806.99
19426,19426,debit_card,1,3958.62
19427,19427,debit_card,1,1429.28
19428,19428,credit_card,1,90.17
19429,19429,voucher,1,1196.52
19430,19430,debit_card,1,386.57
19431,19431,boleto,1,3337.52
19432,19432,boleto,1,8877.59
19433,19433,debit_card,1,1591.99
19434,19434,credit_card,2,3640.64
19435,19435,boleto,1,403.93
19436,19436,debit_card,1,2484.16
19437,19437,credit_card,6,1441.91
19438,19438,debit_card,1,316.02
19439,19439,credit_card,4,217.4
19440,19440,credit_card,1,105.68
19441,19441,voucher,1,2119.67
19442,19442,voucher,1,4300.27
19443,19443,voucher,1,154.0
19444,19444,credit_card,10,227.47
19445,19445,boleto,1,1121.96
19446,19446,credit_card,1,142.84
19447,19447,voucher,1,1969.11
19448,19448,voucher,1,845.92
19449,19449,boleto,1,3377.14
19450,19450,voucher,1,176.55
19451,19451,boleto,1,9661.3
19452,19452,debit_card,1,759.12
19453,19453,boleto,1,960.18
19454,19454,voucher,1,3738.65
19455,19455,voucher,1,236.53
19456,19456,boleto,1,2163.57
19457,19457,credit_card,1,2318.18
19458,19458,credit_card,1,2568.92
19459,19459,boleto,1,4185.66
19460,19460,debit_card,1,2684.95
19461,19461,credit_card,1,1072.53
19462,19462,boleto,1,839.29
19463,19463,credit_card,10,4985.16
19464,19464,boleto,1,774.08
19465,19465,boleto,1,546.28
19466,19466,boleto,1,506.8
19467,19467,boleto,1,373.3
19468,19468,debit_card,1,1402.36
19469,19469,debit_card,1,133.37
19470,19470,voucher,1,226.74
19471,19471,boleto,1,1365.05
19472,19472,boleto,1,2819.86
19473,19473,debit_card,1,854.88
19474,19474,boleto,1,953.82
19475,19475,voucher,1,8888.05
19476,19476,credit_card,10,592.05
19477,19477,voucher,1,6730.23
19478,19478,credit_card,1,758.18
19479,19479,boleto,1,5112.37
19480,19480,voucher,1,2166.41
19481,19481,debit_card,1,347.75
19482,19482,debit_card,1,838.5
19483,19483,boleto,1,1371.76
19484,19484,boleto,1,1123.27
19485,19485,debit_card,1,3299.57
19486,19486,credit_card,1,435.34
19487,19487,voucher,1,467.62
19488,19488,debit_card,1,3202.21
19489,19489,boleto,1,1382.49
19490,19490,credit_card,1,3036.11
19491,19491,boleto,1,137.34
19492,19492,boleto,1,4537.81
19493,19493,voucher,1,2788.55
19494,19494,debit_card,1,399.36
19495,19495,debit_card,1,732.03
19496,19496,credit_card,1,81.4
19497,19497,voucher,1,3517.58
19498,19498,voucher,1,7447.13
19499,19499,credit_card,4,2288.61
19500,19500,boleto,1,80.33
19501,19501,boleto,1,300.4
19502,19502,boleto,1,264.73
19503,19503,boleto,1,209.02
19504,19504,voucher,1,2488.17
19505,19505,credit_card,10,605.6
19506,19506,debit_card,1,12495.82
19507,19507,debit_card,1,6727.09
19508,19508,voucher,1,6213.38
19509,19509,boleto,1,268.85
19510,19510,voucher,1,201.04
19511,19511,credit_card,2,716.63
19512,19512,voucher,1,2062.83
19513,19513,debit_card,1,5543.4
19514,19514,voucher,1,3009.72
19515,19515,credit_card,1,4178.87
19516,19516,debit_card,1,2710.52
19517,19517,voucher,1,375.95
19518,19518,debit_card,1,682.69
19519,19519,boleto,1,6315.24
19520,19520,boleto,1,410.78
19521,19521,debit_card,1,9190.71
19522,19522,debit_card,1,1581.52
19523,19523,debit_card,1,1908.67
19524,19524,debit_card,1,1260.05
19525,19525,debit_card,1,4487.8
19526,19526,debit_card,1,948.02
19527,19527,voucher,1,463.87
19528,19528,boleto,1,3286.69
19529,19529,credit_card,3,2618.02
19530,19530,credit_card,1,87.49
19531,19531,credit_card,4,3757.06
19532,19532,voucher,1,301.31
19533,19533,boleto,1,87.63
19534,19534,debit_card,1,6050.11
19535,19535,voucher,1,321.78
19536,19536,debit_card,1,4878.6
19537,19537,voucher,1,1652.75
19538,19538,boleto,1,2477.09
19539,19539,debit_card,1,3173.33
19540,19540,boleto,1,56.77
19541,19541,boleto,1,1602.46
19542,19542,debit_card,1,1344.38
19543,19543,debit_card,1,548.1
19544,19544,boleto,1,3434.83
19545,19545,voucher,1,957.32
19546,19546,boleto,1,1408.17
19547,19547,voucher,1,337.58
19548,19548,debit_card,1,485.18
19549,19549,credit_card,10,365.17
19550,19550,boleto,1,353.43
19551,19551,credit_card,3,726.07
19552,19552,boleto,1,1300.48
19553,19553,boleto,1,1542.33
19554,19554,boleto,1,778.44
19555,19555,credit_card,6,3173.65
19556,19556,debit_card,1,8516.01
19557,19557,boleto,1,932.82
19558,19558,credit_card,4,6975.5
19559,19559,debit_card,1,730.51
19560,19560,debit_card,1,201.99
19561,19561,boleto,1,281.78
19562,19562,boleto,1,323.35
19563,19563,voucher,1,572.8
19564,19564,voucher,1,3023.48
19565,19565,credit_card,1,1374.36
19566,19566,voucher,1,112.74
19567,19567,credit_card,1,82.69
19568,19568,boleto,1,947.46
19569,19569,voucher,1,1138.58
19570,19570,boleto,1,3615.05
19571,19571,voucher,1,475.32
19572,19572,boleto,1,2233.07
19573,19573,voucher,1,2062.79
19574,19574,debit_card,1,483.87
19575,19575,boleto,1,2436.36
19576,19576,voucher,1,517.26
19577,19577,credit_card,3,228.18
19578,19578,voucher,1,378.41
19579,19579,credit_card,1,11456.39
19580,19580,voucher,1,178.36
19581,19581,debit_card,1,373.33
19582,19582,credit_card,1,404.91
19583,19583,credit_card,2,407.2
19584,19584,debit_card,1,510.7
19585,19585,debit_card,1,2152.28
19586,19586,debit_card,1,310.28
19587,19587,voucher,1,1588.45
19588,19588,credit_card,1,906.56
19589,19589,voucher,1,2880.95
19590,19590,credit_card,10,1152.03
19591,19591,credit_card,1,330.43
19592,19592,boleto,1,3353.73
19593,19593,credit_card,1,4946.76
19594,19594,voucher,1,1712.1
19595,19595,debit_card,1,2042.29
19596,19596,voucher,1,400.4
19597,19597,voucher,1,6020.76
19598,19598,debit_card,1,234.28
19599,19599,boleto,1,749.42
19600,19600,voucher,1,1211.58
19601,19601,voucher,1,128.67
19602,19602,credit_card,3,5180.03
19603,19603,credit_card,1,449.51
19604,19604,credit_card,3,1411.53
19605,19605,voucher,1,1029.1
19606,19606,boleto,1,345.17
19607,19607,debit_card,1,642.88
19608,19608,voucher,1,3815.16
19609,19609,voucher,1,815.71
19610,19610,credit_card,1,1954.45
19611,19611,credit_card,4,533.53
19612,19612,credit_card,1,297.66
19613,19613,credit_card,6,761.9
19614,19614,boleto,1,388.09
19615,19615,debit_card,1,368.98
19616,19616,debit_card,1,1048.47
19617,19617,boleto,1,273.9
19618,19618,credit_card,1,916.74
19619,19619,debit_card,1,869.66
19620,19620,credit_card,4,3312.09
19621,19621,debit_card,1,133.67
19622,19622,credit_card,1,61.91
19623,19623,credit_card,1,1700.01
19624,19624,boleto,1,3216.54
19625,19625,voucher,1,2643.49
19626,19626,voucher,1,1623.24
19627,19627,voucher,1,381.02
19628,19628,voucher,1,6410.78
19629,19629,boleto,1,1018.46
19630,19630,voucher,1,170.01
19631,19631,credit_card,3,781.71
19632,19632,boleto,1,215.43
19633,19633,debit_card,1,5856.59
19634,19634,boleto,1,553.9
19635,19635,voucher,1,617.28
19636,19636,boleto,1,1831.09
19637,19637,voucher,1,176.46
19638,19638,debit_card,1,731.73
19639,19639,debit_card,1,483.66
19640,19640,voucher,1,2815.6
19641,19641,credit_card,1,170.11
19642,19642,voucher,1,2996.55
19643,19643,credit_card,1,2878.36
19644,19644,credit_card,1,1022.69
19645,19645,credit_card,10,2227.76
19646,19646,voucher,1,411.96
19647,19647,credit_card,1,8827.53
19648,19648,credit_card,1,1176.75
19649,19649,credit_card,1,766.13
19650,19650,boleto,1,2831.83
19651,19651,voucher,1,30.04
19652,19652,voucher,1,293.76
19653,19653,debit_card,1,677.89
19654,19654,credit_card,1,5268.64
19655,19655,debit_card,1,1038.7
19656,19656,voucher,1,2056.07
19657,19657,voucher,1,554.87
19658,19658,voucher,1,550.65
19659,19659,boleto,1,3724.77
19660,19660,boleto,1,4456.25
19661,19661,boleto,1,5852.77
19662,19662,debit_card,1,74.32
19663,19663,voucher,1,3411.67
19664,19664,credit_card,2,276.1
19665,19665,credit_card,1,135.74
19666,19666,debit_card,1,781.64
19667,19667,boleto,1,356.75
19668,19668,boleto,1,560.81
19669,19669,voucher,1,739.04
19670,19670,credit_card,4,776.41
19671,19671,voucher,1,174.33
19672,19672,debit_card,1,4133.91
19673,19673,credit_card,1,6249.35
19674,19674,boleto,1,319.37
19675,19675,voucher,1,1129.98
19676,19676,debit_card,1,156.19
19677,19677,voucher,1,3040.94
19678,19678,debit_card,1,1581.08
19679,19679,debit_card,1,197.21
19680,19680,boleto,1,3794.25
19681,19681,voucher,1,392.34
19682,19682,debit_card,1,312.53
19683,19683,debit_card,1,1951.11
19684,19684,credit_card,1,1677.76
19685,19685,voucher,1,118.42
19686,19686,boleto,1,4138.5
19687,19687,credit_card,3,3503.08
19688,19688,credit_card,1,927.67
19689,19689,voucher,1,1155.53
19690,19690,boleto,1,563.9
19691,19691,boleto,1,3967.32
19692,19692,debit_card,1,1010.96
19693,19693,credit_card,1,658.81
19694,19694,credit_card,3,1936.21
19695,19695,boleto,1,2799.25
19696,19696,voucher,1,3800.86
19697,19697,voucher,1,705.71
19698,19698,voucher,1,175.99
19699,19699,voucher,1,3259.84
19700,19700,boleto,1,4446.57
19701,19701,boleto,1,456.15
19702,19702,boleto,1,3163.73
19703,19703,debit_card,1,4177.67
19704,19704,debit_card,1,740.66
19705,19705,voucher,1,2243.23
19706,19706,credit_card,10,259.44
19707,19707,debit_card,1,7741.7
19708,19708,debit_card,1,5387.92
19709,19709,voucher,1,2672.5
19710,19710,boleto,1,159.74
19711,19711,credit_card,1,209.17
19712,19712,credit_card,1,341.59
19713,19713,credit_card,3,298.88
19714,19714,credit_card,4,1079.63
19715,19715,boleto,1,2205.14
19716,19716,credit_card,4,3889.38
19717,19717,boleto,1,1174.52
19718,19718,credit_card,2,1105.17
19719,19719,voucher,1,241.99
19720,19720,voucher,1,2643.86
19721,19721,voucher,1,1824.67
19722,19722,voucher,1,245.82
19723,19723,voucher,1,1025.47
19724,19724,voucher,1,5758.13
19725,19725,boleto,1,2918.81
19726,19726,credit_card,1,376.54
19727,19727,voucher,1,869.82
19728,19728,voucher,1,871.66
19729,19729,voucher,1,827.64
19730,19730,debit_card,1,653.53
19731,19731,boleto,1,2276.84
19732,19732,voucher,1,5335.03
19733,19733,debit_card,1,176.97
19734,19734,voucher,1,292.65
19735,19735,boleto,1,4090.84
19736,19736,boleto,1,238.02
19737,19737,voucher,1,804.91
19738,19738,debit_card,1,2673.98
19739,19739,boleto,1,1112.71
19740,19740,credit_card,1,1523.01
19741,19741,debit_card,1,5918.54
19742,19742,voucher,1,5870.44
19743,19743,boleto,1,858.93
19744,19744,boleto,1,360.02
19745,19745,credit_card,4,4181.67
19746,19746,boleto,1,119.9
19747,19747,debit_card,1,2130.34
19748,19748,voucher,1,430.91
19749,19749,voucher,1,1630.38
19750,19750,credit_card,4,1262.58
19751,19751,voucher,1,226.86
19752,19752,boleto,1,2630.19
19753,19753,voucher,1,489.39
19754,19754,voucher,1,2353.21
19755,19755,debit_card,1,9867.08
19756,19756,credit_card,1,1627.08
19757,19757,voucher,1,4065.9
19758,19758,debit_card,1,2513.21
19759,19759,voucher,1,6449.23
19760,19760,voucher,1,62.95
19761,19761,boleto,1,1548.91
19762,19762,credit_card,3,591.33
19763,19763,credit_card,1,128.21
19764,19764,boleto,1,103.1
19765,19765,credit_card,1,76.95
19766,19766,debit_card,1,312.62
19767,19767,debit_card,1,2483.39
19768,19768,debit_card,1,1641.34
19769,19769,boleto,1,2092.91
19770,19770,boleto,1,1805.49
19771,19771,debit_card,1,1255.4
19772,19772,credit_card,1,10036.03
19773,19773,credit_card,2,1158.12
19774,19774,debit_card,1,595.51
19775,19775,debit_card,1,1094.88
19776,19776,boleto,1,636.63
19777,19777,voucher,1,3900.97
19778,19778,credit_card,2,343.0
19779,19779,boleto,1,811.0
19780,19780,voucher,1,2840.36
19781,19781,voucher,1,327.32
19782,19782,voucher,1,99.96
19783,19783,boleto,1,2752.87
19784,19784,credit_card,1,402.61
19785,19785,credit_card,4,201.1
19786,19786,boleto,1,1559.24
19787,19787,boleto,1,1893.18
19788,19788,credit_card,1,990.06
19789,19789,voucher,1,2894.12
19790,19790,debit_card,1,1835.51
19791,19791,credit_card,10,3097.33
19792,19792,boleto,1,3080.7
19793,19793,debit_card,1,2397.43
19794,19794,boleto,1,4030.21
19795,19795,voucher,1,2311.73
19796,19796,boleto,1,2583.81
19797,19797,voucher,1,2245.42
19798,19798,boleto,1,7782.06
19799,19799,boleto,1,1996.79
19800,19800,debit_card,1,11445.98
19801,19801,debit_card,1,51.05
19802,19802,boleto,1,1307.49
19803,19803,boleto,1,3169.9
19804,19804,debit_card,1,240.25
19805,19805,boleto,1,1855.15
19806,19806,credit_card,10,1558.09
19807,19807,credit_card,1,223.41
19808,19808,debit_card,1,5144.49
19809,19809,voucher,1,328.65
19810,19810,credit_card,2,1227.88
19811,19811,voucher,1,503.49
19812,19812,credit_card,1,1533.16
19813,19813,voucher,1,392.45
19814,19814,voucher,1,4934.83
19815,19815,boleto,1,184.66
19816,19816,debit_card,1,1075.82
19817,19817,voucher,1,1265.12
19818,19818,voucher,1,804.85
19819,19819,boleto,1,4721.33
19820,19820,debit_card,1,982.78
19821,19821,debit_card,1,1100.61
19822,19822,boleto,1,5763.49
19823,19823,credit_card,1,6616.83
19824,19824,credit_card,1,8197.35
19825,19825,debit_card,1,1297.98
19826,19826,voucher,1,1307.52
19827,19827,boleto,1,1510.02
19828,19828,boleto,1,4188.05
19829,19829,voucher,1,4361.74
19830,19830,credit_card,1,1175.05
19831,19831,boleto,1,2119.27
19832,19832,credit_card,4,630.46
19833,19833,credit_card,2,1272.39
19834,19834,boleto,1,461.62
19835,19835,boleto,1,185.3
19836,19836,boleto,1,2921.26
19837,19837,boleto,1,154.48
19838,19838,debit_card,1,984.75
19839,19839,voucher,1,557.72
19840,19840,boleto,1,477.82
19841,19841,debit_card,1,5990.82
19842,19842,boleto,1,1577.29
19843,19843,credit_card,1,497.8
19844,19844,credit_card,6,593.77
19845,19845,voucher,1,8489.39
19846,19846,voucher,1,1556.59
19847,19847,credit_card,1,363.29
19848,19848,voucher,1,4535.97
19849,19849,credit_card,3,335.86
19850,19850,debit_card,1,2690.98
19851,19851,credit_card,6,1702.16
19852,19852,voucher,1,457.86
19853,19853,boleto,1,1043.52
19854,19854,debit_card,1,561.67
19855,19855,boleto,1,314.19
19856,19856,voucher,1,1648.17
19857,19857,credit_card,4,1184.34
19858,19858,credit_card,1,493.45
19859,19859,credit_card,2,209.59
19860,19860,debit_card,1,1741.04
19861,19861,debit_card,1,88.41
19862,19862,credit_card,1,4782.48
19863,19863,boleto,1,3843.04
19864,19864,debit_card,1,243.11
19865,19865,boleto,1,828.36
19866,19866,boleto,1,214.34
19867,19867,voucher,1,780.93
19868,19868,debit_card,1,245.64
19869,19869,voucher,1,8494.58
19870,19870,boleto,1,2873.57
19871,19871,credit_card,1,126.45
19872,19872,debit_card,1,1380.43
19873,19873,voucher,1,94.08
19874,19874,boleto,1,359.71
19875,19875,boleto,1,2672.43
19876,19876,boleto,1,1306.02
19877,19877,voucher,1,3573.61
19878,19878,boleto,1,2661.63
19879,19879,voucher,1,67.33
19880,19880,debit_card,1,2134.46
19881,19881,credit_card,1,150.24
19882,19882,debit_card,1,2869.44
19883,19883,voucher,1,238.69
19884,19884,boleto,1,5210.51
19885,19885,credit_card,1,2772.64
19886,19886,debit_card,1,597.15
19887,19887,boleto,1,5207.0
19888,19888,debit_card,1,444.45
19889,19889,boleto,1,1433.59
19890,19890,debit_card,1,3376.29
19891,19891,voucher,1,118.85
19892,19892,debit_card,1,4270.39
19893,19893,boleto,1,89.72
19894,19894,debit_card,1,265.49
19895,19895,debit_card,1,2300.21
19896,19896,debit_card,1,68.69
19897,19897,credit_card,1,1904.85
19898,19898,debit_card,1,277.96
19899,19899,boleto,1,345.66
19900,19900,voucher,1,584.87
19901,19901,credit_card,1,166.87
19902,19902,voucher,1,491.04
19903,19903,debit_card,1,2888.12
19904,19904,voucher,1,186.36
19905,19905,credit_card,1,1957.45
19906,19906,debit_card,1,1905.9
19907,19907,credit_card,1,161.73
19908,19908,credit_card,2,265.5
19909,19909,boleto,1,3535.96
19910,19910,voucher,1,1094.45
19911,19911,voucher,1,1485.63
19912,19912,credit_card,1,2671.99
19913,19913,voucher,1,121.73
19914,19914,boleto,1,698.39
19915,19915,voucher,1,382.09
19916,19916,voucher,1,2078.91
19917,19917,debit_card,1,212.43
19918,19918,credit_card,2,218.83
19919,19919,credit_card,2,2065.47
19920,19920,boleto,1,43.63
19921,19921,debit_card,1,176.3
19922,19922,credit_card,6,363.25
19923,19923,voucher,1,773.87
19924,19924,credit_card,3,1432.15
19925,19925,boleto,1,2545.64
19926,19926,voucher,1,1989.41
19927,19927,credit_card,1,5153.14
19928,19928,debit_card,1,3008.08
19929,19929,boleto,1,1504.69
19930,19930,debit_card,1,5550.89
19931,19931,credit_card,1,1188.64
19932,19932,credit_card,1,4351.51
19933,19933,debit_card,1,10574.32
19934,19934,voucher,1,6106.94
19935,19935,credit_card,2,1836.76
19936,19936,voucher,1,55.86
19937,19937,boleto,1,3218.31
19938,19938,voucher,1,5163.35
19939,19939,boleto,1,165.63
19940,19940,credit_card,1,5842.95
19941,19941,boleto,1,4651.77
19942,19942,credit_card,3,269.81
19943,19943,credit_card,1,843.78
19944,19944,boleto,1,11084.92
19945,19945,debit_card,1,4395.01
19946,19946,boleto,1,174.63
19947,19947,voucher,1,1763.01
19948,19948,boleto,1,697.93
19949,19949,boleto,1,1919.73
19950,19950,credit_card,1,1529.97
19951,19951,credit_card,1,2526.81
19952,19952,boleto,1,1167.31
19953,19953,voucher,1,343.56
19954,19954,voucher,1,2308.39
19955,19955,credit_card,1,551.04
19956,19956,boleto,1,2228.71
19957,19957,voucher,1,879.93
19958,19958,credit_card,1,1814.0
19959,19959,voucher,1,2864.12
19960,19960,voucher,1,479.41
19961,19961,credit_card,2,2211.93
19962,19962,credit_card,3,2134.83
19963,19963,credit_card,2,837.4
19964,19964,credit_card,1,2196.44
19965,19965,boleto,1,2244.64
19966,19966,boleto,1,4527.68
19967,19967,boleto,1,8789.32
19968,19968,boleto,1,6217.12
19969,19969,credit_card,3,1426.15
19970,19970,voucher,1,423.52
19971,19971,credit_card,2,1423.64
19972,19972,debit_card,1,3064.62
19973,19973,boleto,1,5196.56
19974,19974,boleto,1,358.96
19975,19975,debit_card,1,527.44
19976,19976,debit_card,1,2887.42
19977,19977,boleto,1,826.1
19978,19978,credit_card,1,3881.94
19979,19979,voucher,1,829.2
19980,19980,boleto,1,945.8
19981,19981,voucher,1,1139.55
19982,19982,debit_card,1,880.95
19983,19983,voucher,1,2868.58
19984,19984,boleto,1,451.44
19985,19985,voucher,1,630.77
19986,19986,boleto,1,2759.52
19987,19987,debit_card,1,427.37
19988,19988,credit_card,1,1122.17
19989,19989,boleto,1,5587.79
19990,19990,boleto,1,174.59
19991,19991,credit_card,6,1718.99
19992,19992,credit_card,2,220.19
19993,19993,credit_card,6,530.18
19994,19994,voucher,1,80.73
19995,19995,boleto,1,119.68
19996,19996,boleto,1,348.24
19997,19997,debit_card,1,513.81
19998,19998,boleto,1,302.31
19999,19999,credit_card,1,904.7
20000,20000,boleto,1,306.78
20001,20001,credit_card,1,1205.64
20002,20002,credit_card,1,912.58
20003,20003,credit_card,1,5868.5
20004,20004,boleto,1,626.53
20005,20005,debit_card,1,2990.11
20006,20006,credit_card,3,754.99
20007,20007,credit_card,1,2275.33
20008,20008,credit_card,1,349.47
20009,20009,boleto,1,439.34
20010,20010,voucher,1,2878.46
20011,20011,voucher,1,3634.23
20012,20012,credit_card,3,4504.54
20013,20013,credit_card,1,1013.14
20014,20014,credit_card,1,3429.34
20015,20015,voucher,1,946.37
20016,20016,debit_card,1,185.13
20017,20017,credit_card,4,9939.86
20018,20018,boleto,1,232.93
20019,20019,credit_card,1,2753.3
20020,20020,voucher,1,2521.15
20021,20021,credit_card,1,203.96
20022,20022,credit_card,2,1642.55
20023,20023,credit_card,1,98.38
20024,20024,credit_card,4,265.02
20025,20025,boleto,1,1305.3
20026,20026,debit_card,1,91.14
20027,20027,credit_card,10,1201.67
20028,20028,boleto,1,933.11
20029,20029,credit_card,1,4998.47
20030,20030,boleto,1,930.88
20031,20031,voucher,1,627.43
20032,20032,boleto,1,3923.86
20033,20033,debit_card,1,960.46
20034,20034,voucher,1,1949.41
20035,20035,boleto,1,2876.87
20036,20036,voucher,1,501.92
20037,20037,voucher,1,499.64
20038,20038,boleto,1,1828.06
20039,20039,voucher,1,466.61
20040,20040,voucher,1,95.81
20041,20041,voucher,1,3814.31
20042,20042,boleto,1,3339.87
20043,20043,voucher,1,108.53
20044,20044,boleto,1,1437.14
20045,20045,debit_card,1,160.24
20046,20046,credit_card,3,1646.25
20047,20047,debit_card,1,3189.57
20048,20048,debit_card,1,1918.53
20049,20049,voucher,1,540.04
20050,20050,credit_card,10,3242.79
20051,20051,debit_card,1,250.95
20052,20052,debit_card,1,2343.11
20053,20053,voucher,1,374.75
20054,20054,boleto,1,727.63
20055,20055,boleto,1,1914.58
20056,20056,voucher,1,310.09
20057,20057,boleto,1,40.62
20058,20058,voucher,1,178.34
20059,20059,voucher,1,559.23
20060,20060,voucher,1,3376.19
20061,20061,credit_card,1,82.22
20062,20062,voucher,1,2330.58
20063,20063,boleto,1,1006.6
20064,20064,boleto,1,748.35
20065,20065,credit_card,1,3539.19
20066,20066,voucher,1,2332.6
20067,20067,credit_card,1,115.31
20068,20068,debit_card,1,1741.75
20069,20069,boleto,1,646.41
20070,20070,debit_card,1,2031.38
20071,20071,debit_card,1,2584.95
20072,20072,voucher,1,2896.34
20073,20073,debit_card,1,3139.47
20074,20074,credit_card,2,10061.01
20075,20075,voucher,1,2439.68
20076,20076,debit_card,1,1093.33
20077,20077,credit_card,1,2639.17
20078,20078,boleto,1,2545.8
20079,20079,credit_card,4,298.33
20080,20080,credit_card,1,635.08
20081,20081,credit_card,1,1984.49
20082,20082,debit_card,1,145.58
20083,20083,debit_card,1,58.45
20084,20084,voucher,1,990.95
20085,20085,credit_card,1,467.21
20086,20086,debit_card,1,4905.61
20087,20087,credit_card,1,3143.97
20088,20088,boleto,1,7656.24
20089,20089,voucher,1,4746.73
20090,20090,voucher,1,2762.94
20091,20091,boleto,1,1044.58
20092,20092,voucher,1,2158.58
20093,20093,credit_card,1,2029.74
20094,20094,debit_card,1,2862.19
20095,20095,boleto,1,1912.3
20096,20096,debit_card,1,1019.13
20097,20097,credit_card,1,1839.26
20098,20098,boleto,1,507.99
20099,20099,voucher,1,788.18
20100,20100,debit_card,1,2684.69
20101,20101,debit_card,1,3625.38
20102,20102,credit_card,10,2979.07
20103,20103,voucher,1,264.8
20104,20104,voucher,1,4035.18
20105,20105,debit_card,1,183.52
20106,20106,voucher,1,2439.63
20107,20107,voucher,1,3334.55
20108,20108,voucher,1,9396.45
20109,20109,voucher,1,326.2
20110,20110,credit_card,1,146.8
20111,20111,credit_card,1,5929.5
20112,20112,credit_card,3,1051.22
20113,20113,voucher,1,6703.76
20114,20114,credit_card,1,853.89
20115,20115,boleto,1,2512.47
20116,20116,debit_card,1,934.39
20117,20117,credit_card,4,9229.18
20118,20118,debit_card,1,992.72
20119,20119,credit_card,6,1132.24
20120,20120,debit_card,1,4209.1
20121,20121,credit_card,1,1205.77
20122,20122,debit_card,1,1269.34
20123,20123,debit_card,1,3798.21
20124,20124,voucher,1,1932.92
20125,20125,credit_card,1,86.1
20126,20126,boleto,1,1768.84
20127,20127,debit_card,1,212.23
20128,20128,voucher,1,590.4
20129,20129,boleto,1,813.51
20130,20130,boleto,1,526.4
20131,20131,debit_card,1,7931.46
20132,20132,boleto,1,353.6
20133,20133,voucher,1,3115.34
20134,20134,credit_card,1,1059.89
20135,20135,debit_card,1,533.15
20136,20136,debit_card,1,471.29
20137,20137,boleto,1,821.41
20138,20138,debit_card,1,1438.02
20139,20139,debit_card,1,236.41
20140,20140,debit_card,1,1350.56
20141,20141,debit_card,1,1898.26
20142,20142,credit_card,1,194.27
20143,20143,boleto,1,234.93
20144,20144,boleto,1,6504.82
20145,20145,debit_card,1,84.08
20146,20146,credit_card,1,8358.92
20147,20147,voucher,1,928.05
20148,20148,debit_card,1,607.87
20149,20149,boleto,1,122.99
20150,20150,credit_card,1,453.24
20151,20151,voucher,1,781.44
20152,20152,boleto,1,228.69
20153,20153,credit_card,10,1538.94
20154,20154,boleto,1,126.97
20155,20155,boleto,1,3254.06
20156,20156,debit_card,1,2043.42
20157,20157,debit_card,1,2075.21
20158,20158,boleto,1,891.91
20159,20159,boleto,1,262.94
20160,20160,debit_card,1,3115.85
20161,20161,voucher,1,154.38
20162,20162,boleto,1,1727.58
20163,20163,credit_card,1,70.36
20164,20164,voucher,1,267.57
20165,20165,credit_card,1,296.59
20166,20166,boleto,1,3422.55
20167,20167,debit_card,1,307.9
20168,20168,boleto,1,3757.35
20169,20169,boleto,1,2186.15
20170,20170,debit_card,1,2032.84
20171,20171,voucher,1,274.3
20172,20172,voucher,1,1456.07
20173,20173,credit_card,2,431.01
20174,20174,boleto,1,3725.85
20175,20175,credit_card,1,423.42
20176,20176,boleto,1,2514.15
20177,20177,debit_card,1,3240.71
20178,20178,boleto,1,140.26
20179,20179,boleto,1,734.48
20180,20180,debit_card,1,786.49
20181,20181,debit_card,1,4137.84
20182,20182,boleto,1,1122.73
20183,20183,voucher,1,60.32
20184,20184,voucher,1,1253.8
20185,20185,voucher,1,372.73
20186,20186,voucher,1,107.41
20187,20187,voucher,1,8721.64
20188,20188,credit_card,3,729.5
20189,20189,boleto,1,7163.68
20190,20190,voucher,1,324.66
20191,20191,boleto,1,3278.0
20192,20192,debit_card,1,2502.91
20193,20193,voucher,1,3043.47
20194,20194,debit_card,1,572.08
20195,20195,boleto,1,635.21
20196,20196,voucher,1,468.96
20197,20197,debit_card,1,4566.11
20198,20198,debit_card,1,983.12
20199,20199,debit_card,1,1329.33
20200,20200,voucher,1,751.7
20201,20201,credit_card,4,3655.51
20202,20202,credit_card,1,1255.09
20203,20203,debit_card,1,275.88
20204,20204,debit_card,1,5472.2
20205,20205,boleto,1,2436.49
20206,20206,credit_card,1,90.14
20207,20207,credit_card,4,1470.12
20208,20208,credit_card,4,3930.72
20209,20209,debit_card,1,81.79
20210,20210,voucher,1,6940.43
20211,20211,credit_card,1,1871.24
20212,20212,credit_card,10,2757.85
20213,20213,debit_card,1,5992.74
20214,20214,voucher,1,762.65
20215,20215,voucher,1,3606.23
20216,20216,boleto,1,7145.62
20217,20217,voucher,1,2051.4
20218,20218,boleto,1,247.92
20219,20219,voucher,1,880.75
20220,20220,boleto,1,498.47
20221,20221,debit_card,1,2563.38
20222,20222,voucher,1,338.56
20223,20223,boleto,1,165.47
20224,20224,debit_card,1,1718.57
20225,20225,credit_card,1,191.76
20226,20226,debit_card,1,4278.86
20227,20227,boleto,1,211.13
20228,20228,credit_card,3,4754.09
20229,20229,debit_card,1,5492.12
20230,20230,debit_card,1,2538.11
20231,20231,voucher,1,3985.08
20232,20232,credit_card,3,3057.8
20233,20233,boleto,1,1477.27
20234,20234,debit_card,1,2261.44
20235,20235,boleto,1,2512.48
20236,20236,debit_card,1,1428.85
20237,20237,boleto,1,3810.25
20238,20238,debit_card,1,470.36
20239,20239,debit_card,1,2029.58
20240,20240,voucher,1,778.12
20241,20241,debit_card,1,316.13
20242,20242,boleto,1,1042.82
20243,20243,voucher,1,2784.26
20244,20244,voucher,1,1129.49
20245,20245,boleto,1,7736.07
20246,20246,boleto,1,2492.87
20247,20247,debit_card,1,3911.35
20248,20248,debit_card,1,867.95
20249,20249,voucher,1,4140.13
20250,20250,boleto,1,2412.57
20251,20251,boleto,1,1243.01
20252,20252,credit_card,1,214.7
20253,20253,voucher,1,1377.89
20254,20254,boleto,1,92.46
20255,20255,voucher,1,1979.98
20256,20256,debit_card,1,2480.61
20257,20257,voucher,1,1702.14
20258,20258,voucher,1,2176.07
20259,20259,credit_card,4,3004.86
20260,20260,boleto,1,352.73
20261,20261,credit_card,1,188.01
20262,20262,debit_card,1,377.84
20263,20263,debit_card,1,206.26
20264,20264,boleto,1,495.79
20265,20265,credit_card,3,485.22
20266,20266,boleto,1,5995.64
20267,20267,debit_card,1,9548.46
20268,20268,boleto,1,3681.04
20269,20269,credit_card,1,823.19
20270,20270,credit_card,10,5487.31
20271,20271,voucher,1,8676.68
20272,20272,boleto,1,1242.21
20273,20273,debit_card,1,3305.13
20274,20274,voucher,1,597.46
20275,20275,boleto,1,1989.49
20276,20276,debit_card,1,1698.15
20277,20277,credit_card,3,233.4
20278,20278,voucher,1,335.53
20279,20279,debit_card,1,962.19
20280,20280,credit_card,1,2585.32
20281,20281,credit_card,6,3403.46
20282,20282,boleto,1,237.19
20283,20283,boleto,1,998.27
20284,20284,credit_card,3,1783.4
20285,20285,voucher,1,1157.02
20286,20286,voucher,1,369.04
20287,20287,credit_card,2,318.05
20288,20288,credit_card,1,136.14
20289,20289,voucher,1,131.62
20290,20290,boleto,1,3900.02
20291,20291,credit_card,3,3534.82
20292,20292,debit_card,1,1454.14
20293,20293,voucher,1,2003.81
20294,20294,credit_card,10,204.51
20295,20295,debit_card,1,4272.68
20296,20296,voucher,1,1445.8
20297,20297,debit_card,1,4842.81
20298,20298,voucher,1,2591.17
20299,20299,voucher,1,2315.49
20300,20300,boleto,1,1008.91
20301,20301,credit_card,1,413.72
20302,20302,debit_card,1,465.13
20303,20303,credit_card,10,873.43
20304,20304,debit_card,1,4235.15
20305,20305,voucher,1,1919.28
20306,20306,credit_card,1,2883.05
20307,20307,debit_card,1,204.07
20308,20308,credit_card,1,2474.58
20309,20309,debit_card,1,763.88
20310,20310,voucher,1,535.56
20311,20311,boleto,1,1487.46
20312,20312,boleto,1,2884.28
20313,20313,boleto,1,3146.94
20314,20314,debit_card,1,661.97
20315,20315,boleto,1,1029.48
20316,20316,debit_card,1,1389.13
20317,20317,boleto,1,6253.16
20318,20318,debit_card,1,202.34
20319,20319,credit_card,1,913.96
20320,20320,debit_card,1,250.54
20321,20321,debit_card,1,5932.32
20322,20322,voucher,1,363.81
20323,20323,boleto,1,2106.48
20324,20324,credit_card,6,1650.41
20325,20325,boleto,1,3434.65
20326,20326,credit_card,1,121.55
20327,20327,voucher,1,6385.44
20328,20328,boleto,1,187.11
20329,20329,voucher,1,176.85
20330,20330,boleto,1,429.97
20331,20331,voucher,1,6778.3
20332,20332,voucher,1,4987.39
20333,20333,credit_card,1,169.59
20334,20334,boleto,1,2740.14
20335,20335,credit_card,6,1088.57
20336,20336,boleto,1,718.83
20337,20337,credit_card,1,94.8
20338,20338,credit_card,3,524.32
20339,20339,credit_card,6,592.73
20340,20340,debit_card,1,3815.48
20341,20341,voucher,1,3418.07
20342,20342,credit_card,1,798.44
20343,20343,voucher,1,4990.04
20344,20344,voucher,1,126.13
20345,20345,voucher,1,60.06
20346,20346,boleto,1,887.38
20347,20347,boleto,1,120.47
20348,20348,voucher,1,1566.15
20349,20349,voucher,1,474.08
20350,20350,boleto,1,1283.61
20351,20351,credit_card,1,2718.91
20352,20352,boleto,1,2128.74
20353,20353,debit_card,1,6592.43
20354,20354,debit_card,1,2011.18
20355,20355,boleto,1,65.38
20356,20356,voucher,1,2227.46
20357,20357,debit_card,1,3363.83
20358,20358,voucher,1,1707.83
20359,20359,voucher,1,6517.21
20360,20360,boleto,1,376.46
20361,20361,voucher,1,207.62
20362,20362,boleto,1,413.92
20363,20363,debit_card,1,117.34
20364,20364,credit_card,1,940.06
20365,20365,debit_card,1,2204.86
20366,20366,boleto,1,927.2
20367,20367,boleto,1,787.95
20368,20368,debit_card,1,187.92
20369,20369,credit_card,1,218.06
20370,20370,credit_card,1,35.62
20371,20371,debit_card,1,292.87
20372,20372,debit_card,1,1067.81
20373,20373,voucher,1,2369.19
20374,20374,debit_card,1,4506.67
20375,20375,debit_card,1,613.88
20376,20376,boleto,1,3945.53
20377,20377,voucher,1,4070.98
20378,20378,debit_card,1,2300.45
20379,20379,voucher,1,1043.08
20380,20380,debit_card,1,644.8
20381,20381,voucher,1,144.79
20382,20382,voucher,1,345.56
20383,20383,boleto,1,2859.32
20384,20384,boleto,1,3658.75
20385,20385,debit_card,1,2776.06
20386,20386,boleto,1,4597.29
20387,20387,debit_card,1,7840.93
20388,20388,credit_card,1,1143.33
20389,20389,debit_card,1,268.21
20390,20390,credit_card,2,677.39
20391,20391,debit_card,1,1634.33
20392,20392,debit_card,1,129.97
20393,20393,credit_card,1,191.69
20394,20394,debit_card,1,3083.58
20395,20395,debit_card,1,289.82
20396,20396,boleto,1,3379.54
20397,20397,debit_card,1,4920.21
20398,20398,debit_card,1,3444.0
20399,20399,voucher,1,3407.49
20400,20400,boleto,1,3835.89
20401,20401,credit_card,10,1342.61
20402,20402,credit_card,1,4725.41
20403,20403,credit_card,4,2597.96
20404,20404,boleto,1,2542.28
20405,20405,credit_card,1,1032.09
20406,20406,debit_card,1,527.47
20407,20407,voucher,1,2783.56
20408,20408,voucher,1,91.92
20409,20409,debit_card,1,521.92
20410,20410,credit_card,1,3775.88
20411,20411,credit_card,1,570.11
20412,20412,boleto,1,4893.63
20413,20413,debit_card,1,7299.19
20414,20414,credit_card,1,420.27
20415,20415,debit_card,1,497.6
20416,20416,debit_card,1,1958.85
20417,20417,debit_card,1,7501.64
20418,20418,voucher,1,326.6
20419,20419,boleto,1,193.57
20420,20420,voucher,1,216.16
20421,20421,voucher,1,297.32
20422,20422,voucher,1,3625.84
20423,20423,voucher,1,105.56
20424,20424,credit_card,6,1658.63
20425,20425,credit_card,6,2056.95
20426,20426,voucher,1,50.66
20427,20427,credit_card,1,1262.38
20428,20428,debit_card,1,237.06
20429,20429,credit_card,1,3661.66
20430,20430,voucher,1,367.31
20431,20431,debit_card,1,7861.34
20432,20432,boleto,1,1517.44
20433,20433,debit_card,1,3642.26
20434,20434,credit_card,1,285.14
20435,20435,credit_card,1,210.85
20436,20436,boleto,1,827.36
20437,20437,boleto,1,297.36
20438,20438,boleto,1,648.89
20439,20439,boleto,1,720.1
20440,20440,credit_card,1,373.52
20441,20441,boleto,1,1890.73
20442,20442,debit_card,1,141.25
20443,20443,boleto,1,1000.89
20444,20444,boleto,1,663.96
20445,20445,credit_card,1,269.06
20446,20446,debit_card,1,914.98
20447,20447,credit_card,1,158.77
20448,20448,credit_card,1,1565.9
20449,20449,credit_card,1,288.45
20450,20450,debit_card,1,440.77
20451,20451,voucher,1,838.88
20452,20452,credit_card,4,916.09
20453,20453,credit_card,6,751.48
20454,20454,voucher,1,3075.74
20455,20455,boleto,1,573.65
20456,20456,debit_card,1,1715.34
20457,20457,voucher,1,683.09
20458,20458,voucher,1,767.44
20459,20459,voucher,1,2859.34
20460,20460,debit_card,1,1144.17
20461,20461,boleto,1,1833.64
20462,20462,credit_card,1,559.52
20463,20463,debit_card,1,568.65
20464,20464,debit_card,1,6713.13
20465,20465,debit_card,1,1922.53
20466,20466,credit_card,2,280.66
20467,20467,boleto,1,505.26
20468,20468,boleto,1,2735.17
20469,20469,voucher,1,580.03
20470,20470,voucher,1,146.99
20471,20471,boleto,1,84.43
20472,20472,boleto,1,350.22
20473,20473,debit_card,1,1064.07
20474,20474,voucher,1,2914.13
20475,20475,boleto,1,1220.97
20476,20476,voucher,1,1341.92
20477,20477,debit_card,1,785.13
20478,20478,debit_card,1,3994.46
20479,20479,boleto,1,93.56
20480,20480,credit_card,6,2007.34
20481,20481,voucher,1,130.48
20482,20482,boleto,1,482.49
20483,20483,credit_card,10,3321.72
20484,20484,boleto,1,494.52
20485,20485,boleto,1,5624.81
20486,20486,boleto,1,333.18
20487,20487,credit_card,2,2136.18
20488,20488,boleto,1,499.42
20489,20489,debit_card,1,1760.48
20490,20490,credit_card,10,1288.09
20491,20491,boleto,1,1057.67
20492,20492,boleto,1,116.48
20493,20493,credit_card,3,257.9
20494,20494,debit_card,1,1193.88
20495,20495,boleto,1,3725.31
20496,20496,voucher,1,123.67
20497,20497,boleto,1,696.35
20498,20498,credit_card,3,4732.08
20499,20499,credit_card,1,223.17
20500,20500,voucher,1,426.73
20501,20501,voucher,1,2591.82
20502,20502,debit_card,1,5410.73
20503,20503,debit_card,1,348.69
20504,20504,boleto,1,148.48
20505,20505,credit_card,1,1341.67
20506,20506,credit_card,1,141.52
20507,20507,debit_card,1,1269.67
20508,20508,debit_card,1,232.84
20509,20509,voucher,1,98.72
20510,20510,debit_card,1,823.43
20511,20511,credit_card,2,367.6
20512,20512,credit_card,1,605.75
20513,20513,boleto,1,1059.92
20514,20514,credit_card,10,3991.26
20515,20515,debit_card,1,1130.93
20516,20516,boleto,1,1046.38
20517,20517,credit_card,1,1938.64
20518,20518,boleto,1,216.65
20519,20519,voucher,1,1196.93
20520,20520,boleto,1,9166.26
20521,20521,debit_card,1,140.36
20522,20522,credit_card,1,52.84
20523,20523,voucher,1,768.25
20524,20524,boleto,1,1097.33
20525,20525,debit_card,1,231.15
20526,20526,voucher,1,244.38
20527,20527,voucher,1,2056.02
20528,20528,voucher,1,2830.69
20529,20529,boleto,1,1187.22
20530,20530,credit_card,3,2781.51
20531,20531,credit_card,1,7737.42
20532,20532,voucher,1,2862.95
20533,20533,credit_card,2,245.07
20534,20534,boleto,1,532.5
20535,20535,voucher,1,1733.08
20536,20536,debit_card,1,3909.98
20537,20537,debit_card,1,3509.29
20538,20538,voucher,1,1423.98
20539,20539,debit_card,1,608.7
20540,20540,boleto,1,216.4
20541,20541,boleto,1,1543.76
20542,20542,debit_card,1,4608.27
20543,20543,credit_card,6,11488.45
20544,20544,boleto,1,1767.82
20545,20545,credit_card,1,161.64
20546,20546,debit_card,1,602.84
20547,20547,voucher,1,1056.71
20548,20548,credit_card,1,439.37
20549,20549,voucher,1,8675.57
20550,20550,credit_card,1,1747.6
20551,20551,boleto,1,1203.15
20552,20552,credit_card,1,448.57
20553,20553,debit_card,1,6740.17
20554,20554,credit_card,1,662.03
20555,20555,credit_card,1,167.03
20556,20556,credit_card,3,353.31
20557,20557,credit_card,1,134.57
20558,20558,credit_card,1,368.8
20559,20559,boleto,1,1279.86
20560,20560,debit_card,1,9372.97
20561,20561,debit_card,1,1064.97
20562,20562,credit_card,1,4193.38
20563,20563,credit_card,1,491.61
20564,20564,credit_card,1,5130.02
20565,20565,credit_card,1,5686.34
20566,20566,credit_card,3,3076.8
20567,20567,debit_card,1,2666.91
20568,20568,voucher,1,212.85
20569,20569,voucher,1,422.56
20570,20570,voucher,1,428.79
20571,20571,boleto,1,2843.72
20572,20572,voucher,1,1388.26
20573,20573,boleto,1,277.32
20574,20574,boleto,1,2097.64
20575,20575,debit_card,1,3287.33
20576,20576,credit_card,1,191.34
20577,20577,debit_card,1,135.08
20578,20578,voucher,1,4633.69
20579,20579,boleto,1,2379.98
20580,20580,credit_card,1,267.85
20581,20581,debit_card,1,2184.28
20582,20582,debit_card,1,438.19
20583,20583,debit_card,1,629.07
20584,20584,debit_card,1,376.01
20585,20585,boleto,1,5608.41
20586,20586,credit_card,1,5428.11
20587,20587,voucher,1,1274.43
20588,20588,credit_card,1,101.65
20589,20589,debit_card,1,631.47
20590,20590,boleto,1,5421.53
20591,20591,debit_card,1,1760.83
20592,20592,credit_card,4,911.13
20593,20593,debit_card,1,4037.75
20594,20594,voucher,1,2127.98
20595,20595,debit_card,1,1036.93
20596,20596,boleto,1,832.57
20597,20597,voucher,1,857.05
20598,20598,debit_card,1,5401.43
20599,20599,debit_card,1,296.43
20600,20600,boleto,1,357.45
20601,20601,boleto,1,1234.75
20602,20602,voucher,1,2648.28
20603,20603,debit_card,1,1443.94
20604,20604,debit_card,1,371.34
20605,20605,credit_card,1,3784.53
20606,20606,boleto,1,3987.52
20607,20607,boleto,1,1904.65
20608,20608,credit_card,6,6028.75
20609,20609,voucher,1,375.74
20610,20610,boleto,1,949.48
20611,20611,debit_card,1,5488.66
20612,20612,boleto,1,652.99
20613,20613,credit_card,4,2537.4
20614,20614,debit_card,1,828.08
20615,20615,credit_card,6,1025.83
20616,20616,credit_card,1,83.18
20617,20617,debit_card,1,304.47
20618,20618,credit_card,1,1461.82
20619,20619,voucher,1,1525.16
20620,20620,debit_card,1,1413.86
20621,20621,debit_card,1,742.15
20622,20622,credit_card,1,3640.39
20623,20623,credit_card,4,777.48
20624,20624,voucher,1,1422.25
20625,20625,boleto,1,2558.97
20626,20626,credit_card,10,7679.22
20627,20627,voucher,1,936.77
20628,20628,credit_card,4,852.57
20629,20629,voucher,1,3132.62
20630,20630,debit_card,1,1489.99
20631,20631,boleto,1,1769.21
20632,20632,voucher,1,4437.7
20633,20633,voucher,1,353.74
20634,20634,debit_card,1,700.56
20635,20635,debit_card,1,1424.63
20636,20636,debit_card,1,142.6
20637,20637,credit_card,10,3674.07
20638,20638,boleto,1,217.71
20639,20639,debit_card,1,100.13
20640,20640,voucher,1,3174.69
20641,20641,voucher,1,1984.67
20642,20642,debit_card,1,1836.68
20643,20643,credit_card,1,1993.3
20644,20644,voucher,1,351.49
20645,20645,debit_card,1,342.78
20646,20646,debit_card,1,754.29
20647,20647,voucher,1,1507.02
20648,20648,boleto,1,311.89
20649,20649,credit_card,4,2163.12
20650,20650,debit_card,1,5663.49
20651,20651,voucher,1,841.75
20652,20652,boleto,1,835.44
20653,20653,voucher,1,159.51
20654,20654,debit_card,1,206.36
20655,20655,credit_card,6,506.13
20656,20656,boleto,1,378.0
20657,20657,debit_card,1,719.02
20658,20658,credit_card,2,5755.09
20659,20659,voucher,1,4656.26
20660,20660,debit_card,1,3105.05
20661,20661,boleto,1,3377.7
20662,20662,debit_card,1,362.97
20663,20663,boleto,1,164.11
20664,20664,credit_card,1,973.78
20665,20665,boleto,1,1025.81
20666,20666,boleto,1,557.28
20667,20667,credit_card,6,801.38
20668,20668,boleto,1,5358.79
20669,20669,credit_card,6,2100.55
20670,20670,debit_card,1,525.96
20671,20671,voucher,1,432.33
20672,20672,voucher,1,4371.1
20673,20673,credit_card,1,6857.33
20674,20674,credit_card,4,2236.41
20675,20675,boleto,1,1719.52
20676,20676,debit_card,1,128.17
20677,20677,voucher,1,224.9
20678,20678,boleto,1,7237.33
20679,20679,credit_card,1,655.54
20680,20680,voucher,1,1394.52
20681,20681,voucher,1,2013.98
20682,20682,voucher,1,4515.3
20683,20683,debit_card,1,725.42
20684,20684,debit_card,1,1587.13
20685,20685,credit_card,1,5315.89
20686,20686,debit_card,1,96.97
20687,20687,debit_card,1,6469.61
20688,20688,boleto,1,782.25
20689,20689,boleto,1,239.04
20690,20690,boleto,1,678.26
20691,20691,credit_card,3,432.88
20692,20692,boleto,1,3477.62
20693,20693,boleto,1,1212.93
20694,20694,voucher,1,2514.99
20695,20695,debit_card,1,9801.13
20696,20696,voucher,1,171.05
20697,20697,credit_card,1,2086.4
20698,20698,credit_card,1,300.35
20699,20699,credit_card,1,660.94
20700,20700,voucher,1,12593.23
20701,20701,credit_card,10,1579.41
20702,20702,voucher,1,3454.81
20703,20703,debit_card,1,3241.19
20704,20704,voucher,1,257.15
20705,20705,credit_card,1,2631.57
20706,20706,credit_card,2,703.33
20707,20707,boleto,1,107.58
20708,20708,voucher,1,2538.29
20709,20709,debit_card,1,1439.63
20710,20710,voucher,1,1654.32
20711,20711,voucher,1,3166.02
20712,20712,voucher,1,2164.79
20713,20713,voucher,1,3382.71
20714,20714,debit_card,1,481.62
20715,20715,credit_card,2,265.47
20716,20716,debit_card,1,6622.48
20717,20717,credit_card,6,395.27
20718,20718,credit_card,1,1198.47
20719,20719,credit_card,1,436.95
20720,20720,credit_card,1,3103.04
20721,20721,credit_card,10,222.86
20722,20722,voucher,1,402.54
20723,20723,debit_card,1,733.37
20724,20724,credit_card,10,10244.87
20725,20725,credit_card,4,10039.25
20726,20726,credit_card,1,3863.23
20727,20727,voucher,1,1429.8
20728,20728,debit_card,1,388.59
20729,20729,credit_card,1,2373.72
20730,20730,voucher,1,251.32
20731,20731,credit_card,1,5470.94
20732,20732,boleto,1,469.33
20733,20733,credit_card,1,699.49
20734,20734,debit_card,1,1985.6
20735,20735,debit_card,1,1233.55
20736,20736,voucher,1,749.04
20737,20737,debit_card,1,9563.53
20738,20738,debit_card,1,564.97
20739,20739,voucher,1,780.94
20740,20740,voucher,1,4463.3
20741,20741,boleto,1,3378.62
20742,20742,boleto,1,376.41
20743,20743,voucher,1,896.37
20744,20744,credit_card,1,4084.56
20745,20745,boleto,1,2788.77
20746,20746,credit_card,1,1952.67
20747,20747,debit_card,1,10977.49
20748,20748,credit_card,10,784.51
20749,20749,debit_card,1,9178.82
20750,20750,voucher,1,1412.21
20751,20751,voucher,1,632.84
20752,20752,credit_card,1,1517.55
20753,20753,boleto,1,3475.8
20754,20754,credit_card,3,260.56
20755,20755,boleto,1,891.09
20756,20756,debit_card,1,360.13
20757,20757,credit_card,1,996.23
20758,20758,voucher,1,502.53
20759,20759,boleto,1,1211.2
20760,20760,credit_card,6,3709.34
20761,20761,debit_card,1,1954.57
20762,20762,debit_card,1,3018.67
20763,20763,debit_card,1,492.53
20764,20764,boleto,1,11874.65
20765,20765,voucher,1,1957.19
20766,20766,credit_card,1,1175.91
20767,20767,boleto,1,368.7
20768,20768,voucher,1,3013.74
20769,20769,debit_card,1,1530.51
20770,20770,voucher,1,1293.16
20771,20771,voucher,1,682.16
20772,20772,boleto,1,3891.19
20773,20773,debit_card,1,2555.8
20774,20774,credit_card,1,384.79
20775,20775,credit_card,3,3831.28
20776,20776,debit_card,1,945.32
20777,20777,voucher,1,196.95
20778,20778,debit_card,1,2141.72
20779,20779,debit_card,1,3593.01
20780,20780,voucher,1,2199.45
20781,20781,boleto,1,1304.47
20782,20782,voucher,1,626.99
20783,20783,debit_card,1,644.73
20784,20784,debit_card,1,2686.74
20785,20785,boleto,1,1725.15
20786,20786,voucher,1,255.68
20787,20787,voucher,1,2666.9
20788,20788,credit_card,6,2882.75
20789,20789,voucher,1,42.51
20790,20790,debit_card,1,2278.2
20791,20791,boleto,1,6737.09
20792,20792,boleto,1,4860.99
20793,20793,boleto,1,6670.13
20794,20794,boleto,1,878.06
20795,20795,debit_card,1,466.81
20796,20796,credit_card,1,3763.28
20797,20797,voucher,1,1796.71
20798,20798,debit_card,1,2692.05
20799,20799,boleto,1,4205.34
20800,20800,boleto,1,5150.15
20801,20801,debit_card,1,764.13
20802,20802,boleto,1,816.91
20803,20803,voucher,1,66.25
20804,20804,debit_card,1,1750.74
20805,20805,boleto,1,362.17
20806,20806,debit_card,1,969.16
20807,20807,debit_card,1,1911.15
20808,20808,debit_card,1,484.09
20809,20809,credit_card,4,5113.89
20810,20810,debit_card,1,192.77
20811,20811,credit_card,1,750.75
20812,20812,boleto,1,2872.91
20813,20813,credit_card,1,3313.8
20814,20814,credit_card,1,116.34
20815,20815,credit_card,1,507.66
20816,20816,boleto,1,4706.71
20817,20817,boleto,1,207.27
20818,20818,boleto,1,3217.01
20819,20819,debit_card,1,1880.05
20820,20820,boleto,1,3385.56
20821,20821,debit_card,1,1533.5
20822,20822,credit_card,10,2271.92
20823,20823,boleto,1,1502.83
20824,20824,debit_card,1,676.95
20825,20825,voucher,1,57.34
20826,20826,credit_card,1,2839.17
20827,20827,boleto,1,3110.13
20828,20828,boleto,1,13064.6
20829,20829,boleto,1,6160.82
20830,20830,credit_card,1,1304.64
20831,20831,credit_card,1,4479.29
20832,20832,voucher,1,937.09
20833,20833,debit_card,1,1233.85
20834,20834,voucher,1,421.37
20835,20835,credit_card,3,1218.24
20836,20836,debit_card,1,2840.53
20837,20837,debit_card,1,3281.59
20838,20838,debit_card,1,5619.3
20839,20839,boleto,1,1421.13
20840,20840,voucher,1,223.78
20841,20841,boleto,1,624.71
20842,20842,credit_card,3,1767.01
20843,20843,debit_card,1,1369.09
20844,20844,voucher,1,519.65
20845,20845,boleto,1,3712.51
20846,20846,credit_card,1,3170.84
20847,20847,boleto,1,177.17
20848,20848,credit_card,1,599.1
20849,20849,debit_card,1,2008.84
20850,20850,debit_card,1,2570.89
20851,20851,boleto,1,583.56
20852,20852,voucher,1,490.1
20853,20853,voucher,1,2878.34
20854,20854,debit_card,1,105.82
20855,20855,credit_card,6,5196.87
20856,20856,voucher,1,1254.52
20857,20857,boleto,1,6660.01
20858,20858,voucher,1,658.55
20859,20859,credit_card,1,241.92
20860,20860,boleto,1,303.09
20861,20861,voucher,1,3161.4
20862,20862,credit_card,1,2147.09
20863,20863,voucher,1,369.12
20864,20864,voucher,1,3214.78
20865,20865,boleto,1,1417.53
20866,20866,debit_card,1,5568.83
20867,20867,credit_card,6,827.68
20868,20868,voucher,1,3451.7
20869,20869,boleto,1,78.19
20870,20870,debit_card,1,1545.15
20871,20871,boleto,1,265.35
20872,20872,boleto,1,968.64
20873,20873,boleto,1,1337.19
20874,20874,voucher,1,786.37
20875,20875,credit_card,1,242.8
20876,20876,boleto,1,924.06
20877,20877,boleto,1,863.15
20878,20878,debit_card,1,197.77
20879,20879,voucher,1,1950.47
20880,20880,voucher,1,419.92
20881,20881,credit_card,1,122.38
20882,20882,voucher,1,6405.36
20883,20883,credit_card,1,3251.19
20884,20884,boleto,1,2745.39
20885,20885,debit_card,1,1811.45
20886,20886,credit_card,1,1530.99
20887,20887,debit_card,1,127.76
20888,20888,boleto,1,5103.5
20889,20889,debit_card,1,683.56
20890,20890,credit_card,1,2065.13
20891,20891,voucher,1,200.7
20892,20892,voucher,1,1000.79
20893,20893,voucher,1,2347.34
20894,20894,credit_card,1,284.07
20895,20895,voucher,1,2825.38
20896,20896,credit_card,1,135.1
20897,20897,debit_card,1,745.43
20898,20898,boleto,1,68.12
20899,20899,debit_card,1,5474.73
20900,20900,debit_card,1,2604.96
20901,20901,debit_card,1,1921.59
20902,20902,debit_card,1,789.77
20903,20903,credit_card,1,480.53
20904,20904,debit_card,1,3252.69
20905,20905,credit_card,3,1804.05
20906,20906,debit_card,1,84.29
20907,20907,credit_card,1,1297.3
20908,20908,voucher,1,1149.61
20909,20909,debit_card,1,2711.56
20910,20910,credit_card,1,123.38
20911,20911,debit_card,1,1237.07
20912,20912,boleto,1,3948.96
20913,20913,credit_card,1,4381.47
20914,20914,voucher,1,221.77
20915,20915,voucher,1,261.87
20916,20916,boleto,1,2396.92
20917,20917,voucher,1,208.83
20918,20918,voucher,1,1387.81
20919,20919,voucher,1,1986.94
20920,20920,credit_card,1,2229.89
20921,20921,debit_card,1,3302.81
20922,20922,debit_card,1,269.92
20923,20923,boleto,1,3744.21
20924,20924,debit_card,1,5428.02
20925,20925,credit_card,1,184.54
20926,20926,debit_card,1,4804.09
20927,20927,voucher,1,784.5
20928,20928,boleto,1,2539.64
20929,20929,voucher,1,3139.49
20930,20930,voucher,1,381.85
20931,20931,voucher,1,2493.68
20932,20932,debit_card,1,35.42
20933,20933,voucher,1,316.22
20934,20934,credit_card,1,331.73
20935,20935,boleto,1,2119.04
20936,20936,credit_card,1,6577.16
20937,20937,voucher,1,4666.49
20938,20938,boleto,1,150.16
20939,20939,credit_card,6,3390.21
20940,20940,voucher,1,3980.57
20941,20941,voucher,1,652.8
20942,20942,credit_card,4,354.64
20943,20943,boleto,1,4563.45
20944,20944,credit_card,1,1296.04
20945,20945,voucher,1,3142.34
20946,20946,credit_card,1,1605.73
20947,20947,credit_card,1,427.99
20948,20948,debit_card,1,6472.18
20949,20949,voucher,1,150.83
20950,20950,boleto,1,46.55
20951,20951,credit_card,1,859.5
20952,20952,voucher,1,263.92
20953,20953,voucher,1,520.86
20954,20954,credit_card,2,425.91
20955,20955,debit_card,1,462.32
20956,20956,debit_card,1,370.98
20957,20957,debit_card,1,1751.35
20958,20958,credit_card,1,664.84
20959,20959,credit_card,1,1414.74
20960,20960,debit_card,1,1778.8
20961,20961,debit_card,1,761.29
20962,20962,boleto,1,2406.39
20963,20963,credit_card,10,2285.86
20964,20964,debit_card,1,112.47
20965,20965,credit_card,2,893.25
20966,20966,credit_card,1,1257.41
20967,20967,voucher,1,1537.23
20968,20968,credit_card,3,5164.46
20969,20969,boleto,1,2271.89
20970,20970,debit_card,1,327.78
20971,20971,debit_card,1,641.34
20972,20972,boleto,1,2314.34
20973,20973,credit_card,2,599.71
20974,20974,boleto,1,1573.05
20975,20975,voucher,1,3806.2
20976,20976,credit_card,6,483.59
20977,20977,debit_card,1,1389.14
20978,20978,debit_card,1,2352.43
20979,20979,voucher,1,3403.46
20980,20980,voucher,1,2585.81
20981,20981,voucher,1,376.11
20982,20982,boleto,1,977.1
20983,20983,debit_card,1,58.31
20984,20984,credit_card,1,613.23
20985,20985,voucher,1,1229.03
20986,20986,debit_card,1,714.24
20987,20987,voucher,1,10229.98
20988,20988,voucher,1,400.85
20989,20989,boleto,1,5615.37
20990,20990,voucher,1,1431.73
20991,20991,debit_card,1,5151.92
20992,20992,boleto,1,2960.28
20993,20993,voucher,1,440.04
20994,20994,voucher,1,897.64
20995,20995,credit_card,6,608.65
20996,20996,boleto,1,1099.34
20997,20997,credit_card,2,2934.12
20998,20998,boleto,1,1878.37
20999,20999,credit_card,3,1823.27
21000,21000,debit_card,1,355.91
21001,21001,debit_card,1,5147.6
21002,21002,debit_card,1,136.45
21003,21003,debit_card,1,9326.47
21004,21004,voucher,1,4451.11
21005,21005,voucher,1,4004.88
21006,21006,credit_card,3,11264.38
21007,21007,credit_card,4,335.76
21008,21008,debit_card,1,211.87
21009,21009,debit_card,1,218.64
21010,21010,debit_card,1,5347.82
21011,21011,boleto,1,2365.67
21012,21012,debit_card,1,2005.56
21013,21013,credit_card,1,2539.38
21014,21014,voucher,1,879.02
21015,21015,debit_card,1,2138.1
21016,21016,debit_card,1,452.66
21017,21017,debit_card,1,174.14
21018,21018,credit_card,1,1469.05
21019,21019,debit_card,1,217.46
21020,21020,voucher,1,863.32
21021,21021,credit_card,1,490.73
21022,21022,boleto,1,1521.05
21023,21023,debit_card,1,1931.74
21024,21024,voucher,1,673.18
21025,21025,voucher,1,165.31
21026,21026,voucher,1,3890.69
21027,21027,debit_card,1,3397.08
21028,21028,voucher,1,2115.77
21029,21029,credit_card,2,584.18
21030,21030,credit_card,1,2421.34
21031,21031,boleto,1,256.71
21032,21032,voucher,1,471.5
21033,21033,credit_card,1,53.14
21034,21034,boleto,1,189.88
21035,21035,debit_card,1,2289.94
21036,21036,debit_card,1,403.84
21037,21037,boleto,1,3005.22
21038,21038,boleto,1,6225.78
21039,21039,voucher,1,3815.75
21040,21040,debit_card,1,909.21
21041,21041,boleto,1,64.05
21042,21042,voucher,1,1808.76
21043,21043,boleto,1,5011.11
21044,21044,credit_card,6,615.78
21045,21045,boleto,1,859.16
21046,21046,debit_card,1,551.31
21047,21047,credit_card,1,156.96
21048,21048,voucher,1,5273.49
21049,21049,voucher,1,1002.14
21050,21050,debit_card,1,594.4
21051,21051,debit_card,1,415.88
21052,21052,credit_card,4,324.07
21053,21053,voucher,1,2869.75
21054,21054,credit_card,3,333.82
21055,21055,voucher,1,2422.03
21056,21056,voucher,1,3252.44
21057,21057,credit_card,1,234.45
21058,21058,credit_card,4,2961.78
21059,21059,credit_card,1,2741.67
21060,21060,credit_card,1,782.28
21061,21061,boleto,1,2458.92
21062,21062,boleto,1,2007.87
21063,21063,boleto,1,958.74
21064,21064,voucher,1,1796.64
21065,21065,debit_card,1,261.87
21066,21066,debit_card,1,99.7
21067,21067,debit_card,1,2817.57
21068,21068,debit_card,1,5679.23
21069,21069,credit_card,10,355.66
21070,21070,debit_card,1,6686.07
21071,21071,boleto,1,293.96
21072,21072,credit_card,3,1786.34
21073,21073,debit_card,1,120.2
21074,21074,credit_card,1,157.78
21075,21075,debit_card,1,866.42
21076,21076,debit_card,1,20576.78
21077,21077,debit_card,1,175.37
21078,21078,credit_card,6,3883.41
21079,21079,debit_card,1,1294.59
21080,21080,boleto,1,402.77
21081,21081,credit_card,10,1297.48
21082,21082,boleto,1,1047.56
21083,21083,credit_card,6,2012.57
21084,21084,voucher,1,3450.57
21085,21085,voucher,1,147.34
21086,21086,boleto,1,1034.15
21087,21087,boleto,1,2686.48
21088,21088,credit_card,2,5703.33
21089,21089,boleto,1,415.88
21090,21090,credit_card,3,272.8
21091,21091,boleto,1,117.93
21092,21092,boleto,1,125.43
21093,21093,boleto,1,5146.24
21094,21094,debit_card,1,2171.71
21095,21095,debit_card,1,2868.13
21096,21096,credit_card,1,237.74
21097,21097,boleto,1,4883.94
21098,21098,boleto,1,1714.83
21099,21099,boleto,1,2345.58
21100,21100,boleto,1,45.17
21101,21101,boleto,1,1738.25
21102,21102,debit_card,1,1001.36
21103,21103,boleto,1,663.26
21104,21104,debit_card,1,922.27
21105,21105,voucher,1,968.54
21106,21106,boleto,1,2135.69
21107,21107,voucher,1,477.88
21108,21108,credit_card,1,587.46
21109,21109,voucher,1,57.03
21110,21110,credit_card,1,907.54
21111,21111,debit_card,1,792.67
21112,21112,voucher,1,11806.92
21113,21113,boleto,1,120.36
21114,21114,voucher,1,383.83
21115,21115,debit_card,1,459.38
21116,21116,boleto,1,4791.02
21117,21117,boleto,1,746.25
21118,21118,credit_card,4,660.16
21119,21119,credit_card,1,4663.17
21120,21120,voucher,1,3294.75
21121,21121,voucher,1,1064.15
21122,21122,credit_card,6,735.67
21123,21123,credit_card,1,162.9
21124,21124,debit_card,1,2698.58
21125,21125,credit_card,1,121.04
21126,21126,voucher,1,3696.81
21127,21127,boleto,1,2285.74
21128,21128,credit_card,1,264.31
21129,21129,voucher,1,2904.12
21130,21130,credit_card,1,2614.85
21131,21131,credit_card,1,3701.41
21132,21132,boleto,1,2208.11
21133,21133,debit_card,1,380.34
21134,21134,credit_card,1,105.45
21135,21135,credit_card,4,4065.45
21136,21136,debit_card,1,3147.38
21137,21137,voucher,1,416.22
21138,21138,boleto,1,736.73
21139,21139,credit_card,2,1534.2
21140,21140,credit_card,1,8229.01
21141,21141,debit_card,1,795.56
21142,21142,voucher,1,2413.77
21143,21143,boleto,1,1411.32
21144,21144,boleto,1,160.36
21145,21145,debit_card,1,3419.35
21146,21146,debit_card,1,748.5
21147,21147,debit_card,1,2368.84
21148,21148,voucher,1,243.21
21149,21149,voucher,1,329.2
21150,21150,credit_card,6,3411.51
21151,21151,voucher,1,707.24
21152,21152,boleto,1,1785.81
21153,21153,credit_card,4,271.81
21154,21154,credit_card,1,1500.33
21155,21155,voucher,1,4024.41
21156,21156,debit_card,1,3375.27
21157,21157,boleto,1,71.6
21158,21158,credit_card,10,279.76
21159,21159,voucher,1,245.6
21160,21160,voucher,1,307.16
21161,21161,boleto,1,2688.92
21162,21162,boleto,1,1854.88
21163,21163,voucher,1,949.42
21164,21164,debit_card,1,3816.08
21165,21165,boleto,1,1240.16
21166,21166,credit_card,4,757.8
21167,21167,debit_card,1,1757.36
21168,21168,voucher,1,1193.36
21169,21169,voucher,1,693.72
21170,21170,credit_card,1,1039.27
21171,21171,debit_card,1,3915.5
21172,21172,voucher,1,4547.16
21173,21173,voucher,1,328.7
21174,21174,voucher,1,2289.31
21175,21175,boleto,1,2098.68
21176,21176,credit_card,3,1383.13
21177,21177,boleto,1,4882.22
21178,21178,boleto,1,726.17
21179,21179,boleto,1,1208.77
21180,21180,voucher,1,382.89
21181,21181,credit_card,1,178.4
21182,21182,credit_card,6,1853.45
21183,21183,credit_card,10,306.31
21184,21184,boleto,1,5451.47
21185,21185,boleto,1,69.84
21186,21186,credit_card,1,486.45
21187,21187,debit_card,1,4813.33
21188,21188,voucher,1,4800.99
21189,21189,voucher,1,897.89
21190,21190,credit_card,1,2792.5
21191,21191,boleto,1,1309.37
21192,21192,boleto,1,1549.44
21193,21193,credit_card,4,1394.96
21194,21194,voucher,1,1116.37
21195,21195,voucher,1,1239.96
21196,21196,credit_card,4,493.54
21197,21197,boleto,1,1683.1
21198,21198,debit_card,1,3184.12
21199,21199,boleto,1,617.64
21200,21200,debit_card,1,1636.37
21201,21201,credit_card,1,5859.93
21202,21202,voucher,1,611.36
21203,21203,voucher,1,3394.07
21204,21204,debit_card,1,346.02
21205,21205,boleto,1,120.31
21206,21206,boleto,1,2572.2
21207,21207,voucher,1,3348.38
21208,21208,voucher,1,201.14
21209,21209,boleto,1,2359.29
21210,21210,credit_card,6,1303.31
21211,21211,voucher,1,2281.67
21212,21212,debit_card,1,302.17
21213,21213,debit_card,1,843.85
21214,21214,boleto,1,1194.5
21215,21215,debit_card,1,3578.43
21216,21216,boleto,1,459.9
21217,21217,voucher,1,1603.77
21218,21218,boleto,1,3228.24
21219,21219,voucher,1,429.48
21220,21220,boleto,1,381.19
21221,21221,debit_card,1,1751.39
21222,21222,credit_card,1,574.59
21223,21223,boleto,1,6319.96
21224,21224,voucher,1,3793.59
21225,21225,debit_card,1,7213.66
21226,21226,credit_card,1,120.53
21227,21227,voucher,1,1224.54
21228,21228,credit_card,1,4224.75
21229,21229,credit_card,1,2790.47
21230,21230,voucher,1,389.23
21231,21231,credit_card,1,2071.14
21232,21232,boleto,1,2699.86
21233,21233,voucher,1,2236.91
21234,21234,voucher,1,129.99
21235,21235,voucher,1,615.67
21236,21236,voucher,1,567.05
21237,21237,voucher,1,471.74
21238,21238,debit_card,1,1892.69
21239,21239,debit_card,1,1208.05
21240,21240,voucher,1,174.31
21241,21241,voucher,1,2549.21
21242,21242,credit_card,1,2055.19
21243,21243,debit_card,1,5978.44
21244,21244,voucher,1,130.17
21245,21245,credit_card,6,10782.72
21246,21246,voucher,1,2180.49
21247,21247,credit_card,1,1523.88
21248,21248,credit_card,1,324.56
21249,21249,voucher,1,1576.91
21250,21250,credit_card,6,238.74
21251,21251,boleto,1,5491.0
21252,21252,boleto,1,2442.22
21253,21253,voucher,1,4071.57
21254,21254,credit_card,1,793.68
21255,21255,debit_card,1,261.68
21256,21256,voucher,1,640.21
21257,21257,voucher,1,1043.37
21258,21258,boleto,1,1777.29
21259,21259,boleto,1,228.59
21260,21260,boleto,1,1714.23
21261,21261,credit_card,3,1983.06
21262,21262,boleto,1,256.29
21263,21263,credit_card,1,367.91
21264,21264,credit_card,6,329.85
21265,21265,debit_card,1,6803.82
21266,21266,boleto,1,4513.44
21267,21267,boleto,1,282.12
21268,21268,debit_card,1,1081.54
21269,21269,debit_card,1,1427.23
21270,21270,credit_card,3,1456.41
21271,21271,credit_card,1,194.26
21272,21272,debit_card,1,3682.86
21273,21273,boleto,1,465.26
21274,21274,debit_card,1,3055.86
21275,21275,credit_card,6,1910.62
21276,21276,credit_card,1,229.85
21277,21277,boleto,1,6299.1
21278,21278,debit_card,1,400.73
21279,21279,voucher,1,3486.49
21280,21280,credit_card,1,740.74
21281,21281,voucher,1,4574.97
21282,21282,debit_card,1,2565.74
21283,21283,credit_card,1,421.06
21284,21284,credit_card,3,212.55
21285,21285,boleto,1,1515.46
21286,21286,debit_card,1,2269.48
21287,21287,voucher,1,580.59
21288,21288,voucher,1,144.25
21289,21289,boleto,1,1650.02
21290,21290,voucher,1,382.93
21291,21291,voucher,1,5270.74
21292,21292,credit_card,1,938.35
21293,21293,credit_card,1,479.57
21294,21294,credit_card,1,57.62
21295,21295,boleto,1,4217.36
21296,21296,boleto,1,4761.61
21297,21297,debit_card,1,5765.32
21298,21298,credit_card,3,6282.56
21299,21299,boleto,1,2340.99
21300,21300,debit_card,1,938.84
21301,21301,boleto,1,678.38
21302,21302,debit_card,1,300.7
21303,21303,voucher,1,3623.83
21304,21304,credit_card,1,99.76
21305,21305,debit_card,1,996.9
21306,21306,debit_card,1,6952.55
21307,21307,credit_card,6,209.36
21308,21308,credit_card,3,3978.03
21309,21309,boleto,1,479.58
21310,21310,debit_card,1,1388.24
21311,21311,voucher,1,275.17
21312,21312,debit_card,1,92.58
21313,21313,voucher,1,209.3
21314,21314,voucher,1,2851.87
21315,21315,voucher,1,233.58
21316,21316,voucher,1,1006.84
21317,21317,debit_card,1,1805.82
21318,21318,credit_card,6,239.86
21319,21319,credit_card,6,4369.24
21320,21320,voucher,1,1061.03
21321,21321,boleto,1,428.96
21322,21322,credit_card,1,157.91
21323,21323,debit_card,1,6252.75
21324,21324,boleto,1,322.02
21325,21325,credit_card,1,419.94
21326,21326,debit_card,1,425.68
21327,21327,voucher,1,228.19
21328,21328,credit_card,1,587.01
21329,21329,credit_card,3,3221.12
21330,21330,boleto,1,1514.76
21331,21331,credit_card,1,1935.24
21332,21332,credit_card,6,566.6
21333,21333,voucher,1,2979.88
21334,21334,boleto,1,3060.42
21335,21335,voucher,1,3465.78
21336,21336,credit_card,3,3360.64
21337,21337,debit_card,1,1160.61
21338,21338,boleto,1,1060.88
21339,21339,voucher,1,1933.71
21340,21340,credit_card,1,179.07
21341,21341,debit_card,1,3025.82
21342,21342,boleto,1,660.86
21343,21343,credit_card,2,3903.23
21344,21344,credit_card,3,537.11
21345,21345,voucher,1,660.26
21346,21346,credit_card,1,119.34
21347,21347,boleto,1,859.53
21348,21348,boleto,1,683.82
21349,21349,voucher,1,368.94
21350,21350,boleto,1,231.78
21351,21351,voucher,1,117.5
21352,21352,boleto,1,1684.29
21353,21353,credit_card,4,3323.71
21354,21354,credit_card,2,1033.97
21355,21355,debit_card,1,6847.05
21356,21356,boleto,1,1252.27
21357,21357,voucher,1,548.63
21358,21358,debit_card,1,1401.19
21359,21359,boleto,1,2159.49
21360,21360,credit_card,1,9724.56
21361,21361,voucher,1,3605.03
21362,21362,voucher,1,435.36
21363,21363,credit_card,1,527.73
21364,21364,credit_card,1,558.78
21365,21365,voucher,1,1137.52
21366,21366,debit_card,1,284.89
21367,21367,boleto,1,146.05
21368,21368,debit_card,1,3146.38
21369,21369,boleto,1,2755.49
21370,21370,voucher,1,152.66
21371,21371,credit_card,1,443.78
21372,21372,voucher,1,13468.02
21373,21373,debit_card,1,1537.31
21374,21374,voucher,1,72.94
21375,21375,debit_card,1,59.99
21376,21376,boleto,1,1493.55
21377,21377,boleto,1,277.57
21378,21378,voucher,1,1113.41
21379,21379,credit_card,1,4127.19
21380,21380,voucher,1,223.95
21381,21381,voucher,1,6334.84
21382,21382,boleto,1,202.36
21383,21383,voucher,1,138.28
21384,21384,debit_card,1,158.03
21385,21385,debit_card,1,218.71
21386,21386,boleto,1,902.3
21387,21387,voucher,1,745.36
21388,21388,debit_card,1,339.52
21389,21389,voucher,1,1138.72
21390,21390,debit_card,1,241.2
21391,21391,credit_card,2,2825.38
21392,21392,debit_card,1,1158.55
21393,21393,boleto,1,2545.61
21394,21394,debit_card,1,2746.9
21395,21395,boleto,1,1440.14
21396,21396,boleto,1,4905.41
21397,21397,debit_card,1,3362.43
21398,21398,debit_card,1,1229.94
21399,21399,debit_card,1,1609.62
21400,21400,credit_card,3,1101.9
21401,21401,credit_card,1,95.29
21402,21402,credit_card,6,253.91
21403,21403,voucher,1,413.33
21404,21404,voucher,1,782.39
21405,21405,voucher,1,651.18
21406,21406,debit_card,1,3216.56
21407,21407,credit_card,1,2839.76
21408,21408,debit_card,1,6865.91
21409,21409,voucher,1,1193.89
21410,21410,boleto,1,11824.93
21411,21411,credit_card,1,312.9
21412,21412,credit_card,2,377.63
21413,21413,boleto,1,2269.68
21414,21414,boleto,1,2362.82
21415,21415,credit_card,1,4784.92
21416,21416,debit_card,1,8713.66
21417,21417,credit_card,6,2901.61
21418,21418,voucher,1,389.96
21419,21419,voucher,1,102.17
21420,21420,debit_card,1,1085.46
21421,21421,boleto,1,137.8
21422,21422,boleto,1,60.36
21423,21423,credit_card,1,1667.54
21424,21424,debit_card,1,173.64
21425,21425,voucher,1,96.95
21426,21426,voucher,1,667.82
21427,21427,boleto,1,616.58
21428,21428,debit_card,1,93.36
21429,21429,boleto,1,2712.54
21430,21430,boleto,1,714.82
21431,21431,debit_card,1,2124.21
21432,21432,credit_card,10,355.91
21433,21433,credit_card,2,2396.08
21434,21434,boleto,1,148.86
21435,21435,debit_card,1,14321.52
21436,21436,credit_card,6,805.33
21437,21437,voucher,1,236.17
21438,21438,debit_card,1,910.88
21439,21439,voucher,1,88.68
21440,21440,boleto,1,583.74
21441,21441,debit_card,1,2290.43
21442,21442,credit_card,6,1535.42
21443,21443,boleto,1,421.37
21444,21444,debit_card,1,672.75
21445,21445,voucher,1,653.61
21446,21446,voucher,1,1980.33
21447,21447,debit_card,1,1637.34
21448,21448,debit_card,1,478.2
21449,21449,boleto,1,466.63
21450,21450,credit_card,1,5574.18
21451,21451,debit_card,1,904.53
21452,21452,voucher,1,3395.41
21453,21453,credit_card,1,13344.49
21454,21454,credit_card,1,1901.69
21455,21455,credit_card,10,1160.1
21456,21456,credit_card,6,2626.91
21457,21457,credit_card,10,1124.24
21458,21458,voucher,1,183.57
21459,21459,credit_card,1,1188.77
21460,21460,boleto,1,4028.62
21461,21461,debit_card,1,3737.31
21462,21462,debit_card,1,639.53
21463,21463,debit_card,1,630.49
21464,21464,credit_card,3,7096.26
21465,21465,boleto,1,1371.76
21466,21466,credit_card,1,183.76
21467,21467,boleto,1,181.15
21468,21468,boleto,1,530.19
21469,21469,boleto,1,529.68
21470,21470,voucher,1,326.87
21471,21471,credit_card,1,675.32
21472,21472,credit_card,10,736.61
21473,21473,credit_card,1,323.71
21474,21474,voucher,1,542.02
21475,21475,voucher,1,64.1
21476,21476,credit_card,4,407.75
21477,21477,credit_card,1,8434.31
21478,21478,boleto,1,1849.53
21479,21479,voucher,1,868.21
21480,21480,boleto,1,7457.17
21481,21481,debit_card,1,551.15
21482,21482,credit_card,1,1466.62
21483,21483,debit_card,1,5414.65
21484,21484,credit_card,1,772.34
21485,21485,voucher,1,881.43
21486,21486,voucher,1,2558.33
21487,21487,debit_card,1,5042.86
21488,21488,credit_card,1,103.75
21489,21489,voucher,1,662.69
21490,21490,voucher,1,4049.5
21491,21491,boleto,1,757.99
21492,21492,credit_card,4,5267.78
21493,21493,debit_card,1,706.37
21494,21494,credit_card,2,3847.41
21495,21495,boleto,1,306.41
21496,21496,voucher,1,362.54
21497,21497,debit_card,1,1046.25
21498,21498,debit_card,1,2285.51
21499,21499,debit_card,1,716.81
21500,21500,voucher,1,3505.07
21501,21501,boleto,1,852.79
21502,21502,credit_card,3,6432.95
21503,21503,credit_card,1,522.16
21504,21504,debit_card,1,2018.53
21505,21505,debit_card,1,8935.18
21506,21506,credit_card,1,330.21
21507,21507,credit_card,1,4976.35
21508,21508,voucher,1,215.3
21509,21509,credit_card,2,4571.44
21510,21510,debit_card,1,512.77
21511,21511,debit_card,1,847.46
21512,21512,debit_card,1,2535.95
21513,21513,credit_card,4,2326.24
21514,21514,debit_card,1,1085.75
21515,21515,boleto,1,1325.99
21516,21516,credit_card,4,2270.01
21517,21517,credit_card,1,339.89
21518,21518,credit_card,4,375.17
21519,21519,boleto,1,175.37
21520,21520,boleto,1,936.65
21521,21521,boleto,1,1438.93
21522,21522,credit_card,2,2688.04
21523,21523,boleto,1,284.64
21524,21524,voucher,1,1136.45
21525,21525,boleto,1,6697.68
21526,21526,credit_card,1,5124.53
21527,21527,credit_card,1,161.34
21528,21528,boleto,1,327.95
21529,21529,voucher,1,976.28
21530,21530,debit_card,1,921.33
21531,21531,debit_card,1,2209.83
21532,21532,credit_card,1,2470.78
21533,21533,debit_card,1,1819.62
21534,21534,credit_card,1,5227.49
21535,21535,voucher,1,254.61
21536,21536,boleto,1,1032.54
21537,21537,voucher,1,1786.95
21538,21538,voucher,1,4534.52
21539,21539,credit_card,1,6658.29
21540,21540,credit_card,4,1360.79
21541,21541,credit_card,1,129.34
21542,21542,debit_card,1,13600.7
21543,21543,boleto,1,1224.59
21544,21544,voucher,1,2048.63
21545,21545,debit_card,1,1287.72
21546,21546,boleto,1,1655.99
21547,21547,boleto,1,1003.84
21548,21548,credit_card,1,2306.15
21549,21549,debit_card,1,761.64
21550,21550,credit_card,1,4798.05
21551,21551,voucher,1,630.99
21552,21552,credit_card,1,228.5
21553,21553,credit_card,1,1872.68
21554,21554,debit_card,1,2538.58
21555,21555,voucher,1,2897.38
21556,21556,debit_card,1,2478.81
21557,21557,voucher,1,370.45
21558,21558,voucher,1,2038.49
21559,21559,voucher,1,222.9
21560,21560,credit_card,1,2010.05
21561,21561,credit_card,1,631.26
21562,21562,voucher,1,2073.07
21563,21563,voucher,1,1159.35
21564,21564,credit_card,1,1359.57
21565,21565,debit_card,1,1166.1
21566,21566,voucher,1,8277.07
21567,21567,debit_card,1,737.05
21568,21568,boleto,1,194.13
21569,21569,debit_card,1,836.16
21570,21570,credit_card,3,1601.36
21571,21571,credit_card,2,2247.63
21572,21572,credit_card,1,95.98
21573,21573,credit_card,1,473.24
21574,21574,voucher,1,988.64
21575,21575,debit_card,1,5392.12
21576,21576,voucher,1,3063.19
21577,21577,boleto,1,5492.41
21578,21578,voucher,1,651.11
21579,21579,debit_card,1,117.76
21580,21580,voucher,1,520.07
21581,21581,voucher,1,560.06
21582,21582,voucher,1,444.85
21583,21583,credit_card,10,240.26
21584,21584,debit_card,1,623.89
21585,21585,voucher,1,2747.5
21586,21586,debit_card,1,851.02
21587,21587,debit_card,1,1009.21
21588,21588,credit_card,1,84.86
21589,21589,debit_card,1,400.12
21590,21590,credit_card,4,3191.94
21591,21591,boleto,1,4588.79
21592,21592,debit_card,1,504.38
21593,21593,voucher,1,5321.68
21594,21594,credit_card,10,1724.88
21595,21595,voucher,1,180.24
21596,21596,voucher,1,1879.89
21597,21597,boleto,1,469.76
21598,21598,credit_card,1,2500.92
21599,21599,boleto,1,978.99
21600,21600,debit_card,1,3828.31
21601,21601,boleto,1,472.89
21602,21602,voucher,1,147.28
21603,21603,debit_card,1,176.68
21604,21604,credit_card,1,401.73
21605,21605,credit_card,2,673.95
21606,21606,boleto,1,5276.33
21607,21607,voucher,1,198.48
21608,21608,debit_card,1,2865.21
21609,21609,credit_card,1,3921.8
21610,21610,voucher,1,3744.65
21611,21611,debit_card,1,1694.15
21612,21612,credit_card,1,1086.39
21613,21613,voucher,1,6425.59
21614,21614,voucher,1,2212.58
21615,21615,voucher,1,608.16
21616,21616,boleto,1,109.81
21617,21617,boleto,1,4564.46
21618,21618,voucher,1,656.68
21619,21619,boleto,1,369.02
21620,21620,debit_card,1,466.61
21621,21621,credit_card,1,3479.49
21622,21622,voucher,1,368.09
21623,21623,credit_card,4,2686.82
21624,21624,credit_card,1,117.94
21625,21625,voucher,1,10272.35
21626,21626,debit_card,1,554.61
21627,21627,boleto,1,4931.63
21628,21628,credit_card,10,300.37
21629,21629,debit_card,1,5773.08
21630,21630,debit_card,1,4238.74
21631,21631,debit_card,1,2575.59
21632,21632,boleto,1,2158.57
21633,21633,boleto,1,5354.22
21634,21634,credit_card,1,103.55
21635,21635,boleto,1,151.65
21636,21636,credit_card,4,6027.74
21637,21637,credit_card,3,523.52
21638,21638,voucher,1,2472.44
21639,21639,voucher,1,2294.38
21640,21640,boleto,1,119.22
21641,21641,credit_card,1,162.98
21642,21642,boleto,1,1176.2
21643,21643,credit_card,3,293.54
21644,21644,debit_card,1,1905.62
21645,21645,debit_card,1,1430.95
21646,21646,debit_card,1,3517.45
21647,21647,credit_card,3,16002.47
21648,21648,boleto,1,4257.81
21649,21649,voucher,1,1147.6
21650,21650,voucher,1,134.25
21651,21651,debit_card,1,2245.22
21652,21652,credit_card,1,3982.77
21653,21653,voucher,1,3045.24
21654,21654,voucher,1,378.36
21655,21655,debit_card,1,793.18
21656,21656,boleto,1,243.72
21657,21657,debit_card,1,1043.36
21658,21658,debit_card,1,3499.64
21659,21659,boleto,1,4041.17
21660,21660,debit_card,1,230.49
21661,21661,boleto,1,649.24
21662,21662,credit_card,1,344.01
21663,21663,voucher,1,173.27
21664,21664,voucher,1,92.77
21665,21665,boleto,1,386.39
21666,21666,voucher,1,224.64
21667,21667,credit_card,10,2610.24
21668,21668,boleto,1,687.3
21669,21669,voucher,1,2351.58
21670,21670,voucher,1,8249.84
21671,21671,credit_card,1,7401.35
21672,21672,debit_card,1,238.47
21673,21673,credit_card,6,4311.49
21674,21674,boleto,1,720.01
21675,21675,debit_card,1,1273.93
21676,21676,credit_card,10,4349.54
21677,21677,voucher,1,665.23
21678,21678,voucher,1,838.62
21679,21679,boleto,1,168.85
21680,21680,debit_card,1,9933.05
21681,21681,boleto,1,540.58
21682,21682,debit_card,1,4120.37
21683,21683,debit_card,1,230.61
21684,21684,boleto,1,1139.18
21685,21685,debit_card,1,1733.34
21686,21686,credit_card,10,11554.7
21687,21687,voucher,1,3899.91
21688,21688,voucher,1,2749.89
21689,21689,voucher,1,152.26
21690,21690,debit_card,1,8339.88
21691,21691,voucher,1,694.19
21692,21692,debit_card,1,419.37
21693,21693,debit_card,1,1401.53
21694,21694,debit_card,1,384.94
21695,21695,debit_card,1,147.45
21696,21696,boleto,1,2060.7
21697,21697,credit_card,6,712.56
21698,21698,boleto,1,74.04
21699,21699,debit_card,1,2411.34
21700,21700,debit_card,1,54.56
21701,21701,boleto,1,517.06
21702,21702,credit_card,1,744.62
21703,21703,voucher,1,894.26
21704,21704,voucher,1,940.64
21705,21705,credit_card,6,340.67
21706,21706,voucher,1,868.23
21707,21707,debit_card,1,1547.69
21708,21708,debit_card,1,487.4
21709,21709,debit_card,1,468.86
21710,21710,voucher,1,2327.32
21711,21711,boleto,1,202.09
21712,21712,debit_card,1,3730.13
21713,21713,boleto,1,1611.36
21714,21714,credit_card,1,1064.79
21715,21715,debit_card,1,3574.48
21716,21716,voucher,1,2998.13
21717,21717,boleto,1,563.04
21718,21718,debit_card,1,7972.17
21719,21719,credit_card,1,887.29
21720,21720,credit_card,10,1616.99
21721,21721,boleto,1,5823.82
21722,21722,debit_card,1,912.72
21723,21723,voucher,1,701.28
21724,21724,debit_card,1,4822.0
21725,21725,voucher,1,622.68
21726,21726,debit_card,1,10577.68
21727,21727,debit_card,1,76.16
21728,21728,voucher,1,1634.75
21729,21729,boleto,1,310.11
21730,21730,voucher,1,5496.35
21731,21731,credit_card,2,6189.42
21732,21732,debit_card,1,3207.62
21733,21733,boleto,1,2959.19
21734,21734,credit_card,3,1451.43
21735,21735,debit_card,1,1177.99
21736,21736,credit_card,1,450.72
21737,21737,boleto,1,2704.24
21738,21738,debit_card,1,101.05
21739,21739,credit_card,10,643.99
21740,21740,debit_card,1,1569.09
21741,21741,debit_card,1,1934.55
21742,21742,debit_card,1,183.03
21743,21743,voucher,1,1040.81
21744,21744,voucher,1,2139.96
21745,21745,debit_card,1,195.99
21746,21746,voucher,1,615.43
21747,21747,debit_card,1,7471.93
21748,21748,credit_card,1,311.03
21749,21749,voucher,1,3546.42
21750,21750,voucher,1,1938.17
21751,21751,voucher,1,3806.31
21752,21752,voucher,1,2725.81
21753,21753,voucher,1,1129.09
21754,21754,boleto,1,279.07
21755,21755,boleto,1,245.6
21756,21756,voucher,1,2124.22
21757,21757,voucher,1,114.13
21758,21758,boleto,1,3108.56
21759,21759,debit_card,1,280.26
21760,21760,voucher,1,1088.33
21761,21761,boleto,1,62.33
21762,21762,debit_card,1,236.92
21763,21763,credit_card,10,6483.14
21764,21764,boleto,1,115.49
21765,21765,voucher,1,9089.16
21766,21766,credit_card,3,1061.03
21767,21767,boleto,1,2977.48
21768,21768,credit_card,1,173.04
21769,21769,boleto,1,243.12
21770,21770,voucher,1,441.72
21771,21771,credit_card,2,1367.16
21772,21772,voucher,1,756.33
21773,21773,credit_card,1,1905.7
21774,21774,debit_card,1,722.63
21775,21775,boleto,1,2148.41
21776,21776,debit_card,1,8096.61
21777,21777,debit_card,1,83.29
21778,21778,credit_card,1,585.36
21779,21779,voucher,1,176.05
21780,21780,debit_card,1,3374.29
21781,21781,debit_card,1,68.19
21782,21782,credit_card,1,70.17
21783,21783,credit_card,1,3811.66
21784,21784,debit_card,1,4139.61
21785,21785,debit_card,1,540.16
21786,21786,debit_card,1,644.57
21787,21787,credit_card,4,5428.03
21788,21788,voucher,1,176.32
21789,21789,credit_card,1,340.57
21790,21790,credit_card,1,468.03
21791,21791,debit_card,1,1464.42
21792,21792,debit_card,1,524.43
21793,21793,credit_card,1,806.8
21794,21794,boleto,1,507.72
21795,21795,boleto,1,1641.17
21796,21796,credit_card,1,161.33
21797,21797,voucher,1,92.35
21798,21798,debit_card,1,309.86
21799,21799,debit_card,1,4612.1
21800,21800,debit_card,1,373.97
21801,21801,voucher,1,10933.41
21802,21802,credit_card,1,3854.07
21803,21803,credit_card,2,1025.39
21804,21804,boleto,1,395.17
21805,21805,voucher,1,5511.34
21806,21806,boleto,1,695.2
21807,21807,credit_card,2,2036.26
21808,21808,credit_card,1,159.42
21809,21809,credit_card,1,266.95
21810,21810,credit_card,2,1430.14
21811,21811,voucher,1,1857.32
21812,21812,boleto,1,888.08
21813,21813,credit_card,4,2176.88
21814,21814,credit_card,6,5404.92
21815,21815,voucher,1,57.14
21816,21816,voucher,1,709.08
21817,21817,credit_card,1,1266.58
21818,21818,boleto,1,4816.71
21819,21819,boleto,1,2567.77
21820,21820,voucher,1,5247.65
21821,21821,credit_card,1,5172.0
21822,21822,credit_card,2,366.93
21823,21823,credit_card,4,1126.96
21824,21824,credit_card,1,2452.72
21825,21825,credit_card,1,143.58
21826,21826,debit_card,1,2628.49
21827,21827,credit_card,1,1478.33
21828,21828,credit_card,1,225.63
21829,21829,debit_card,1,1624.91
21830,21830,boleto,1,2259.05
21831,21831,boleto,1,623.06
21832,21832,credit_card,1,382.66
21833,21833,boleto,1,3019.79
21834,21834,voucher,1,98.45
21835,21835,credit_card,6,2548.22
21836,21836,credit_card,10,1400.27
21837,21837,voucher,1,162.35
21838,21838,boleto,1,1851.58
21839,21839,voucher,1,730.58
21840,21840,debit_card,1,2066.46
21841,21841,boleto,1,1982.74
21842,21842,voucher,1,2199.0
21843,21843,voucher,1,5812.47
21844,21844,voucher,1,4111.87
21845,21845,boleto,1,1319.86
21846,21846,credit_card,10,273.45
21847,21847,debit_card,1,429.14
21848,21848,credit_card,3,2334.9
21849,21849,voucher,1,1135.56
21850,21850,boleto,1,1018.37
21851,21851,boleto,1,138.46
21852,21852,debit_card,1,1270.0
21853,21853,debit_card,1,1152.54
21854,21854,voucher,1,1123.06
21855,21855,credit_card,1,2113.9
21856,21856,credit_card,1,740.54
21857,21857,voucher,1,249.49
21858,21858,boleto,1,9873.0
21859,21859,voucher,1,4157.46
21860,21860,credit_card,1,54.87
21861,21861,voucher,1,5390.41
21862,21862,voucher,1,316.53
21863,21863,credit_card,3,2416.2
21864,21864,boleto,1,775.82
21865,21865,boleto,1,333.92
21866,21866,voucher,1,2680.69
21867,21867,credit_card,1,3963.35
21868,21868,credit_card,3,707.92
21869,21869,boleto,1,597.95
21870,21870,credit_card,2,566.84
21871,21871,credit_card,1,152.29
21872,21872,credit_card,1,1508.25
21873,21873,boleto,1,3567.39
21874,21874,debit_card,1,4184.36
21875,21875,voucher,1,7960.96
21876,21876,boleto,1,550.62
21877,21877,credit_card,1,321.74
21878,21878,boleto,1,2177.1
21879,21879,debit_card,1,828.24
21880,21880,voucher,1,2586.41
21881,21881,credit_card,4,3736.69
21882,21882,debit_card,1,3821.94
21883,21883,debit_card,1,141.36
21884,21884,voucher,1,853.37
21885,21885,debit_card,1,4117.14
21886,21886,debit_card,1,1162.13
21887,21887,boleto,1,2058.53
21888,21888,voucher,1,5718.06
21889,21889,voucher,1,738.72
21890,21890,credit_card,1,88.92
21891,21891,voucher,1,903.33
21892,21892,boleto,1,6191.17
21893,21893,voucher,1,361.81
21894,21894,debit_card,1,279.15
21895,21895,boleto,1,904.48
21896,21896,debit_card,1,121.62
21897,21897,boleto,1,1427.06
21898,21898,boleto,1,548.05
21899,21899,voucher,1,4556.26
21900,21900,debit_card,1,426.76
21901,21901,boleto,1,372.5
21902,21902,debit_card,1,293.19
21903,21903,debit_card,1,81.53
21904,21904,credit_card,1,55.49
21905,21905,debit_card,1,656.24
21906,21906,boleto,1,2931.58
21907,21907,credit_card,1,313.0
21908,21908,voucher,1,358.21
21909,21909,credit_card,4,339.27
21910,21910,boleto,1,1405.25
21911,21911,debit_card,1,522.13
21912,21912,debit_card,1,2136.2
21913,21913,debit_card,1,1027.04
21914,21914,credit_card,1,1487.83
21915,21915,credit_card,1,2574.81
21916,21916,boleto,1,310.61
21917,21917,boleto,1,1202.6
21918,21918,voucher,1,136.81
21919,21919,boleto,1,1057.08
21920,21920,debit_card,1,192.2
21921,21921,boleto,1,1618.87
21922,21922,credit_card,1,722.65
21923,21923,voucher,1,629.92
21924,21924,credit_card,1,2685.48
21925,21925,debit_card,1,172.18
21926,21926,credit_card,3,1477.96
21927,21927,debit_card,1,2587.7
21928,21928,debit_card,1,2362.87
21929,21929,boleto,1,3797.47
21930,21930,debit_card,1,1399.5
21931,21931,credit_card,1,4530.45
21932,21932,credit_card,1,247.61
21933,21933,credit_card,1,2874.26
21934,21934,voucher,1,870.35
21935,21935,debit_card,1,5711.05
21936,21936,credit_card,4,769.96
21937,21937,boleto,1,808.08
21938,21938,voucher,1,224.58
21939,21939,debit_card,1,872.23
21940,21940,boleto,1,1134.37
21941,21941,debit_card,1,863.34
21942,21942,voucher,1,489.16
21943,21943,debit_card,1,172.51
21944,21944,credit_card,4,374.0
21945,21945,voucher,1,765.47
21946,21946,debit_card,1,4019.33
21947,21947,debit_card,1,10404.58
21948,21948,boleto,1,2523.58
21949,21949,debit_card,1,4008.92
21950,21950,credit_card,2,2290.78
21951,21951,credit_card,1,1326.79
21952,21952,boleto,1,166.35
21953,21953,debit_card,1,504.16
21954,21954,debit_card,1,2745.07
21955,21955,debit_card,1,3277.74
21956,21956,credit_card,1,1271.34
21957,21957,debit_card,1,269.38
21958,21958,debit_card,1,61.93
21959,21959,credit_card,1,1982.84
21960,21960,credit_card,1,1306.36
21961,21961,credit_card,1,66.34
21962,21962,credit_card,1,1375.11
21963,21963,credit_card,6,445.77
21964,21964,debit_card,1,506.19
21965,21965,credit_card,1,1950.26
21966,21966,credit_card,1,107.25
21967,21967,voucher,1,180.78
21968,21968,boleto,1,881.51
21969,21969,debit_card,1,1982.15
21970,21970,voucher,1,1384.59
21971,21971,voucher,1,2688.47
21972,21972,debit_card,1,769.6
21973,21973,credit_card,1,10243.83
21974,21974,credit_card,1,684.36
21975,21975,boleto,1,3133.18
21976,21976,boleto,1,6680.36
21977,21977,debit_card,1,846.43
21978,21978,debit_card,1,13785.36
21979,21979,voucher,1,2470.61
21980,21980,credit_card,1,65.77
21981,21981,voucher,1,369.52
21982,21982,credit_card,10,3553.19
21983,21983,credit_card,1,344.08
21984,21984,voucher,1,30.5
21985,21985,voucher,1,1010.8
21986,21986,credit_card,6,1816.67
21987,21987,boleto,1,399.76
21988,21988,voucher,1,390.36
21989,21989,voucher,1,2289.53
21990,21990,boleto,1,854.26
21991,21991,voucher,1,1455.17
21992,21992,boleto,1,4238.25
21993,21993,credit_card,1,2999.75
21994,21994,boleto,1,273.5
21995,21995,credit_card,1,616.38
21996,21996,boleto,1,125.37
21997,21997,boleto,1,2694.72
21998,21998,voucher,1,613.01
21999,21999,voucher,1,4784.11
22000,22000,credit_card,10,348.45
22001,22001,debit_card,1,554.95
22002,22002,credit_card,10,918.07
22003,22003,credit_card,6,517.93
22004,22004,boleto,1,236.49
22005,22005,debit_card,1,1209.25
22006,22006,voucher,1,1864.55
22007,22007,credit_card,1,175.65
22008,22008,debit_card,1,1390.91
22009,22009,debit_card,1,1642.93
22010,22010,voucher,1,4550.25
22011,22011,voucher,1,42.17
22012,22012,boleto,1,3762.58
22013,22013,voucher,1,1361.43
22014,22014,debit_card,1,1138.96
22015,22015,credit_card,1,894.79
22016,22016,credit_card,6,1354.51
22017,22017,voucher,1,446.52
22018,22018,credit_card,1,754.27
22019,22019,voucher,1,5517.29
22020,22020,boleto,1,2650.18
22021,22021,voucher,1,113.02
22022,22022,debit_card,1,1883.92
22023,22023,credit_card,1,928.38
22024,22024,debit_card,1,2111.54
22025,22025,credit_card,1,132.27
22026,22026,voucher,1,1495.97
22027,22027,voucher,1,2677.63
22028,22028,credit_card,1,9296.67
22029,22029,voucher,1,5896.47
22030,22030,voucher,1,1151.5
22031,22031,voucher,1,2220.91
22032,22032,boleto,1,6949.58
22033,22033,boleto,1,3487.54
22034,22034,voucher,1,1544.69
22035,22035,voucher,1,1400.48
22036,22036,boleto,1,566.59
22037,22037,voucher,1,929.31
22038,22038,boleto,1,76.72
22039,22039,debit_card,1,545.11
22040,22040,credit_card,1,1952.4
22041,22041,voucher,1,7562.86
22042,22042,boleto,1,220.4
22043,22043,voucher,1,642.31
22044,22044,debit_card,1,232.05
22045,22045,debit_card,1,637.1
22046,22046,voucher,1,2274.89
22047,22047,voucher,1,1595.19
22048,22048,voucher,1,909.4
22049,22049,boleto,1,2564.45
22050,22050,voucher,1,104.21
22051,22051,boleto,1,4715.7
22052,22052,debit_card,1,340.86
22053,22053,boleto,1,2457.79
22054,22054,credit_card,1,2639.49
22055,22055,credit_card,4,4506.7
22056,22056,debit_card,1,398.91
22057,22057,credit_card,3,4891.18
22058,22058,boleto,1,773.79
22059,22059,voucher,1,200.56
22060,22060,voucher,1,1801.26
22061,22061,debit_card,1,3811.12
22062,22062,debit_card,1,4802.94
22063,22063,debit_card,1,2144.83
22064,22064,credit_card,6,2236.43
22065,22065,debit_card,1,1010.89
22066,22066,credit_card,1,923.79
22067,22067,debit_card,1,3510.75
22068,22068,voucher,1,409.47
22069,22069,credit_card,1,424.72
22070,22070,debit_card,1,4722.29
22071,22071,boleto,1,598.63
22072,22072,credit_card,1,3271.09
22073,22073,voucher,1,1259.9
22074,22074,voucher,1,864.02
22075,22075,credit_card,1,111.7
22076,22076,boleto,1,165.14
22077,22077,debit_card,1,195.97
22078,22078,voucher,1,1797.38
22079,22079,boleto,1,460.75
22080,22080,debit_card,1,846.58
22081,22081,credit_card,1,572.78
22082,22082,boleto,1,4947.79
22083,22083,voucher,1,424.65
22084,22084,boleto,1,2975.41
22085,22085,boleto,1,91.26
22086,22086,boleto,1,901.19
22087,22087,credit_card,6,7024.1
22088,22088,credit_card,2,2178.52
22089,22089,voucher,1,684.7
22090,22090,credit_card,1,2679.24
22091,22091,voucher,1,1245.78
22092,22092,credit_card,1,479.65
22093,22093,voucher,1,335.49
22094,22094,voucher,1,4302.44
22095,22095,debit_card,1,1546.91
22096,22096,credit_card,1,3552.02
22097,22097,boleto,1,4324.7
22098,22098,boleto,1,1937.92
22099,22099,credit_card,4,1007.71
22100,22100,debit_card,1,1451.56
22101,22101,voucher,1,222.92
22102,22102,debit_card,1,2886.55
22103,22103,debit_card,1,218.94
22104,22104,voucher,1,3014.88
22105,22105,voucher,1,403.49
22106,22106,voucher,1,914.65
22107,22107,voucher,1,539.77
22108,22108,voucher,1,2163.49
22109,22109,voucher,1,3659.75
22110,22110,boleto,1,283.44
22111,22111,debit_card,1,6828.22
22112,22112,credit_card,1,5567.33
22113,22113,debit_card,1,1318.96
22114,22114,debit_card,1,1953.11
22115,22115,credit_card,3,629.15
22116,22116,boleto,1,4634.42
22117,22117,debit_card,1,667.94
22118,22118,credit_card,1,787.26
22119,22119,credit_card,6,1266.85
22120,22120,voucher,1,1054.98
22121,22121,credit_card,6,475.25
22122,22122,credit_card,1,2325.32
22123,22123,voucher,1,4978.57
22124,22124,boleto,1,2249.75
22125,22125,boleto,1,2503.51
22126,22126,debit_card,1,248.45
22127,22127,boleto,1,4671.6
22128,22128,boleto,1,1906.72
22129,22129,debit_card,1,5621.22
22130,22130,boleto,1,402.0
22131,22131,debit_card,1,485.43
22132,22132,credit_card,1,1229.72
22133,22133,voucher,1,2456.23
22134,22134,voucher,1,2608.18
22135,22135,voucher,1,68.05
22136,22136,debit_card,1,2360.61
22137,22137,boleto,1,956.66
22138,22138,credit_card,10,901.39
22139,22139,boleto,1,267.89
22140,22140,voucher,1,1231.15
22141,22141,debit_card,1,2941.1
22142,22142,voucher,1,909.11
22143,22143,debit_card,1,1688.17
22144,22144,voucher,1,3244.5
22145,22145,boleto,1,154.04
22146,22146,credit_card,3,574.17
22147,22147,boleto,1,130.27
22148,22148,boleto,1,5998.03
22149,22149,debit_card,1,5678.49
22150,22150,credit_card,1,6965.76
22151,22151,credit_card,1,11602.88
22152,22152,debit_card,1,1543.98
22153,22153,credit_card,1,3991.09
22154,22154,boleto,1,958.14
22155,22155,voucher,1,5899.06
22156,22156,voucher,1,2028.67
22157,22157,boleto,1,2854.35
22158,22158,credit_card,6,3252.28
22159,22159,boleto,1,264.64
22160,22160,voucher,1,2077.38
22161,22161,debit_card,1,3392.43
22162,22162,credit_card,1,186.77
22163,22163,credit_card,1,890.88
22164,22164,debit_card,1,3437.8
22165,22165,debit_card,1,1025.17
22166,22166,voucher,1,206.59
22167,22167,voucher,1,302.85
22168,22168,debit_card,1,3465.42
22169,22169,boleto,1,557.56
22170,22170,debit_card,1,1757.16
22171,22171,voucher,1,3341.43
22172,22172,boleto,1,169.61
22173,22173,boleto,1,1406.78
22174,22174,debit_card,1,214.76
22175,22175,credit_card,1,522.99
22176,22176,credit_card,6,383.63
22177,22177,boleto,1,868.06
22178,22178,voucher,1,2318.33
22179,22179,debit_card,1,2506.91
22180,22180,voucher,1,1321.25
22181,22181,debit_card,1,1437.65
22182,22182,voucher,1,736.11
22183,22183,voucher,1,96.28
22184,22184,voucher,1,626.47
22185,22185,credit_card,2,5238.99
22186,22186,voucher,1,198.4
22187,22187,credit_card,1,4137.29
22188,22188,boleto,1,1130.48
22189,22189,debit_card,1,3766.28
22190,22190,voucher,1,990.04
22191,22191,credit_card,1,758.96
22192,22192,voucher,1,2552.91
22193,22193,debit_card,1,461.65
22194,22194,voucher,1,1493.19
22195,22195,credit_card,4,2298.28
22196,22196,boleto,1,1814.94
22197,22197,voucher,1,324.2
22198,22198,credit_card,1,3581.66
22199,22199,debit_card,1,2858.71
22200,22200,debit_card,1,3169.06
22201,22201,credit_card,1,347.0
22202,22202,debit_card,1,3531.07
22203,22203,debit_card,1,150.1
22204,22204,debit_card,1,939.27
22205,22205,voucher,1,234.41
22206,22206,debit_card,1,3237.7
22207,22207,voucher,1,9065.37
22208,22208,boleto,1,507.97
22209,22209,credit_card,1,908.14
22210,22210,credit_card,1,6753.2
22211,22211,voucher,1,323.63
22212,22212,credit_card,1,3280.11
22213,22213,voucher,1,1966.12
22214,22214,credit_card,1,69.33
22215,22215,voucher,1,2344.15
22216,22216,debit_card,1,863.28
22217,22217,boleto,1,1325.36
22218,22218,boleto,1,5568.81
22219,22219,boleto,1,293.74
22220,22220,credit_card,10,478.14
22221,22221,voucher,1,2628.11
22222,22222,voucher,1,2248.81
22223,22223,voucher,1,8261.07
22224,22224,voucher,1,414.35
22225,22225,debit_card,1,115.12
22226,22226,voucher,1,63.08
22227,22227,credit_card,4,6068.17
22228,22228,boleto,1,292.74
22229,22229,debit_card,1,298.81
22230,22230,credit_card,2,2032.64
22231,22231,credit_card,1,750.87
22232,22232,voucher,1,573.58
22233,22233,boleto,1,4014.73
22234,22234,voucher,1,2591.7
22235,22235,boleto,1,855.33
22236,22236,credit_card,1,870.19
22237,22237,boleto,1,3585.47
22238,22238,debit_card,1,2931.62
22239,22239,voucher,1,1397.96
22240,22240,debit_card,1,127.08
22241,22241,credit_card,1,2044.17
22242,22242,voucher,1,5843.11
22243,22243,credit_card,4,1524.18
22244,22244,credit_card,1,56.62
22245,22245,debit_card,1,1949.75
22246,22246,debit_card,1,621.49
22247,22247,boleto,1,3161.51
22248,22248,debit_card,1,132.33
22249,22249,credit_card,1,4994.51
22250,22250,voucher,1,16081.08
22251,22251,voucher,1,6488.75
22252,22252,credit_card,10,222.93
22253,22253,credit_card,1,120.65
22254,22254,boleto,1,371.91
22255,22255,boleto,1,210.32
22256,22256,voucher,1,65.37
22257,22257,boleto,1,137.5
22258,22258,debit_card,1,2878.99
22259,22259,boleto,1,647.09
22260,22260,boleto,1,134.56
22261,22261,voucher,1,1160.33
22262,22262,voucher,1,4616.58
22263,22263,debit_card,1,2852.19
22264,22264,debit_card,1,324.67
22265,22265,voucher,1,523.28
22266,22266,debit_card,1,74.24
22267,22267,credit_card,1,152.06
22268,22268,boleto,1,6391.1
22269,22269,debit_card,1,4058.58
22270,22270,voucher,1,249.84
22271,22271,boleto,1,1920.61
22272,22272,credit_card,6,2769.88
22273,22273,credit_card,1,363.04
22274,22274,debit_card,1,325.16
22275,22275,voucher,1,4486.31
22276,22276,voucher,1,2812.83
22277,22277,boleto,1,763.39
22278,22278,boleto,1,836.09
22279,22279,voucher,1,3504.41
22280,22280,voucher,1,4011.55
22281,22281,credit_card,4,418.07
22282,22282,debit_card,1,202.46
22283,22283,credit_card,6,354.11
22284,22284,boleto,1,2199.01
22285,22285,debit_card,1,2410.45
22286,22286,boleto,1,1047.94
22287,22287,debit_card,1,508.57
22288,22288,boleto,1,5428.49
22289,22289,voucher,1,2208.55
22290,22290,boleto,1,2489.56
22291,22291,boleto,1,226.75
22292,22292,voucher,1,845.62
22293,22293,voucher,1,87.26
22294,22294,credit_card,1,447.23
22295,22295,voucher,1,707.87
22296,22296,boleto,1,461.77
22297,22297,boleto,1,209.67
22298,22298,voucher,1,528.48
22299,22299,voucher,1,1242.24
22300,22300,debit_card,1,1155.28
22301,22301,credit_card,1,503.23
22302,22302,boleto,1,1785.74
22303,22303,debit_card,1,306.53
22304,22304,credit_card,2,348.99
22305,22305,debit_card,1,1627.63
22306,22306,credit_card,2,2894.28
22307,22307,credit_card,1,649.28
22308,22308,credit_card,3,6769.25
22309,22309,debit_card,1,2959.06
22310,22310,boleto,1,85.61
22311,22311,credit_card,1,664.72
22312,22312,debit_card,1,366.67
22313,22313,voucher,1,1110.39
22314,22314,boleto,1,239.02
22315,22315,voucher,1,3508.67
22316,22316,credit_card,1,486.29
22317,22317,boleto,1,1629.87
22318,22318,credit_card,10,3239.66
22319,22319,debit_card,1,241.46
22320,22320,voucher,1,676.44
22321,22321,voucher,1,2383.87
22322,22322,boleto,1,4667.19
22323,22323,debit_card,1,6528.53
22324,22324,credit_card,1,2619.83
22325,22325,credit_card,1,4848.76
22326,22326,debit_card,1,2827.99
22327,22327,credit_card,1,844.68
22328,22328,credit_card,1,4064.71
22329,22329,voucher,1,95.12
22330,22330,voucher,1,2939.92
22331,22331,boleto,1,3813.67
22332,22332,voucher,1,152.04
22333,22333,voucher,1,267.77
22334,22334,credit_card,1,477.5
22335,22335,debit_card,1,2383.44
22336,22336,credit_card,6,759.22
22337,22337,credit_card,2,649.54
22338,22338,debit_card,1,433.15
22339,22339,voucher,1,866.07
22340,22340,boleto,1,2382.59
22341,22341,credit_card,1,721.12
22342,22342,debit_card,1,354.08
22343,22343,credit_card,1,766.03
22344,22344,boleto,1,313.11
22345,22345,debit_card,1,376.27
22346,22346,credit_card,1,7610.41
22347,22347,voucher,1,1832.64
22348,22348,voucher,1,6679.43
22349,22349,credit_card,1,3453.07
22350,22350,debit_card,1,141.7
22351,22351,credit_card,4,5434.9
22352,22352,voucher,1,1708.76
22353,22353,debit_card,1,1290.73
22354,22354,voucher,1,493.9
22355,22355,voucher,1,1611.14
22356,22356,voucher,1,831.31
22357,22357,debit_card,1,4330.24
22358,22358,credit_card,1,1870.43
22359,22359,voucher,1,483.27
22360,22360,debit_card,1,6581.54
22361,22361,boleto,1,2244.32
22362,22362,boleto,1,3287.07
22363,22363,debit_card,1,448.72
22364,22364,credit_card,1,506.37
22365,22365,boleto,1,869.89
22366,22366,credit_card,2,207.12
22367,22367,credit_card,2,800.28
22368,22368,boleto,1,325.6
22369,22369,boleto,1,3463.02
22370,22370,voucher,1,6444.2
22371,22371,voucher,1,3055.68
22372,22372,credit_card,6,4183.8
22373,22373,credit_card,4,248.4
22374,22374,credit_card,1,3872.17
22375,22375,voucher,1,62.02
22376,22376,credit_card,2,1378.14
22377,22377,voucher,1,287.46
22378,22378,credit_card,6,8770.55
22379,22379,debit_card,1,2971.29
22380,22380,voucher,1,1444.8
22381,22381,voucher,1,78.71
22382,22382,debit_card,1,560.53
22383,22383,debit_card,1,3589.71
22384,22384,credit_card,2,228.29
22385,22385,debit_card,1,1926.18
22386,22386,voucher,1,4398.6
22387,22387,boleto,1,5954.66
22388,22388,credit_card,1,2708.57
22389,22389,boleto,1,105.95
22390,22390,debit_card,1,1513.76
22391,22391,debit_card,1,6584.69
22392,22392,boleto,1,1753.71
22393,22393,boleto,1,3261.78
22394,22394,voucher,1,4705.73
22395,22395,voucher,1,5007.4
22396,22396,debit_card,1,1887.19
22397,22397,boleto,1,377.37
22398,22398,credit_card,1,1285.36
22399,22399,debit_card,1,8219.72
22400,22400,credit_card,2,3308.93
22401,22401,credit_card,1,2042.37
22402,22402,boleto,1,635.87
22403,22403,debit_card,1,145.49
22404,22404,debit_card,1,3567.52
22405,22405,credit_card,1,137.8
22406,22406,debit_card,1,222.11
22407,22407,debit_card,1,622.91
22408,22408,debit_card,1,3038.95
22409,22409,boleto,1,244.37
22410,22410,boleto,1,1723.96
22411,22411,voucher,1,765.09
22412,22412,boleto,1,11230.52
22413,22413,boleto,1,176.78
22414,22414,debit_card,1,809.51
22415,22415,credit_card,6,2004.74
22416,22416,voucher,1,351.15
22417,22417,debit_card,1,723.0
22418,22418,boleto,1,5809.68
22419,22419,voucher,1,18788.9
22420,22420,credit_card,4,620.19
22421,22421,debit_card,1,7261.61
22422,22422,credit_card,4,372.46
22423,22423,debit_card,1,149.76
22424,22424,boleto,1,982.99
22425,22425,boleto,1,1020.67
22426,22426,boleto,1,1351.18
22427,22427,debit_card,1,257.33
22428,22428,voucher,1,469.27
22429,22429,credit_card,6,786.51
22430,22430,voucher,1,2317.86
22431,22431,debit_card,1,2691.35
22432,22432,debit_card,1,2695.78
22433,22433,debit_card,1,2551.72
22434,22434,credit_card,1,461.23
22435,22435,credit_card,10,2675.26
22436,22436,debit_card,1,4307.81
22437,22437,voucher,1,566.98
22438,22438,boleto,1,2521.53
22439,22439,debit_card,1,77.73
22440,22440,debit_card,1,1668.96
22441,22441,credit_card,1,5901.13
22442,22442,debit_card,1,86.08
22443,22443,voucher,1,2465.78
22444,22444,credit_card,1,4190.46
22445,22445,voucher,1,2454.41
22446,22446,voucher,1,816.09
22447,22447,debit_card,1,1973.49
22448,22448,credit_card,4,220.14
22449,22449,debit_card,1,1114.09
22450,22450,boleto,1,407.51
22451,22451,credit_card,3,2030.69
22452,22452,debit_card,1,2950.83
22453,22453,debit_card,1,807.1
22454,22454,voucher,1,86.86
22455,22455,credit_card,1,1355.11
22456,22456,debit_card,1,3602.84
22457,22457,boleto,1,74.51
22458,22458,boleto,1,3223.08
22459,22459,credit_card,1,2206.25
22460,22460,debit_card,1,3774.42
22461,22461,debit_card,1,724.9
22462,22462,voucher,1,104.9
22463,22463,boleto,1,2366.35
22464,22464,credit_card,1,375.9
22465,22465,voucher,1,2397.85
22466,22466,debit_card,1,2997.91
22467,22467,credit_card,3,801.66
22468,22468,voucher,1,460.17
22469,22469,credit_card,1,247.24
22470,22470,debit_card,1,1441.49
22471,22471,debit_card,1,4433.22
22472,22472,credit_card,1,1063.98
22473,22473,voucher,1,898.04
22474,22474,voucher,1,91.39
22475,22475,credit_card,1,1038.26
22476,22476,debit_card,1,2025.13
22477,22477,voucher,1,5692.75
22478,22478,boleto,1,1508.7
22479,22479,credit_card,10,2923.18
22480,22480,voucher,1,2671.1
22481,22481,credit_card,1,1605.34
22482,22482,credit_card,1,687.89
22483,22483,debit_card,1,2676.79
22484,22484,boleto,1,25.84
22485,22485,debit_card,1,2378.04
22486,22486,voucher,1,4920.3
22487,22487,boleto,1,346.58
22488,22488,voucher,1,5378.84
22489,22489,boleto,1,1057.13
22490,22490,credit_card,1,575.31
22491,22491,voucher,1,68.02
22492,22492,credit_card,1,2926.64
22493,22493,debit_card,1,8238.3
22494,22494,voucher,1,60.03
22495,22495,voucher,1,148.87
22496,22496,debit_card,1,416.52
22497,22497,credit_card,1,4547.63
22498,22498,debit_card,1,1954.46
22499,22499,debit_card,1,2566.57
22500,22500,voucher,1,1212.04
22501,22501,credit_card,4,269.51
22502,22502,boleto,1,532.3
22503,22503,credit_card,1,198.43
22504,22504,credit_card,1,6113.25
22505,22505,debit_card,1,1309.86
22506,22506,boleto,1,167.24
22507,22507,voucher,1,699.47
22508,22508,boleto,1,669.16
22509,22509,voucher,1,4939.54
22510,22510,boleto,1,1942.15
22511,22511,debit_card,1,1443.95
22512,22512,credit_card,1,400.95
22513,22513,debit_card,1,2024.6
22514,22514,boleto,1,9117.8
22515,22515,voucher,1,292.32
22516,22516,debit_card,1,1068.72
22517,22517,boleto,1,429.14
22518,22518,debit_card,1,3429.48
22519,22519,voucher,1,3298.4
22520,22520,boleto,1,209.2
22521,22521,boleto,1,5105.74
22522,22522,debit_card,1,358.27
22523,22523,voucher,1,214.09
22524,22524,voucher,1,1881.2
22525,22525,debit_card,1,2939.0
22526,22526,voucher,1,3014.94
22527,22527,boleto,1,1763.36
22528,22528,boleto,1,3337.89
22529,22529,boleto,1,6816.56
22530,22530,debit_card,1,1107.18
22531,22531,debit_card,1,577.32
22532,22532,credit_card,1,578.23
22533,22533,credit_card,1,121.8
22534,22534,voucher,1,1356.37
22535,22535,boleto,1,2098.18
22536,22536,boleto,1,2703.39
22537,22537,voucher,1,2151.81
22538,22538,boleto,1,462.48
22539,22539,debit_card,1,1008.95
22540,22540,debit_card,1,549.55
22541,22541,boleto,1,1349.63
22542,22542,boleto,1,3193.7
22543,22543,debit_card,1,3477.63
22544,22544,voucher,1,14579.85
22545,22545,debit_card,1,4911.59
22546,22546,debit_card,1,732.82
22547,22547,credit_card,3,508.77
22548,22548,debit_card,1,290.0
22549,22549,debit_card,1,5350.52
22550,22550,boleto,1,1546.4
22551,22551,credit_card,1,362.94
22552,22552,debit_card,1,6505.61
22553,22553,boleto,1,156.54
22554,22554,debit_card,1,617.08
22555,22555,boleto,1,6572.64
22556,22556,debit_card,1,1468.91
22557,22557,credit_card,1,1226.96
22558,22558,credit_card,1,5077.79
22559,22559,debit_card,1,2415.18
22560,22560,boleto,1,4095.76
22561,22561,credit_card,6,1643.26
22562,22562,voucher,1,131.48
22563,22563,debit_card,1,7497.39
22564,22564,credit_card,1,735.49
22565,22565,credit_card,1,1435.37
22566,22566,voucher,1,1672.88
22567,22567,debit_card,1,371.19
22568,22568,debit_card,1,420.58
22569,22569,debit_card,1,2990.32
22570,22570,voucher,1,1645.63
22571,22571,voucher,1,1397.08
22572,22572,boleto,1,359.67
22573,22573,credit_card,1,2247.14
22574,22574,credit_card,6,4035.86
22575,22575,credit_card,6,1377.69
22576,22576,credit_card,2,1667.14
22577,22577,debit_card,1,1706.64
22578,22578,voucher,1,549.56
22579,22579,credit_card,4,3769.95
22580,22580,boleto,1,746.26
22581,22581,boleto,1,130.53
22582,22582,boleto,1,199.91
22583,22583,voucher,1,373.67
22584,22584,boleto,1,6123.92
22585,22585,boleto,1,93.87
22586,22586,credit_card,1,1201.64
22587,22587,boleto,1,1155.13
22588,22588,boleto,1,2232.08
22589,22589,debit_card,1,334.6
22590,22590,voucher,1,4938.39
22591,22591,boleto,1,980.49
22592,22592,boleto,1,1503.32
22593,22593,boleto,1,2413.69
22594,22594,voucher,1,963.36
22595,22595,voucher,1,1733.42
22596,22596,voucher,1,1838.99
22597,22597,credit_card,4,1501.53
22598,22598,boleto,1,1240.11
22599,22599,voucher,1,1009.06
22600,22600,boleto,1,2184.47
22601,22601,credit_card,1,3807.21
22602,22602,voucher,1,295.76
22603,22603,voucher,1,780.09
22604,22604,credit_card,1,805.38
22605,22605,boleto,1,3365.48
22606,22606,credit_card,4,1345.25
22607,22607,debit_card,1,7303.64
22608,22608,voucher,1,223.99
22609,22609,credit_card,3,3511.99
22610,22610,credit_card,10,2666.38
22611,22611,boleto,1,263.37
22612,22612,credit_card,1,207.27
22613,22613,boleto,1,5574.8
22614,22614,debit_card,1,2929.24
22615,22615,debit_card,1,1809.36
22616,22616,credit_card,6,6016.91
22617,22617,credit_card,1,600.95
22618,22618,voucher,1,3160.64
22619,22619,debit_card,1,634.86
22620,22620,debit_card,1,433.3
22621,22621,boleto,1,1603.48
22622,22622,debit_card,1,593.11
22623,22623,debit_card,1,351.41
22624,22624,credit_card,6,4438.46
22625,22625,voucher,1,2891.92
22626,22626,boleto,1,596.07
22627,22627,debit_card,1,6988.16
22628,22628,credit_card,4,1877.03
22629,22629,debit_card,1,1569.86
22630,22630,voucher,1,1570.02
22631,22631,boleto,1,111.21
22632,22632,debit_card,1,3766.11
22633,22633,boleto,1,617.09
22634,22634,boleto,1,2650.79
22635,22635,debit_card,1,608.79
22636,22636,voucher,1,1364.66
22637,22637,voucher,1,6076.97
22638,22638,boleto,1,135.27
22639,22639,debit_card,1,2182.97
22640,22640,credit_card,1,144.51
22641,22641,debit_card,1,776.37
22642,22642,boleto,1,2043.3
22643,22643,voucher,1,2478.81
22644,22644,debit_card,1,7182.59
22645,22645,debit_card,1,1459.71
22646,22646,credit_card,1,405.06
22647,22647,credit_card,1,897.26
22648,22648,boleto,1,971.91
22649,22649,voucher,1,569.04
22650,22650,debit_card,1,251.06
22651,22651,debit_card,1,81.45
22652,22652,debit_card,1,656.61
22653,22653,boleto,1,461.32
22654,22654,debit_card,1,3270.44
22655,22655,credit_card,2,738.48
22656,22656,debit_card,1,4178.41
22657,22657,debit_card,1,83.97
22658,22658,voucher,1,1562.77
22659,22659,debit_card,1,1026.01
22660,22660,debit_card,1,710.37
22661,22661,credit_card,6,2283.96
22662,22662,debit_card,1,5445.04
22663,22663,voucher,1,335.87
22664,22664,boleto,1,3094.41
22665,22665,voucher,1,2788.02
22666,22666,voucher,1,586.55
22667,22667,voucher,1,1834.58
22668,22668,voucher,1,2449.88
22669,22669,debit_card,1,187.19
22670,22670,credit_card,1,1187.2
22671,22671,boleto,1,124.56
22672,22672,debit_card,1,3092.63
22673,22673,credit_card,4,2595.33
22674,22674,credit_card,6,875.67
22675,22675,debit_card,1,825.51
22676,22676,boleto,1,6395.36
22677,22677,voucher,1,2440.69
22678,22678,voucher,1,595.37
22679,22679,credit_card,4,4427.16
22680,22680,credit_card,1,1191.78
22681,22681,boleto,1,643.8
22682,22682,debit_card,1,2514.07
22683,22683,boleto,1,294.31
22684,22684,debit_card,1,1421.13
22685,22685,voucher,1,2954.83
22686,22686,debit_card,1,5541.43
22687,22687,debit_card,1,3813.89
22688,22688,boleto,1,201.56
22689,22689,boleto,1,1846.7
22690,22690,voucher,1,1377.55
22691,22691,debit_card,1,1912.48
22692,22692,voucher,1,498.41
22693,22693,voucher,1,122.22
22694,22694,boleto,1,1906.64
22695,22695,debit_card,1,772.19
22696,22696,credit_card,1,5119.17
22697,22697,debit_card,1,86.68
22698,22698,credit_card,3,652.61
22699,22699,debit_card,1,2120.64
22700,22700,voucher,1,3089.98
22701,22701,boleto,1,339.62
22702,22702,voucher,1,1722.39
22703,22703,boleto,1,2022.2
22704,22704,boleto,1,866.46
22705,22705,credit_card,10,337.06
22706,22706,voucher,1,1662.19
22707,22707,debit_card,1,295.65
22708,22708,debit_card,1,163.63
22709,22709,credit_card,1,160.84
22710,22710,credit_card,6,236.5
22711,22711,debit_card,1,8263.5
22712,22712,voucher,1,6067.02
22713,22713,voucher,1,2935.39
22714,22714,voucher,1,1791.95
22715,22715,credit_card,1,2603.0
22716,22716,credit_card,2,300.07
22717,22717,boleto,1,1877.69
22718,22718,boleto,1,1321.99
22719,22719,credit_card,10,491.39
22720,22720,debit_card,1,1420.77
22721,22721,debit_card,1,2266.17
22722,22722,voucher,1,328.26
22723,22723,debit_card,1,69.95
22724,22724,boleto,1,343.05
22725,22725,boleto,1,1276.19
22726,22726,voucher,1,527.31
22727,22727,voucher,1,1709.55
22728,22728,debit_card,1,456.32
22729,22729,voucher,1,191.42
22730,22730,voucher,1,906.48
22731,22731,voucher,1,4551.75
22732,22732,credit_card,1,3630.33
22733,22733,credit_card,1,452.89
22734,22734,boleto,1,79.46
22735,22735,voucher,1,4660.76
22736,22736,voucher,1,109.68
22737,22737,voucher,1,5782.26
22738,22738,boleto,1,310.52
22739,22739,boleto,1,4488.81
22740,22740,boleto,1,1432.68
22741,22741,debit_card,1,4090.51
22742,22742,credit_card,2,208.99
22743,22743,boleto,1,85.97
22744,22744,voucher,1,1186.43
22745,22745,voucher,1,1114.04
22746,22746,voucher,1,1813.95
22747,22747,credit_card,6,201.82
22748,22748,credit_card,10,286.69
22749,22749,credit_card,1,498.56
22750,22750,voucher,1,2182.56
22751,22751,voucher,1,1594.1
22752,22752,credit_card,2,1164.0
22753,22753,voucher,1,232.3
22754,22754,voucher,1,435.12
22755,22755,credit_card,4,479.14
22756,22756,debit_card,1,2373.9
22757,22757,boleto,1,3067.11
22758,22758,boleto,1,2533.06
22759,22759,boleto,1,613.97
22760,22760,credit_card,4,3537.01
22761,22761,debit_card,1,114.64
22762,22762,debit_card,1,2194.51
22763,22763,credit_card,10,1167.98
22764,22764,boleto,1,2358.78
22765,22765,credit_card,1,1462.4
22766,22766,credit_card,3,3306.21
22767,22767,credit_card,4,908.88
22768,22768,debit_card,1,6909.45
22769,22769,debit_card,1,5750.29
22770,22770,boleto,1,776.29
22771,22771,boleto,1,77.01
22772,22772,debit_card,1,1518.41
22773,22773,boleto,1,2219.92
22774,22774,debit_card,1,190.77
22775,22775,debit_card,1,2139.11
22776,22776,voucher,1,495.77
22777,22777,debit_card,1,436.35
22778,22778,credit_card,1,857.77
22779,22779,credit_card,1,2765.62
22780,22780,credit_card,1,1082.44
22781,22781,credit_card,1,4263.18
22782,22782,credit_card,1,3117.94
22783,22783,debit_card,1,1656.93
22784,22784,credit_card,6,982.54
22785,22785,voucher,1,1238.5
22786,22786,debit_card,1,478.31
22787,22787,debit_card,1,1309.77
22788,22788,credit_card,1,552.46
22789,22789,boleto,1,118.67
22790,22790,voucher,1,58.34
22791,22791,boleto,1,243.01
22792,22792,credit_card,1,2518.04
22793,22793,debit_card,1,10858.7
22794,22794,voucher,1,1532.8
22795,22795,voucher,1,5210.9
22796,22796,boleto,1,213.16
22797,22797,boleto,1,1301.44
22798,22798,debit_card,1,3305.6
22799,22799,voucher,1,1082.49
22800,22800,credit_card,3,1656.58
22801,22801,debit_card,1,541.36
22802,22802,debit_card,1,2174.34
22803,22803,boleto,1,1907.58
22804,22804,voucher,1,1272.76
22805,22805,debit_card,1,1097.89
22806,22806,debit_card,1,871.42
22807,22807,credit_card,1,58.61
22808,22808,boleto,1,3088.9
22809,22809,credit_card,1,1204.18
22810,22810,debit_card,1,1443.95
22811,22811,voucher,1,14728.0
22812,22812,voucher,1,2354.87
22813,22813,boleto,1,4813.92
22814,22814,voucher,1,5490.52
22815,22815,credit_card,10,1860.77
22816,22816,voucher,1,7323.94
22817,22817,debit_card,1,3284.16
22818,22818,voucher,1,3062.06
22819,22819,voucher,1,690.65
22820,22820,boleto,1,3339.77
22821,22821,boleto,1,1478.0
22822,22822,voucher,1,1544.14
22823,22823,credit_card,1,594.4
22824,22824,voucher,1,12337.04
22825,22825,voucher,1,622.51
22826,22826,debit_card,1,931.02
22827,22827,credit_card,1,822.16
22828,22828,credit_card,1,207.01
22829,22829,voucher,1,777.87
22830,22830,credit_card,1,1104.56
22831,22831,boleto,1,538.58
22832,22832,boleto,1,301.9
22833,22833,voucher,1,3504.27
22834,22834,credit_card,1,70.96
22835,22835,credit_card,1,1628.12
22836,22836,voucher,1,169.35
22837,22837,debit_card,1,1804.25
22838,22838,credit_card,10,482.7
22839,22839,credit_card,3,1389.06
22840,22840,boleto,1,1379.89
22841,22841,credit_card,1,719.0
22842,22842,voucher,1,3364.03
22843,22843,debit_card,1,6960.64
22844,22844,boleto,1,671.08
22845,22845,debit_card,1,3094.2
22846,22846,debit_card,1,789.73
22847,22847,boleto,1,2467.23
22848,22848,debit_card,1,195.63
22849,22849,boleto,1,810.25
22850,22850,debit_card,1,1150.57
22851,22851,debit_card,1,214.34
22852,22852,debit_card,1,1422.18
22853,22853,credit_card,10,1745.09
22854,22854,voucher,1,558.26
22855,22855,credit_card,1,4182.16
22856,22856,debit_card,1,1133.17
22857,22857,credit_card,3,426.95
22858,22858,voucher,1,491.06
22859,22859,credit_card,1,10398.89
22860,22860,credit_card,4,4144.1
22861,22861,voucher,1,133.15
22862,22862,credit_card,10,3740.46
22863,22863,credit_card,2,2118.46
22864,22864,credit_card,2,1014.11
22865,22865,boleto,1,1367.43
22866,22866,credit_card,1,3671.27
22867,22867,debit_card,1,329.64
22868,22868,credit_card,1,174.92
22869,22869,debit_card,1,324.94
22870,22870,boleto,1,167.37
22871,22871,debit_card,1,1912.01
22872,22872,voucher,1,365.36
22873,22873,boleto,1,396.59
22874,22874,boleto,1,248.85
22875,22875,credit_card,3,2423.96
22876,22876,boleto,1,1181.33
22877,22877,boleto,1,5763.42
22878,22878,boleto,1,152.11
22879,22879,credit_card,3,1849.8
22880,22880,debit_card,1,3363.73
22881,22881,voucher,1,1692.43
22882,22882,credit_card,1,3088.73
22883,22883,boleto,1,514.09
22884,22884,voucher,1,3819.64
22885,22885,boleto,1,1311.64
22886,22886,boleto,1,3951.65
22887,22887,voucher,1,2243.6
22888,22888,voucher,1,1706.78
22889,22889,voucher,1,617.27
22890,22890,credit_card,6,2320.31
22891,22891,debit_card,1,276.81
22892,22892,debit_card,1,2343.76
22893,22893,boleto,1,254.3
22894,22894,debit_card,1,270.87
22895,22895,voucher,1,9831.24
22896,22896,debit_card,1,267.23
22897,22897,debit_card,1,19677.54
22898,22898,voucher,1,402.63
22899,22899,voucher,1,421.72
22900,22900,credit_card,10,2556.36
22901,22901,boleto,1,1454.28
22902,22902,boleto,1,146.91
22903,22903,credit_card,1,1735.2
22904,22904,boleto,1,110.62
22905,22905,voucher,1,101.32
22906,22906,debit_card,1,73.83
22907,22907,credit_card,1,214.25
22908,22908,voucher,1,4244.92
22909,22909,debit_card,1,1382.66
22910,22910,boleto,1,1096.28
22911,22911,debit_card,1,441.46
22912,22912,boleto,1,2203.02
22913,22913,voucher,1,6219.2
22914,22914,credit_card,1,3141.44
22915,22915,credit_card,1,78.5
22916,22916,voucher,1,3487.29
22917,22917,boleto,1,2612.51
22918,22918,credit_card,3,5589.34
22919,22919,voucher,1,5262.88
22920,22920,voucher,1,3192.21
22921,22921,voucher,1,9364.24
22922,22922,voucher,1,172.57
22923,22923,debit_card,1,2087.32
22924,22924,voucher,1,1814.4
22925,22925,credit_card,10,530.61
22926,22926,voucher,1,5388.79
22927,22927,boleto,1,105.48
22928,22928,voucher,1,806.49
22929,22929,credit_card,1,1965.34
22930,22930,boleto,1,2937.24
22931,22931,boleto,1,211.44
22932,22932,credit_card,1,743.58
22933,22933,boleto,1,1183.19
22934,22934,boleto,1,920.64
22935,22935,debit_card,1,1148.97
22936,22936,voucher,1,7626.42
22937,22937,boleto,1,91.87
22938,22938,voucher,1,506.63
22939,22939,boleto,1,1141.85
22940,22940,credit_card,1,471.48
22941,22941,debit_card,1,1672.02
22942,22942,boleto,1,94.66
22943,22943,credit_card,6,2418.48
22944,22944,voucher,1,1021.95
22945,22945,boleto,1,5572.73
22946,22946,voucher,1,270.87
22947,22947,voucher,1,252.54
22948,22948,voucher,1,84.85
22949,22949,credit_card,1,156.02
22950,22950,voucher,1,395.43
22951,22951,debit_card,1,2225.01
22952,22952,voucher,1,230.73
22953,22953,debit_card,1,6057.33
22954,22954,voucher,1,445.43
22955,22955,debit_card,1,1326.05
22956,22956,boleto,1,483.73
22957,22957,voucher,1,6625.15
22958,22958,boleto,1,220.84
22959,22959,boleto,1,6367.43
22960,22960,credit_card,1,12656.77
22961,22961,voucher,1,345.59
22962,22962,boleto,1,956.3
22963,22963,voucher,1,3202.07
22964,22964,boleto,1,446.82
22965,22965,credit_card,10,338.02
22966,22966,boleto,1,2811.19
22967,22967,credit_card,1,1006.43
22968,22968,debit_card,1,6504.16
22969,22969,credit_card,1,4165.53
22970,22970,debit_card,1,866.18
22971,22971,voucher,1,1039.46
22972,22972,credit_card,10,2556.06
22973,22973,voucher,1,961.19
22974,22974,boleto,1,436.23
22975,22975,credit_card,1,220.69
22976,22976,voucher,1,312.74
22977,22977,boleto,1,120.99
22978,22978,credit_card,1,3752.98
22979,22979,voucher,1,151.83
22980,22980,credit_card,1,5479.71
22981,22981,debit_card,1,260.39
22982,22982,boleto,1,1757.77
22983,22983,debit_card,1,4873.1
22984,22984,voucher,1,1214.41
22985,22985,credit_card,4,9403.51
22986,22986,debit_card,1,680.48
22987,22987,boleto,1,935.23
22988,22988,voucher,1,257.48
22989,22989,credit_card,1,3014.77
22990,22990,voucher,1,119.54
22991,22991,debit_card,1,2936.93
22992,22992,credit_card,1,167.88
22993,22993,boleto,1,1620.2
22994,22994,credit_card,2,449.37
22995,22995,credit_card,10,884.64
22996,22996,boleto,1,2968.44
22997,22997,voucher,1,367.33
22998,22998,voucher,1,290.57
22999,22999,boleto,1,5370.1
23000,23000,voucher,1,199.47
23001,23001,credit_card,4,925.41
23002,23002,credit_card,1,645.38
23003,23003,credit_card,1,126.09
23004,23004,voucher,1,326.41
23005,23005,voucher,1,512.16
23006,23006,debit_card,1,2981.09
23007,23007,voucher,1,457.88
23008,23008,boleto,1,644.33
23009,23009,boleto,1,426.21
23010,23010,voucher,1,2180.55
23011,23011,credit_card,4,367.49
23012,23012,boleto,1,3380.15
23013,23013,boleto,1,192.81
23014,23014,credit_card,3,803.2
23015,23015,boleto,1,447.67
23016,23016,debit_card,1,269.82
23017,23017,debit_card,1,3365.09
23018,23018,boleto,1,865.55
23019,23019,credit_card,1,545.88
23020,23020,boleto,1,209.26
23021,23021,boleto,1,8293.27
23022,23022,boleto,1,468.27
23023,23023,boleto,1,3616.99
23024,23024,voucher,1,2308.83
23025,23025,voucher,1,372.25
23026,23026,boleto,1,2924.45
23027,23027,voucher,1,218.01
23028,23028,credit_card,1,1026.34
23029,23029,debit_card,1,296.84
23030,23030,voucher,1,292.8
23031,23031,voucher,1,4429.93
23032,23032,credit_card,1,610.27
23033,23033,boleto,1,436.45
23034,23034,boleto,1,244.51
23035,23035,debit_card,1,61.69
23036,23036,boleto,1,131.42
23037,23037,debit_card,1,2153.22
23038,23038,voucher,1,3336.17
23039,23039,debit_card,1,3525.64
23040,23040,debit_card,1,53.65
23041,23041,boleto,1,488.1
23042,23042,debit_card,1,238.26
23043,23043,debit_card,1,1670.27
23044,23044,boleto,1,492.98
23045,23045,boleto,1,302.38
23046,23046,boleto,1,323.92
23047,23047,debit_card,1,834.45
23048,23048,boleto,1,338.2
23049,23049,voucher,1,4894.86
23050,23050,boleto,1,2044.38
23051,23051,credit_card,4,735.53
23052,23052,boleto,1,95.88
23053,23053,credit_card,1,7512.05
23054,23054,debit_card,1,3338.9
23055,23055,boleto,1,333.02
23056,23056,credit_card,3,1815.9
23057,23057,voucher,1,89.05
23058,23058,boleto,1,1554.14
23059,23059,voucher,1,1655.41
23060,23060,debit_card,1,216.86
23061,23061,debit_card,1,3873.16
23062,23062,boleto,1,7417.33
23063,23063,credit_card,1,6004.05
23064,23064,boleto,1,1175.41
23065,23065,credit_card,1,4349.77
23066,23066,voucher,1,1804.75
23067,23067,voucher,1,193.92
23068,23068,boleto,1,373.62
23069,23069,boleto,1,186.97
23070,23070,credit_card,1,1613.58
23071,23071,boleto,1,7210.02
23072,23072,credit_card,1,111.95
23073,23073,voucher,1,573.88
23074,23074,debit_card,1,4584.89
23075,23075,credit_card,1,704.54
23076,23076,credit_card,3,1108.46
23077,23077,credit_card,1,567.05
23078,23078,boleto,1,1313.17
23079,23079,boleto,1,1350.25
23080,23080,boleto,1,376.58
23081,23081,debit_card,1,196.95
23082,23082,voucher,1,1439.52
23083,23083,boleto,1,99.2
23084,23084,credit_card,6,1639.89
23085,23085,debit_card,1,2588.81
23086,23086,credit_card,3,393.88
23087,23087,boleto,1,4993.16
23088,23088,voucher,1,1617.8
23089,23089,boleto,1,422.45
23090,23090,credit_card,6,1712.64
23091,23091,debit_card,1,267.53
23092,23092,boleto,1,3085.51
23093,23093,debit_card,1,518.99
23094,23094,debit_card,1,5178.69
23095,23095,debit_card,1,284.32
23096,23096,debit_card,1,2075.58
23097,23097,credit_card,1,3574.42
23098,23098,debit_card,1,1889.19
23099,23099,boleto,1,794.24
23100,23100,boleto,1,399.32
23101,23101,debit_card,1,775.01
23102,23102,debit_card,1,2635.52
23103,23103,credit_card,3,3189.47
23104,23104,credit_card,2,2279.74
23105,23105,boleto,1,79.49
23106,23106,debit_card,1,405.23
23107,23107,credit_card,1,3632.32
23108,23108,boleto,1,4275.12
23109,23109,credit_card,6,384.28
23110,23110,boleto,1,5043.4
23111,23111,boleto,1,955.42
23112,23112,debit_card,1,5440.03
23113,23113,boleto,1,1790.59
23114,23114,debit_card,1,471.69
23115,23115,credit_card,6,2783.06
23116,23116,voucher,1,436.29
23117,23117,debit_card,1,4454.34
23118,23118,debit_card,1,1136.44
23119,23119,voucher,1,600.44
23120,23120,boleto,1,4981.61
23121,23121,credit_card,1,5796.6
23122,23122,credit_card,1,3138.56
23123,23123,voucher,1,182.11
23124,23124,voucher,1,3230.88
23125,23125,boleto,1,453.2
23126,23126,debit_card,1,1287.53
23127,23127,boleto,1,1177.93
23128,23128,credit_card,1,1229.49
23129,23129,boleto,1,293.07
23130,23130,boleto,1,217.21
23131,23131,credit_card,2,440.9
23132,23132,boleto,1,3715.2
23133,23133,voucher,1,1149.05
23134,23134,credit_card,2,443.24
23135,23135,credit_card,2,969.0
23136,23136,voucher,1,876.9
23137,23137,debit_card,1,3723.51
23138,23138,voucher,1,405.39
23139,23139,voucher,1,4128.88
23140,23140,debit_card,1,2508.26
23141,23141,debit_card,1,8715.04
23142,23142,boleto,1,1799.78
23143,23143,voucher,1,1799.97
23144,23144,debit_card,1,653.27
23145,23145,debit_card,1,3578.02
23146,23146,voucher,1,4653.92
23147,23147,credit_card,2,9012.01
23148,23148,voucher,1,54.81
23149,23149,voucher,1,4606.87
23150,23150,voucher,1,8490.52
23151,23151,debit_card,1,975.39
23152,23152,debit_card,1,2438.71
23153,23153,boleto,1,2967.25
23154,23154,boleto,1,143.81
23155,23155,boleto,1,3743.73
23156,23156,boleto,1,150.1
23157,23157,credit_card,1,2929.99
23158,23158,credit_card,1,446.24
23159,23159,boleto,1,518.59
23160,23160,debit_card,1,3275.74
23161,23161,boleto,1,2934.55
23162,23162,boleto,1,2542.82
23163,23163,debit_card,1,1686.23
23164,23164,voucher,1,4892.57
23165,23165,credit_card,2,611.27
23166,23166,debit_card,1,3356.58
23167,23167,voucher,1,1462.17
23168,23168,boleto,1,2903.46
23169,23169,debit_card,1,2859.72
23170,23170,boleto,1,737.11
23171,23171,credit_card,10,213.71
23172,23172,voucher,1,1287.95
23173,23173,voucher,1,8029.35
23174,23174,debit_card,1,1294.02
23175,23175,voucher,1,4775.64
23176,23176,credit_card,1,1226.72
23177,23177,boleto,1,245.87
23178,23178,boleto,1,120.92
23179,23179,credit_card,6,4611.0
23180,23180,debit_card,1,705.48
23181,23181,boleto,1,688.21
23182,23182,voucher,1,849.34
23183,23183,voucher,1,1387.49
23184,23184,boleto,1,369.55
23185,23185,debit_card,1,7028.35
23186,23186,voucher,1,388.23
23187,23187,debit_card,1,539.73
23188,23188,credit_card,1,5591.91
23189,23189,boleto,1,106.06
23190,23190,debit_card,1,414.19
23191,23191,boleto,1,236.23
23192,23192,credit_card,1,94.41
23193,23193,debit_card,1,1503.47
23194,23194,credit_card,1,442.07
23195,23195,credit_card,1,1326.56
23196,23196,voucher,1,273.95
23197,23197,voucher,1,4683.21
23198,23198,credit_card,1,1775.38
23199,23199,credit_card,2,2056.8
23200,23200,debit_card,1,427.69
23201,23201,debit_card,1,518.13
23202,23202,credit_card,6,725.82
23203,23203,debit_card,1,1452.89
23204,23204,debit_card,1,321.68
23205,23205,debit_card,1,640.88
23206,23206,credit_card,4,845.27
23207,23207,credit_card,1,1079.4
23208,23208,voucher,1,2007.08
23209,23209,debit_card,1,768.34
23210,23210,boleto,1,2998.55
23211,23211,boleto,1,2224.22
23212,23212,debit_card,1,551.52
23213,23213,debit_card,1,6301.84
23214,23214,boleto,1,435.86
23215,23215,voucher,1,688.4
23216,23216,debit_card,1,4031.75
23217,23217,voucher,1,1220.29
23218,23218,boleto,1,235.85
23219,23219,voucher,1,234.55
23220,23220,boleto,1,8019.73
23221,23221,debit_card,1,379.33
23222,23222,credit_card,1,11051.21
23223,23223,credit_card,1,79.46
23224,23224,boleto,1,2192.63
23225,23225,debit_card,1,243.67
23226,23226,boleto,1,105.26
23227,23227,voucher,1,7419.45
23228,23228,debit_card,1,2732.05
23229,23229,voucher,1,6568.65
23230,23230,voucher,1,574.06
23231,23231,debit_card,1,123.62
23232,23232,boleto,1,1894.69
23233,23233,boleto,1,98.13
23234,23234,voucher,1,287.95
23235,23235,credit_card,1,2617.59
23236,23236,voucher,1,2930.32
23237,23237,debit_card,1,345.88
23238,23238,credit_card,1,406.17
23239,23239,voucher,1,5469.55
23240,23240,debit_card,1,2279.14
23241,23241,credit_card,1,217.79
23242,23242,credit_card,1,334.49
23243,23243,voucher,1,260.04
23244,23244,boleto,1,3456.82
23245,23245,credit_card,1,144.14
23246,23246,boleto,1,736.81
23247,23247,debit_card,1,144.05
23248,23248,boleto,1,140.55
23249,23249,credit_card,1,630.53
23250,23250,credit_card,1,9751.31
23251,23251,voucher,1,329.55
23252,23252,debit_card,1,259.63
23253,23253,credit_card,10,853.27
23254,23254,boleto,1,851.13
23255,23255,boleto,1,619.35
23256,23256,voucher,1,539.02
23257,23257,voucher,1,346.67
23258,23258,voucher,1,1491.66
23259,23259,boleto,1,2810.95
23260,23260,credit_card,1,6156.85
23261,23261,credit_card,1,3252.3
23262,23262,debit_card,1,2916.53
23263,23263,credit_card,10,4870.83
23264,23264,voucher,1,1193.94
23265,23265,credit_card,1,4535.91
23266,23266,voucher,1,3642.23
23267,23267,boleto,1,527.37
23268,23268,credit_card,6,1460.96
23269,23269,debit_card,1,1704.02
23270,23270,boleto,1,1001.86
23271,23271,boleto,1,101.7
23272,23272,credit_card,1,2685.47
23273,23273,debit_card,1,1225.05
23274,23274,boleto,1,3663.32
23275,23275,debit_card,1,226.43
23276,23276,voucher,1,288.24
23277,23277,voucher,1,825.31
23278,23278,debit_card,1,378.89
23279,23279,credit_card,4,392.26
23280,23280,voucher,1,6243.22
23281,23281,credit_card,2,1129.83
23282,23282,voucher,1,3134.02
23283,23283,debit_card,1,93.91
23284,23284,boleto,1,2299.21
23285,23285,boleto,1,733.96
23286,23286,debit_card,1,146.01
23287,23287,voucher,1,139.11
23288,23288,debit_card,1,105.24
23289,23289,boleto,1,366.59
23290,23290,boleto,1,2847.4
23291,23291,debit_card,1,11293.98
23292,23292,voucher,1,134.25
23293,23293,debit_card,1,129.05
23294,23294,debit_card,1,227.32
23295,23295,voucher,1,3715.21
23296,23296,boleto,1,1604.73
23297,23297,voucher,1,254.04
23298,23298,voucher,1,2195.08
23299,23299,credit_card,1,40.85
23300,23300,debit_card,1,359.8
23301,23301,debit_card,1,2459.83
23302,23302,voucher,1,3463.61
23303,23303,credit_card,2,1085.55
23304,23304,boleto,1,69.34
23305,23305,boleto,1,453.87
23306,23306,debit_card,1,514.43
23307,23307,voucher,1,270.69
23308,23308,credit_card,1,11399.76
23309,23309,debit_card,1,66.89
23310,23310,boleto,1,336.13
23311,23311,debit_card,1,1633.72
23312,23312,boleto,1,5702.48
23313,23313,debit_card,1,864.31
23314,23314,voucher,1,2199.56
23315,23315,voucher,1,6352.32
23316,23316,voucher,1,145.44
23317,23317,voucher,1,1069.3
23318,23318,credit_card,1,2379.32
23319,23319,debit_card,1,4337.51
23320,23320,debit_card,1,2392.5
23321,23321,credit_card,1,890.17
23322,23322,voucher,1,512.33
23323,23323,voucher,1,4413.74
23324,23324,debit_card,1,995.75
23325,23325,credit_card,1,7958.53
23326,23326,boleto,1,140.16
23327,23327,boleto,1,677.52
23328,23328,credit_card,10,1411.41
23329,23329,credit_card,1,2575.71
23330,23330,boleto,1,7093.0
23331,23331,boleto,1,3295.46
23332,23332,debit_card,1,72.79
23333,23333,voucher,1,4005.46
23334,23334,debit_card,1,759.75
23335,23335,boleto,1,534.32
23336,23336,credit_card,3,2353.43
23337,23337,boleto,1,2352.94
23338,23338,debit_card,1,2181.06
23339,23339,voucher,1,629.8
23340,23340,voucher,1,3302.62
23341,23341,voucher,1,3202.74
23342,23342,debit_card,1,220.95
23343,23343,boleto,1,3440.96
23344,23344,credit_card,1,1604.59
23345,23345,debit_card,1,1321.27
23346,23346,credit_card,3,2782.77
23347,23347,debit_card,1,3120.42
23348,23348,boleto,1,2232.08
23349,23349,debit_card,1,2831.22
23350,23350,credit_card,3,4101.97
23351,23351,voucher,1,215.95
23352,23352,debit_card,1,233.0
23353,23353,debit_card,1,2140.92
23354,23354,debit_card,1,571.28
23355,23355,debit_card,1,1262.23
23356,23356,credit_card,3,461.82
23357,23357,debit_card,1,211.03
23358,23358,credit_card,2,9394.18
23359,23359,debit_card,1,2035.76
23360,23360,boleto,1,147.98
23361,23361,credit_card,1,724.64
23362,23362,voucher,1,2383.81
23363,23363,voucher,1,2541.11
23364,23364,credit_card,3,476.25
23365,23365,boleto,1,1977.04
23366,23366,debit_card,1,4703.2
23367,23367,debit_card,1,5017.61
23368,23368,credit_card,1,431.64
23369,23369,boleto,1,915.35
23370,23370,debit_card,1,108.37
23371,23371,debit_card,1,3835.78
23372,23372,debit_card,1,7851.6
23373,23373,boleto,1,258.62
23374,23374,debit_card,1,867.86
23375,23375,boleto,1,2918.3
23376,23376,voucher,1,4297.15
23377,23377,boleto,1,426.13
23378,23378,voucher,1,300.35
23379,23379,credit_card,1,94.07
23380,23380,boleto,1,2721.28
23381,23381,debit_card,1,1404.95
23382,23382,credit_card,10,2870.79
23383,23383,debit_card,1,3174.97
23384,23384,credit_card,4,2389.52
23385,23385,voucher,1,49.24
23386,23386,debit_card,1,2134.75
23387,23387,debit_card,1,149.4
23388,23388,credit_card,6,380.7
23389,23389,boleto,1,623.44
23390,23390,credit_card,1,2328.7
23391,23391,credit_card,1,3945.51
23392,23392,credit_card,1,2884.48
23393,23393,voucher,1,1521.5
23394,23394,debit_card,1,380.63
23395,23395,boleto,1,2876.5
23396,23396,credit_card,1,3810.12
23397,23397,debit_card,1,630.51
23398,23398,debit_card,1,75.33
23399,23399,voucher,1,3652.2
23400,23400,debit_card,1,4063.56
23401,23401,voucher,1,5555.89
23402,23402,credit_card,4,1018.29
23403,23403,voucher,1,95.44
23404,23404,voucher,1,1024.53
23405,23405,credit_card,1,292.05
23406,23406,voucher,1,3342.44
23407,23407,voucher,1,233.97
23408,23408,voucher,1,2172.87
23409,23409,debit_card,1,2011.68
23410,23410,boleto,1,943.68
23411,23411,voucher,1,796.04
23412,23412,credit_card,1,3879.31
23413,23413,voucher,1,3099.15
23414,23414,credit_card,1,1219.11
23415,23415,debit_card,1,322.26
23416,23416,debit_card,1,1237.79
23417,23417,credit_card,1,426.75
23418,23418,debit_card,1,2764.08
23419,23419,voucher,1,1099.31
23420,23420,credit_card,2,1372.35
23421,23421,voucher,1,354.45
23422,23422,boleto,1,145.8
23423,23423,debit_card,1,1812.16
23424,23424,debit_card,1,1967.02
23425,23425,voucher,1,238.07
23426,23426,debit_card,1,172.06
23427,23427,boleto,1,6618.75
23428,23428,voucher,1,276.31
23429,23429,voucher,1,1442.62
23430,23430,credit_card,6,1271.5
23431,23431,boleto,1,12404.92
23432,23432,voucher,1,1857.91
23433,23433,debit_card,1,113.05
23434,23434,voucher,1,3648.18
23435,23435,credit_card,1,823.97
23436,23436,boleto,1,1438.39
23437,23437,credit_card,10,422.52
23438,23438,credit_card,3,3331.73
23439,23439,boleto,1,4908.25
23440,23440,debit_card,1,1657.97
23441,23441,voucher,1,3600.78
23442,23442,boleto,1,211.02
23443,23443,boleto,1,1632.5
23444,23444,boleto,1,1045.46
23445,23445,debit_card,1,1116.07
23446,23446,credit_card,1,142.28
23447,23447,credit_card,4,2583.17
23448,23448,credit_card,4,1204.18
23449,23449,voucher,1,235.78
23450,23450,credit_card,3,4022.14
23451,23451,boleto,1,1353.02
23452,23452,debit_card,1,726.41
23453,23453,debit_card,1,140.68
23454,23454,credit_card,10,5777.48
23455,23455,debit_card,1,2220.84
23456,23456,debit_card,1,303.16
23457,23457,debit_card,1,3006.55
23458,23458,debit_card,1,594.24
23459,23459,credit_card,6,1902.22
23460,23460,debit_card,1,187.31
23461,23461,boleto,1,1058.74
23462,23462,credit_card,1,2910.56
23463,23463,debit_card,1,104.9
23464,23464,credit_card,4,2898.2
23465,23465,voucher,1,320.42
23466,23466,boleto,1,776.87
23467,23467,boleto,1,1351.06
23468,23468,boleto,1,100.7
23469,23469,credit_card,1,193.97
23470,23470,boleto,1,211.44
23471,23471,credit_card,3,2459.39
23472,23472,debit_card,1,4683.7
23473,23473,voucher,1,780.83
23474,23474,credit_card,6,3338.99
23475,23475,credit_card,4,957.25
23476,23476,credit_card,10,4530.11
23477,23477,voucher,1,433.89
23478,23478,debit_card,1,211.92
23479,23479,boleto,1,336.2
23480,23480,debit_card,1,501.24
23481,23481,voucher,1,2361.94
23482,23482,credit_card,4,1913.05
23483,23483,voucher,1,1480.08
23484,23484,debit_card,1,428.91
23485,23485,debit_card,1,2598.62
23486,23486,debit_card,1,107.28
23487,23487,voucher,1,139.98
23488,23488,boleto,1,371.03
23489,23489,debit_card,1,146.85
23490,23490,credit_card,1,146.2
23491,23491,boleto,1,194.92
23492,23492,credit_card,1,296.57
23493,23493,voucher,1,68.85
23494,23494,credit_card,1,112.07
23495,23495,credit_card,10,2754.93
23496,23496,credit_card,1,788.36
23497,23497,boleto,1,408.79
23498,23498,credit_card,1,105.09
23499,23499,voucher,1,5148.13
23500,23500,boleto,1,367.07
23501,23501,credit_card,1,501.17
23502,23502,boleto,1,637.43
23503,23503,debit_card,1,1265.22
23504,23504,debit_card,1,1241.56
23505,23505,credit_card,1,91.1
23506,23506,voucher,1,5167.16
23507,23507,boleto,1,566.93
23508,23508,boleto,1,126.14
23509,23509,credit_card,1,59.6
23510,23510,credit_card,4,888.96
23511,23511,debit_card,1,2164.62
23512,23512,credit_card,1,4311.64
23513,23513,boleto,1,1722.29
23514,23514,voucher,1,8007.39
23515,23515,boleto,1,8984.41
23516,23516,voucher,1,573.87
23517,23517,debit_card,1,1407.41
23518,23518,debit_card,1,176.6
23519,23519,credit_card,1,877.35
23520,23520,boleto,1,4645.75
23521,23521,credit_card,1,2649.57
23522,23522,voucher,1,2138.25
23523,23523,voucher,1,367.79
23524,23524,boleto,1,2592.6
23525,23525,voucher,1,304.96
23526,23526,credit_card,4,2344.61
23527,23527,debit_card,1,437.01
23528,23528,voucher,1,2635.0
23529,23529,credit_card,1,1576.23
23530,23530,debit_card,1,5617.66
23531,23531,boleto,1,1446.86
23532,23532,boleto,1,2521.25
23533,23533,debit_card,1,2096.33
23534,23534,voucher,1,504.95
23535,23535,voucher,1,8654.37
23536,23536,voucher,1,3382.15
23537,23537,credit_card,1,3186.4
23538,23538,voucher,1,2011.14
23539,23539,debit_card,1,1167.74
23540,23540,debit_card,1,4247.47
23541,23541,boleto,1,840.46
23542,23542,voucher,1,559.26
23543,23543,voucher,1,82.92
23544,23544,debit_card,1,2442.64
23545,23545,credit_card,1,822.5
23546,23546,boleto,1,405.01
23547,23547,debit_card,1,5639.69
23548,23548,boleto,1,1171.46
23549,23549,credit_card,10,1745.11
23550,23550,debit_card,1,1061.68
23551,23551,debit_card,1,588.98
23552,23552,credit_card,6,3552.7
23553,23553,voucher,1,848.2
23554,23554,boleto,1,887.12
23555,23555,credit_card,1,6368.82
23556,23556,credit_card,1,384.42
23557,23557,boleto,1,688.83
23558,23558,boleto,1,540.34
23559,23559,voucher,1,1240.62
23560,23560,boleto,1,234.36
23561,23561,debit_card,1,1062.4
23562,23562,boleto,1,1460.7
23563,23563,voucher,1,1359.16
23564,23564,boleto,1,633.63
23565,23565,credit_card,1,4274.35
23566,23566,voucher,1,3095.79
23567,23567,debit_card,1,238.37
23568,23568,voucher,1,472.32
23569,23569,boleto,1,4540.48
23570,23570,boleto,1,257.43
23571,23571,debit_card,1,307.2
23572,23572,debit_card,1,82.88
23573,23573,boleto,1,865.15
23574,23574,credit_card,3,3420.11
23575,23575,credit_card,1,196.3
23576,23576,boleto,1,3263.85
23577,23577,boleto,1,6109.5
23578,23578,voucher,1,253.95
23579,23579,voucher,1,265.67
23580,23580,boleto,1,2896.85
23581,23581,voucher,1,1240.41
23582,23582,boleto,1,7419.63
23583,23583,credit_card,10,1385.71
23584,23584,boleto,1,463.89
23585,23585,voucher,1,478.49
23586,23586,boleto,1,7398.13
23587,23587,voucher,1,2111.98
23588,23588,debit_card,1,250.31
23589,23589,debit_card,1,4045.11
23590,23590,voucher,1,1708.26
23591,23591,debit_card,1,3054.72
23592,23592,debit_card,1,1944.36
23593,23593,boleto,1,345.6
23594,23594,boleto,1,3227.49
23595,23595,debit_card,1,3290.3
23596,23596,voucher,1,398.0
23597,23597,boleto,1,2450.38
23598,23598,credit_card,1,1122.06
23599,23599,boleto,1,2306.68
23600,23600,debit_card,1,574.4
23601,23601,boleto,1,74.0
23602,23602,debit_card,1,2476.91
23603,23603,voucher,1,892.32
23604,23604,boleto,1,1043.1
23605,23605,debit_card,1,3288.93
23606,23606,boleto,1,1748.09
23607,23607,debit_card,1,3686.79
23608,23608,debit_card,1,142.21
23609,23609,debit_card,1,2294.09
23610,23610,boleto,1,194.84
23611,23611,voucher,1,769.01
23612,23612,credit_card,1,2784.89
23613,23613,credit_card,2,2164.24
23614,23614,boleto,1,864.42
23615,23615,boleto,1,3630.36
23616,23616,debit_card,1,2822.45
23617,23617,credit_card,3,7480.95
23618,23618,credit_card,4,1149.22
23619,23619,debit_card,1,3064.0
23620,23620,voucher,1,57.68
23621,23621,credit_card,1,51.84
23622,23622,debit_card,1,5706.37
23623,23623,boleto,1,620.43
23624,23624,voucher,1,1360.4
23625,23625,voucher,1,1234.0
23626,23626,voucher,1,914.37
23627,23627,debit_card,1,2847.43
23628,23628,credit_card,4,1505.3
23629,23629,voucher,1,923.51
23630,23630,credit_card,1,788.98
23631,23631,credit_card,1,4402.53
23632,23632,boleto,1,980.57
23633,23633,voucher,1,91.38
23634,23634,boleto,1,4519.84
23635,23635,credit_card,1,3445.68
23636,23636,voucher,1,162.07
23637,23637,credit_card,1,2594.48
23638,23638,boleto,1,509.14
23639,23639,credit_card,1,1539.49
23640,23640,voucher,1,83.38
23641,23641,voucher,1,375.57
23642,23642,voucher,1,559.57
23643,23643,voucher,1,4287.63
23644,23644,voucher,1,883.53
23645,23645,boleto,1,1964.97
23646,23646,boleto,1,2347.94
23647,23647,debit_card,1,1731.44
23648,23648,voucher,1,3488.23
23649,23649,boleto,1,384.81
23650,23650,voucher,1,2911.31
23651,23651,credit_card,1,2056.97
23652,23652,credit_card,1,4071.71
23653,23653,boleto,1,3464.19
23654,23654,credit_card,4,2754.34
23655,23655,boleto,1,1236.67
23656,23656,debit_card,1,5448.72
23657,23657,credit_card,4,16002.87
23658,23658,voucher,1,3110.0
23659,23659,voucher,1,282.98
23660,23660,debit_card,1,77.85
23661,23661,voucher,1,395.91
23662,23662,debit_card,1,775.63
23663,23663,voucher,1,2243.32
23664,23664,voucher,1,502.31
23665,23665,debit_card,1,309.96
23666,23666,debit_card,1,5372.69
23667,23667,credit_card,1,3096.67
23668,23668,debit_card,1,54.12
23669,23669,debit_card,1,3542.36
23670,23670,voucher,1,345.88
23671,23671,debit_card,1,579.63
23672,23672,boleto,1,179.15
23673,23673,voucher,1,142.02
23674,23674,debit_card,1,137.05
23675,23675,voucher,1,709.46
23676,23676,credit_card,1,316.37
23677,23677,credit_card,1,1020.27
23678,23678,debit_card,1,2280.88
23679,23679,boleto,1,693.4
23680,23680,debit_card,1,398.46
23681,23681,debit_card,1,1744.07
23682,23682,credit_card,1,119.48
23683,23683,boleto,1,637.81
23684,23684,boleto,1,358.57
23685,23685,boleto,1,1120.46
23686,23686,boleto,1,608.16
23687,23687,credit_card,4,2533.09
23688,23688,boleto,1,2829.7
23689,23689,boleto,1,9275.57
23690,23690,credit_card,1,1058.13
23691,23691,voucher,1,9542.89
23692,23692,debit_card,1,162.81
23693,23693,voucher,1,5593.34
23694,23694,boleto,1,624.31
23695,23695,boleto,1,186.34
23696,23696,debit_card,1,2053.48
23697,23697,voucher,1,4052.26
23698,23698,debit_card,1,710.08
23699,23699,voucher,1,665.21
23700,23700,debit_card,1,6881.47
23701,23701,debit_card,1,834.5
23702,23702,voucher,1,1015.48
23703,23703,voucher,1,568.12
23704,23704,debit_card,1,388.49
23705,23705,boleto,1,275.78
23706,23706,voucher,1,6987.68
23707,23707,boleto,1,1846.45
23708,23708,credit_card,1,554.25
23709,23709,credit_card,1,1148.87
23710,23710,boleto,1,3721.64
23711,23711,boleto,1,4652.46
23712,23712,voucher,1,87.9
23713,23713,voucher,1,180.98
23714,23714,debit_card,1,83.18
23715,23715,boleto,1,630.6
23716,23716,voucher,1,647.92
23717,23717,voucher,1,533.02
23718,23718,voucher,1,3543.87
23719,23719,voucher,1,205.66
23720,23720,debit_card,1,1657.59
23721,23721,credit_card,1,380.93
23722,23722,boleto,1,3840.37
23723,23723,boleto,1,1009.64
23724,23724,debit_card,1,151.99
23725,23725,debit_card,1,736.43
23726,23726,boleto,1,143.17
23727,23727,voucher,1,1266.84
23728,23728,voucher,1,4154.12
23729,23729,boleto,1,2651.52
23730,23730,credit_card,2,3614.38
23731,23731,credit_card,1,5819.52
23732,23732,boleto,1,53.17
23733,23733,credit_card,1,1324.96
23734,23734,debit_card,1,2162.64
23735,23735,credit_card,1,880.77
23736,23736,boleto,1,650.9
23737,23737,boleto,1,211.16
23738,23738,voucher,1,5661.38
23739,23739,voucher,1,4094.51
23740,23740,credit_card,3,444.55
23741,23741,voucher,1,2190.9
23742,23742,boleto,1,2679.61
23743,23743,voucher,1,1002.0
23744,23744,debit_card,1,2953.74
23745,23745,voucher,1,312.82
23746,23746,voucher,1,406.97
23747,23747,debit_card,1,132.87
23748,23748,voucher,1,144.45
23749,23749,credit_card,1,258.72
23750,23750,credit_card,1,122.76
23751,23751,credit_card,1,136.35
23752,23752,credit_card,1,557.88
23753,23753,debit_card,1,308.4
23754,23754,debit_card,1,840.11
23755,23755,boleto,1,833.03
23756,23756,voucher,1,1236.45
23757,23757,debit_card,1,30.07
23758,23758,credit_card,1,90.91
23759,23759,credit_card,1,1683.89
23760,23760,voucher,1,1226.39
23761,23761,debit_card,1,319.78
23762,23762,credit_card,1,900.24
23763,23763,voucher,1,565.43
23764,23764,credit_card,10,817.93
23765,23765,voucher,1,596.38
23766,23766,voucher,1,1068.27
23767,23767,debit_card,1,1169.63
23768,23768,debit_card,1,1129.21
23769,23769,debit_card,1,1595.28
23770,23770,boleto,1,827.42
23771,23771,debit_card,1,800.28
23772,23772,debit_card,1,628.58
23773,23773,credit_card,2,3030.63
23774,23774,debit_card,1,349.17
23775,23775,credit_card,1,128.98
23776,23776,credit_card,1,235.61
23777,23777,credit_card,1,135.62
23778,23778,credit_card,1,3763.39
23779,23779,boleto,1,3469.69
23780,23780,boleto,1,5782.68
23781,23781,boleto,1,3209.24
23782,23782,boleto,1,529.9
23783,23783,debit_card,1,1753.51
23784,23784,credit_card,6,2269.74
23785,23785,credit_card,1,271.14
23786,23786,boleto,1,3783.64
23787,23787,debit_card,1,1777.77
23788,23788,credit_card,1,5669.5
23789,23789,credit_card,1,85.01
23790,23790,debit_card,1,646.11
23791,23791,credit_card,10,1937.76
23792,23792,credit_card,3,9185.23
23793,23793,debit_card,1,579.41
23794,23794,credit_card,3,267.2
23795,23795,debit_card,1,387.58
23796,23796,debit_card,1,1912.41
23797,23797,debit_card,1,63.84
23798,23798,debit_card,1,1148.4
23799,23799,voucher,1,515.88
23800,23800,credit_card,6,1346.0
23801,23801,credit_card,1,146.71
23802,23802,boleto,1,383.28
23803,23803,debit_card,1,641.2
23804,23804,credit_card,1,2783.01
23805,23805,credit_card,1,599.68
23806,23806,voucher,1,2572.81
23807,23807,boleto,1,2710.08
23808,23808,voucher,1,687.81
23809,23809,voucher,1,1731.7
23810,23810,voucher,1,80.37
23811,23811,voucher,1,2586.26
23812,23812,debit_card,1,841.62
23813,23813,voucher,1,1886.93
23814,23814,boleto,1,4114.67
23815,23815,credit_card,1,9950.29
23816,23816,boleto,1,720.26
23817,23817,voucher,1,135.53
23818,23818,voucher,1,155.0
23819,23819,credit_card,1,209.6
23820,23820,credit_card,3,1226.23
23821,23821,credit_card,3,2604.32
23822,23822,debit_card,1,106.83
23823,23823,credit_card,1,871.12
23824,23824,debit_card,1,3991.64
23825,23825,boleto,1,1433.07
23826,23826,debit_card,1,3135.56
23827,23827,debit_card,1,2415.87
23828,23828,debit_card,1,361.02
23829,23829,credit_card,1,435.53
23830,23830,debit_card,1,3200.17
23831,23831,boleto,1,3784.06
23832,23832,debit_card,1,1116.45
23833,23833,voucher,1,3016.5
23834,23834,credit_card,4,4145.26
23835,23835,credit_card,6,1190.36
23836,23836,voucher,1,496.29
23837,23837,debit_card,1,488.07
23838,23838,credit_card,1,2164.77
23839,23839,credit_card,1,1473.44
23840,23840,voucher,1,1835.64
23841,23841,voucher,1,754.4
23842,23842,credit_card,10,385.22
23843,23843,boleto,1,1164.07
23844,23844,voucher,1,767.77
23845,23845,boleto,1,2990.87
23846,23846,voucher,1,5120.04
23847,23847,voucher,1,1512.22
23848,23848,voucher,1,2678.04
23849,23849,voucher,1,4959.79
23850,23850,boleto,1,401.21
23851,23851,boleto,1,3699.34
23852,23852,boleto,1,466.0
23853,23853,boleto,1,6551.63
23854,23854,credit_card,10,1667.56
23855,23855,boleto,1,7026.36
23856,23856,credit_card,1,174.02
23857,23857,voucher,1,4070.56
23858,23858,boleto,1,1962.59
23859,23859,boleto,1,4329.21
23860,23860,debit_card,1,1595.05
23861,23861,debit_card,1,61.49
23862,23862,voucher,1,599.36
23863,23863,voucher,1,231.63
23864,23864,boleto,1,964.38
23865,23865,credit_card,1,944.16
23866,23866,voucher,1,194.93
23867,23867,voucher,1,3348.05
23868,23868,voucher,1,2184.23
23869,23869,debit_card,1,2644.63
23870,23870,voucher,1,837.04
23871,23871,voucher,1,434.1
23872,23872,voucher,1,135.56
23873,23873,debit_card,1,900.35
23874,23874,debit_card,1,3670.89
23875,23875,boleto,1,477.34
23876,23876,debit_card,1,2259.73
23877,23877,boleto,1,1124.99
23878,23878,boleto,1,1839.45
23879,23879,boleto,1,962.02
23880,23880,voucher,1,4007.71
23881,23881,boleto,1,572.14
23882,23882,credit_card,1,6002.0
23883,23883,voucher,1,464.22
23884,23884,boleto,1,687.57
23885,23885,boleto,1,3738.13
23886,23886,boleto,1,554.82
23887,23887,credit_card,2,689.42
23888,23888,credit_card,1,736.99
23889,23889,debit_card,1,5178.56
23890,23890,boleto,1,198.73
23891,23891,voucher,1,6646.1
23892,23892,debit_card,1,393.35
23893,23893,boleto,1,2234.35
23894,23894,boleto,1,69.83
23895,23895,debit_card,1,565.52
23896,23896,debit_card,1,237.28
23897,23897,boleto,1,234.17
23898,23898,boleto,1,2628.55
23899,23899,credit_card,1,253.68
23900,23900,boleto,1,317.89
23901,23901,credit_card,2,531.09
23902,23902,boleto,1,6042.5
23903,23903,debit_card,1,155.96
23904,23904,boleto,1,943.79
23905,23905,voucher,1,827.68
23906,23906,debit_card,1,881.98
23907,23907,credit_card,4,15196.48
23908,23908,credit_card,1,3987.76
23909,23909,boleto,1,163.52
23910,23910,boleto,1,4081.8
23911,23911,debit_card,1,361.46
23912,23912,voucher,1,1896.15
23913,23913,credit_card,1,313.54
23914,23914,credit_card,10,794.49
23915,23915,voucher,1,4139.45
23916,23916,voucher,1,843.04
23917,23917,debit_card,1,1334.06
23918,23918,boleto,1,920.37
23919,23919,voucher,1,140.79
23920,23920,credit_card,1,3359.31
23921,23921,debit_card,1,6631.78
23922,23922,credit_card,1,510.26
23923,23923,voucher,1,14385.44
23924,23924,boleto,1,4341.71
23925,23925,boleto,1,1005.77
23926,23926,boleto,1,504.18
23927,23927,boleto,1,5471.24
23928,23928,voucher,1,429.54
23929,23929,boleto,1,6930.87
23930,23930,boleto,1,3269.46
23931,23931,voucher,1,199.65
23932,23932,credit_card,1,4607.74
23933,23933,boleto,1,1794.5
23934,23934,debit_card,1,820.22
23935,23935,voucher,1,7221.27
23936,23936,boleto,1,581.87
23937,23937,voucher,1,830.85
23938,23938,credit_card,6,1075.66
23939,23939,debit_card,1,2227.13
23940,23940,voucher,1,5804.15
23941,23941,debit_card,1,426.94
23942,23942,debit_card,1,7463.49
23943,23943,credit_card,2,420.16
23944,23944,voucher,1,1135.11
23945,23945,voucher,1,665.37
23946,23946,credit_card,3,371.42
23947,23947,credit_card,1,162.24
23948,23948,boleto,1,214.76
23949,23949,credit_card,1,1628.1
23950,23950,voucher,1,2088.72
23951,23951,voucher,1,1885.54
23952,23952,boleto,1,1039.8
23953,23953,credit_card,1,133.73
23954,23954,voucher,1,365.94
23955,23955,debit_card,1,3270.08
23956,23956,credit_card,1,2975.73
23957,23957,boleto,1,190.18
23958,23958,debit_card,1,3324.23
23959,23959,credit_card,1,244.6
23960,23960,boleto,1,180.68
23961,23961,debit_card,1,35.46
23962,23962,boleto,1,1465.26
23963,23963,boleto,1,405.68
23964,23964,voucher,1,311.36
23965,23965,debit_card,1,4501.36
23966,23966,voucher,1,423.38
23967,23967,voucher,1,598.37
23968,23968,boleto,1,1987.8
23969,23969,debit_card,1,3484.5
23970,23970,credit_card,3,3038.65
23971,23971,credit_card,1,4118.45
23972,23972,credit_card,2,2189.28
23973,23973,voucher,1,1163.58
23974,23974,credit_card,3,4927.05
23975,23975,credit_card,1,7319.63
23976,23976,voucher,1,232.52
23977,23977,debit_card,1,164.81
23978,23978,debit_card,1,1549.57
23979,23979,voucher,1,162.78
23980,23980,boleto,1,988.34
23981,23981,voucher,1,4534.57
23982,23982,voucher,1,236.94
23983,23983,voucher,1,71.15
23984,23984,debit_card,1,6346.55
23985,23985,voucher,1,60.79
23986,23986,credit_card,3,310.93
23987,23987,debit_card,1,6248.98
23988,23988,voucher,1,632.99
23989,23989,credit_card,4,3454.0
23990,23990,debit_card,1,362.82
23991,23991,debit_card,1,140.72
23992,23992,voucher,1,2688.92
23993,23993,debit_card,1,2620.9
23994,23994,credit_card,1,134.4
23995,23995,credit_card,1,247.01
23996,23996,credit_card,1,1824.21
23997,23997,boleto,1,151.77
23998,23998,boleto,1,98.9
23999,23999,voucher,1,1329.35
24000,24000,voucher,1,1489.28
24001,24001,boleto,1,2357.02
24002,24002,boleto,1,626.0
24003,24003,debit_card,1,1093.14
24004,24004,credit_card,4,1156.44
24005,24005,voucher,1,83.39
24006,24006,credit_card,10,1456.2
24007,24007,credit_card,2,237.54
24008,24008,boleto,1,333.57
24009,24009,boleto,1,1511.93
24010,24010,boleto,1,500.15
24011,24011,credit_card,4,3954.94
24012,24012,debit_card,1,1603.86
24013,24013,debit_card,1,523.4
24014,24014,voucher,1,11594.41
24015,24015,credit_card,1,435.02
24016,24016,boleto,1,2838.95
24017,24017,debit_card,1,375.72
24018,24018,debit_card,1,6368.87
24019,24019,voucher,1,735.96
24020,24020,voucher,1,1764.05
24021,24021,boleto,1,600.98
24022,24022,boleto,1,658.58
24023,24023,credit_card,3,19052.6
24024,24024,voucher,1,1369.49
24025,24025,debit_card,1,1826.42
24026,24026,credit_card,4,226.13
24027,24027,voucher,1,1134.71
24028,24028,credit_card,4,2734.36
24029,24029,debit_card,1,434.57
24030,24030,voucher,1,67.7
24031,24031,credit_card,1,147.73
24032,24032,voucher,1,106.61
24033,24033,credit_card,10,4019.14
24034,24034,voucher,1,199.03
24035,24035,debit_card,1,3446.83
24036,24036,voucher,1,183.34
24037,24037,boleto,1,357.38
24038,24038,debit_card,1,1643.69
24039,24039,credit_card,1,328.37
24040,24040,credit_card,1,97.13
24041,24041,voucher,1,4637.44
24042,24042,debit_card,1,1197.86
24043,24043,credit_card,6,433.86
24044,24044,credit_card,10,2666.28
24045,24045,boleto,1,1029.21
24046,24046,debit_card,1,3984.61
24047,24047,voucher,1,237.46
24048,24048,credit_card,10,2977.53
24049,24049,credit_card,1,1418.82
24050,24050,debit_card,1,3011.57
24051,24051,debit_card,1,1089.31
24052,24052,boleto,1,1200.76
24053,24053,credit_card,3,538.95
24054,24054,credit_card,1,4014.35
24055,24055,credit_card,1,173.21
24056,24056,debit_card,1,1486.13
24057,24057,debit_card,1,2016.43
24058,24058,credit_card,1,3564.8
24059,24059,debit_card,1,889.82
24060,24060,voucher,1,1059.71
24061,24061,boleto,1,3710.51
24062,24062,credit_card,1,429.29
24063,24063,debit_card,1,1877.67
24064,24064,credit_card,1,181.07
24065,24065,credit_card,6,1577.34
24066,24066,boleto,1,1126.51
24067,24067,debit_card,1,3265.15
24068,24068,debit_card,1,853.72
24069,24069,voucher,1,146.36
24070,24070,debit_card,1,79.41
24071,24071,boleto,1,49.29
24072,24072,debit_card,1,1583.89
24073,24073,credit_card,2,220.9
24074,24074,credit_card,1,3926.81
24075,24075,boleto,1,433.53
24076,24076,voucher,1,1275.81
24077,24077,credit_card,1,1468.82
24078,24078,debit_card,1,170.33
24079,24079,credit_card,3,10414.51
24080,24080,credit_card,3,2707.5
24081,24081,boleto,1,205.64
24082,24082,credit_card,1,1590.93
24083,24083,debit_card,1,127.1
24084,24084,debit_card,1,235.65
24085,24085,boleto,1,628.41
24086,24086,voucher,1,78.12
24087,24087,boleto,1,2886.93
24088,24088,boleto,1,2100.65
24089,24089,boleto,1,3263.13
24090,24090,debit_card,1,1812.49
24091,24091,debit_card,1,367.95
24092,24092,debit_card,1,2369.16
24093,24093,voucher,1,3035.9
24094,24094,debit_card,1,796.56
24095,24095,voucher,1,2582.23
24096,24096,credit_card,6,2223.52
24097,24097,boleto,1,157.72
24098,24098,boleto,1,765.51
24099,24099,voucher,1,735.0
24100,24100,boleto,1,1230.91
24101,24101,debit_card,1,300.7
24102,24102,boleto,1,75.76
24103,24103,credit_card,1,191.79
24104,24104,voucher,1,3406.09
24105,24105,boleto,1,571.1
24106,24106,credit_card,2,1570.25
24107,24107,voucher,1,35.65
24108,24108,credit_card,1,344.8
24109,24109,voucher,1,2954.59
24110,24110,credit_card,1,728.93
24111,24111,debit_card,1,395.13
24112,24112,credit_card,1,1590.43
24113,24113,boleto,1,4312.76
24114,24114,boleto,1,2822.83
24115,24115,boleto,1,410.34
24116,24116,voucher,1,7997.11
24117,24117,boleto,1,809.47
24118,24118,boleto,1,949.44
24119,24119,credit_card,6,1100.86
24120,24120,credit_card,2,464.86
24121,24121,voucher,1,3484.17
24122,24122,voucher,1,445.11
24123,24123,credit_card,2,966.23
24124,24124,boleto,1,737.97
24125,24125,voucher,1,2146.95
24126,24126,boleto,1,7759.48
24127,24127,voucher,1,291.61
24128,24128,voucher,1,896.18
24129,24129,credit_card,1,2250.8
24130,24130,boleto,1,293.55
24131,24131,voucher,1,515.58
24132,24132,credit_card,2,2106.29
24133,24133,credit_card,1,910.52
24134,24134,voucher,1,2349.33
24135,24135,credit_card,10,1359.85
24136,24136,credit_card,2,319.91
24137,24137,voucher,1,627.86
24138,24138,voucher,1,201.92
24139,24139,credit_card,10,937.34
24140,24140,boleto,1,4988.79
24141,24141,debit_card,1,258.41
24142,24142,credit_card,1,2338.33
24143,24143,boleto,1,104.81
24144,24144,credit_card,1,3575.47
24145,24145,debit_card,1,9315.14
24146,24146,voucher,1,735.21
24147,24147,voucher,1,6738.5
24148,24148,voucher,1,3759.79
24149,24149,credit_card,6,1119.25
24150,24150,voucher,1,1858.93
24151,24151,voucher,1,1679.14
24152,24152,boleto,1,394.18
24153,24153,credit_card,1,235.61
24154,24154,voucher,1,847.46
24155,24155,credit_card,4,332.42
24156,24156,debit_card,1,3117.55
24157,24157,debit_card,1,823.18
24158,24158,voucher,1,551.52
24159,24159,debit_card,1,145.89
24160,24160,boleto,1,171.94
24161,24161,debit_card,1,228.09
24162,24162,debit_card,1,730.63
24163,24163,boleto,1,4637.07
24164,24164,debit_card,1,1458.49
24165,24165,credit_card,1,227.12
24166,24166,debit_card,1,2928.4
24167,24167,boleto,1,1825.03
24168,24168,voucher,1,1485.57
24169,24169,credit_card,3,309.29
24170,24170,credit_card,3,250.9
24171,24171,voucher,1,754.25
24172,24172,debit_card,1,1429.65
24173,24173,boleto,1,2918.95
24174,24174,voucher,1,1371.72
24175,24175,boleto,1,683.93
24176,24176,credit_card,3,5444.45
24177,24177,credit_card,1,818.12
24178,24178,boleto,1,281.57
24179,24179,boleto,1,3100.44
24180,24180,debit_card,1,288.99
24181,24181,debit_card,1,1355.08
24182,24182,credit_card,1,61.0
24183,24183,voucher,1,628.11
24184,24184,voucher,1,416.96
24185,24185,boleto,1,6208.68
24186,24186,debit_card,1,4910.07
24187,24187,boleto,1,344.59
24188,24188,boleto,1,924.12
24189,24189,debit_card,1,5386.81
24190,24190,boleto,1,781.07
24191,24191,debit_card,1,7085.4
24192,24192,voucher,1,726.92
24193,24193,debit_card,1,872.6
24194,24194,boleto,1,628.25
24195,24195,voucher,1,9462.41
24196,24196,credit_card,4,312.6
24197,24197,credit_card,2,1520.69
24198,24198,debit_card,1,3214.9
24199,24199,credit_card,1,2320.04
24200,24200,voucher,1,337.22
24201,24201,debit_card,1,363.76
24202,24202,voucher,1,1754.61
24203,24203,credit_card,1,222.0
24204,24204,credit_card,4,767.46
24205,24205,voucher,1,1116.13
24206,24206,voucher,1,442.63
24207,24207,credit_card,1,1319.76
24208,24208,debit_card,1,761.04
24209,24209,boleto,1,1105.05
24210,24210,credit_card,1,78.88
24211,24211,debit_card,1,816.95
24212,24212,credit_card,1,7174.44
24213,24213,credit_card,10,2100.66
24214,24214,boleto,1,1037.82
24215,24215,voucher,1,191.62
24216,24216,credit_card,1,367.14
24217,24217,boleto,1,1670.78
24218,24218,credit_card,1,3293.17
24219,24219,boleto,1,80.59
24220,24220,credit_card,3,1193.67
24221,24221,credit_card,1,123.01
24222,24222,boleto,1,165.15
24223,24223,debit_card,1,15721.97
24224,24224,voucher,1,666.64
24225,24225,boleto,1,6121.96
24226,24226,boleto,1,683.69
24227,24227,credit_card,2,811.05
24228,24228,credit_card,1,5812.95
24229,24229,voucher,1,173.31
24230,24230,debit_card,1,4083.33
24231,24231,voucher,1,1262.6
24232,24232,debit_card,1,3048.46
24233,24233,voucher,1,1397.64
24234,24234,debit_card,1,8637.73
24235,24235,boleto,1,2193.39
24236,24236,credit_card,6,1499.08
24237,24237,credit_card,1,2079.72
24238,24238,boleto,1,220.48
24239,24239,debit_card,1,186.09
24240,24240,boleto,1,1570.08
24241,24241,voucher,1,4666.54
24242,24242,boleto,1,1120.68
24243,24243,voucher,1,4412.77
24244,24244,debit_card,1,87.31
24245,24245,voucher,1,2014.57
24246,24246,credit_card,1,1507.38
24247,24247,voucher,1,5408.67
24248,24248,boleto,1,4541.49
24249,24249,debit_card,1,2977.33
24250,24250,boleto,1,2842.53
24251,24251,debit_card,1,2482.18
24252,24252,credit_card,4,242.72
24253,24253,credit_card,3,3863.25
24254,24254,voucher,1,352.1
24255,24255,debit_card,1,854.65
24256,24256,boleto,1,184.28
24257,24257,debit_card,1,519.66
24258,24258,boleto,1,479.4
24259,24259,credit_card,1,1408.69
24260,24260,credit_card,1,7344.25
24261,24261,debit_card,1,2569.03
24262,24262,boleto,1,73.92
24263,24263,credit_card,1,115.99
24264,24264,boleto,1,1504.19
24265,24265,debit_card,1,1410.03
24266,24266,boleto,1,2014.42
24267,24267,credit_card,3,474.85
24268,24268,debit_card,1,3887.54
24269,24269,debit_card,1,2783.17
24270,24270,debit_card,1,1428.68
24271,24271,credit_card,10,1160.65
24272,24272,voucher,1,4626.07
24273,24273,debit_card,1,6455.18
24274,24274,boleto,1,472.37
24275,24275,voucher,1,495.99
24276,24276,voucher,1,1001.33
24277,24277,credit_card,1,180.39
24278,24278,credit_card,1,53.56
24279,24279,credit_card,6,2277.58
24280,24280,boleto,1,1227.11
24281,24281,debit_card,1,116.34
24282,24282,voucher,1,3231.04
24283,24283,credit_card,2,1120.48
24284,24284,debit_card,1,4566.7
24285,24285,voucher,1,1660.91
24286,24286,voucher,1,378.15
24287,24287,debit_card,1,284.6
24288,24288,debit_card,1,2015.54
24289,24289,voucher,1,5295.13
24290,24290,credit_card,6,2156.21
24291,24291,boleto,1,864.38
24292,24292,boleto,1,2461.97
24293,24293,credit_card,1,134.8
24294,24294,debit_card,1,412.17
24295,24295,debit_card,1,1717.14
24296,24296,credit_card,2,3317.36
24297,24297,boleto,1,385.1
24298,24298,credit_card,1,1775.24
24299,24299,boleto,1,946.91
24300,24300,debit_card,1,71.03
24301,24301,boleto,1,3500.86
24302,24302,debit_card,1,192.89
24303,24303,voucher,1,1376.55
24304,24304,credit_card,1,108.78
24305,24305,voucher,1,690.2
24306,24306,credit_card,2,550.49
24307,24307,boleto,1,2469.16
24308,24308,boleto,1,526.48
24309,24309,debit_card,1,1458.5
24310,24310,voucher,1,1744.24
24311,24311,debit_card,1,565.44
24312,24312,debit_card,1,222.31
24313,24313,voucher,1,244.71
24314,24314,credit_card,10,2850.31
24315,24315,voucher,1,231.35
24316,24316,boleto,1,695.39
24317,24317,debit_card,1,3152.01
24318,24318,credit_card,10,3398.69
24319,24319,debit_card,1,237.03
24320,24320,debit_card,1,1233.61
24321,24321,credit_card,1,212.47
24322,24322,voucher,1,781.14
24323,24323,voucher,1,3549.33
24324,24324,boleto,1,3497.92
24325,24325,boleto,1,1185.6
24326,24326,credit_card,1,5480.78
24327,24327,credit_card,1,205.84
24328,24328,boleto,1,113.88
24329,24329,voucher,1,222.26
24330,24330,voucher,1,1870.11
24331,24331,debit_card,1,561.15
24332,24332,credit_card,1,557.77
24333,24333,boleto,1,1116.95
24334,24334,boleto,1,697.8
24335,24335,voucher,1,925.4
24336,24336,voucher,1,4002.93
24337,24337,debit_card,1,441.92
24338,24338,boleto,1,302.26
24339,24339,boleto,1,341.36
24340,24340,voucher,1,1218.62
24341,24341,boleto,1,123.11
24342,24342,credit_card,1,2101.87
24343,24343,boleto,1,1811.87
24344,24344,voucher,1,2439.97
24345,24345,credit_card,1,379.03
24346,24346,credit_card,2,367.88
24347,24347,credit_card,3,2291.76
24348,24348,boleto,1,2082.89
24349,24349,boleto,1,4337.66
24350,24350,debit_card,1,2316.67
24351,24351,credit_card,4,8934.54
24352,24352,debit_card,1,6968.61
24353,24353,debit_card,1,277.93
24354,24354,debit_card,1,188.11
24355,24355,voucher,1,159.11
24356,24356,debit_card,1,9566.35
24357,24357,credit_card,4,2521.64
24358,24358,boleto,1,3782.25
24359,24359,boleto,1,758.01
24360,24360,credit_card,1,6724.64
24361,24361,boleto,1,995.3
24362,24362,credit_card,6,2099.17
24363,24363,credit_card,4,281.94
24364,24364,credit_card,3,730.58
24365,24365,debit_card,1,516.92
24366,24366,voucher,1,2705.88
24367,24367,credit_card,1,94.32
24368,24368,debit_card,1,3287.24
24369,24369,boleto,1,930.38
24370,24370,boleto,1,6658.68
24371,24371,boleto,1,757.47
24372,24372,debit_card,1,189.83
24373,24373,boleto,1,2145.54
24374,24374,boleto,1,2936.5
24375,24375,credit_card,1,143.6
24376,24376,voucher,1,4831.33
24377,24377,boleto,1,265.15
24378,24378,debit_card,1,3574.43
24379,24379,voucher,1,87.88
24380,24380,credit_card,4,1068.65
24381,24381,credit_card,6,205.49
24382,24382,boleto,1,3614.54
24383,24383,credit_card,4,387.02
24384,24384,boleto,1,127.42
24385,24385,boleto,1,735.18
24386,24386,voucher,1,674.29
24387,24387,debit_card,1,7156.01
24388,24388,voucher,1,157.01
24389,24389,debit_card,1,476.93
24390,24390,boleto,1,1829.4
24391,24391,voucher,1,798.55
24392,24392,voucher,1,1149.42
24393,24393,voucher,1,732.71
24394,24394,boleto,1,4315.21
24395,24395,debit_card,1,1400.94
24396,24396,boleto,1,400.76
24397,24397,voucher,1,8517.36
24398,24398,debit_card,1,1947.09
24399,24399,boleto,1,284.91
24400,24400,boleto,1,97.79
24401,24401,credit_card,1,2167.86
24402,24402,boleto,1,7501.99
24403,24403,boleto,1,556.03
24404,24404,voucher,1,443.95
24405,24405,debit_card,1,134.46
24406,24406,voucher,1,485.65
24407,24407,boleto,1,2324.4
24408,24408,voucher,1,1041.54
24409,24409,boleto,1,1367.95
24410,24410,voucher,1,2918.91
24411,24411,credit_card,1,2985.29
24412,24412,boleto,1,4464.01
24413,24413,debit_card,1,8658.22
24414,24414,boleto,1,478.91
24415,24415,debit_card,1,1135.08
24416,24416,debit_card,1,91.96
24417,24417,voucher,1,186.41
24418,24418,credit_card,4,2193.72
24419,24419,debit_card,1,581.75
24420,24420,credit_card,1,1063.0
24421,24421,debit_card,1,1378.75
24422,24422,debit_card,1,61.4
24423,24423,voucher,1,1821.43
24424,24424,boleto,1,856.46
24425,24425,credit_card,1,1866.67
24426,24426,voucher,1,497.27
24427,24427,debit_card,1,63.3
24428,24428,boleto,1,912.41
24429,24429,voucher,1,3752.89
24430,24430,voucher,1,280.14
24431,24431,voucher,1,549.69
24432,24432,debit_card,1,558.7
24433,24433,credit_card,10,411.58
24434,24434,credit_card,3,241.45
24435,24435,credit_card,1,266.91
24436,24436,debit_card,1,3356.1
24437,24437,voucher,1,10098.43
24438,24438,boleto,1,707.48
24439,24439,voucher,1,810.03
24440,24440,credit_card,2,2751.18
24441,24441,boleto,1,296.19
24442,24442,boleto,1,2808.45
24443,24443,debit_card,1,2348.51
24444,24444,credit_card,2,6890.2
24445,24445,credit_card,1,6806.03
24446,24446,boleto,1,2806.39
24447,24447,debit_card,1,542.92
24448,24448,voucher,1,215.4
24449,24449,voucher,1,895.83
24450,24450,boleto,1,4323.89
24451,24451,debit_card,1,5837.22
24452,24452,voucher,1,1766.51
24453,24453,voucher,1,1455.02
24454,24454,debit_card,1,2809.09
24455,24455,credit_card,2,1333.05
24456,24456,voucher,1,2487.42
24457,24457,credit_card,2,4483.45
24458,24458,debit_card,1,1502.02
24459,24459,debit_card,1,60.2
24460,24460,credit_card,6,387.52
24461,24461,credit_card,4,4838.4
24462,24462,debit_card,1,1578.73
24463,24463,debit_card,1,2817.63
24464,24464,credit_card,1,2110.92
24465,24465,debit_card,1,306.13
24466,24466,credit_card,3,4690.88
24467,24467,boleto,1,360.56
24468,24468,debit_card,1,1895.08
24469,24469,debit_card,1,8467.68
24470,24470,debit_card,1,159.6
24471,24471,credit_card,4,440.33
24472,24472,boleto,1,219.12
24473,24473,boleto,1,191.58
24474,24474,boleto,1,1117.42
24475,24475,boleto,1,1248.85
24476,24476,voucher,1,235.68
24477,24477,credit_card,1,4626.84
24478,24478,credit_card,6,280.99
24479,24479,debit_card,1,1137.51
24480,24480,debit_card,1,7524.42
24481,24481,credit_card,10,253.89
24482,24482,voucher,1,4980.78
24483,24483,boleto,1,300.13
24484,24484,credit_card,1,3394.91
24485,24485,boleto,1,2335.05
24486,24486,voucher,1,1081.0
24487,24487,boleto,1,1555.72
24488,24488,credit_card,2,265.31
24489,24489,debit_card,1,343.69
24490,24490,debit_card,1,518.63
24491,24491,credit_card,3,1433.56
24492,24492,debit_card,1,1664.13
24493,24493,boleto,1,2831.86
24494,24494,boleto,1,440.19
24495,24495,credit_card,2,1195.33
24496,24496,debit_card,1,1554.78
24497,24497,credit_card,6,1601.65
24498,24498,boleto,1,55.42
24499,24499,boleto,1,1244.51
24500,24500,voucher,1,215.37
24501,24501,boleto,1,3466.66
24502,24502,voucher,1,3451.42
24503,24503,boleto,1,3171.03
24504,24504,voucher,1,261.64
24505,24505,boleto,1,217.4
24506,24506,debit_card,1,1076.71
24507,24507,debit_card,1,268.83
24508,24508,credit_card,1,922.3
24509,24509,voucher,1,1169.74
24510,24510,voucher,1,3127.84
24511,24511,voucher,1,1343.46
24512,24512,credit_card,2,401.66
24513,24513,voucher,1,167.53
24514,24514,boleto,1,1071.47
24515,24515,voucher,1,1430.66
24516,24516,credit_card,1,2599.83
24517,24517,debit_card,1,507.46
24518,24518,voucher,1,8679.32
24519,24519,debit_card,1,1079.8
24520,24520,debit_card,1,336.74
24521,24521,credit_card,4,396.83
24522,24522,credit_card,1,2529.37
24523,24523,debit_card,1,3944.82
24524,24524,voucher,1,2535.42
24525,24525,credit_card,4,914.68
24526,24526,credit_card,1,6016.43
24527,24527,voucher,1,2282.5
24528,24528,credit_card,1,6188.51
24529,24529,credit_card,1,303.87
24530,24530,boleto,1,342.12
24531,24531,credit_card,10,3369.44
24532,24532,voucher,1,2842.72
24533,24533,credit_card,1,676.34
24534,24534,debit_card,1,634.04
24535,24535,debit_card,1,1144.78
24536,24536,credit_card,1,195.31
24537,24537,debit_card,1,13305.69
24538,24538,credit_card,1,2471.54
24539,24539,debit_card,1,370.15
24540,24540,boleto,1,133.24
24541,24541,boleto,1,1076.0
24542,24542,boleto,1,153.87
24543,24543,voucher,1,1527.86
24544,24544,boleto,1,860.31
24545,24545,debit_card,1,102.49
24546,24546,credit_card,6,4143.33
24547,24547,credit_card,1,657.47
24548,24548,voucher,1,666.74
24549,24549,boleto,1,357.25
24550,24550,voucher,1,1749.34
24551,24551,debit_card,1,123.89
24552,24552,boleto,1,5033.53
24553,24553,boleto,1,1041.53
24554,24554,debit_card,1,3817.03
24555,24555,voucher,1,552.1
24556,24556,credit_card,1,43.4
24557,24557,credit_card,1,2419.12
24558,24558,credit_card,1,370.47
24559,24559,boleto,1,3772.82
24560,24560,debit_card,1,11241.82
24561,24561,boleto,1,637.11
24562,24562,boleto,1,546.15
24563,24563,boleto,1,69.64
24564,24564,debit_card,1,56.72
24565,24565,credit_card,10,3002.75
24566,24566,debit_card,1,2121.08
24567,24567,voucher,1,1045.23
24568,24568,boleto,1,1854.94
24569,24569,credit_card,1,3696.08
24570,24570,credit_card,1,4736.91
24571,24571,credit_card,10,466.43
24572,24572,boleto,1,482.22
24573,24573,boleto,1,282.19
24574,24574,voucher,1,8640.47
24575,24575,voucher,1,327.75
24576,24576,boleto,1,412.71
24577,24577,credit_card,3,248.13
24578,24578,boleto,1,2069.4
24579,24579,voucher,1,4294.14
24580,24580,voucher,1,5003.47
24581,24581,credit_card,10,710.24
24582,24582,voucher,1,4173.61
24583,24583,boleto,1,4371.13
24584,24584,voucher,1,684.67
24585,24585,voucher,1,310.27
24586,24586,boleto,1,101.56
24587,24587,debit_card,1,114.51
24588,24588,boleto,1,2153.59
24589,24589,credit_card,1,76.0
24590,24590,debit_card,1,7948.35
24591,24591,boleto,1,145.18
24592,24592,voucher,1,288.21
24593,24593,debit_card,1,2904.39
24594,24594,debit_card,1,2102.43
24595,24595,credit_card,1,179.24
24596,24596,voucher,1,1121.22
24597,24597,voucher,1,744.33
24598,24598,voucher,1,241.19
24599,24599,boleto,1,7706.27
24600,24600,credit_card,1,11397.44
24601,24601,debit_card,1,1152.79
24602,24602,credit_card,2,849.93
24603,24603,voucher,1,96.67
24604,24604,boleto,1,1630.53
24605,24605,credit_card,6,8340.18
24606,24606,debit_card,1,2158.94
24607,24607,debit_card,1,170.95
24608,24608,debit_card,1,427.3
24609,24609,credit_card,3,3100.5
24610,24610,boleto,1,1032.57
24611,24611,boleto,1,4504.64
24612,24612,boleto,1,303.16
24613,24613,voucher,1,246.22
24614,24614,credit_card,10,3444.53
24615,24615,boleto,1,593.09
24616,24616,debit_card,1,2201.65
24617,24617,debit_card,1,2446.0
24618,24618,credit_card,10,396.77
24619,24619,boleto,1,976.89
24620,24620,credit_card,1,527.01
24621,24621,boleto,1,272.74
24622,24622,voucher,1,120.4
24623,24623,voucher,1,1140.91
24624,24624,debit_card,1,6716.96
24625,24625,credit_card,1,198.75
24626,24626,credit_card,4,2996.01
24627,24627,credit_card,10,971.64
24628,24628,boleto,1,5469.77
24629,24629,credit_card,1,9949.86
24630,24630,credit_card,1,1627.58
24631,24631,debit_card,1,2754.98
24632,24632,debit_card,1,4211.17
24633,24633,boleto,1,1064.62
24634,24634,voucher,1,808.08
24635,24635,voucher,1,3176.52
24636,24636,debit_card,1,874.32
24637,24637,voucher,1,1618.6
24638,24638,credit_card,6,363.49
24639,24639,debit_card,1,518.69
24640,24640,boleto,1,231.91
24641,24641,boleto,1,1610.4
24642,24642,boleto,1,437.94
24643,24643,credit_card,1,107.77
24644,24644,boleto,1,365.41
24645,24645,voucher,1,3186.25
24646,24646,voucher,1,2412.5
24647,24647,debit_card,1,3448.7
24648,24648,credit_card,10,2855.67
24649,24649,boleto,1,754.17
24650,24650,credit_card,1,695.28
24651,24651,debit_card,1,942.55
24652,24652,credit_card,1,303.22
24653,24653,voucher,1,58.09
24654,24654,voucher,1,3576.49
24655,24655,debit_card,1,1903.8
24656,24656,debit_card,1,2261.35
24657,24657,boleto,1,1051.02
24658,24658,credit_card,1,437.32
24659,24659,voucher,1,205.4
24660,24660,debit_card,1,8343.59
24661,24661,boleto,1,238.86
24662,24662,voucher,1,4331.35
24663,24663,voucher,1,676.94
24664,24664,credit_card,1,98.63
24665,24665,voucher,1,98.29
24666,24666,voucher,1,244.12
24667,24667,debit_card,1,5931.52
24668,24668,voucher,1,3989.76
24669,24669,credit_card,2,2567.03
24670,24670,voucher,1,2427.32
24671,24671,voucher,1,4351.04
24672,24672,voucher,1,56.49
24673,24673,boleto,1,380.28
24674,24674,credit_card,10,3036.43
24675,24675,debit_card,1,2812.74
24676,24676,debit_card,1,81.35
24677,24677,voucher,1,928.33
24678,24678,credit_card,3,317.64
24679,24679,voucher,1,1459.57
24680,24680,debit_card,1,5154.96
24681,24681,boleto,1,1255.98
24682,24682,boleto,1,4526.3
24683,24683,boleto,1,728.89
24684,24684,boleto,1,5268.43
24685,24685,credit_card,10,1636.97
24686,24686,voucher,1,52.98
24687,24687,debit_card,1,1130.95
24688,24688,credit_card,1,994.0
24689,24689,debit_card,1,147.57
24690,24690,credit_card,1,1814.17
24691,24691,boleto,1,1646.19
24692,24692,boleto,1,722.14
24693,24693,voucher,1,474.77
24694,24694,credit_card,1,3572.34
24695,24695,debit_card,1,12109.7
24696,24696,voucher,1,208.82
24697,24697,debit_card,1,202.69
24698,24698,boleto,1,565.68
24699,24699,voucher,1,272.14
24700,24700,credit_card,4,465.18
24701,24701,boleto,1,11044.76
24702,24702,debit_card,1,1463.72
24703,24703,credit_card,3,678.18
24704,24704,boleto,1,1785.87
24705,24705,voucher,1,1907.68
24706,24706,credit_card,4,231.4
24707,24707,credit_card,1,373.68
24708,24708,credit_card,1,1839.06
24709,24709,credit_card,3,3201.71
24710,24710,voucher,1,3612.63
24711,24711,debit_card,1,306.15
24712,24712,debit_card,1,2230.67
24713,24713,credit_card,4,3423.96
24714,24714,credit_card,1,1053.51
24715,24715,voucher,1,830.18
24716,24716,credit_card,1,142.39
24717,24717,debit_card,1,2045.18
24718,24718,boleto,1,711.61
24719,24719,debit_card,1,1822.83
24720,24720,debit_card,1,7056.59
24721,24721,debit_card,1,943.86
24722,24722,voucher,1,2980.61
24723,24723,credit_card,10,2205.97
24724,24724,boleto,1,611.51
24725,24725,debit_card,1,2446.05
24726,24726,voucher,1,2399.08
24727,24727,voucher,1,188.11
24728,24728,voucher,1,461.1
24729,24729,voucher,1,3154.2
24730,24730,credit_card,1,3526.49
24731,24731,debit_card,1,277.34
24732,24732,debit_card,1,162.75
24733,24733,credit_card,2,896.6
24734,24734,boleto,1,639.38
24735,24735,voucher,1,3694.25
24736,24736,boleto,1,2267.52
24737,24737,debit_card,1,580.6
24738,24738,boleto,1,2016.98
24739,24739,debit_card,1,3579.39
24740,24740,boleto,1,190.69
24741,24741,voucher,1,518.43
24742,24742,voucher,1,1213.0
24743,24743,credit_card,4,6555.32
24744,24744,voucher,1,3009.09
24745,24745,voucher,1,800.98
24746,24746,credit_card,10,1932.26
24747,24747,debit_card,1,1014.31
24748,24748,credit_card,4,351.03
24749,24749,voucher,1,425.3
24750,24750,voucher,1,234.92
24751,24751,voucher,1,2652.23
24752,24752,boleto,1,3668.67
24753,24753,voucher,1,50.16
24754,24754,credit_card,1,1545.89
24755,24755,boleto,1,805.19
24756,24756,debit_card,1,66.37
24757,24757,voucher,1,83.31
24758,24758,credit_card,1,1258.95
24759,24759,credit_card,1,2031.52
24760,24760,boleto,1,473.78
24761,24761,boleto,1,1323.61
24762,24762,credit_card,1,7177.46
24763,24763,credit_card,1,2983.73
24764,24764,credit_card,1,2893.9
24765,24765,voucher,1,309.05
24766,24766,voucher,1,5755.47
24767,24767,debit_card,1,1733.96
24768,24768,credit_card,1,1169.76
24769,24769,boleto,1,131.97
24770,24770,boleto,1,168.08
24771,24771,boleto,1,7444.39
24772,24772,voucher,1,121.45
24773,24773,boleto,1,2530.06
24774,24774,debit_card,1,334.2
24775,24775,credit_card,2,438.11
24776,24776,voucher,1,602.19
24777,24777,voucher,1,3034.89
24778,24778,debit_card,1,505.25
24779,24779,voucher,1,1411.92
24780,24780,credit_card,1,57.95
24781,24781,credit_card,2,2595.62
24782,24782,debit_card,1,908.5
24783,24783,voucher,1,268.94
24784,24784,credit_card,6,5882.76
24785,24785,voucher,1,512.32
24786,24786,debit_card,1,2515.81
24787,24787,debit_card,1,2698.32
24788,24788,boleto,1,1228.47
24789,24789,credit_card,1,118.86
24790,24790,debit_card,1,138.15
24791,24791,credit_card,1,187.95
24792,24792,boleto,1,2395.45
24793,24793,voucher,1,419.91
24794,24794,debit_card,1,564.6
24795,24795,credit_card,10,813.6
24796,24796,boleto,1,663.2
24797,24797,credit_card,1,2920.39
24798,24798,voucher,1,61.33
24799,24799,boleto,1,274.01
24800,24800,credit_card,3,1238.68
24801,24801,debit_card,1,465.22
24802,24802,credit_card,1,4807.07
24803,24803,voucher,1,2649.63
24804,24804,credit_card,1,117.34
24805,24805,voucher,1,809.86
24806,24806,boleto,1,1526.36
24807,24807,voucher,1,4578.64
24808,24808,boleto,1,346.73
24809,24809,voucher,1,2801.89
24810,24810,voucher,1,1557.89
24811,24811,boleto,1,3143.36
24812,24812,credit_card,3,5338.95
24813,24813,boleto,1,766.23
24814,24814,credit_card,1,2754.04
24815,24815,credit_card,1,247.93
24816,24816,credit_card,1,1225.82
24817,24817,boleto,1,394.54
24818,24818,credit_card,4,2911.55
24819,24819,debit_card,1,592.67
24820,24820,debit_card,1,6694.36
24821,24821,boleto,1,90.1
24822,24822,boleto,1,489.45
24823,24823,boleto,1,1528.85
24824,24824,boleto,1,646.06
24825,24825,boleto,1,75.78
24826,24826,voucher,1,1169.52
24827,24827,voucher,1,964.79
24828,24828,debit_card,1,2478.02
24829,24829,credit_card,1,89.46
24830,24830,credit_card,2,574.2
24831,24831,boleto,1,259.17
24832,24832,voucher,1,1076.61
24833,24833,boleto,1,3056.91
24834,24834,debit_card,1,2143.79
24835,24835,boleto,1,4629.61
24836,24836,voucher,1,831.22
24837,24837,credit_card,1,149.89
24838,24838,credit_card,4,911.2
24839,24839,voucher,1,104.14
24840,24840,voucher,1,121.01
24841,24841,credit_card,3,3541.6
24842,24842,voucher,1,3032.69
24843,24843,voucher,1,7925.22
24844,24844,credit_card,1,255.78
24845,24845,voucher,1,4899.13
24846,24846,voucher,1,366.04
24847,24847,debit_card,1,1074.81
24848,24848,voucher,1,636.8
24849,24849,credit_card,1,121.16
24850,24850,credit_card,4,1328.85
24851,24851,credit_card,1,176.12
24852,24852,credit_card,3,2523.56
24853,24853,boleto,1,549.51
24854,24854,credit_card,3,2226.87
24855,24855,voucher,1,3040.95
24856,24856,credit_card,1,1579.78
24857,24857,voucher,1,636.78
24858,24858,credit_card,1,6348.76
24859,24859,credit_card,2,726.02
24860,24860,boleto,1,2385.7
24861,24861,credit_card,1,3984.51
24862,24862,credit_card,6,1876.32
24863,24863,voucher,1,136.69
24864,24864,debit_card,1,3703.47
24865,24865,debit_card,1,89.86
24866,24866,credit_card,1,469.09
24867,24867,debit_card,1,147.37
24868,24868,voucher,1,561.72
24869,24869,debit_card,1,1396.12
24870,24870,credit_card,1,5043.32
24871,24871,credit_card,2,2151.04
24872,24872,debit_card,1,486.77
24873,24873,credit_card,2,373.34
24874,24874,boleto,1,1469.05
24875,24875,voucher,1,2794.3
24876,24876,boleto,1,579.1
24877,24877,credit_card,1,2127.73
24878,24878,debit_card,1,430.5
24879,24879,boleto,1,458.46
24880,24880,boleto,1,447.91
24881,24881,voucher,1,3781.2
24882,24882,voucher,1,3362.38
24883,24883,credit_card,2,779.36
24884,24884,credit_card,6,1014.33
24885,24885,credit_card,1,1757.47
24886,24886,credit_card,1,2421.05
24887,24887,debit_card,1,1577.46
24888,24888,credit_card,1,984.36
24889,24889,debit_card,1,2177.78
24890,24890,debit_card,1,2236.09
24891,24891,boleto,1,448.86
24892,24892,voucher,1,601.81
24893,24893,boleto,1,1575.93
24894,24894,credit_card,1,3328.43
24895,24895,voucher,1,401.13
24896,24896,boleto,1,4095.5
24897,24897,boleto,1,615.79
24898,24898,boleto,1,5291.26
24899,24899,boleto,1,1095.11
24900,24900,boleto,1,1591.17
24901,24901,debit_card,1,1562.41
24902,24902,voucher,1,1563.8
24903,24903,voucher,1,1137.31
24904,24904,boleto,1,98.93
24905,24905,credit_card,1,4066.85
24906,24906,voucher,1,162.67
24907,24907,debit_card,1,197.8
24908,24908,boleto,1,125.93
24909,24909,debit_card,1,121.89
24910,24910,voucher,1,1571.85
24911,24911,credit_card,1,190.62
24912,24912,boleto,1,186.27
24913,24913,debit_card,1,1313.24
24914,24914,boleto,1,252.75
24915,24915,boleto,1,399.53
24916,24916,boleto,1,1881.5
24917,24917,credit_card,6,1102.42
24918,24918,credit_card,10,829.94
24919,24919,voucher,1,303.46
24920,24920,voucher,1,637.76
24921,24921,boleto,1,550.53
24922,24922,voucher,1,1460.48
24923,24923,debit_card,1,6171.01
24924,24924,voucher,1,361.33
24925,24925,credit_card,10,818.5
24926,24926,voucher,1,277.12
24927,24927,voucher,1,888.72
24928,24928,credit_card,1,3016.73
24929,24929,debit_card,1,2131.69
24930,24930,boleto,1,2124.98
24931,24931,credit_card,1,281.35
24932,24932,voucher,1,648.83
24933,24933,credit_card,1,143.16
24934,24934,voucher,1,3405.21
24935,24935,voucher,1,254.91
24936,24936,debit_card,1,1221.67
24937,24937,boleto,1,1042.81
24938,24938,boleto,1,244.17
24939,24939,credit_card,1,265.58
24940,24940,debit_card,1,5475.4
24941,24941,credit_card,2,5899.15
24942,24942,debit_card,1,5280.63
24943,24943,debit_card,1,911.08
24944,24944,credit_card,3,728.26
24945,24945,voucher,1,2042.88
24946,24946,debit_card,1,2280.18
24947,24947,boleto,1,722.38
24948,24948,boleto,1,4793.53
24949,24949,voucher,1,332.42
24950,24950,debit_card,1,2498.01
24951,24951,credit_card,1,74.73
24952,24952,debit_card,1,8868.19
24953,24953,boleto,1,3755.02
24954,24954,voucher,1,9133.05
24955,24955,boleto,1,3671.87
24956,24956,debit_card,1,1574.48
24957,24957,voucher,1,1320.83
24958,24958,debit_card,1,27.37
24959,24959,boleto,1,238.94
24960,24960,voucher,1,3429.57
24961,24961,boleto,1,77.02
24962,24962,credit_card,1,3841.23
24963,24963,voucher,1,3671.42
24964,24964,credit_card,1,1439.24
24965,24965,voucher,1,8275.27
24966,24966,voucher,1,3297.83
24967,24967,boleto,1,229.34
24968,24968,boleto,1,166.21
24969,24969,credit_card,4,4941.34
24970,24970,credit_card,4,3132.49
24971,24971,credit_card,6,3211.93
24972,24972,voucher,1,290.68
24973,24973,voucher,1,253.16
24974,24974,debit_card,1,1600.3
24975,24975,debit_card,1,248.79
24976,24976,boleto,1,1741.51
24977,24977,debit_card,1,154.15
24978,24978,voucher,1,2257.82
24979,24979,voucher,1,354.23
24980,24980,boleto,1,1117.41
24981,24981,debit_card,1,3126.71
24982,24982,voucher,1,1570.31
24983,24983,voucher,1,644.35
24984,24984,debit_card,1,647.07
24985,24985,boleto,1,2883.51
24986,24986,voucher,1,2291.63
24987,24987,debit_card,1,642.59
24988,24988,voucher,1,708.31
24989,24989,credit_card,3,364.27
24990,24990,boleto,1,2369.01
24991,24991,voucher,1,602.84
24992,24992,debit_card,1,1683.87
24993,24993,credit_card,1,2586.36
24994,24994,debit_card,1,1108.92
24995,24995,debit_card,1,1276.1
24996,24996,credit_card,1,877.85
24997,24997,credit_card,1,886.47
24998,24998,debit_card,1,3089.16
24999,24999,debit_card,1,1702.61
25000,25000,debit_card,1,286.42
25001,25001,credit_card,3,1935.49
25002,25002,credit_card,3,561.4
25003,25003,voucher,1,1813.17
25004,25004,boleto,1,51.53
25005,25005,boleto,1,7077.2
25006,25006,boleto,1,1781.3
25007,25007,voucher,1,297.45
25008,25008,credit_card,1,1425.2
25009,25009,credit_card,3,222.57
25010,25010,credit_card,2,537.55
25011,25011,boleto,1,2230.61
25012,25012,voucher,1,1154.88
25013,25013,boleto,1,1051.86
25014,25014,debit_card,1,987.48
25015,25015,voucher,1,2693.96
25016,25016,credit_card,4,6642.63
25017,25017,voucher,1,352.45
25018,25018,voucher,1,156.36
25019,25019,boleto,1,974.42
25020,25020,boleto,1,5215.55
25021,25021,voucher,1,66.34
25022,25022,debit_card,1,222.88
25023,25023,debit_card,1,151.96
25024,25024,voucher,1,979.33
25025,25025,boleto,1,153.57
25026,25026,voucher,1,1419.65
25027,25027,boleto,1,216.02
25028,25028,credit_card,2,5316.84
25029,25029,boleto,1,225.48
25030,25030,credit_card,1,2645.24
25031,25031,voucher,1,2674.74
25032,25032,debit_card,1,2279.83
25033,25033,boleto,1,816.75
25034,25034,credit_card,1,303.36
25035,25035,voucher,1,77.43
25036,25036,voucher,1,192.16
25037,25037,voucher,1,916.1
25038,25038,boleto,1,7685.27
25039,25039,voucher,1,222.77
25040,25040,boleto,1,295.89
25041,25041,credit_card,1,116.32
25042,25042,credit_card,1,2762.57
25043,25043,voucher,1,270.82
25044,25044,credit_card,1,2774.72
25045,25045,credit_card,3,867.43
25046,25046,credit_card,1,484.48
25047,25047,voucher,1,359.79
25048,25048,debit_card,1,257.33
25049,25049,debit_card,1,5372.34
25050,25050,voucher,1,1721.95
25051,25051,boleto,1,240.52
25052,25052,boleto,1,351.34
25053,25053,debit_card,1,60.23
25054,25054,credit_card,1,742.95
25055,25055,boleto,1,2159.12
25056,25056,voucher,1,457.48
25057,25057,voucher,1,13740.15
25058,25058,credit_card,1,4045.16
25059,25059,boleto,1,2125.29
25060,25060,debit_card,1,268.67
25061,25061,boleto,1,1095.76
25062,25062,credit_card,1,8033.54
25063,25063,voucher,1,683.79
25064,25064,voucher,1,2246.37
25065,25065,debit_card,1,3184.26
25066,25066,boleto,1,4232.26
25067,25067,credit_card,1,1912.87
25068,25068,boleto,1,1713.37
25069,25069,voucher,1,311.54
25070,25070,debit_card,1,601.07
25071,25071,debit_card,1,815.03
25072,25072,voucher,1,686.5
25073,25073,boleto,1,52.03
25074,25074,credit_card,4,3247.77
25075,25075,debit_card,1,93.73
25076,25076,boleto,1,500.29
25077,25077,credit_card,1,455.94
25078,25078,voucher,1,508.91
25079,25079,voucher,1,230.54
25080,25080,boleto,1,1230.93
25081,25081,credit_card,10,2735.71
25082,25082,credit_card,1,2977.38
25083,25083,credit_card,6,1660.53
25084,25084,debit_card,1,4081.46
25085,25085,boleto,1,1603.84
25086,25086,boleto,1,356.95
25087,25087,credit_card,1,1126.7
25088,25088,voucher,1,106.96
25089,25089,voucher,1,2874.5
25090,25090,voucher,1,289.55
25091,25091,credit_card,1,393.76
25092,25092,boleto,1,569.11
25093,25093,boleto,1,5068.57
25094,25094,voucher,1,894.68
25095,25095,voucher,1,198.98
25096,25096,debit_card,1,4053.46
25097,25097,boleto,1,3147.41
25098,25098,credit_card,1,2346.23
25099,25099,debit_card,1,155.09
25100,25100,voucher,1,556.31
25101,25101,credit_card,6,415.14
25102,25102,debit_card,1,216.19
25103,25103,boleto,1,201.1
25104,25104,voucher,1,231.45
25105,25105,credit_card,1,92.38
25106,25106,credit_card,4,643.89
25107,25107,boleto,1,6539.81
25108,25108,debit_card,1,1314.58
25109,25109,boleto,1,5334.35
25110,25110,boleto,1,7041.03
25111,25111,voucher,1,3340.91
25112,25112,voucher,1,492.1
25113,25113,debit_card,1,2532.23
25114,25114,boleto,1,6794.33
25115,25115,boleto,1,143.14
25116,25116,boleto,1,79.08
25117,25117,voucher,1,2743.39
25118,25118,boleto,1,47.89
25119,25119,credit_card,1,57.51
25120,25120,debit_card,1,3321.39
25121,25121,voucher,1,195.27
25122,25122,debit_card,1,394.39
25123,25123,debit_card,1,132.26
25124,25124,boleto,1,2281.42
25125,25125,credit_card,1,7081.03
25126,25126,debit_card,1,1872.05
25127,25127,voucher,1,3265.49
25128,25128,boleto,1,5227.76
25129,25129,credit_card,4,248.04
25130,25130,boleto,1,3083.18
25131,25131,credit_card,2,6528.4
25132,25132,boleto,1,2569.27
25133,25133,debit_card,1,2748.79
25134,25134,debit_card,1,1782.62
25135,25135,credit_card,1,786.65
25136,25136,voucher,1,780.71
25137,25137,boleto,1,4066.23
25138,25138,credit_card,1,49.81
25139,25139,boleto,1,340.69
25140,25140,voucher,1,223.64
25141,25141,boleto,1,1959.39
25142,25142,voucher,1,3709.86
25143,25143,debit_card,1,10610.87
25144,25144,credit_card,2,1719.38
25145,25145,debit_card,1,384.5
25146,25146,boleto,1,419.39
25147,25147,voucher,1,1290.94
25148,25148,voucher,1,1028.64
25149,25149,debit_card,1,860.48
25150,25150,boleto,1,2794.18
25151,25151,debit_card,1,1975.7
25152,25152,credit_card,4,789.18
25153,25153,debit_card,1,6314.38
25154,25154,boleto,1,116.48
25155,25155,boleto,1,8384.15
25156,25156,credit_card,1,4166.87
25157,25157,debit_card,1,2128.62
25158,25158,voucher,1,5349.13
25159,25159,credit_card,1,350.29
25160,25160,voucher,1,1841.94
25161,25161,boleto,1,573.74
25162,25162,debit_card,1,1537.35
25163,25163,debit_card,1,445.9
25164,25164,debit_card,1,1209.86
25165,25165,debit_card,1,1855.23
25166,25166,voucher,1,3237.6
25167,25167,voucher,1,1859.65
25168,25168,voucher,1,864.37
25169,25169,credit_card,1,5190.73
25170,25170,boleto,1,2827.97
25171,25171,credit_card,4,211.42
25172,25172,boleto,1,1038.72
25173,25173,credit_card,1,110.23
25174,25174,debit_card,1,1449.12
25175,25175,credit_card,4,1287.23
25176,25176,credit_card,1,304.37
25177,25177,boleto,1,322.41
25178,25178,voucher,1,1569.82
25179,25179,boleto,1,304.34
25180,25180,voucher,1,2843.21
25181,25181,boleto,1,385.25
25182,25182,voucher,1,1776.21
25183,25183,debit_card,1,1728.91
25184,25184,credit_card,6,1194.0
25185,25185,credit_card,1,684.32
25186,25186,credit_card,1,1214.19
25187,25187,voucher,1,496.59
25188,25188,voucher,1,389.03
25189,25189,voucher,1,735.0
25190,25190,voucher,1,179.48
25191,25191,credit_card,1,2733.24
25192,25192,boleto,1,213.42
25193,25193,voucher,1,702.99
25194,25194,debit_card,1,1327.52
25195,25195,boleto,1,403.95
25196,25196,debit_card,1,233.34
25197,25197,voucher,1,1154.5
25198,25198,boleto,1,117.91
25199,25199,credit_card,1,884.84
25200,25200,credit_card,1,2451.8
25201,25201,boleto,1,590.66
25202,25202,voucher,1,816.07
25203,25203,debit_card,1,726.08
25204,25204,credit_card,1,1324.13
25205,25205,voucher,1,1309.95
25206,25206,debit_card,1,56.24
25207,25207,boleto,1,2771.61
25208,25208,voucher,1,1202.44
25209,25209,debit_card,1,318.15
25210,25210,credit_card,1,620.38
25211,25211,voucher,1,1748.95
25212,25212,boleto,1,255.75
25213,25213,voucher,1,2577.22
25214,25214,debit_card,1,717.9
25215,25215,credit_card,1,260.0
25216,25216,voucher,1,1452.79
25217,25217,voucher,1,3946.35
25218,25218,debit_card,1,3643.79
25219,25219,credit_card,10,2441.78
25220,25220,boleto,1,184.7
25221,25221,debit_card,1,1542.42
25222,25222,debit_card,1,3349.45
25223,25223,boleto,1,1598.11
25224,25224,debit_card,1,3582.79
25225,25225,credit_card,1,1508.77
25226,25226,debit_card,1,5524.16
25227,25227,voucher,1,617.86
25228,25228,boleto,1,1935.91
25229,25229,boleto,1,3265.81
25230,25230,debit_card,1,677.78
25231,25231,boleto,1,1160.91
25232,25232,boleto,1,2011.95
25233,25233,boleto,1,2494.46
25234,25234,boleto,1,376.7
25235,25235,credit_card,3,460.82
25236,25236,debit_card,1,4449.64
25237,25237,voucher,1,288.33
25238,25238,credit_card,3,910.06
25239,25239,voucher,1,138.73
25240,25240,debit_card,1,3273.18
25241,25241,debit_card,1,858.39
25242,25242,boleto,1,1488.55
25243,25243,debit_card,1,5218.47
25244,25244,boleto,1,1054.52
25245,25245,boleto,1,172.58
25246,25246,voucher,1,277.82
25247,25247,voucher,1,135.21
25248,25248,boleto,1,289.87
25249,25249,credit_card,1,398.33
25250,25250,debit_card,1,3205.73
25251,25251,boleto,1,2399.76
25252,25252,debit_card,1,266.19
25253,25253,boleto,1,1870.14
25254,25254,voucher,1,211.15
25255,25255,credit_card,1,4764.21
25256,25256,credit_card,4,2760.88
25257,25257,boleto,1,1534.3
25258,25258,voucher,1,861.25
25259,25259,voucher,1,274.29
25260,25260,credit_card,1,2801.73
25261,25261,boleto,1,352.91
25262,25262,credit_card,1,1891.84
25263,25263,voucher,1,288.33
25264,25264,credit_card,1,2910.76
25265,25265,debit_card,1,332.49
25266,25266,voucher,1,353.17
25267,25267,debit_card,1,2122.38
25268,25268,voucher,1,275.91
25269,25269,boleto,1,2151.6
25270,25270,voucher,1,693.49
25271,25271,debit_card,1,6287.96
25272,25272,credit_card,1,10856.42
25273,25273,debit_card,1,2860.89
25274,25274,voucher,1,4849.05
25275,25275,boleto,1,6677.3
25276,25276,boleto,1,4402.63
25277,25277,voucher,1,571.73
25278,25278,debit_card,1,2996.19
25279,25279,debit_card,1,1506.29
25280,25280,boleto,1,3675.23
25281,25281,voucher,1,49.44
25282,25282,boleto,1,2592.92
25283,25283,debit_card,1,324.98
25284,25284,boleto,1,94.14
25285,25285,credit_card,2,1029.72
25286,25286,credit_card,1,3289.08
25287,25287,debit_card,1,1561.32
25288,25288,debit_card,1,3728.1
25289,25289,voucher,1,6601.38
25290,25290,boleto,1,718.12
25291,25291,boleto,1,6413.88
25292,25292,credit_card,10,851.56
25293,25293,voucher,1,2720.63
25294,25294,voucher,1,281.36
25295,25295,boleto,1,64.73
25296,25296,boleto,1,5676.91
25297,25297,credit_card,1,214.38
25298,25298,boleto,1,2452.88
25299,25299,debit_card,1,537.88
25300,25300,voucher,1,138.86
25301,25301,voucher,1,1983.63
25302,25302,debit_card,1,446.01
25303,25303,debit_card,1,2344.79
25304,25304,debit_card,1,682.87
25305,25305,voucher,1,2054.11
25306,25306,voucher,1,2030.09
25307,25307,voucher,1,2259.51
25308,25308,boleto,1,120.63
25309,25309,credit_card,1,3142.72
25310,25310,debit_card,1,1373.22
25311,25311,credit_card,1,1895.19
25312,25312,credit_card,2,1230.75
25313,25313,debit_card,1,193.7
25314,25314,debit_card,1,6028.4
25315,25315,debit_card,1,1408.84
25316,25316,credit_card,1,327.95
25317,25317,debit_card,1,721.93
25318,25318,voucher,1,4907.71
25319,25319,debit_card,1,1843.33
25320,25320,debit_card,1,1535.37
25321,25321,credit_card,1,648.2
25322,25322,credit_card,1,6153.57
25323,25323,voucher,1,491.01
25324,25324,debit_card,1,504.06
25325,25325,debit_card,1,1411.95
25326,25326,voucher,1,1732.71
25327,25327,debit_card,1,2279.08
25328,25328,voucher,1,83.99
25329,25329,credit_card,4,474.64
25330,25330,credit_card,6,2715.09
25331,25331,voucher,1,898.75
25332,25332,boleto,1,5489.93
25333,25333,voucher,1,1965.5
25334,25334,voucher,1,6634.57
25335,25335,debit_card,1,1366.1
25336,25336,credit_card,1,2626.31
25337,25337,credit_card,1,198.55
25338,25338,debit_card,1,4580.36
25339,25339,boleto,1,1695.59
25340,25340,voucher,1,789.28
25341,25341,voucher,1,138.01
25342,25342,debit_card,1,756.22
25343,25343,voucher,1,3019.76
25344,25344,boleto,1,2184.14
25345,25345,credit_card,1,731.4
25346,25346,boleto,1,671.73
25347,25347,voucher,1,315.65
25348,25348,credit_card,1,1352.2
25349,25349,debit_card,1,4188.08
25350,25350,boleto,1,5897.75
25351,25351,debit_card,1,259.63
25352,25352,voucher,1,4023.5
25353,25353,credit_card,10,620.73
25354,25354,voucher,1,3095.65
25355,25355,debit_card,1,354.5
25356,25356,debit_card,1,1614.53
25357,25357,voucher,1,4724.64
25358,25358,voucher,1,2069.0
25359,25359,credit_card,1,633.78
25360,25360,voucher,1,855.67
25361,25361,credit_card,1,157.73
25362,25362,voucher,1,380.33
25363,25363,debit_card,1,1899.38
25364,25364,credit_card,1,316.98
25365,25365,boleto,1,129.11
25366,25366,debit_card,1,939.35
25367,25367,credit_card,1,1023.92
25368,25368,credit_card,6,2219.04
25369,25369,credit_card,1,1202.15
25370,25370,boleto,1,490.37
25371,25371,boleto,1,4632.36
25372,25372,debit_card,1,8876.98
25373,25373,credit_card,1,4425.34
25374,25374,boleto,1,2925.83
25375,25375,voucher,1,1424.55
25376,25376,debit_card,1,1363.16
25377,25377,credit_card,1,201.8
25378,25378,credit_card,4,2879.29
25379,25379,credit_card,1,2857.17
25380,25380,boleto,1,1771.05
25381,25381,voucher,1,814.14
25382,25382,debit_card,1,3828.25
25383,25383,boleto,1,2853.09
25384,25384,voucher,1,202.68
25385,25385,voucher,1,5242.44
25386,25386,voucher,1,311.05
25387,25387,voucher,1,987.2
25388,25388,credit_card,4,1438.25
25389,25389,credit_card,1,4990.38
25390,25390,credit_card,1,4231.83
25391,25391,voucher,1,580.79
25392,25392,boleto,1,71.67
25393,25393,credit_card,1,2892.91
25394,25394,debit_card,1,5118.64
25395,25395,voucher,1,1384.53
25396,25396,boleto,1,541.85
25397,25397,debit_card,1,7072.9
25398,25398,debit_card,1,1404.58
25399,25399,voucher,1,2159.78
25400,25400,boleto,1,2027.79
25401,25401,boleto,1,1936.82
25402,25402,credit_card,1,1792.44
25403,25403,credit_card,1,1134.7
25404,25404,voucher,1,1736.28
25405,25405,voucher,1,689.92
25406,25406,credit_card,3,4394.27
25407,25407,voucher,1,140.91
25408,25408,credit_card,10,1798.66
25409,25409,voucher,1,536.47
25410,25410,debit_card,1,843.99
25411,25411,credit_card,1,308.92
25412,25412,credit_card,1,1809.41
25413,25413,debit_card,1,3390.69
25414,25414,debit_card,1,183.03
25415,25415,boleto,1,381.92
25416,25416,boleto,1,158.77
25417,25417,debit_card,1,532.6
25418,25418,credit_card,1,161.61
25419,25419,credit_card,1,5467.99
25420,25420,voucher,1,690.09
25421,25421,boleto,1,590.6
25422,25422,boleto,1,1501.27
25423,25423,boleto,1,138.64
25424,25424,debit_card,1,363.05
25425,25425,voucher,1,4374.28
25426,25426,voucher,1,264.54
25427,25427,credit_card,2,903.18
25428,25428,voucher,1,1977.0
25429,25429,voucher,1,696.88
25430,25430,boleto,1,7865.57
25431,25431,debit_card,1,225.85
25432,25432,boleto,1,124.09
25433,25433,credit_card,10,1569.87
25434,25434,voucher,1,100.63
25435,25435,boleto,1,497.0
25436,25436,credit_card,6,258.68
25437,25437,boleto,1,179.16
25438,25438,voucher,1,671.42
25439,25439,debit_card,1,3325.04
25440,25440,voucher,1,187.54
25441,25441,boleto,1,1501.54
25442,25442,debit_card,1,582.99
25443,25443,boleto,1,100.66
25444,25444,credit_card,4,216.97
25445,25445,boleto,1,2777.48
25446,25446,voucher,1,87.58
25447,25447,voucher,1,5597.56
25448,25448,voucher,1,1559.57
25449,25449,boleto,1,1780.12
25450,25450,voucher,1,2405.26
25451,25451,debit_card,1,1047.78
25452,25452,credit_card,3,555.01
25453,25453,boleto,1,683.23
25454,25454,voucher,1,216.09
25455,25455,credit_card,1,320.04
25456,25456,credit_card,1,619.23
25457,25457,voucher,1,571.88
25458,25458,boleto,1,1015.48
25459,25459,debit_card,1,141.98
25460,25460,credit_card,1,1022.88
25461,25461,voucher,1,604.73
25462,25462,debit_card,1,722.26
25463,25463,debit_card,1,445.94
25464,25464,voucher,1,82.6
25465,25465,voucher,1,3111.84
25466,25466,voucher,1,168.12
25467,25467,debit_card,1,178.5
25468,25468,credit_card,2,1861.65
25469,25469,credit_card,2,380.5
25470,25470,voucher,1,1216.84
25471,25471,voucher,1,13867.82
25472,25472,boleto,1,1008.9
25473,25473,credit_card,4,2743.93
25474,25474,boleto,1,4270.45
25475,25475,boleto,1,1541.75
25476,25476,boleto,1,461.82
25477,25477,boleto,1,1522.35
25478,25478,debit_card,1,3519.45
25479,25479,boleto,1,7681.79
25480,25480,voucher,1,1105.84
25481,25481,voucher,1,2882.85
25482,25482,boleto,1,1389.95
25483,25483,debit_card,1,584.6
25484,25484,credit_card,2,959.58
25485,25485,credit_card,1,249.06
25486,25486,credit_card,1,690.6
25487,25487,debit_card,1,2444.38
25488,25488,debit_card,1,2950.68
25489,25489,debit_card,1,1860.91
25490,25490,voucher,1,211.38
25491,25491,credit_card,2,729.98
25492,25492,credit_card,10,5236.65
25493,25493,debit_card,1,7085.77
25494,25494,boleto,1,209.08
25495,25495,debit_card,1,1795.74
25496,25496,boleto,1,348.34
25497,25497,credit_card,1,1669.03
25498,25498,credit_card,2,2848.18
25499,25499,boleto,1,1845.97
25500,25500,boleto,1,2054.38
25501,25501,boleto,1,4067.03
25502,25502,credit_card,1,323.32
25503,25503,debit_card,1,1867.11
25504,25504,voucher,1,520.47
25505,25505,voucher,1,4213.7
25506,25506,boleto,1,946.09
25507,25507,credit_card,3,8446.69
25508,25508,voucher,1,15568.26
25509,25509,voucher,1,2543.66
25510,25510,credit_card,10,283.59
25511,25511,credit_card,1,176.35
25512,25512,debit_card,1,2157.14
25513,25513,boleto,1,762.96
25514,25514,boleto,1,437.56
25515,25515,debit_card,1,1887.18
25516,25516,credit_card,6,791.82
25517,25517,credit_card,1,268.06
25518,25518,voucher,1,6801.3
25519,25519,credit_card,2,304.35
25520,25520,voucher,1,944.87
25521,25521,debit_card,1,278.95
25522,25522,credit_card,6,616.53
25523,25523,voucher,1,447.87
25524,25524,voucher,1,1040.3
25525,25525,voucher,1,2556.69
25526,25526,credit_card,1,1169.61
25527,25527,debit_card,1,315.52
25528,25528,credit_card,1,4817.32
25529,25529,voucher,1,1049.94
25530,25530,debit_card,1,1471.77
25531,25531,voucher,1,238.11
25532,25532,credit_card,1,7675.85
25533,25533,credit_card,1,105.32
25534,25534,boleto,1,1418.45
25535,25535,boleto,1,628.77
25536,25536,credit_card,2,1337.31
25537,25537,voucher,1,138.68
25538,25538,credit_card,1,2898.13
25539,25539,debit_card,1,321.6
25540,25540,credit_card,1,1209.95
25541,25541,debit_card,1,758.62
25542,25542,debit_card,1,3065.9
25543,25543,debit_card,1,1083.5
25544,25544,debit_card,1,2849.91
25545,25545,debit_card,1,242.25
25546,25546,boleto,1,2127.21
25547,25547,debit_card,1,95.73
25548,25548,boleto,1,1618.35
25549,25549,debit_card,1,3429.01
25550,25550,voucher,1,5380.89
25551,25551,voucher,1,160.42
25552,25552,voucher,1,47.06
25553,25553,boleto,1,1924.57
25554,25554,credit_card,4,3795.5
25555,25555,credit_card,2,1333.05
25556,25556,voucher,1,1448.67
25557,25557,boleto,1,724.48
25558,25558,boleto,1,215.26
25559,25559,credit_card,1,1602.97
25560,25560,debit_card,1,1987.54
25561,25561,boleto,1,3266.62
25562,25562,voucher,1,3252.26
25563,25563,voucher,1,741.91
25564,25564,debit_card,1,179.24
25565,25565,credit_card,1,4378.29
25566,25566,boleto,1,522.43
25567,25567,debit_card,1,2419.35
25568,25568,credit_card,2,902.81
25569,25569,voucher,1,6726.72
25570,25570,debit_card,1,5834.94
25571,25571,boleto,1,567.67
25572,25572,debit_card,1,2503.93
25573,25573,voucher,1,4659.58
25574,25574,voucher,1,297.63
25575,25575,debit_card,1,2605.53
25576,25576,voucher,1,2513.4
25577,25577,voucher,1,394.57
25578,25578,voucher,1,82.15
25579,25579,voucher,1,2284.17
25580,25580,voucher,1,840.15
25581,25581,voucher,1,674.82
25582,25582,boleto,1,9986.75
25583,25583,credit_card,1,4174.5
25584,25584,credit_card,1,3126.56
25585,25585,debit_card,1,104.94
25586,25586,voucher,1,152.28
25587,25587,debit_card,1,3775.09
25588,25588,boleto,1,3045.39
25589,25589,debit_card,1,117.26
25590,25590,voucher,1,247.1
25591,25591,debit_card,1,128.4
25592,25592,debit_card,1,1065.6
25593,25593,boleto,1,126.24
25594,25594,voucher,1,1529.72
25595,25595,voucher,1,3914.62
25596,25596,credit_card,1,3958.89
25597,25597,voucher,1,109.29
25598,25598,boleto,1,1162.27
25599,25599,boleto,1,1691.41
25600,25600,debit_card,1,194.53
25601,25601,boleto,1,2231.43
25602,25602,boleto,1,2091.55
25603,25603,voucher,1,358.03
25604,25604,credit_card,4,3358.58
25605,25605,voucher,1,781.31
25606,25606,credit_card,1,394.21
25607,25607,credit_card,6,858.06
25608,25608,boleto,1,1558.2
25609,25609,debit_card,1,293.1
25610,25610,boleto,1,655.18
25611,25611,debit_card,1,463.7
25612,25612,debit_card,1,59.0
25613,25613,credit_card,1,839.8
25614,25614,boleto,1,193.22
25615,25615,credit_card,1,3220.39
25616,25616,debit_card,1,1050.87
25617,25617,boleto,1,355.73
25618,25618,voucher,1,394.87
25619,25619,credit_card,3,4569.14
25620,25620,boleto,1,487.46
25621,25621,credit_card,1,157.56
25622,25622,voucher,1,5845.72
25623,25623,debit_card,1,280.05
25624,25624,debit_card,1,614.92
25625,25625,credit_card,10,599.57
25626,25626,boleto,1,337.37
25627,25627,debit_card,1,723.04
25628,25628,boleto,1,192.11
25629,25629,debit_card,1,4716.5
25630,25630,voucher,1,391.63
25631,25631,credit_card,1,602.02
25632,25632,boleto,1,3742.13
25633,25633,debit_card,1,265.93
25634,25634,debit_card,1,1455.79
25635,25635,boleto,1,783.97
25636,25636,debit_card,1,653.05
25637,25637,boleto,1,313.82
25638,25638,debit_card,1,581.47
25639,25639,credit_card,1,4024.55
25640,25640,boleto,1,2576.3
25641,25641,voucher,1,5135.01
25642,25642,boleto,1,3344.53
25643,25643,credit_card,2,1045.67
25644,25644,voucher,1,3426.81
25645,25645,debit_card,1,447.06
25646,25646,credit_card,1,1473.9
25647,25647,boleto,1,574.48
25648,25648,debit_card,1,1523.12
25649,25649,voucher,1,301.34
25650,25650,debit_card,1,1013.59
25651,25651,boleto,1,274.34
25652,25652,debit_card,1,700.44
25653,25653,debit_card,1,3593.28
25654,25654,credit_card,1,130.07
25655,25655,boleto,1,3096.76
25656,25656,credit_card,1,71.15
25657,25657,voucher,1,3676.13
25658,25658,voucher,1,461.3
25659,25659,debit_card,1,250.11
25660,25660,debit_card,1,1373.93
25661,25661,credit_card,6,818.03
25662,25662,boleto,1,321.24
25663,25663,boleto,1,105.28
25664,25664,boleto,1,1839.5
25665,25665,voucher,1,859.86
25666,25666,credit_card,1,2765.94
25667,25667,debit_card,1,286.65
25668,25668,credit_card,1,4146.23
25669,25669,credit_card,1,147.62
25670,25670,debit_card,1,1249.11
25671,25671,boleto,1,619.52
25672,25672,voucher,1,56.65
25673,25673,credit_card,10,3060.62
25674,25674,voucher,1,262.15
25675,25675,debit_card,1,1822.88
25676,25676,boleto,1,124.8
25677,25677,credit_card,1,4073.01
25678,25678,voucher,1,1439.02
25679,25679,voucher,1,1354.01
25680,25680,credit_card,1,93.05
25681,25681,boleto,1,135.84
25682,25682,voucher,1,5471.38
25683,25683,debit_card,1,195.05
25684,25684,boleto,1,1734.5
25685,25685,voucher,1,1858.65
25686,25686,credit_card,1,1694.63
25687,25687,credit_card,4,1084.45
25688,25688,boleto,1,547.11
25689,25689,boleto,1,361.45
25690,25690,debit_card,1,505.43
25691,25691,debit_card,1,883.26
25692,25692,credit_card,1,445.18
25693,25693,boleto,1,4255.82
25694,25694,debit_card,1,1178.44
25695,25695,debit_card,1,4088.53
25696,25696,boleto,1,2474.69
25697,25697,boleto,1,3859.9
25698,25698,debit_card,1,491.47
25699,25699,voucher,1,1356.22
25700,25700,credit_card,1,367.2
25701,25701,debit_card,1,998.38
25702,25702,voucher,1,472.71
25703,25703,boleto,1,1667.54
25704,25704,voucher,1,640.86
25705,25705,boleto,1,346.1
25706,25706,credit_card,3,1977.02
25707,25707,credit_card,3,292.66
25708,25708,credit_card,1,160.68
25709,25709,boleto,1,6361.49
25710,25710,credit_card,1,150.95
25711,25711,debit_card,1,134.53
25712,25712,voucher,1,1034.76
25713,25713,voucher,1,690.74
25714,25714,voucher,1,1207.13
25715,25715,voucher,1,155.17
25716,25716,boleto,1,2528.8
25717,25717,voucher,1,740.7
25718,25718,boleto,1,1572.3
25719,25719,credit_card,4,812.6
25720,25720,credit_card,2,1581.45
25721,25721,boleto,1,2409.76
25722,25722,voucher,1,2560.01
25723,25723,boleto,1,487.29
25724,25724,boleto,1,1215.86
25725,25725,credit_card,1,179.34
25726,25726,debit_card,1,6270.53
25727,25727,boleto,1,5603.89
25728,25728,boleto,1,717.45
25729,25729,debit_card,1,2169.97
25730,25730,debit_card,1,114.74
25731,25731,boleto,1,2009.96
25732,25732,credit_card,1,318.39
25733,25733,voucher,1,123.88
25734,25734,credit_card,4,423.76
25735,25735,voucher,1,5904.21
25736,25736,credit_card,1,1387.8
25737,25737,boleto,1,2463.34
25738,25738,debit_card,1,634.11
25739,25739,debit_card,1,231.96
25740,25740,voucher,1,1178.32
25741,25741,boleto,1,3807.43
25742,25742,voucher,1,381.65
25743,25743,boleto,1,6145.12
25744,25744,credit_card,1,3516.26
25745,25745,boleto,1,998.13
25746,25746,credit_card,1,2487.24
25747,25747,credit_card,1,151.21
25748,25748,debit_card,1,1362.35
25749,25749,debit_card,1,2538.0
25750,25750,voucher,1,210.05
25751,25751,credit_card,1,2876.83
25752,25752,credit_card,1,3009.32
25753,25753,credit_card,4,2923.76
25754,25754,credit_card,1,861.43
25755,25755,voucher,1,2965.32
25756,25756,credit_card,6,3501.31
25757,25757,boleto,1,93.11
25758,25758,debit_card,1,2634.29
25759,25759,voucher,1,2372.91
25760,25760,credit_card,1,5557.8
25761,25761,voucher,1,2615.18
25762,25762,debit_card,1,2132.55
25763,25763,voucher,1,194.9
25764,25764,credit_card,3,1216.29
25765,25765,debit_card,1,594.5
25766,25766,boleto,1,3585.52
25767,25767,credit_card,2,443.87
25768,25768,boleto,1,1390.36
25769,25769,voucher,1,1062.91
25770,25770,boleto,1,1794.87
25771,25771,credit_card,10,302.79
25772,25772,voucher,1,30.21
25773,25773,voucher,1,2228.48
25774,25774,credit_card,10,874.82
25775,25775,debit_card,1,1682.64
25776,25776,voucher,1,3178.15
25777,25777,boleto,1,2332.17
25778,25778,credit_card,1,4326.88
25779,25779,boleto,1,3108.59
25780,25780,debit_card,1,470.91
25781,25781,boleto,1,2107.42
25782,25782,credit_card,3,1238.07
25783,25783,voucher,1,4007.54
25784,25784,credit_card,1,714.9
25785,25785,voucher,1,1409.05
25786,25786,voucher,1,110.02
25787,25787,voucher,1,3118.03
25788,25788,boleto,1,67.3
25789,25789,credit_card,1,3858.9
25790,25790,voucher,1,2604.61
25791,25791,boleto,1,8662.07
25792,25792,debit_card,1,153.04
25793,25793,debit_card,1,2562.54
25794,25794,credit_card,10,5140.49
25795,25795,debit_card,1,741.74
25796,25796,voucher,1,3047.78
25797,25797,debit_card,1,195.71
25798,25798,debit_card,1,257.45
25799,25799,boleto,1,275.42
25800,25800,debit_card,1,4961.28
25801,25801,debit_card,1,47.15
25802,25802,voucher,1,773.93
25803,25803,voucher,1,2585.49
25804,25804,credit_card,6,339.66
25805,25805,credit_card,2,1301.07
25806,25806,debit_card,1,61.2
25807,25807,boleto,1,703.06
25808,25808,boleto,1,1296.77
25809,25809,credit_card,4,4848.66
25810,25810,boleto,1,679.36
25811,25811,debit_card,1,216.96
25812,25812,debit_card,1,807.97
25813,25813,boleto,1,2782.34
25814,25814,credit_card,3,1947.54
25815,25815,credit_card,3,231.49
25816,25816,debit_card,1,1837.26
25817,25817,boleto,1,154.08
25818,25818,debit_card,1,808.94
25819,25819,boleto,1,408.03
25820,25820,debit_card,1,1611.24
25821,25821,credit_card,2,854.96
25822,25822,voucher,1,780.99
25823,25823,boleto,1,1100.51
25824,25824,voucher,1,2966.16
25825,25825,credit_card,1,289.44
25826,25826,boleto,1,2481.04
25827,25827,credit_card,1,904.5
25828,25828,debit_card,1,1140.05
25829,25829,voucher,1,677.68
25830,25830,debit_card,1,106.13
25831,25831,debit_card,1,2841.87
25832,25832,boleto,1,163.3
25833,25833,boleto,1,1109.53
25834,25834,credit_card,1,737.73
25835,25835,debit_card,1,500.24
25836,25836,boleto,1,270.47
25837,25837,boleto,1,488.14
25838,25838,boleto,1,62.63
25839,25839,credit_card,1,948.9
25840,25840,debit_card,1,1909.69
25841,25841,debit_card,1,2853.47
25842,25842,credit_card,1,776.72
25843,25843,boleto,1,508.66
25844,25844,credit_card,6,1862.85
25845,25845,boleto,1,5180.99
25846,25846,boleto,1,1697.61
25847,25847,voucher,1,1358.64
25848,25848,boleto,1,5172.65
25849,25849,voucher,1,703.95
25850,25850,credit_card,4,512.39
25851,25851,boleto,1,764.87
25852,25852,boleto,1,220.48
25853,25853,debit_card,1,2192.91
25854,25854,boleto,1,571.56
25855,25855,debit_card,1,569.97
25856,25856,boleto,1,318.48
25857,25857,voucher,1,2984.96
25858,25858,credit_card,1,60.15
25859,25859,voucher,1,256.31
25860,25860,voucher,1,4928.45
25861,25861,credit_card,1,3184.7
25862,25862,boleto,1,2352.89
25863,25863,boleto,1,2204.35
25864,25864,voucher,1,544.47
25865,25865,credit_card,1,131.26
25866,25866,voucher,1,2011.67
25867,25867,debit_card,1,1451.0
25868,25868,debit_card,1,193.04
25869,25869,voucher,1,1501.11
25870,25870,credit_card,6,4570.71
25871,25871,boleto,1,776.39
25872,25872,voucher,1,5430.83
25873,25873,credit_card,2,363.65
25874,25874,credit_card,1,925.82
25875,25875,credit_card,1,746.32
25876,25876,debit_card,1,389.94
25877,25877,voucher,1,1111.38
25878,25878,voucher,1,3461.27
25879,25879,voucher,1,5811.21
25880,25880,debit_card,1,2081.17
25881,25881,voucher,1,735.78
25882,25882,credit_card,4,3341.82
25883,25883,debit_card,1,5328.88
25884,25884,credit_card,4,3312.46
25885,25885,debit_card,1,7204.26
25886,25886,voucher,1,960.84
25887,25887,debit_card,1,3374.48
25888,25888,debit_card,1,5698.04
25889,25889,boleto,1,1296.44
25890,25890,credit_card,10,1523.96
25891,25891,voucher,1,1797.22
25892,25892,voucher,1,3514.28
25893,25893,boleto,1,4530.6
25894,25894,voucher,1,4176.94
25895,25895,boleto,1,322.55
25896,25896,boleto,1,297.18
25897,25897,debit_card,1,1423.0
25898,25898,boleto,1,4467.65
25899,25899,credit_card,4,2676.79
25900,25900,boleto,1,679.84
25901,25901,credit_card,4,851.41
25902,25902,debit_card,1,535.05
25903,25903,credit_card,4,6673.98
25904,25904,credit_card,6,888.14
25905,25905,credit_card,1,246.14
25906,25906,voucher,1,2823.09
25907,25907,credit_card,1,2106.27
25908,25908,debit_card,1,244.03
25909,25909,credit_card,1,1771.2
25910,25910,debit_card,1,410.8
25911,25911,boleto,1,1164.09
25912,25912,debit_card,1,1211.26
25913,25913,credit_card,4,2153.23
25914,25914,boleto,1,942.94
25915,25915,debit_card,1,323.53
25916,25916,boleto,1,153.42
25917,25917,credit_card,2,424.26
25918,25918,boleto,1,136.88
25919,25919,boleto,1,8348.97
25920,25920,voucher,1,6732.29
25921,25921,voucher,1,521.0
25922,25922,debit_card,1,1452.71
25923,25923,credit_card,1,1887.9
25924,25924,credit_card,1,3718.15
25925,25925,debit_card,1,206.86
25926,25926,voucher,1,4073.26
25927,25927,boleto,1,1781.14
25928,25928,credit_card,1,250.73
25929,25929,debit_card,1,5466.47
25930,25930,debit_card,1,490.48
25931,25931,voucher,1,4858.54
25932,25932,boleto,1,1274.02
25933,25933,credit_card,3,1006.11
25934,25934,credit_card,6,6241.16
25935,25935,credit_card,1,48.51
25936,25936,voucher,1,1167.28
25937,25937,debit_card,1,439.62
25938,25938,debit_card,1,2604.02
25939,25939,boleto,1,662.85
25940,25940,boleto,1,376.32
25941,25941,voucher,1,2042.56
25942,25942,credit_card,3,1006.56
25943,25943,boleto,1,1884.3
25944,25944,boleto,1,162.58
25945,25945,voucher,1,844.0
25946,25946,credit_card,1,183.54
25947,25947,boleto,1,267.45
25948,25948,credit_card,1,743.77
25949,25949,credit_card,6,235.26
25950,25950,boleto,1,3789.08
25951,25951,voucher,1,4454.48
25952,25952,boleto,1,618.02
25953,25953,credit_card,1,3728.02
25954,25954,voucher,1,772.2
25955,25955,debit_card,1,1753.6
25956,25956,credit_card,6,2062.59
25957,25957,boleto,1,3278.29
25958,25958,boleto,1,2212.85
25959,25959,debit_card,1,11271.16
25960,25960,voucher,1,817.0
25961,25961,debit_card,1,361.15
25962,25962,debit_card,1,542.46
25963,25963,debit_card,1,5460.55
25964,25964,voucher,1,1360.83
25965,25965,boleto,1,5696.44
25966,25966,voucher,1,2766.69
25967,25967,boleto,1,1395.66
25968,25968,boleto,1,325.84
25969,25969,credit_card,10,1126.05
25970,25970,credit_card,6,2431.35
25971,25971,voucher,1,826.95
25972,25972,boleto,1,1666.85
25973,25973,credit_card,4,2511.4
25974,25974,boleto,1,3732.53
25975,25975,boleto,1,5198.94
25976,25976,credit_card,1,170.66
25977,25977,debit_card,1,278.44
25978,25978,debit_card,1,232.88
25979,25979,boleto,1,2959.87
25980,25980,debit_card,1,1643.22
25981,25981,credit_card,6,205.75
25982,25982,boleto,1,512.14
25983,25983,voucher,1,135.2
25984,25984,credit_card,10,11185.36
25985,25985,credit_card,1,2875.59
25986,25986,boleto,1,883.93
25987,25987,credit_card,3,735.83
25988,25988,boleto,1,400.62
25989,25989,boleto,1,6339.69
25990,25990,boleto,1,326.33
25991,25991,debit_card,1,1744.32
25992,25992,debit_card,1,1403.85
25993,25993,boleto,1,5320.63
25994,25994,voucher,1,2219.5
25995,25995,credit_card,10,3541.25
25996,25996,debit_card,1,327.39
25997,25997,voucher,1,752.96
25998,25998,voucher,1,1197.25
25999,25999,debit_card,1,4419.9
26000,26000,credit_card,2,366.95
